{"type":"FeatureCollection","name":"riyadh_plan_2705_5_blocks","metadata":{"plan_no":"2705/5","plan_id":"2620","block_count":110,"source_parcel_count":2150,"coordinate_reference_system":"WGS 84 (EPSG:4326)","generated_at":"2026-09-03T14:58:07.984896+00:00","source":"Al Riyadh Geoportal public parcel geometry layers"},"features":[{"type":"Feature","properties":{"plan_no":"2705/5","plan_id":"2620","block_no":"0","parcel_count":242,"parcel_numbers":["1868","1869","1870","1871","1872","1873","1874","1875","1876","1877","1878","1879","1880","1881","1882","1883","1884","1886","1887","1888","1889","1892","1893","1894","1895","1896","1897","1898","1899","1900","1901","1902","1903","1904","1905","1906","1907","1908","1943/م","1944/م","1945/م","1946/م","1947/م","1948/م","1949/م","1950/م","1951/م","1952/م","1953/م","1954/م","1955/م","1956/م","1957/م","1958/م","1959/م","1960/م","1961/م","1962/م","1963/م","1964/م","1965/م","1966/م","1967/م","1968/م","1969/م","1970/م","1971/م","1972/م","1973/م","1974/م","1975/م","1976/م","1977/م","1978/م","1979/م","1980/م","1981/م","1982/م","1983/م","1984/م","1985/م","1986/م","1987/م","1988/م","1989/م","1990/م","1991/م","1992/م","1993/م","1994/م","1995/م","1996/م","1997/م","1998/م","1999/م","2000/م","2001/م","2002/م","2003/م","2004/م","2005/م","2006/م","2007/م","2008/م","2009/م","2010/م","2011/م","2012/م","2013/م","2014/م","2015/م","2016/م","2017/م","2018/م","2019/م","2020/م","2021/م","2022/م","2023/م","2024/م","2025/م","2026/م","2027/م","2028/م","2029/م","2030/م","2031/م","2032/م","2033/م","2034/م","2035/م","2036/م","2037/م","2038/م","2039/م","2040/م","2041/م","2042/م","2045/م","2046/م","2047/م","2048/م","2049/م","2050/م","2051/م","2052/م","2053/م","2054/م","2055/م","2056/م","2057/م","2058/م","2059/م","2060/م","2061/م","2062/م","2063/م","2064/م","2065/م","2066/م","2067/م","2068/م","2069/م","2070/م","2071/م","2072/م","2073/م","2074/م","2075/م","2076/م","2077/م","2078/م","2079/م","2080/م","2081/م","2082/م","2083/م","2084/م","2085/م","2086/م","2087/م","2088/م","2089/م","2090/م","2091/م","2092/م","2093/م","2094/م","2095/م","2096/م","2097/م","2098/م","2099/م","2100/م","2101/م","2102/م","2103/م","2104/م","2105/م","2106/م","2107/م","2108/م","2109/م","2110/م","2111/م","2112/م","2113/م","2114/م","2115/م","2116/م","2117/م","2118/م","2119/م","2120/م","2121/م","2122/م","2123/م","2124/م","2125/م","2126/م","2127/م","2128/م","2129/م","2130/م","2131/م","2132/م","2133/م","2134/م","2135/م","2136/م","2137/م","2138/م","2139/م","2140/م","2141/م","2142/م","2143/م","2144/م","2145/م","2146/م","2147/م","31\r\n30"],"geometry_source":"Riyadh Geoportal public parcel layers","geometry_method":"Union of parcel polygons with the Geoportal Geometry Server"},"geometry":{"type":"MultiPolygon","coordinates":[[[[46.82580591900006,24.54595097300006],[46.82622329000003,24.545213355000044],[46.82627588200006,24.545238253000036],[46.827093242000046,24.54562520500008],[46.82711296300005,24.545634541000027],[46.82715240600004,24.545653216000062],[46.82720499800007,24.545678114000054],[46.827477154000064,24.545197121000058],[46.82742459900004,24.54517215900006],[46.826547756000025,24.544757764000053],[46.82654806200003,24.544757224000023],[46.82649547200003,24.544732323000062],[46.82616240700003,24.544574615000045],[46.82609228800004,24.544541414000037],[46.82589939800005,24.54445009500006],[46.824436287000026,24.544875598000033],[46.824291078000044,24.545132144000036],[46.82433335200005,24.545253812000055],[46.82540271800008,24.545760087000076],[46.82547284100008,24.54579328500006],[46.82580591900006,24.54595097300006]]],[[[46.82791756300003,24.545990036000035],[46.82789784100004,24.54598069900004],[46.827886500000034,24.546000744000025],[46.827906221000035,24.546010081000077],[46.82792594400007,24.546019417000025],[46.827937285000075,24.54599937200004],[46.82791756300003,24.545990036000035]]],[[[46.82470677100008,24.546017654000025],[46.82468485700008,24.546007279000037],[46.82467464700005,24.546025318000034],[46.82466443800007,24.54604335600004],[46.824686350000036,24.54605373100003],[46.82469656000006,24.546035692000032],[46.82470677100008,24.546017654000025]]],[[[46.82423709200003,24.54640521700003],[46.82421517800003,24.54639484200004],[46.82420496900005,24.546412881000037],[46.82419476000007,24.546430920000034],[46.82421667400007,24.546441295000022],[46.82422688300005,24.546423256000026],[46.82423709200003,24.54640521700003]]],[[[46.828969405000066,24.54648798000005],[46.82894968200003,24.546478643000057],[46.82893834200007,24.546498687000053],[46.82895806400006,24.546508024000047],[46.82897778600005,24.546517360000053],[46.828989128000046,24.546497316000057],[46.828969405000066,24.54648798000005]]],[[[46.825733340000056,24.54678606300007],[46.825713617000076,24.546776728000054],[46.82570227200006,24.54679677300004],[46.82572199500004,24.546806107000066],[46.825741719000064,24.546815440000046],[46.825753064000025,24.54679539700004],[46.825733340000056,24.54678606300007]]],[[[46.82822359800008,24.546401753000055],[46.82822926800003,24.54639173100003],[46.82826871300006,24.54641040300004],[46.82828005400006,24.546390360000032],[46.82824061000008,24.546371686000043],[46.82818801800005,24.54634679000003],[46.828029240000035,24.546627407000074],[46.82786138700004,24.546924060000038],[46.82791398000006,24.54694895700004],[46.828081832000066,24.546652305000066],[46.82822359800008,24.546401753000055]]],[[[46.830371875000026,24.547151892000045],[46.830352152000046,24.54714255600004],[46.83034081100004,24.547162600000036],[46.83036053300003,24.54717193600004],[46.83038025600007,24.547181273000035],[46.83039159700007,24.54716122900004],[46.830371875000026,24.547151892000045]]],[[[46.82369267300004,24.54736732200007],[46.82367076000003,24.547356947000026],[46.823660551000046,24.547374986000023],[46.823650342000064,24.547393025000076],[46.823672256000066,24.547403401000054],[46.82368246500005,24.547385362000057],[46.82369267300004,24.54736732200007]]],[[[46.83141239500003,24.54766986100003],[46.831432808000045,24.54763378100006],[46.83141089500003,24.54762340800005],[46.83139048100003,24.547659487000033],[46.83137952300007,24.547654300000033],[46.831061774000034,24.54750388700006],[46.83075330200006,24.54735786400005],[46.83072618800003,24.54740602000004],[46.830727841000055,24.547406803000058],[46.83103455500003,24.54755199400006],[46.831385176000026,24.54771796700004],[46.83141239500003,24.54766986100003]]],[[[46.83230029300006,24.548064749000048],[46.83228057100007,24.548055413000043],[46.832269229000076,24.54807545700004],[46.832288952000056,24.548084793000044],[46.832308675000036,24.54809412900005],[46.83232001500005,24.548074085000053],[46.83230029300006,24.548064749000048]]],[[[46.82464741100006,24.54808607500007],[46.824625498000046,24.548075701000073],[46.824615288000075,24.54809374000007],[46.82460507800005,24.548111778000077],[46.82462699200005,24.548122153000065],[46.82463720100003,24.54810411400007],[46.82464741100006,24.54808607500007]]],[[[46.82314824800005,24.54832942400003],[46.82312633500004,24.548319050000032],[46.82311612600006,24.54833708900003],[46.82310591700008,24.548355128000026],[46.82312783100008,24.54836550300007],[46.82313804000006,24.548347464000074],[46.82314824800005,24.54832942400003]]],[[[46.825436308000064,24.54845955600007],[46.82541439400006,24.54844918200007],[46.825404185000025,24.548467220000077],[46.825393975000054,24.548485258000028],[46.825415888000066,24.548495633000073],[46.82542609800004,24.548477594000076],[46.825436308000064,24.54845955600007]]],[[[46.83335216800003,24.548562660000073],[46.83333244500005,24.548553324000068],[46.83332110500004,24.548573368000064],[46.83334082700003,24.54858270400007],[46.833360551000055,24.548592040000074],[46.83337189100007,24.54857199500003],[46.83335216800003,24.548562660000073]]],[[[46.82983365000007,24.548142339000037],[46.82902722400007,24.547760588000074],[46.828754968000055,24.548241619000066],[46.829269596000074,24.548485237000023],[46.82928043000004,24.548490365000077],[46.82931987500007,24.548509038000077],[46.829328763000035,24.548513246000027],[46.82956139700008,24.548623371000076],[46.82961399000004,24.548648267000033],[46.82975011700006,24.54840775100007],[46.82988624300003,24.54816723600004],[46.82983365000007,24.548142339000037]]],[[[46.82745960800003,24.548615708000057],[46.82743769500007,24.548605334000058],[46.827427485000044,24.548623372000066],[46.82741727600006,24.548641411000062],[46.827439189000074,24.54865178500006],[46.827449399000045,24.548633746000064],[46.82745960800003,24.548615708000057]]],[[[46.83223357600008,24.548968354000067],[46.83221385400003,24.548959018000062],[46.83220251300003,24.548979062000058],[46.832222235000074,24.548988398000063],[46.832241958000054,24.548997734000068],[46.83225330000005,24.548977690000072],[46.83223357600008,24.548968354000067]]],[[[46.83404208200005,24.54891463900003],[46.833866767000075,24.548831655000072],[46.83383955100004,24.54887976200007],[46.83410252200008,24.549004238000066],[46.83436549400005,24.549128713000073],[46.83439271000003,24.549080606000075],[46.83404208200005,24.54891463900003]]],[[[46.829277888000036,24.548692466000034],[46.828664125000046,24.54840191900007],[46.82857340800007,24.548562210000057],[46.828278391000026,24.549083478000057],[46.82858525900008,24.54922874700003],[46.82889198100003,24.54937394500007],[46.82891924300003,24.549325803000045],[46.82892364700007,24.549318022000023],[46.828944068000055,24.54928194400003],[46.828949873000056,24.549271687000044],[46.82918710000007,24.548852792000048],[46.829277888000036,24.548692466000034]]],[[[46.83501765300008,24.54935100000006],[46.83499793000004,24.549341665000043],[46.83498658900004,24.549361710000028],[46.835006313000065,24.549371045000044],[46.835026035000055,24.54938038100005],[46.83503737600006,24.549360336000063],[46.83501765300008,24.54935100000006]]],[[[46.823550201000046,24.548993635000045],[46.822989223000036,24.548728045000075],[46.82293675400007,24.54870320300006],[46.82291883200003,24.548734843000034],[46.822918592000065,24.54873526600005],[46.82291847600004,24.548735211000064],[46.82239268400008,24.548486281000066],[46.822365458000036,24.54853438400005],[46.82222924700005,24.54877503000006],[46.82227145300004,24.548896505000073],[46.82270978500003,24.549103887000058],[46.82276242200004,24.549128816000064],[46.82332332000004,24.549394454000037],[46.82337590900005,24.54941936000006],[46.823586668000075,24.54951917300008],[46.82381681500004,24.54911985900003],[46.82360279300008,24.549018534000027],[46.823550201000046,24.548993635000045]]],[[[46.835718917000065,24.549682929000028],[46.835699195000075,24.54967359400007],[46.83568785400007,24.549693638000065],[46.83570757600006,24.549702973000024],[46.83572730000003,24.54971230900003],[46.835738640000045,24.549692265000033],[46.835718917000065,24.549682929000028]]],[[[46.832235430000026,24.549279257000023],[46.83213024100007,24.549229467000032],[46.83199411500004,24.549469990000034],[46.83185800200005,24.549710490000052],[46.83196318300003,24.549760293000077],[46.831963245000054,24.549760322000054],[46.832099338000035,24.549519790000033],[46.832235430000026,24.549279257000023]]],[[[46.82343816300005,24.54973350000006],[46.82341844100006,24.549724163000064],[46.823407099000065,24.54974420600007],[46.823426821000055,24.549753543000065],[46.823446544000035,24.54976288000006],[46.82345788600003,24.549742837000053],[46.82343816300005,24.54973350000006]]],[[[46.82259142300006,24.549332625000034],[46.82253883000004,24.549307726000052],[46.82232559200003,24.549684549000062],[46.82228022100003,24.549764723000067],[46.82233281400005,24.54978962200005],[46.82246211800003,24.549561124000036],[46.82259142300006,24.549332625000034]]],[[[46.826108196000064,24.549874386000056],[46.82608847400007,24.54986504900006],[46.826077131000034,24.54988509100008],[46.82609685300008,24.549894428000073],[46.82611657500007,24.549903766000057],[46.826127918000054,24.54988372300005],[46.826108196000064,24.549874386000056]]],[[[46.82215432000004,24.54998720900005],[46.82213240600004,24.549976834000063],[46.822122196000066,24.54999487300006],[46.822111988000074,24.550012912000057],[46.82213390100003,24.550023287000045],[46.82214411100006,24.550005248000048],[46.82215432000004,24.54998720900005]]],[[[46.83677081800005,24.550180815000033],[46.83675109400008,24.550171479000028],[46.836739754000064,24.55019152400007],[46.83675947800003,24.55020085900003],[46.83677920100007,24.550210194000044],[46.83679054100003,24.55019014900006],[46.83677081800005,24.550180815000033]]],[[[46.83746075000005,24.550532777000058],[46.837285431000055,24.550449798000045],[46.83725821500008,24.550497905000043],[46.83778417100007,24.55074684300007],[46.837811387000045,24.550698736000072],[46.83746075000005,24.550532777000058]]],[[[46.837158732000034,24.550722862000043],[46.83713681800003,24.550712487000055],[46.83711640300004,24.55074856600004],[46.83713831700004,24.550758941000026],[46.837158732000034,24.550722862000043]]],[[[46.83843634400006,24.550969115000044],[46.83841662100008,24.550959780000028],[46.838405280000075,24.55097982500007],[46.838425004000044,24.55098916000003],[46.83844472700008,24.550998495000044],[46.83845606800003,24.55097845000006],[46.83843634400006,24.550969115000044]]],[[[46.82503827700003,24.551273758000036],[46.82501855400005,24.55126442100004],[46.82500721100007,24.551284465000037],[46.82502693500004,24.551293802000032],[46.825046658000076,24.551303138000037],[46.82505800000007,24.55128309400004],[46.82503827700003,24.551273758000036]]],[[[46.839137625000035,24.551301027000022],[46.839117902000055,24.551291692000063],[46.83910656200004,24.55131173600006],[46.83912628500008,24.551321071000075],[46.839146009000046,24.551330406000034],[46.83915734800007,24.551310362000038],[46.839137625000035,24.551301027000022]]],[[[46.830786051000075,24.551332002000038],[46.83077149500008,24.55132511100004],[46.83075992900007,24.55134504700004],[46.83077965200005,24.551354383000046],[46.830799375000026,24.55136371900005],[46.83081094100004,24.55134378400004],[46.83079121800006,24.551334447000045],[46.830786051000075,24.551332002000038]]],[[[46.821965516000034,24.550703439000074],[46.82192607200005,24.55068476400004],[46.82191472800008,24.550704807000045],[46.82190905700003,24.55071482900007],[46.82169916000004,24.551085611000076],[46.821653781000066,24.551165772000047],[46.822398846000056,24.551518521000048],[46.82267113300003,24.551037500000064],[46.82198524300003,24.550712778000047],[46.821965516000034,24.550703439000074]]],[[[46.82388953000003,24.55161431600004],[46.82386980800004,24.551604979000047],[46.82385846200003,24.551625022000053],[46.82387818500007,24.551634359000047],[46.82389790700006,24.551643696000042],[46.82390925200008,24.551623653000036],[46.82388953000003,24.55161431600004]]],[[[46.82134631400004,24.551708930000075],[46.82132440000004,24.55169855500003],[46.821314190000066,24.551716593000037],[46.82130397900005,24.551734632000034],[46.82132589300005,24.551745006000033],[46.82133610300008,24.551726968000025],[46.82134631400004,24.551708930000075]]],[[[46.84018955200003,24.55179888600003],[46.84016982800006,24.55178955200006],[46.84015848800004,24.551809596000055],[46.84017821200007,24.55181893100007],[46.84019793600004,24.55182826600003],[46.84020927500006,24.551808220000055],[46.84018955200003,24.55179888600003]]],[[[46.830478894000066,24.551872771000035],[46.83045917000004,24.55186343500003],[46.83044760400003,24.551883372000077],[46.83046694800004,24.551892528000053],[46.830467326000075,24.55189270900007],[46.830487050000045,24.55190204400003],[46.830498617000046,24.55188210800003],[46.830478894000066,24.551872771000035]]],[[[46.821362011000076,24.55212298200007],[46.821340097000075,24.552112607000026],[46.82132988600006,24.552130645000034],[46.82131967500004,24.55214868300004],[46.82134158800005,24.55215905800003],[46.82135180000006,24.55214102000008],[46.821362011000076,24.55212298200007]]],[[[46.84132658300007,24.551753420000068],[46.84127402100006,24.551728466000043],[46.84100222700005,24.55220891500005],[46.841054824000025,24.55223380700005],[46.84132658300007,24.551753420000068]]],[[[46.83915220100005,24.55255310900003],[46.83913247800007,24.55254377400007],[46.83912113800005,24.552563819000056],[46.83914086200008,24.552573154000072],[46.83916058600005,24.55258248800004],[46.83917192500007,24.552562444000046],[46.83915220100005,24.55255310900003]]],[[[46.837311956000065,24.552647799000056],[46.83729223300003,24.55263846500003],[46.83728089200008,24.552658509000025],[46.83730061600005,24.55266784400004],[46.837320340000076,24.552677179000057],[46.837331680000034,24.55265713400007],[46.837311956000065,24.552647799000056]]],[[[46.82080172600007,24.55267096500006],[46.82077981100008,24.552660590000073],[46.82076960100005,24.552678628000024],[46.820759390000035,24.55269666600003],[46.820781304000036,24.552707041000076],[46.820791514000064,24.55268900300007],[46.82080172600007,24.55267096500006]]],[[[46.82464929100007,24.552736399000025],[46.824629567000045,24.55272706200003],[46.824618222000026,24.552747105000037],[46.82463794600005,24.55275644200003],[46.82465766800004,24.552765779000026],[46.82466901300006,24.552745736000077],[46.82464929100007,24.552736399000025]]],[[[46.829035764000025,24.553145783000048],[46.829016041000045,24.553136447000043],[46.82900469900005,24.553156492000028],[46.82902442200003,24.553165828000033],[46.82904414600006,24.553175165000027],[46.82905548700006,24.553155120000042],[46.829035764000025,24.553145783000048]]],[[[46.83113581200007,24.55315255200003],[46.83111746700007,24.553141105000066],[46.83110355700006,24.553159746000063],[46.83111556800003,24.55316724000005],[46.83112190200006,24.553171193000026],[46.83113290000006,24.553178056000036],[46.831140248000054,24.553182640000045],[46.83115415800006,24.55316399900005],[46.83113581200007,24.55315255200003]]],[[[46.82838893600007,24.552717613000027],[46.82842523000005,24.55265347200003],[46.82847782400006,24.552678368000045],[46.82860258300008,24.552457883000045],[46.828727342000036,24.552237397000056],[46.828674747000036,24.552212500000053],[46.828339011000025,24.552053572000034],[46.82832756800008,24.552048154000033],[46.82828812200006,24.552029481000034],[46.828279843000075,24.55202556200004],[46.82744756900007,24.55163157900006],[46.82739497500006,24.551606682000056],[46.82726567800006,24.551835184000026],[46.82713638000007,24.552063687000043],[46.82718897400008,24.552088584000046],[46.82716175400003,24.552136690000054],[46.82712546000005,24.55220083100005],[46.82681695800005,24.552746029000048],[46.82804414600008,24.553326955000045],[46.82835264200003,24.552781754000023],[46.82838893600007,24.552717613000027]]],[[[46.83422798300006,24.553394711000067],[46.835743981000064,24.551702238000075],[46.83608487300006,24.55110108200006],[46.835015542000065,24.550595181000062],[46.83492780300003,24.550553653000065],[46.83376066300008,24.550001231000067],[46.833708071000046,24.549976334000064],[46.83357194800004,24.55021685500003],[46.83343582700007,24.55045737300003],[46.83348842300006,24.550482269000042],[46.83346682600006,24.550520428000027],[46.83342150400006,24.550600510000038],[46.83342145300003,24.550600601000042],[46.833401034000076,24.550636679000036],[46.83257310600004,24.552099562000024],[46.832811864000064,24.55226618100005],[46.83304672300005,24.55243825200006],[46.83327755800008,24.552615684000045],[46.833504248000054,24.55279838200005],[46.83372667300006,24.55298625000006],[46.83394471300005,24.553179189000048],[46.834158255000034,24.55337709500003],[46.834158295000066,24.55337706000006],[46.83417325500005,24.55339136200007],[46.834173648000046,24.553391737000027],[46.834204353000075,24.553421092000065],[46.834219991000055,24.553403633000073],[46.83422798300006,24.553394711000067]]],[[[46.82733384800008,24.553501520000054],[46.82731193300003,24.553491147000045],[46.82730172300006,24.553509185000053],[46.827291513000034,24.55352722300006],[46.827313427000036,24.55353759700006],[46.82732363700006,24.55351955900005],[46.82733384800008,24.553501520000054]]],[[[46.820545123000045,24.553566036000063],[46.820523209000044,24.55355566000003],[46.82051299800003,24.553573699000026],[46.820502787000066,24.553591737000033],[46.82052470100007,24.55360211200008],[46.82053491200003,24.55358407400007],[46.820545123000045,24.553566036000063]]],[[[46.82025712800004,24.553633000000048],[46.820235214000036,24.55362262600005],[46.820225004000065,24.553640664000056],[46.82021479300005,24.553658702000064],[46.82023670600006,24.553669077000052],[46.82024691700008,24.553651038000055],[46.82025712800004,24.553633000000048]]],[[[46.83957348700005,24.55399872600003],[46.83956074400004,24.553982091000023],[46.839540535000026,24.553995042000054],[46.83955327800004,24.55401167800005],[46.83956602100005,24.55402831300006],[46.839586230000066,24.554015363000076],[46.83957348700005,24.55399872600003]]],[[[46.836769994000065,24.55335694300004],[46.83518779600007,24.55260807600007],[46.834845587000075,24.55299012200004],[46.83504789600005,24.553191395000056],[46.835245703000055,24.553397094000047],[46.83543891200003,24.55360711800006],[46.835627429000056,24.553821364000044],[46.83581116000005,24.554039728000078],[46.83677477200007,24.55342224700007],[46.836769994000065,24.55335694300004]]],[[[46.81989406100007,24.554274355000075],[46.81987214700007,24.55426397900004],[46.81986193600005,24.554282017000048],[46.819851724000046,24.554300056000045],[46.819873639000036,24.554310431000033],[46.81988385000005,24.554292393000026],[46.81989406100007,24.554274355000075]]],[[[46.82848124700007,24.554321670000036],[46.82846152400003,24.55431233400003],[46.82845018000006,24.554332377000037],[46.82846990200005,24.554341713000042],[46.82848962600008,24.554351050000037],[46.82850097100004,24.55433100700003],[46.82848124700007,24.554321670000036]]],[[[46.822226311000065,24.552402553000036],[46.82218686400006,24.552383879000047],[46.82217552000003,24.552403923000043],[46.82216984900003,24.552413943000033],[46.821928195000055,24.552840847000027],[46.82189188700005,24.552904988000023],[46.82142908000003,24.55372254300005],[46.82293430400006,24.554435063000028],[46.82339693600005,24.55361754300003],[46.823691937000035,24.55309640300004],[46.82287060200008,24.552707534000035],[46.82281800700008,24.552682639000068],[46.822246033000056,24.55241188900004],[46.822226311000065,24.552402553000036]]],[[[46.82068453000005,24.55454693400003],[46.82066261600005,24.55453655900004],[46.82065240500003,24.55455459700005],[46.82064219400007,24.554572635000056],[46.820664108000074,24.554583010000044],[46.82067432000008,24.554564972000037],[46.82068453000005,24.55454693400003]]],[[[46.827329285000076,24.55458958500003],[46.82730956100005,24.554580248000036],[46.82729821700008,24.554600291000042],[46.82731794000006,24.554609627000048],[46.82733766300004,24.554618964000042],[46.827349008000056,24.554598921000036],[46.827329285000076,24.55458958500003]]],[[[46.82485004600005,24.55461037400005],[46.82483032300007,24.554601037000054],[46.824818977000064,24.55462108000006],[46.82483870100003,24.554630416000066],[46.82485842400007,24.55463975300006],[46.82486976900003,24.554619711000043],[46.82485004600005,24.55461037400005]]],[[[46.83956165700005,24.554640134000067],[46.83954749800006,24.55462165000006],[46.839529310000046,24.55463330500004],[46.839511121000044,24.554644961000065],[46.83952528100008,24.554663446000063],[46.839543469000034,24.554651790000037],[46.83956165700005,24.554640134000067]]],[[[46.83370755100003,24.554461907000075],[46.83369295500006,24.554446598000027],[46.83369281800003,24.554446708000057],[46.833521835000056,24.554273179000063],[46.833347126000035,24.554103402000067],[46.83330596600007,24.55406445600005],[46.83306877700005,24.554275219000033],[46.83283275300005,24.55448494600006],[46.83287396000003,24.554523851000056],[46.83304775600004,24.55469243600004],[46.833217803000025,24.554864801000065],[46.833707580000066,24.554513447000033],[46.833717327000045,24.554506454000034],[46.83373674300003,24.554492525000057],[46.83370755100003,24.554461907000075]]],[[[46.837580692000074,24.554917498000066],[46.83756653300003,24.554899013000067],[46.83754834400003,24.554910669000037],[46.83753015500008,24.554922324000074],[46.83754431500006,24.554940808000026],[46.83756250300007,24.554929153000046],[46.837580692000074,24.554917498000066]]],[[[46.83871486000004,24.554934926000044],[46.83870070000006,24.554916443000025],[46.83868251200005,24.554928097000072],[46.83866432200006,24.554939751000063],[46.838678482000034,24.55495823600006],[46.83869667100004,24.554946581000024],[46.83871486000004,24.554934926000044]]],[[[46.836380647000055,24.555085464000058],[46.83636790400004,24.55506882800006],[46.83634769400004,24.555081778000044],[46.83636043700005,24.555098414000042],[46.836373180000066,24.55511505000004],[46.83639339000007,24.555102100000056],[46.836380647000055,24.555085464000058]]],[[[46.838850292000075,24.555095993000066],[46.83883613300003,24.555077508000068],[46.83881794400003,24.555089164000037],[46.83879975600007,24.555100820000064],[46.83881391600005,24.555119303000026],[46.83883210300007,24.555107649000036],[46.838850292000075,24.555095993000066]]],[[[46.83126222100003,24.55512407300006],[46.83124566200007,24.555110537000076],[46.831229112000074,24.555127167000023],[46.83124564000008,24.55514073300003],[46.831246719000035,24.55514161800005],[46.83126217000006,24.555154298000048],[46.83127878100004,24.555137608000052],[46.83126222100003,24.55512407300006]]],[[[46.82453464900004,24.55516755900004],[46.82451492700005,24.555158222000045],[46.824503581000045,24.555178265000052],[46.82452330500007,24.555187602000046],[46.82454302800005,24.55519693900004],[46.82455437300007,24.555176896000035],[46.82453464900004,24.55516755900004]]],[[[46.82259610600005,24.555195234000053],[46.82257638300007,24.55518589600007],[46.82256503700006,24.555205939000075],[46.82258476100003,24.55521527600007],[46.82260448400007,24.555224614000053],[46.82261582900003,24.555204571000047],[46.82259610600005,24.555195234000053]]],[[[46.83849460600004,24.55532392200007],[46.83848044800004,24.55530543800006],[46.83846225900004,24.555317093000042],[46.838444071000026,24.55532874800008],[46.83845823000007,24.555347233000077],[46.838476419000074,24.55533557700005],[46.83849460600004,24.55532392200007]]],[[[46.821517852000056,24.55554883900004],[46.82149812900008,24.555539502000045],[46.82148678400006,24.55555954400006],[46.82150650700004,24.555568882000046],[46.821526230000075,24.55557821900004],[46.821537576000026,24.555558176000034],[46.821517852000056,24.55554883900004]]],[[[46.827818609000076,24.555786918000024],[46.82779888500005,24.555777582000076],[46.82778754100008,24.555797624000036],[46.82780726400006,24.55580696000004],[46.82782698800003,24.555816297000035],[46.827838333000045,24.55579625400003],[46.827818609000076,24.555786918000024]]],[[[46.83721121600007,24.555898356000057],[46.837197057000026,24.555879872000048],[46.837178867000034,24.55589152600004],[46.83716067800003,24.555903181000076],[46.83717483800007,24.555921665000028],[46.83719302700007,24.555910012000027],[46.83721121600007,24.555898356000057]]],[[[46.820311712000034,24.555892721000077],[46.820291989000054,24.555883384000026],[46.820280643000046,24.555903426000043],[46.82030036500004,24.555912764000027],[46.82032008900006,24.55592210100008],[46.82033143500007,24.55590205900006],[46.820311712000034,24.555892721000077]]],[[[46.83742754600007,24.556007702000045],[46.83741338600004,24.555989217000047],[46.83739519800008,24.556000872000027],[46.83737700900008,24.556012528000053],[46.83739116800007,24.556031012000062],[46.83740935700007,24.556019356000036],[46.83742754600007,24.556007702000045]]],[[[46.82526084500006,24.555739935000076],[46.82519523900004,24.555708861000028],[46.82488652100005,24.556254100000046],[46.825149500000066,24.556378591000055],[46.82541247800003,24.556503080000027],[46.82570398100006,24.55598795000003],[46.82570965300005,24.55597792800006],[46.825720997000076,24.555957885000055],[46.82568155400003,24.555939205000072],[46.82566183200004,24.555929864000063],[46.82565526600007,24.55592675400004],[46.82526084500006,24.555739935000076]]],[[[46.83455795800006,24.556474138000056],[46.83454521600004,24.556457501000068],[46.834525005000046,24.556470451000052],[46.83453774800006,24.55648708800004],[46.83455049100007,24.556503724000038],[46.834570701000075,24.556490774000054],[46.83455795800006,24.556474138000056]]],[[[46.81837541200008,24.556564386000048],[46.81835349800008,24.55655401000007],[46.818343285000026,24.556572048000078],[46.818333074000066,24.556590087000075],[46.81835498800007,24.556600462000063],[46.81836520000007,24.556582424000055],[46.81837541200008,24.556564386000048]]],[[[46.83131874000003,24.55678052500008],[46.83130458200003,24.55676204100007],[46.83128639300003,24.55677369500006],[46.831268203000036,24.55678534900005],[46.83128236200008,24.55680383500004],[46.83130055100003,24.55679218000006],[46.83131874000003,24.55678052500008]]],[[[46.833594729000026,24.556876542000055],[46.83358198700006,24.556859906000057],[46.83356177700006,24.55687285600004],[46.83357451900008,24.55688949200004],[46.83358726300003,24.556906128000037],[46.83360747300003,24.556893178000053],[46.833594729000026,24.556876542000055]]],[[[46.82254432500008,24.55705387100005],[46.822522409000044,24.557043496000063],[46.82251219800003,24.55706153400007],[46.82250198600008,24.557079573000067],[46.82252390100007,24.557089947000065],[46.822534113000074,24.557071909000058],[46.82254432500008,24.55705387100005]]],[[[46.82614063200003,24.557101904000035],[46.82612090900005,24.55709256800003],[46.826109564000035,24.557112611000036],[46.82612928700007,24.55712194700004],[46.82614901100004,24.557131284000036],[46.82616035700005,24.55711124100003],[46.82614063200003,24.557101904000035]]],[[[46.81783073300005,24.55752638900003],[46.81780881900005,24.557516014000043],[46.81779860600005,24.55753405200005],[46.817788395000036,24.557552091000048],[46.81781030900004,24.557562466000036],[46.817820521000044,24.55754442800003],[46.81783073300005,24.55752638900003]]],[[[46.831272600000034,24.557664345000035],[46.831258441000045,24.557645861000026],[46.831240251000054,24.557657515000074],[46.83122206200005,24.557669169000064],[46.83123622000005,24.557687654000063],[46.83125441000004,24.557676000000072],[46.831272600000034,24.557664345000035]]],[[[46.82956372500007,24.555979411000067],[46.82938743200003,24.555862554000043],[46.828620570000055,24.557217396000055],[46.82876134400004,24.55731888200006],[46.82889893000004,24.55742465000003],[46.82903319700006,24.557534600000054],[46.829164020000064,24.557648628000038],[46.82917469300003,24.557658265000043],[46.82925384500004,24.557731243000035],[46.82933156000007,24.557805750000057],[46.829564420000054,24.557656553000072],[46.82961292700003,24.557625475000066],[46.83020307900006,24.557247353000037],[46.83025158400005,24.55721627500003],[46.83069212400005,24.55693400900003],[46.83054321900005,24.55678380200004],[46.83038999200005,24.55663800700006],[46.830232574000036,24.55649674700004],[46.830071099000065,24.556360143000063],[46.829905704000055,24.55622831200003],[46.82973653200003,24.556101365000075],[46.82956372500007,24.555979411000067]]],[[[46.83438797000008,24.557955401000072],[46.83437381200008,24.557936917000063],[46.83435562300008,24.557948571000054],[46.83433743300003,24.557960226000034],[46.834351593000065,24.557978711000032],[46.83436978200007,24.557967056000052],[46.83438797000008,24.557955401000072]]],[[[46.83697929700003,24.557204331000037],[46.836580010000034,24.556683074000034],[46.836554523000075,24.556649802000038],[46.83653431300007,24.556662752000022],[46.83619074500007,24.556882904000076],[46.83614224200005,24.55691398500005],[46.835875471000065,24.557084927000062],[46.83582696700006,24.557116007000047],[46.83579298500007,24.557071645000065],[46.835510045000035,24.557252946000062],[46.83525135600007,24.557418707000068],[46.83528533800006,24.55746307000004],[46.83572155000007,24.558026807000033],[46.835769801000026,24.558034469000063],[46.83628005800006,24.557707508000078],[46.83632856200006,24.557676427000047],[46.83659533300005,24.557505484000046],[46.83664383800004,24.55747440400006],[46.836967196000046,24.55726720000007],[46.83697929700003,24.557204331000037]]],[[[46.81769210600004,24.558213016000025],[46.81767019100005,24.558202641000037],[46.81765997800005,24.558220679000044],[46.817649767000034,24.55823871700005],[46.817671682000025,24.55824909200004],[46.81768189400003,24.55823105500008],[46.81769210600004,24.558213016000025]]],[[[46.81957753800003,24.55668876900006],[46.81953809100003,24.556670094000026],[46.819526747000054,24.556690137000032],[46.81952107600006,24.55670015900006],[46.819265890000054,24.55715106200006],[46.81923866500006,24.557199166000032],[46.81876207400006,24.558041020000076],[46.81944800600007,24.558365757000047],[46.81946773000004,24.558375096000077],[46.81950717600006,24.558393772000045],[46.819518523000056,24.55837372900004],[46.81952419700008,24.55836370800006],[46.819983741000044,24.55755201000005],[46.82001096600004,24.557503905000033],[46.82028321100006,24.557022852000046],[46.81959726000008,24.556698107000045],[46.81957753800003,24.55668876900006]]],[[[46.82170288000003,24.558442109000055],[46.82168315700005,24.55843277200006],[46.821671811000044,24.55845281300003],[46.82169153400008,24.55846215100007],[46.82171125800005,24.558471489000055],[46.82172260400006,24.55845144600005],[46.82170288000003,24.558442109000055]]],[[[46.81728608600008,24.558488410000052],[46.81726417100003,24.558478034000075],[46.81725395900003,24.55849607300007],[46.81724374700008,24.558514111000022],[46.81726566100008,24.558524486000067],[46.81727587300003,24.55850644800006],[46.81728608600008,24.558488410000052]]],[[[46.83341787400008,24.558576996000056],[46.83340371500003,24.558558511000058],[46.83338552500004,24.558570166000038],[46.83336733600004,24.558581822000065],[46.833381495000026,24.558600306000073],[46.83339968400003,24.558588651000036],[46.83341787400008,24.558576996000056]]],[[[46.832771138000055,24.558991389000028],[46.83275697900007,24.558972905000076],[46.832738789000075,24.558984559000066],[46.83272059900003,24.558996213000057],[46.83273475900006,24.559014698000055],[46.83275294800006,24.559003043000075],[46.832771138000055,24.558991389000028]]],[[[46.82438569800007,24.55805009000005],[46.82438566500008,24.55805007500004],[46.82437433400003,24.55807012500003],[46.82436867800004,24.558080146000066],[46.824249552000026,24.558290602000056],[46.82412134800006,24.558517085000062],[46.82411567500003,24.558527106000042],[46.82410433000007,24.55854714900005],[46.82414377600003,24.558565824000027],[46.824163500000054,24.558575162000068],[46.82497743700003,24.558960459000048],[46.82503003200003,24.55898535700004],[46.82553781900003,24.559225728000058],[46.82581983600005,24.558728977000044],[46.82531139900004,24.558488297000054],[46.825258802000064,24.55846339900006],[46.82444475600005,24.558078228000056],[46.82444484200005,24.558078075000026],[46.82442512400007,24.55806874500007],[46.82438569800007,24.55805009000005]]],[[[46.83192420900008,24.55928603600006],[46.83191005000003,24.55926755100006],[46.83189186100003,24.559279206000042],[46.831873673000075,24.55929086200007],[46.831887831000074,24.559309347000067],[46.83190601900003,24.55929769100004],[46.83192420900008,24.55928603600006]]],[[[46.83212439600004,24.55940577900003],[46.83211023700005,24.559387294000032],[46.83209204800005,24.55939894900007],[46.83207385800006,24.55941060400005],[46.832088017000046,24.55942908800006],[46.83210620700004,24.55941743300008],[46.83212439600004,24.55940577900003]]],[[[46.826046190000056,24.55942871900004],[46.82601750200007,24.55941450800003],[46.82599987400005,24.55944427600008],[46.82602916800005,24.559458789000075],[46.826040713000054,24.55946450600004],[46.82605846100006,24.559473297000068],[46.826076089000026,24.559443529000077],[46.826046190000056,24.55942871900004]]],[[[46.81674144700003,24.559450439000045],[46.816719533000025,24.559440060000043],[46.81670932000003,24.55945810000003],[46.81669910900007,24.559476135000068],[46.81672102400006,24.559486511000046],[46.81673123500008,24.559468476000063],[46.81674144700003,24.559450439000045]]],[[[46.82206068000005,24.559577210000043],[46.82204095600008,24.55956787300005],[46.82202961000007,24.559587916000055],[46.82204933400004,24.55959725300005],[46.82206905700008,24.559606590000044],[46.82208040300003,24.559586547000038],[46.82206068000005,24.559577210000043]]],[[[46.81995802100005,24.55958630600003],[46.81993829800007,24.559576968000044],[46.81992695100007,24.55959701100005],[46.81994667400005,24.559606348000045],[46.819966399000066,24.55961568600003],[46.819977745000074,24.559595643000023],[46.81995802100005,24.55958630600003]]],[[[46.82836025600005,24.559640547000072],[46.82834751400003,24.559623910000028],[46.82832730300004,24.55963686000007],[46.82834004400007,24.559653495000077],[46.82835278700003,24.559670132000065],[46.82837299800008,24.55965718400006],[46.82836025600005,24.559640547000072]]],[[[46.83063664300005,24.559780327000055],[46.830623900000035,24.559763690000068],[46.83060369000003,24.559776640000052],[46.830616433000046,24.55979327600005],[46.83062917600006,24.559809913000038],[46.83064938700005,24.559796963000053],[46.83063664300005,24.559780327000055]]],[[[46.831138975000044,24.55917739700004],[46.83111348800003,24.559144124000056],[46.831093278000026,24.55915707400004],[46.83062842800007,24.559454913000025],[46.83103619800005,24.55998727800005],[46.83108150500004,24.560046428000078],[46.831243193000034,24.559942832000047],[46.83156656700004,24.559735639000053],[46.831521259000056,24.559676488000036],[46.831138975000044,24.55917739700004]]],[[[46.82515106000005,24.56030314800006],[46.82513133500004,24.560293811000065],[46.82511998900003,24.560313853000025],[46.825139713000056,24.560323190000076],[46.82515943800007,24.56033252700007],[46.82517078300003,24.560312484000065],[46.82515106000005,24.56030314800006]]],[[[46.83062878900006,24.560364048000054],[46.83061463100006,24.560345562000066],[46.83059644100007,24.560357217000046],[46.83057825100008,24.560368872000026],[46.830592409000076,24.560387356000035],[46.83061059900007,24.560375702000044],[46.83062878900006,24.560364048000054]]],[[[46.82998203500006,24.560778430000028],[46.82996787600007,24.56075994500003],[46.82994968600008,24.560771600000066],[46.82993149500004,24.560783254000057],[46.82994565400003,24.560801739000055],[46.829963844000076,24.560790084000075],[46.82998203500006,24.560778430000028]]],[[[46.82847655900008,24.56085842300007],[46.82846381600007,24.560841786000026],[46.828445626000075,24.560853440000074],[46.82842743500004,24.560865095000054],[46.82844017800005,24.56088173200004],[46.828441594000026,24.560883580000052],[46.828459784000074,24.56087192500007],[46.828477975000055,24.560860271000024],[46.82847655900008,24.56085842300007]]],[[[46.816831612000044,24.560508463000076],[46.815937535000046,24.56008504500005],[46.81580449200004,24.560123701000066],[46.81557755000006,24.560524543000042],[46.81601582400003,24.560732103000078],[46.81655928500004,24.560989475000042],[46.81673459500007,24.561072498000044],[46.816989902000046,24.560621549000075],[46.81699557600007,24.560611529000028],[46.817006923000065,24.560591486000078],[46.81696747900003,24.56057280600004],[46.81694775500006,24.560563466000076],[46.816831612000044,24.560508463000076]]],[[[46.82742684400006,24.561175483000056],[46.827414101000045,24.56115884600007],[46.82739389000005,24.561171795000064],[46.82740663300007,24.56118843200005],[46.827419375000034,24.56120506900004],[46.82743958700007,24.561192119000054],[46.82742684400006,24.561175483000056]]],[[[46.81985574500004,24.560821399000076],[46.81975055800007,24.560771588000023],[46.81975042900007,24.560771815000066],[46.81959142200003,24.561052682000025],[46.819455264000055,24.561293189000025],[46.819560455000044,24.561342995000075],[46.81959990200005,24.561361671000043],[46.81961124800006,24.561341628000037],[46.81957180100005,24.56132295200007],[46.81957747400003,24.561312930000042],[46.819696613000076,24.561102487000028],[46.819855629000074,24.56082160300008],[46.81985574500004,24.560821399000076]]],[[[46.81565573800003,24.561368109000057],[46.81563382400003,24.561357731000044],[46.81562361200008,24.56137576900005],[46.815613400000075,24.56139380700006],[46.815635314000076,24.561404184000025],[46.815645526000026,24.561386147000064],[46.81565573800003,24.561368109000057]]],[[[46.821601919000045,24.560645967000028],[46.82132269900006,24.56051378500007],[46.821052200000054,24.560991486000034],[46.82096595200005,24.561143800000025],[46.82149146900008,24.56139302300005],[46.82150241800008,24.561398217000033],[46.821524330000045,24.56140859900006],[46.821544747000075,24.561372520000077],[46.821554957000046,24.561354480000034],[46.82161079900004,24.561255806000077],[46.82188112000006,24.560778139000035],[46.821601919000045,24.560645967000028]]],[[[46.828520662000074,24.561466720000055],[46.828506504000075,24.561448235000057],[46.828488314000026,24.561459890000037],[46.82847012500008,24.561471546000064],[46.82848428300008,24.561490030000073],[46.828502471000036,24.561478375000036],[46.828520662000074,24.561466720000055]]],[[[46.82125809100006,24.561485821000076],[46.821205709000026,24.56146054100003],[46.82104657600007,24.56174163700007],[46.820910420000075,24.561982146000048],[46.82096308600006,24.56200692400006],[46.82109924300005,24.561766415000022],[46.82125809100006,24.561485821000076]]],[[[46.819469996000066,24.56150278000007],[46.819364808000046,24.561452969000072],[46.81936452300005,24.56145347200004],[46.819228364000026,24.56169398000003],[46.819069511000066,24.561974571000064],[46.819174771000064,24.56202425500004],[46.81933355800004,24.56174378000003],[46.81946971800005,24.56150327200004],[46.819469996000066,24.56150278000007]]],[[[46.816399439000065,24.562263303000066],[46.816377524000075,24.562252928000078],[46.81636731100008,24.56227096600003],[46.81635709900007,24.562289004000036],[46.81637901400006,24.56229938000007],[46.81638922700006,24.562281342000063],[46.816399439000065,24.562263303000066]]],[[[46.81511106800008,24.56233012900003],[46.81508915400008,24.562319751000075],[46.81507894100008,24.562337789000026],[46.81506872800003,24.562355826000044],[46.81509064200003,24.562366204000057],[46.815100855000026,24.56234816700004],[46.81511106800008,24.56233012900003]]],[[[46.82903643700007,24.561796300000026],[46.82881057700007,24.56150142300004],[46.82876207000004,24.561532502000034],[46.82827618600004,24.561843801000066],[46.82875757900007,24.56247229400003],[46.82882631900003,24.562483366000038],[46.829271781000045,24.562197963000074],[46.829320288000076,24.562166885000067],[46.829319611000074,24.562166002000026],[46.82903643700007,24.561796300000026]]],[[[46.82753771400007,24.56247675000003],[46.827512228000046,24.562443476000055],[46.827492016000065,24.56245642600004],[46.827517502000035,24.562489699000025],[46.82753771400007,24.56247675000003]]],[[[46.823432136000065,24.562514977000035],[46.82341241100005,24.56250564000004],[46.82340106500004,24.562525683000047],[46.82342079000006,24.56253502000004],[46.823440514000026,24.562544357000036],[46.823451860000034,24.56252431400003],[46.823432136000065,24.562514977000035]]],[[[46.81882094500003,24.562060210000027],[46.81878149800008,24.56204153400006],[46.81877015100008,24.562061576000076],[46.81880959800003,24.562080252000044],[46.818803925000054,24.562090273000024],[46.81863939700003,24.562380886000028],[46.81845784800004,24.56270156200003],[46.81858057200003,24.56275966800007],[46.818762124000045,24.562438987000064],[46.818943673000035,24.562118309000027],[46.81882094500003,24.562060210000027]]],[[[46.825283383000055,24.561492995000037],[46.825264074000074,24.561478014000045],[46.82526208300004,24.561481532000073],[46.825243655000065,24.56151409200004],[46.82523145400006,24.561535650000053],[46.82450483900004,24.562819455000067],[46.82480848700004,24.56296318400007],[46.82589888000007,24.562264624000022],[46.82544978400006,24.561678270000073],[46.82540026100003,24.561616642000047],[46.825347976000046,24.561557339000046],[46.82529303700005,24.561500486000057],[46.825283383000055,24.561492995000037]]],[[[46.82622272100008,24.563297173000024],[46.82620856200003,24.563278687000036],[46.82619037200004,24.563290342000073],[46.82617218100006,24.563301996000064],[46.82618633900006,24.563320481000062],[46.82620453000004,24.56330882700007],[46.82622272100008,24.563297173000024]]],[[[46.818489801000055,24.562920001000066],[46.81836708000003,24.562861905000034],[46.81820821700006,24.563142492000054],[46.81804935400004,24.563423081000053],[46.818172082000046,24.563481182000032],[46.818330942000046,24.563200593000033],[46.818489801000055,24.562920001000066]]],[[[46.82722271700004,24.562419530000057],[46.826735668000026,24.561783637000076],[46.826452704000076,24.561964923000062],[46.82615963200004,24.562152682000033],[46.82614952700004,24.562159156000064],[46.82612931500006,24.562172106000048],[46.82615480100003,24.562205379000034],[46.826167543000054,24.56222201500003],[46.82661636300003,24.562808001000064],[46.82665034300004,24.562852365000026],[46.82714872400004,24.56350304700004],[46.82721746500005,24.563514119000047],[46.827742973000056,24.56317744300003],[46.82775507900004,24.563114574000053],[46.82725669700005,24.562463894000075],[46.82722271700004,24.562419530000057]]],[[[46.81610209300004,24.563721087000033],[46.816062646000034,24.56370240900003],[46.81605129900004,24.563722452000036],[46.81609074600004,24.56374112900005],[46.81610209300004,24.563721087000033]]],[[[46.825559766000026,24.56372189700005],[46.82554560800003,24.563703411000063],[46.825527418000036,24.563715065000054],[46.825509227000055,24.563726719000044],[46.825523384000064,24.563745205000032],[46.825541575000045,24.56373355100004],[46.825559766000026,24.56372189700005]]],[[[46.81645274300007,24.56388709400005],[46.816433019000044,24.563877756000068],[46.81642167200005,24.563897799000074],[46.81644139500003,24.563907137000058],[46.81646112000004,24.563916475000042],[46.81647246700004,24.563896432000035],[46.81645274300007,24.56388709400005]]],[[[46.814919297000074,24.56266884000007],[46.81448101900003,24.562461277000068],[46.81445378500007,24.562509378000073],[46.81407963000004,24.56317020700004],[46.81420644500008,24.563535220000063],[46.81501293500003,24.56391704500004],[46.81514598800004,24.563878380000062],[46.81559382300003,24.563087404000044],[46.81559949700005,24.563077382000074],[46.81561084400005,24.563057340000057],[46.81557139900008,24.563038660000075],[46.81555167600004,24.563029320000055],[46.81489206400005,24.56271694000003],[46.814919297000074,24.56266884000007]]],[[[46.823566507000066,24.564061955000057],[46.82355234900007,24.56404346900007],[46.82353415700004,24.56405512300006],[46.82351596600006,24.56406677600006],[46.82353012400006,24.56408526100006],[46.82354831600003,24.564073608000058],[46.823566507000066,24.564061955000057]]],[[[46.81715404700003,24.564219106000053],[46.81713432300006,24.56420976800007],[46.817122976000064,24.564229811000075],[46.81714270000003,24.56423914900006],[46.81716242400006,24.564248486000054],[46.81717377100006,24.564228444000037],[46.81715404700003,24.564219106000053]]],[[[46.81785535400007,24.56455111500003],[46.81783563000005,24.564541777000045],[46.81782428300005,24.564561819000062],[46.817844007000076,24.564571157000046],[46.817863731000045,24.56458049500003],[46.81787507800004,24.56456045300007],[46.81785535400007,24.56455111500003]]],[[[46.82423384000003,24.564571337000075],[46.824219682000034,24.56455285000004],[46.82420149100005,24.56456450400003],[46.82418330000007,24.56457615900007],[46.824197457000025,24.564594643000078],[46.82421564900005,24.564582990000076],[46.82423384000003,24.564571337000075]]],[[[46.818237890000034,24.56379690700004],[46.818185295000035,24.563772001000075],[46.818017326000074,24.564068684000063],[46.81785851800004,24.56434918700006],[46.81791111200005,24.564374092000037],[46.818384457000036,24.56459824500007],[46.81871124200006,24.56402106200005],[46.818237890000034,24.56379690700004]]],[[[46.823435363000044,24.564834862000055],[46.823421205000045,24.564816377000056],[46.823403014000064,24.564828032000037],[46.82338482500006,24.564839688000063],[46.823398981000025,24.564858172000072],[46.82341717200006,24.564846516000046],[46.823435363000044,24.564834862000055]]],[[[46.82205569000007,24.562727460000076],[46.822003092000045,24.562702561000037],[46.82186694500007,24.562943075000078],[46.82170810800005,24.56322367300004],[46.82176070500003,24.563248573000067],[46.82134319800008,24.56398611900005],[46.821322776000045,24.564022196000053],[46.82131256500003,24.56404023500005],[46.821170738000035,24.564290784000036],[46.82113443900005,24.56435490800004],[46.820915451000076,24.564741764000075],[46.82090977900003,24.564751785000055],[46.820898433000025,24.56477182900005],[46.82093788200007,24.56479050400003],[46.820957607000025,24.56479984200007],[46.82151208100004,24.565062329000057],[46.821996342000034,24.564763036000045],[46.822070849000056,24.564716987000054],[46.822417588000064,24.56449486200006],[46.823809925000035,24.563602900000035],[46.823806518000026,24.563556255000037],[46.82211486400007,24.56275547100006],[46.822095139000055,24.562746134000065],[46.82205569000007,24.562727460000076]]],[[[46.81941255500004,24.564353064000045],[46.81888656900003,24.56410406200007],[46.81849169000003,24.564801531000057],[46.81846900100004,24.56484161900005],[46.81887225600008,24.565032520000045],[46.81899499000008,24.565090621000024],[46.81901768600005,24.565050538000037],[46.81941255500004,24.564353064000045]]],[[[46.82323938500008,24.565208409000036],[46.82322522800007,24.565189923000048],[46.82320703600004,24.56520157600005],[46.82318884500006,24.56521323000004],[46.82320300300006,24.565231717000074],[46.82322119500003,24.565220063000027],[46.82323938500008,24.565208409000036]]],[[[46.81957357300007,24.56536452000006],[46.819553849000044,24.565355182000076],[46.81954250200005,24.56537522600007],[46.81956222600007,24.565384562000077],[46.81958195100003,24.56539390000006],[46.81959329800003,24.565373857000054],[46.81957357300007,24.56536452000006]]],[[[46.820850404000055,24.565740229000028],[46.82083067900004,24.565730891000044],[46.82081933300003,24.56575093400005],[46.82083905800005,24.565760271000045],[46.82085878200007,24.56576960800004],[46.82087012900007,24.565749566000022],[46.820850404000055,24.565740229000028]]],[[[46.82062555300007,24.565862512000024],[46.820605827000065,24.56585317500003],[46.82059448200005,24.565873217000046],[46.82061420600007,24.56588255500003],[46.82063393000004,24.565891892000025],[46.82064527800003,24.565871850000065],[46.82062555300007,24.565862512000024]]],[[[46.82167754100004,24.56636049800005],[46.82165781700007,24.566351160000067],[46.821646470000076,24.566371203000074],[46.821666195000034,24.56638054000007],[46.82168592000005,24.566389877000063],[46.82169726700005,24.566369835000046],[46.82167754100004,24.56636049800005]]]]}},{"type":"Feature","properties":{"plan_no":"2705/5","plan_id":"2620","block_no":"1","parcel_count":1,"parcel_numbers":["1"],"geometry_source":"Riyadh Geoportal public parcel layers","geometry_method":"Union of parcel polygons with the Geoportal Geometry Server"},"geometry":{"type":"Polygon","coordinates":[[[46.84148432500007,24.551834860000042],[46.84132658300007,24.551753420000068],[46.841054824000025,24.55223380700005],[46.84054543900004,24.55313423700005],[46.84054562500006,24.55321717000004],[46.840593168000055,24.553298348000055],[46.84063565800005,24.55338228000005],[46.84067293500004,24.553468654000028],[46.84070486100006,24.55355714600006],[46.840815572000054,24.553897208000024],[46.841043556000045,24.55459748800007],[46.84110350900005,24.55461658400003],[46.842773632000046,24.553546281000024],[46.84285555100007,24.55282795900007],[46.84222401000005,24.55232345400003],[46.84208324600007,24.552215287000024],[46.84193870900003,24.55211221600007],[46.841790583000034,24.55201437200003],[46.841639057000066,24.551921881000055],[46.84148432500007,24.551834860000042]]]}},{"type":"Feature","properties":{"plan_no":"2705/5","plan_id":"2620","block_no":"2","parcel_count":21,"parcel_numbers":["10","11","1932","1933","1934","1935","1936","1937","1938","1939","1940","1941","1942","2","3","4","5","6","7","8","9"],"geometry_source":"Riyadh Geoportal public parcel layers","geometry_method":"Union of parcel polygons with the Geoportal Geometry Server"},"geometry":{"type":"Polygon","coordinates":[[[46.83861630600006,24.556210449000048],[46.83897199300003,24.555982521000033],[46.839327679000064,24.55575459100004],[46.83968336200007,24.555526661000044],[46.840039045000026,24.55529873000006],[46.84044322800003,24.555039717000056],[46.840767922000055,24.554831642000067],[46.84080215500006,24.554741730000046],[46.840672004000055,24.55434195400005],[46.84055323500007,24.55397714000003],[46.84022450300006,24.554187804000037],[46.83993349200006,24.554374293000023],[46.839556591000076,24.554615822000073],[46.83954749800006,24.55462165000006],[46.83956165700005,24.554640134000067],[46.839543469000034,24.554651790000037],[46.83952528100008,24.554663446000063],[46.839511121000044,24.554644961000065],[46.83950202700004,24.55465078900005],[46.839173628000026,24.554861235000033],[46.838845227000036,24.555071681000072],[46.83883613300003,24.555077508000068],[46.838850292000075,24.555095993000066],[46.83883210300007,24.555107649000036],[46.83881391600005,24.555119303000026],[46.83879975600007,24.555100820000064],[46.838790661000075,24.55510664800005],[46.83848954200005,24.555299610000077],[46.83848044800004,24.55530543800006],[46.83849460600004,24.55532392200007],[46.838476419000074,24.55533557700005],[46.83845823000007,24.555347233000077],[46.838444071000026,24.55532874800008],[46.83843497700008,24.555334575000074],[46.83810657300006,24.555545021000057],[46.83775088600004,24.555772947000037],[46.83742248000004,24.55598339000005],[46.83741338600004,24.555989217000047],[46.83742754600007,24.556007702000045],[46.83740935700007,24.556019356000036],[46.83739116800007,24.556031012000062],[46.83737700900008,24.556012528000053],[46.837367914000026,24.55601835600004],[46.83703950800003,24.556228798000063],[46.83669998400006,24.55644636200003],[46.83692653000003,24.556742111000062],[46.83718139600006,24.557074828000054],[46.837250134000044,24.557085896000046],[46.837549238000065,24.55689423000007],[46.83790492800006,24.556666304000032],[46.83826061800005,24.556438378000053],[46.83861630600006,24.556210449000048]]]}},{"type":"Feature","properties":{"plan_no":"2705/5","plan_id":"2620","block_no":"3","parcel_count":20,"parcel_numbers":["12","13","14","15","16","17","18","19","1922","1923","1924","1925","1926","1927","1928","1929","1930","1931","20","21"],"geometry_source":"Riyadh Geoportal public parcel layers","geometry_method":"Union of parcel polygons with the Geoportal Geometry Server"},"geometry":{"type":"Polygon","coordinates":[[[46.833571670000026,24.559442537000052],[46.833895074000054,24.559235385000022],[46.834218478000025,24.55902823300005],[46.834541880000074,24.55882108000003],[46.83486528100008,24.558613926000078],[46.835188681000034,24.55840677200007],[46.83547165500005,24.558225512000035],[46.83548375700008,24.55816264400005],[46.83522889300008,24.557829924000032],[46.835002349000035,24.557534172000032],[46.83467898600003,24.557741372000066],[46.83438290700008,24.55793108900008],[46.83437381200008,24.557936917000063],[46.83438797000008,24.557955401000072],[46.83436978200007,24.557967056000052],[46.834351593000065,24.557978711000032],[46.83433743300003,24.557960226000034],[46.83432833900008,24.557966054000076],[46.834032258000036,24.55815577000004],[46.83370889200006,24.55836296800004],[46.83341281000003,24.558552684000063],[46.83340371500003,24.558558511000058],[46.83341787400008,24.558576996000056],[46.83339968400003,24.558588651000036],[46.833381495000026,24.558600306000073],[46.83336733600004,24.558581822000065],[46.83335824200003,24.55858764800007],[46.833062158000075,24.558777363000047],[46.83276607400006,24.558967077000034],[46.83275697900007,24.558972905000076],[46.832771138000055,24.558991389000028],[46.83275294800006,24.559003043000075],[46.83273475900006,24.559014698000055],[46.83272059900003,24.558996213000057],[46.83271150500008,24.559002041000042],[46.83241541900003,24.55919175400004],[46.83211933100006,24.559381467000037],[46.83211023700005,24.559387294000032],[46.83212439600004,24.55940577900003],[46.83210620700004,24.55941743300008],[46.832088017000046,24.55942908800006],[46.83207385800006,24.55941060400005],[46.83206476300006,24.559416431000045],[46.83172825300005,24.55963204300008],[46.83195443900007,24.559927334000065],[46.831954479000046,24.559927387000073],[46.83220965400005,24.560260525000047],[46.83227754100005,24.560271458000045],[46.83260145100007,24.560063987000035],[46.83292485800007,24.55985683800003],[46.833248265000066,24.559649687000046],[46.833571670000026,24.559442537000052]]]}},{"type":"Feature","properties":{"plan_no":"2705/5","plan_id":"2620","block_no":"4","parcel_count":17,"parcel_numbers":["1913","1914","1915","1916","1917","1918","1919","1920","1921","22","23","24","25","26","27","28","29"],"geometry_source":"Riyadh Geoportal public parcel layers","geometry_method":"Union of parcel polygons with the Geoportal Geometry Server"},"geometry":{"type":"Polygon","coordinates":[[[46.83142908900004,24.560814900000025],[46.83175250100004,24.560607752000067],[46.832036025000036,24.560426152000048],[46.83204796800004,24.560364122000067],[46.83179273400003,24.560030909000034],[46.83156656700004,24.559735639000053],[46.831243193000034,24.559942832000047],[46.83108150500004,24.560046428000078],[46.83091981800004,24.56015002500004],[46.830623727000045,24.56033973500007],[46.83061463100006,24.560345562000066],[46.83062878900006,24.560364048000054],[46.83061059900007,24.560375702000044],[46.830592409000076,24.560387356000035],[46.83057825100008,24.560368872000026],[46.83056915600008,24.560374698000032],[46.83027306400004,24.56056440800006],[46.829976971000065,24.560754117000045],[46.82996787600007,24.56075994500003],[46.82998203500006,24.560778430000028],[46.829963844000076,24.560790084000075],[46.82994565400003,24.560801739000055],[46.82993149500004,24.560783254000057],[46.82992240100003,24.560789081000053],[46.82962630700007,24.560978789000046],[46.829302925000036,24.561185979000072],[46.82906039000005,24.561341370000036],[46.82881057700007,24.56150142300004],[46.82903643700007,24.561796300000026],[46.829319611000074,24.562166002000026],[46.82981201600006,24.561850626000023],[46.830135434000056,24.561643482000022],[46.83045884900008,24.561436337000032],[46.83078226400005,24.56122919200004],[46.83110567700004,24.561022046000062],[46.83142908900004,24.560814900000025]]]}},{"type":"Feature","properties":{"plan_no":"2705/5","plan_id":"2620","block_no":"5","parcel_count":23,"parcel_numbers":["1820","1821","1844","1845","1909","1910","1911","1912","312","313","314","315","33","34","35","36","37","38","39","40","41","42","43"],"geometry_source":"Riyadh Geoportal public parcel layers","geometry_method":"Union of parcel polygons with the Geoportal Geometry Server"},"geometry":{"type":"Polygon","coordinates":[[[46.82432291500004,24.56536819200005],[46.82465437900004,24.565155805000074],[46.824985842000046,24.564943417000052],[46.82531730300008,24.56473102900003],[46.82564876300006,24.564518640000074],[46.825980222000055,24.564306251000062],[46.82631168000006,24.56409386000007],[46.82664313600003,24.563881469000023],[46.82693463700008,24.563694680000026],[46.82694660400006,24.563632538000036],[46.82670274700007,24.56331416000006],[46.82652184800003,24.56307797900007],[46.826217658000076,24.56327286000004],[46.82620856200003,24.563278687000036],[46.82622272100008,24.563297173000024],[46.82620453000004,24.56330882700007],[46.82618633900006,24.563320481000062],[46.82617218100006,24.563301996000064],[46.826163087000054,24.56330782200007],[46.82585889500007,24.56350270300004],[46.82555470300008,24.563697584000067],[46.82554560800003,24.563703411000063],[46.825559766000026,24.56372189600006],[46.825541575000045,24.56373355000005],[46.825523384000064,24.563745204000043],[46.825509226000065,24.563726719000044],[46.82550013000008,24.56373254600004],[46.825195937000046,24.563927426000078],[46.82486445700005,24.564139785000066],[46.82453297500007,24.564352145000043],[46.82422877800008,24.564547023000046],[46.824219682000034,24.56455285000004],[46.82423384000003,24.564571337000075],[46.82421564900005,24.564582990000076],[46.824197457000025,24.564594643000078],[46.82418330000007,24.56457615900007],[46.82417420400003,24.564581985000075],[46.82387000700004,24.56477686200003],[46.823538522000035,24.56498922000003],[46.823234323000065,24.565184096000053],[46.82322522800007,24.565189923000048],[46.82323938500008,24.565208409000036],[46.82322119500003,24.565220063000027],[46.82320300300006,24.565231717000074],[46.82318884500006,24.56521323000004],[46.823179749000076,24.565219057000036],[46.82294831400003,24.565367319000075],[46.82269265200006,24.565531099000054],[46.822699467000064,24.56562439100003],[46.82292827300006,24.565732699000023],[46.82335953000006,24.565936839000074],[46.82344344300003,24.565931712000065],[46.82365998600005,24.565792964000025],[46.82399145200003,24.565580578000038],[46.82432291500004,24.56536819200005]]]}},{"type":"Feature","properties":{"plan_no":"2705/5","plan_id":"2620","block_no":"6","parcel_count":10,"parcel_numbers":["45","46","47","48","49","50","51","52","53","54"],"geometry_source":"Riyadh Geoportal public parcel layers","geometry_method":"Union of parcel polygons with the Geoportal Geometry Server"},"geometry":{"type":"Polygon","coordinates":[[[46.82226448400007,24.56663833600004],[46.82170712800007,24.566374503000077],[46.82169726700005,24.566369835000046],[46.82168592000005,24.566389877000063],[46.821666195000034,24.56638054000007],[46.821646470000076,24.566371203000074],[46.82165781700007,24.566351160000067],[46.82164795400007,24.566346492000037],[46.821326878000036,24.566194503000077],[46.82097621500003,24.566028508000045],[46.82065514000004,24.56587651800004],[46.82064527800003,24.565871850000065],[46.82063393000004,24.565891892000025],[46.82061420600007,24.56588255500003],[46.82059448200005,24.565873217000046],[46.820605827000065,24.56585317500003],[46.82059596600004,24.565848506000066],[46.82027489200004,24.56569651500007],[46.81992423200006,24.56553051800006],[46.81960315900005,24.565378526000075],[46.81959329800003,24.565373857000054],[46.81958195100003,24.56539390000006],[46.81956222600007,24.565384562000077],[46.81954250200005,24.56537522600007],[46.819553849000044,24.565355182000076],[46.81954398500005,24.565350514000045],[46.81922291300003,24.565198520000024],[46.81899499000008,24.565090621000024],[46.81887225600008,24.565032520000045],[46.81846900100004,24.56484161900005],[46.818196672000056,24.56532263300005],[46.818238948000044,24.56544430200006],[46.81855454000004,24.565593704000037],[46.81890519900003,24.565759705000062],[46.819255858000076,24.56592570400005],[46.81960651900005,24.56609170400003],[46.81995718100006,24.56625770200003],[46.82030784300008,24.56642370000003],[46.82065850600003,24.56658969600005],[46.82071011200003,24.566614125000058],[46.82085843900006,24.566686823000055],[46.82100472700006,24.566763540000068],[46.82117334800006,24.566858482000043],[46.82133880300006,24.56695883900005],[46.82146292200008,24.567039098000066],[46.82158498600006,24.567122450000056],[46.82226789100008,24.566684982000027],[46.82226448400007,24.56663833600004]]]}},{"type":"Feature","properties":{"plan_no":"2705/5","plan_id":"2620","block_no":"7","parcel_count":7,"parcel_numbers":["55","56","57","58","59","60","61"],"geometry_source":"Riyadh Geoportal public parcel layers","geometry_method":"Union of parcel polygons with the Geoportal Geometry Server"},"geometry":{"type":"Polygon","coordinates":[[[46.81829367300003,24.56475861800004],[46.817884941000045,24.564565121000044],[46.81787507800004,24.56456045300007],[46.817863731000045,24.56458049500003],[46.817844007000076,24.564571157000046],[46.81782428300005,24.564561819000062],[46.81783563000005,24.564541777000045],[46.817825767000045,24.564537108000025],[46.81750470000003,24.564385111000036],[46.81718363300007,24.564233113000057],[46.81717377100006,24.564228444000037],[46.81716242400006,24.564248486000054],[46.81714270000003,24.56423914900006],[46.817122976000064,24.564229811000075],[46.81713432300006,24.56420976800007],[46.81712446100005,24.564205100000038],[46.81680339500008,24.56405310100007],[46.81648232900005,24.563901101000056],[46.81647246700004,24.563896432000035],[46.81646112000004,24.563916475000042],[46.81644139500003,24.563907137000058],[46.81642167200005,24.563897799000074],[46.816433019000044,24.563877756000068],[46.81642315700003,24.563873087000047],[46.81610209300004,24.563721087000033],[46.81609074600004,24.56374112900005],[46.81605129900004,24.563722452000036],[46.816062646000034,24.56370240900003],[46.81566378100007,24.563513577000037],[46.81539144300007,24.563994587000025],[46.81543371600003,24.564116257000023],[46.81578436400008,24.564282269000046],[46.81613501900006,24.56444827400003],[46.816485671000066,24.564614280000058],[46.816836325000054,24.56478028600003],[46.81718698000003,24.56494629200006],[46.817537635000065,24.565112296000052],[46.81788829100003,24.565278300000045],[46.818021343000055,24.565239632000043],[46.81829367300003,24.56475861800004]]]}},{"type":"Feature","properties":{"plan_no":"2705/5","plan_id":"2620","block_no":"8","parcel_count":6,"parcel_numbers":["1891","62","63","64","65","66"],"geometry_source":"Riyadh Geoportal public parcel layers","geometry_method":"Union of parcel polygons with the Geoportal Geometry Server"},"geometry":{"type":"Polygon","coordinates":[[[46.81507894100008,24.562337789000026],[46.81508915400008,24.562319751000075],[46.81511106800008,24.56233012900003],[46.81511617600006,24.56232110800005],[46.815282413000034,24.562027494000063],[46.81546397000005,24.56170682100003],[46.815635314000076,24.561404184000025],[46.815613400000075,24.56139380700006],[46.81562361200008,24.56137576900005],[46.81563382400003,24.561357731000044],[46.81565573800003,24.561368109000057],[46.815827080000076,24.561065475000078],[46.81601582400003,24.560732103000078],[46.81557755000006,24.560524543000042],[46.815388806000044,24.560857914000053],[46.81520725100006,24.56117858700003],[46.81502569400004,24.561499260000062],[46.81484413600003,24.56181993200005],[46.814662578000025,24.562140604000035],[46.81448101900003,24.562461277000068],[46.814919297000074,24.56266884000007],[46.81508553800006,24.562375221000025],[46.81509064200003,24.562366204000057],[46.81506872800003,24.562355826000044],[46.81507894100008,24.562337789000026]]]}},{"type":"Feature","properties":{"plan_no":"2705/5","plan_id":"2620","block_no":"9","parcel_count":12,"parcel_numbers":["67","68","69","70","71","72","73","74","75","76","77","78"],"geometry_source":"Riyadh Geoportal public parcel layers","geometry_method":"Union of parcel polygons with the Geoportal Geometry Server"},"geometry":{"type":"Polygon","coordinates":[[[46.81670932000003,24.55945810000003],[46.816719533000025,24.559440060000043],[46.81674144700003,24.559450439000045],[46.816746555000066,24.559441416000027],[46.816912785000056,24.55914780100005],[46.817094334000046,24.55882712700003],[46.817260556000065,24.558533503000035],[46.81726566100008,24.558524486000067],[46.81724374700008,24.558514111000022],[46.81725395900003,24.55849607300007],[46.81726417100003,24.558478034000075],[46.81728608600008,24.558488410000052],[46.817291193000074,24.55847938900007],[46.81745742900006,24.558185778000052],[46.81763897500008,24.55786510300004],[46.81780520500007,24.557571481000025],[46.81781030900004,24.557562466000036],[46.817788395000036,24.557552091000048],[46.81779860600005,24.55753405200005],[46.81780881900005,24.557516014000043],[46.81783073300005,24.55752638900003],[46.81783584100003,24.55751736800005],[46.818002066000076,24.557223752000027],[46.81818361000006,24.556903076000026],[46.81834983600004,24.556609455000057],[46.81834988400004,24.55660947800004],[46.81835498800007,24.556600462000063],[46.818333074000066,24.556590087000075],[46.818343285000026,24.556572048000078],[46.81835349800008,24.55655401000007],[46.81837541200008,24.556564386000048],[46.81838051900007,24.55655536300003],[46.81838047200006,24.556555341000035],[46.81857390400006,24.55621366200006],[46.81822329100004,24.556047619000026],[46.818090254000026,24.556086277000077],[46.817926861000046,24.556374894000044],[46.81774531700006,24.556695570000045],[46.81756377200003,24.557016245000057],[46.81738222700005,24.55733692000007],[46.81720068100003,24.557657595000023],[46.81701913400008,24.557978270000035],[46.81683758600008,24.558298944000057],[46.816656038000076,24.558619618000023],[46.81647448800004,24.558940293000035],[46.81629293700007,24.559260967000057],[46.816111386000046,24.559581640000033],[46.815986045000045,24.559803028000033],[46.81602831200007,24.55992470800004],[46.81637892900005,24.560090755000033],[46.81654968400005,24.55978915000003],[46.81671591800006,24.55949553000005],[46.81672102400006,24.559486511000046],[46.81669910900007,24.559476135000068],[46.81670932000003,24.55945810000003]]]}},{"type":"Feature","properties":{"plan_no":"2705/5","plan_id":"2620","block_no":"10","parcel_count":12,"parcel_numbers":["81","82","83","84","85","86","87","88","89","90","91","92"],"geometry_source":"Riyadh Geoportal public parcel layers","geometry_method":"Union of parcel polygons with the Geoportal Geometry Server"},"geometry":{"type":"Polygon","coordinates":[[[46.81986193600005,24.554282017000048],[46.81987214700007,24.55426397900004],[46.81989406100007,24.554274355000075],[46.819899167000074,24.55426533600007],[46.82006538400003,24.553971715000046],[46.820231602000035,24.553678094000077],[46.82023670600006,24.553669077000052],[46.82021479300005,24.553658702000064],[46.820225004000065,24.553640664000056],[46.820235214000036,24.55362262600005],[46.82025712800004,24.553633000000048],[46.82026223500003,24.553623980000054],[46.820428451000055,24.553330360000075],[46.820609983000054,24.553009682000038],[46.82077619800003,24.552716060000023],[46.820781304000036,24.552707041000076],[46.820759390000035,24.55269666600003],[46.82076960100005,24.552678628000024],[46.82077981100008,24.552660590000073],[46.82080172600007,24.55267096500006],[46.82080683000004,24.552661947000047],[46.82097304500007,24.55236832500003],[46.82115457500004,24.55204764700005],[46.82132078700005,24.551754025000037],[46.82132589300005,24.551745006000033],[46.82130397900005,24.551734632000034],[46.821314190000066,24.551716593000037],[46.82132440000004,24.55169855500003],[46.82134631400004,24.551708930000075],[46.82135141900005,24.55169991100007],[46.82151763100006,24.551406289000056],[46.821653781000066,24.551165772000047],[46.82169916000004,24.551085611000076],[46.82190905700003,24.55071482900007],[46.82192607200005,24.55068476400004],[46.82140013700007,24.550435766000078],[46.821267101000046,24.55047443600006],[46.82108557300006,24.550795115000028],[46.82090404600007,24.551115793000065],[46.820722517000036,24.551436472000034],[46.82054098700007,24.55175715000007],[46.82035945600006,24.552077827000062],[46.82017792400006,24.55239850600003],[46.819996392000064,24.55271918300008],[46.819814859000076,24.55303986000007],[46.81963332400005,24.55336053700006],[46.81945178900003,24.55368121500004],[46.81927025400006,24.55400189100004],[46.81908871700006,24.554322568000032],[46.81913098900003,24.55444423700004],[46.819656931000054,24.554693240000063],[46.81986853300003,24.554319451000026],[46.819873639000036,24.554310431000033],[46.819851724000046,24.554300056000045],[46.81986193600005,24.554282017000048]]]}},{"type":"Feature","properties":{"plan_no":"2705/5","plan_id":"2620","block_no":"11","parcel_count":3,"parcel_numbers":["93","94","95"],"geometry_source":"Riyadh Geoportal public parcel layers","geometry_method":"Union of parcel polygons with the Geoportal Geometry Server"},"geometry":{"type":"Polygon","coordinates":[[[46.822122196000066,24.54999487300006],[46.82213240600004,24.549976834000063],[46.82215432000004,24.54998720900005],[46.82215942400006,24.549978190000047],[46.82228022100003,24.549764723000067],[46.82232559200003,24.549684549000062],[46.82253883000004,24.549307726000052],[46.82214438800003,24.549120982000034],[46.82201136500004,24.549159658000065],[46.821843502000036,24.54945630800006],[46.82166202800005,24.54977701100006],[46.82147147900008,24.550113749000047],[46.82151376500008,24.55023542400005],[46.82190818400005,24.55042215800006],[46.82212879700006,24.55003230600005],[46.82213390100003,24.550023287000045],[46.822111988000074,24.550012912000057],[46.822122196000066,24.54999487300006]]]}},{"type":"Feature","properties":{"plan_no":"2705/5","plan_id":"2620","block_no":"12","parcel_count":9,"parcel_numbers":["100","101","102","103","104","96","97","98","99"],"geometry_source":"Riyadh Geoportal public parcel layers","geometry_method":"Union of parcel polygons with the Geoportal Geometry Server"},"geometry":{"type":"Polygon","coordinates":[[[46.82311612600006,24.54833708900003],[46.82312633500004,24.548319050000032],[46.82314824800005,24.54832942400003],[46.82315335200008,24.548320405000027],[46.82331951500004,24.548026763000053],[46.82350099100006,24.547706063000078],[46.82366715200004,24.547412420000057],[46.823672256000066,24.547403401000054],[46.823650342000064,24.547393025000076],[46.823660551000046,24.547374986000023],[46.82367076000003,24.547356947000026],[46.82369267300004,24.54736732200007],[46.82369777800005,24.547358302000077],[46.823863939000034,24.547064659000057],[46.82404541100004,24.546743958000036],[46.824211569000056,24.546450315000072],[46.82421667400007,24.546441295000022],[46.82419476000007,24.546430920000034],[46.82420496900005,24.546412881000037],[46.82421517800003,24.54639484200004],[46.82423709200003,24.54640521700003],[46.82424219600006,24.546396197000035],[46.82440835400007,24.546102554000072],[46.82464426400003,24.545685641000034],[46.824206322000066,24.54547830200005],[46.824073250000026,24.545516983000027],[46.82388267300007,24.545853677000025],[46.82370115800006,24.54617435800003],[46.823519642000065,24.546495039000035],[46.82333812600007,24.54681572000004],[46.82315660900008,24.547136400000056],[46.82297509000006,24.547457080000072],[46.822793571000034,24.547777761000077],[46.82261205100008,24.548098440000047],[46.822392550000075,24.54848621800005],[46.82239268400008,24.548486281000066],[46.82291847600004,24.548735211000064],[46.822918592000065,24.54873526600005],[46.82291883200003,24.548734843000034],[46.823122727000055,24.548374522000074],[46.82312783100008,24.54836550300007],[46.82310591700008,24.548355128000026],[46.82311612600006,24.54833708900003]]]}},{"type":"Feature","properties":{"plan_no":"2705/5","plan_id":"2620","block_no":"13","parcel_count":12,"parcel_numbers":["105","106","107","108","109","110","111","112","113","114","115","116"],"geometry_source":"Riyadh Geoportal public parcel layers","geometry_method":"Union of parcel polygons with the Geoportal Geometry Server"},"geometry":{"type":"Polygon","coordinates":[[[46.83139048100003,24.54765948800008],[46.83141089500003,24.54762340800005],[46.831432808000045,24.54763378100006],[46.83144301500005,24.547615742000062],[46.83163921100004,24.547268974000076],[46.83159691900005,24.54714730300003],[46.83133395400006,24.547022823000077],[46.83098333500004,24.54685684900005],[46.83063271700007,24.546690873000045],[46.830282099000044,24.54652489700004],[46.82993148200006,24.546358920000046],[46.82958086600007,24.54619294300005],[46.82923025200006,24.546026964000077],[46.828879638000046,24.545860984000058],[46.828529024000034,24.54569500300005],[46.82817841200006,24.54552902200004],[46.82782780100007,24.54536303900005],[46.82747719100007,24.545197056000063],[46.827477154000064,24.545197121000058],[46.82720499800007,24.545678114000054],[46.82755560900006,24.545844098000032],[46.827876641000046,24.54599607700004],[46.827886500000034,24.546000744000025],[46.82789784100004,24.54598069900004],[46.82791756300003,24.545990036000035],[46.827937285000075,24.54599937200004],[46.82792594400007,24.546019417000025],[46.827935807000074,24.546024086000045],[46.82825683500005,24.546176063000075],[46.82860744900006,24.546342044000028],[46.82892848300003,24.546494021000058],[46.82893834200007,24.546498687000053],[46.82894968200003,24.546478643000057],[46.828969405000066,24.54648798000005],[46.828989128000046,24.546497316000057],[46.82897778600005,24.546517360000053],[46.828987649000055,24.546522029000073],[46.829308680000054,24.546674003000078],[46.829659297000035,24.54683998200005],[46.83000991500006,24.547005959000046],[46.830330952000054,24.54715793300005],[46.83034081100004,24.547162600000036],[46.830352152000046,24.54714255600004],[46.830371875000026,24.547151892000045],[46.83039159700007,24.54716122900004],[46.83038025600007,24.547181273000035],[46.83039011900007,24.547185942000056],[46.83071115300004,24.547337911000056],[46.83075330200006,24.54735786400005],[46.831061774000034,24.54750388700006],[46.83137952300007,24.547654300000033],[46.83139048100003,24.54765948800008]]]}},{"type":"Feature","properties":{"plan_no":"2705/5","plan_id":"2620","block_no":"14","parcel_count":8,"parcel_numbers":["117","118","119","120","121","122","123","124"],"geometry_source":"Riyadh Geoportal public parcel layers","geometry_method":"Union of parcel polygons with the Geoportal Geometry Server"},"geometry":{"type":"Polygon","coordinates":[[[46.83457722500003,24.54855804600004],[46.83431425400005,24.548433570000043],[46.83396362700006,24.548267604000046],[46.83361300100006,24.54810163600007],[46.83326237600005,24.547935667000047],[46.83291175200003,24.547769697000035],[46.832561129000055,24.547603727000023],[46.83221050600008,24.547437755000033],[46.831947540000044,24.547313276000068],[46.83181452200006,24.54735196100006],[46.83158770500006,24.547752848000073],[46.831938328000035,24.547918821000053],[46.83225937000003,24.548070790000054],[46.832269229000076,24.54807545700004],[46.83228057100007,24.548055413000043],[46.83230029300006,24.548064749000048],[46.83232001500005,24.548074085000053],[46.832308675000036,24.54809412900005],[46.83231853700005,24.54809879800007],[46.832639576000076,24.548250764000045],[46.83299020100003,24.548416734000057],[46.83331124500006,24.54856870100008],[46.83332110500004,24.548573368000064],[46.83333244500005,24.548553324000068],[46.83335216800003,24.548562660000073],[46.83337189100007,24.54857199500003],[46.833360551000055,24.548592040000074],[46.83337041300007,24.548596708000048],[46.833691454000075,24.548748671000055],[46.833866767000075,24.548831655000072],[46.83404208200005,24.54891463900003],[46.83439271000003,24.549080606000075],[46.83461952000005,24.54867971500005],[46.83457722500003,24.54855804600004]]]}},{"type":"Feature","properties":{"plan_no":"2705/5","plan_id":"2620","block_no":"15","parcel_count":9,"parcel_numbers":["125","126","127","128","129","130","131","132","133"],"geometry_source":"Riyadh Geoportal public parcel layers","geometry_method":"Union of parcel polygons with the Geoportal Geometry Server"},"geometry":{"type":"Polygon","coordinates":[[[46.83799588800008,24.55017617200008],[46.837732911000046,24.550051703000065],[46.83738227600003,24.54988574500004],[46.83703164100007,24.549719786000026],[46.83668100700004,24.549553825000032],[46.836330375000045,24.54938786400004],[46.83597974300005,24.549221902000056],[46.83562911200005,24.549055939000027],[46.835278482000035,24.548889975000066],[46.834997979000036,24.548757204000026],[46.83486496000006,24.548795891000054],[46.834638152000025,24.549196782000024],[46.83497672800007,24.549357042000054],[46.83498658900004,24.549361710000028],[46.83499793000004,24.549341665000043],[46.83501765300008,24.54935100000006],[46.83503737600006,24.549360336000063],[46.835026035000055,24.54938038100005],[46.83503589800006,24.549385049000023],[46.83535694500006,24.54953701000005],[46.83567799200006,24.549688970000034],[46.83568785400007,24.549693638000065],[46.835699195000075,24.54967359400007],[46.835718917000065,24.549682929000028],[46.835738640000045,24.549692265000033],[46.83572730000003,24.54971230900003],[46.835737161000054,24.54971697700006],[46.83605820900004,24.549868936000053],[46.83640884300007,24.550034898000035],[46.83672989200005,24.55018685600004],[46.836739754000064,24.55019152400007],[46.83675109400008,24.550171479000028],[46.83677081800005,24.550180815000033],[46.83679054100003,24.55019014900006],[46.83677920100007,24.550210194000044],[46.836789063000026,24.550214862000075],[46.83711011300005,24.550366818000043],[46.837285431000055,24.550449798000045],[46.83746075000005,24.550532777000058],[46.837811387000045,24.550698736000072],[46.83803818800004,24.55029784000004],[46.83799588800008,24.55017617200008]]]}},{"type":"Feature","properties":{"plan_no":"2705/5","plan_id":"2620","block_no":"16","parcel_count":8,"parcel_numbers":["134","135","136","137","138","139","140","141"],"geometry_source":"Riyadh Geoportal public parcel layers","geometry_method":"Union of parcel polygons with the Geoportal Geometry Server"},"geometry":{"type":"Polygon","coordinates":[[[46.84100222700005,24.55220891500005],[46.84127402100006,24.551728466000043],[46.84080077700003,24.551504212000054],[46.84045022600003,24.55133809800003],[46.84009967700007,24.551171982000028],[46.839924403000055,24.551088924000055],[46.839749082000026,24.551005948000068],[46.83939844100007,24.550839994000057],[46.83904780100005,24.550674040000047],[46.83869716300006,24.550508085000047],[46.83834652500008,24.550342129000057],[46.838213506000045,24.550380819000054],[46.83798670600004,24.55078171400004],[46.83839541900005,24.55097515800003],[46.838405280000075,24.55097982500007],[46.83841662100008,24.550959780000028],[46.83843634400006,24.550969115000044],[46.83845606800003,24.55097845000006],[46.83844472700008,24.550998495000044],[46.838454590000026,24.551003163000075],[46.838775644000066,24.551155116000075],[46.83909670000003,24.551307069000075],[46.83910656200004,24.55131173600006],[46.839117902000055,24.551291692000063],[46.839137625000035,24.551301027000022],[46.83915734800007,24.551310362000038],[46.839146009000046,24.551330406000034],[46.83915587000007,24.551335074000065],[46.83947692600003,24.55148702500003],[46.83982756800003,24.55165297900004],[46.84014862600003,24.55180492900007],[46.84015848800004,24.551809596000055],[46.84016982800006,24.55178955200006],[46.84018955200003,24.55179888600003],[46.84020927500006,24.551808220000055],[46.84019793600004,24.55182826600003],[46.84020779800005,24.55183293300007],[46.84052885600005,24.551984883000046],[46.84100222700005,24.55220891500005]]]}},{"type":"Feature","properties":{"plan_no":"2705/5","plan_id":"2620","block_no":"17","parcel_count":23,"parcel_numbers":["142","143","144","145","146","147","148","149","150","151","152","153","154","155","156","157","158","159","160","161","162","163","44"],"geometry_source":"Riyadh Geoportal public parcel layers","geometry_method":"Union of parcel polygons with the Geoportal Geometry Server"},"geometry":{"type":"Polygon","coordinates":[[[46.82248082400008,24.56580552500003],[46.82221782600004,24.565681031000054],[46.82195482900005,24.56555653600003],[46.821691833000045,24.565432041000065],[46.82142883700004,24.565307545000053],[46.82116584100004,24.56518304900004],[46.82090284600008,24.56505855300003],[46.820639852000056,24.564934055000037],[46.82037685800003,24.564809557000046],[46.82011386500005,24.564685059000055],[46.819850872000075,24.564560561000064],[46.819587883000054,24.564436063000073],[46.81941994700003,24.564732690000028],[46.819306478000044,24.564933113000052],[46.81934875500008,24.56505478100007],[46.81952408400008,24.565137781000033],[46.81978707700006,24.565262279000024],[46.82005007300006,24.56538677800006],[46.82031306700003,24.565511276000052],[46.82057606300003,24.565635774000043],[46.820809471000075,24.56574626500003],[46.82081933300003,24.56575093400005],[46.82083067900004,24.565730891000044],[46.820850404000055,24.565740229000028],[46.82087012900007,24.565749566000022],[46.82085878200007,24.56576960800004],[46.820868646000065,24.56577427700006],[46.82110205400005,24.565884767000057],[46.82136505200003,24.56600926400006],[46.821628049000026,24.566133759000024],[46.821891047000065,24.566258255000037],[46.82215404500005,24.56638274900007],[46.82244699300003,24.566521420000072],[46.82253125200003,24.566516272000058],[46.82310742800007,24.566147168000043],[46.82310402100006,24.566100523000046],[46.82248082400008,24.56580552500003]]]}},{"type":"Feature","properties":{"plan_no":"2705/5","plan_id":"2620","block_no":"18","parcel_count":14,"parcel_numbers":["164","165","166","167","168","169","170","171","172","173","174","175","176","177"],"geometry_source":"Riyadh Geoportal public parcel layers","geometry_method":"Union of parcel polygons with the Geoportal Geometry Server"},"geometry":{"type":"Polygon","coordinates":[[[46.81638818300007,24.562921276000054],[46.81608136500006,24.562776029000077],[46.81591342300004,24.563072652000074],[46.81575455900003,24.563353241000073],[46.81606138500007,24.563498485000025],[46.816368211000054,24.563643728000045],[46.81667503700004,24.563788971000065],[46.81698186400007,24.56393421300004],[46.817288692000034,24.564079454000023],[46.81759552200003,24.564224695000064],[46.81785851800004,24.56434918700006],[46.818017326000074,24.564068684000063],[46.818185295000035,24.563772001000075],[46.817922302000056,24.563647506000052],[46.81761547600007,24.563502261000053],[46.817308652000065,24.563357016000055],[46.81700182800006,24.563211769000077],[46.81669500600003,24.563066523000032],[46.81638818300007,24.562921276000054]]]}},{"type":"Feature","properties":{"plan_no":"2705/5","plan_id":"2620","block_no":"19","parcel_count":12,"parcel_numbers":["178","179","180","181","182","183","184","185","186","187","188","189"],"geometry_source":"Riyadh Geoportal public parcel layers","geometry_method":"Union of parcel polygons with the Geoportal Geometry Server"},"geometry":{"type":"Polygon","coordinates":[[[46.816363323000076,24.56109999800003],[46.816188012000055,24.56101697500003],[46.81605496900005,24.561055631000045],[46.81594603600007,24.561248035000062],[46.815791714000056,24.561520608000023],[46.81563739200004,24.56179318100004],[46.81548307000003,24.562065752000024],[46.815328746000034,24.562338324000052],[46.81520354400004,24.562559461000035],[46.81524581100007,24.56268114200003],[46.815324632000056,24.56271847000005],[46.81542112300008,24.562764165000033],[46.81570162300005,24.562897004000035],[46.815872213000034,24.562595699000042],[46.81602653600004,24.562323126000024],[46.81618085700006,24.562050554000052],[46.81633517800003,24.561777981000034],[46.816489499000056,24.561505408000073],[46.816643819000035,24.561232835000055],[46.816363323000076,24.56109999800003]]]}},{"type":"Feature","properties":{"plan_no":"2705/5","plan_id":"2620","block_no":"20","parcel_count":14,"parcel_numbers":["190","191","192","193","194","195","196","217","218","219","220","221","222","223"],"geometry_source":"Riyadh Geoportal public parcel layers","geometry_method":"Union of parcel polygons with the Geoportal Geometry Server"},"geometry":{"type":"Polygon","coordinates":[[[46.81731512500005,24.56236389000003],[46.81705214100003,24.562239386000044],[46.81678915600003,24.56211488100007],[46.81652617100008,24.56199037700003],[46.81638263000008,24.562243909000074],[46.816377524000075,24.562252928000078],[46.816399439000065,24.562263303000066],[46.81638922700006,24.562281342000063],[46.81637901400006,24.56229938000007],[46.81635709900007,24.562289004000036],[46.81635199200008,24.56229802400003],[46.81620845000003,24.562551556000074],[46.81647143600003,24.562676061000047],[46.81673442200008,24.562800567000068],[46.81699740800008,24.562925071000052],[46.81726039500006,24.563049575000036],[46.81752338300004,24.56317407800003],[46.81778637100007,24.563298582000073],[46.81804935400004,24.563423081000053],[46.81820821700006,24.563142492000054],[46.81836708000003,24.562861905000034],[46.81810408500007,24.562737398000024],[46.81784109800003,24.562612896000076],[46.817578111000046,24.562488393000024],[46.81731512500005,24.56236389000003]]]}},{"type":"Feature","properties":{"plan_no":"2705/5","plan_id":"2620","block_no":"21","parcel_count":18,"parcel_numbers":["197","198","199","200","201","202","203","204","205","206","207","208","209","210","211","212","213","214"],"geometry_source":"Riyadh Geoportal public parcel layers","geometry_method":"Union of parcel polygons with the Geoportal Geometry Server"},"geometry":{"type":"Polygon","coordinates":[[[46.818770321000045,24.563052803000062],[46.818489801000055,24.562920001000066],[46.818330942000046,24.563200593000033],[46.818172082000046,24.563481182000032],[46.818452609000076,24.563613987000053],[46.818733131000045,24.56374678800006],[46.81901365400006,24.563879589000067],[46.819294178000064,24.564012389000027],[46.81957470100008,24.564145188000055],[46.81985522600007,24.564277987000025],[46.820135752000056,24.564410786000053],[46.82041627700005,24.564543584000035],[46.820723103000034,24.56468883100007],[46.82088195500006,24.564408237000066],[46.82104080700003,24.564127643000063],[46.820733982000036,24.56398239600003],[46.82045345800003,24.563849599000037],[46.82017293300004,24.563716801000055],[46.81989241000008,24.563584003000074],[46.819611887000065,24.563451204000046],[46.81933136500004,24.56331840400003],[46.81905084300007,24.56318560400007],[46.818770321000045,24.563052803000062]]]}},{"type":"Feature","properties":{"plan_no":"2705/5","plan_id":"2620","block_no":"22","parcel_count":18,"parcel_numbers":["215","216","244","245","246","247","248","249","250","251","252","253","254","255","256","257","258","259"],"geometry_source":"Riyadh Geoportal public parcel layers","geometry_method":"Union of parcel polygons with the Geoportal Geometry Server"},"geometry":{"type":"Polygon","coordinates":[[[46.819224191000046,24.562251110000034],[46.818943673000035,24.562118309000027],[46.818762124000045,24.562438987000064],[46.81858057200003,24.56275966800007],[46.818861096000035,24.56289246500006],[46.81914161600008,24.56302526500008],[46.81942213800005,24.56315806500004],[46.819702661000065,24.563290865000056],[46.81998318300003,24.563423663000037],[46.82026370700004,24.563556462000065],[46.82054423000005,24.563689260000046],[46.82082475500005,24.56382205700004],[46.82113157900005,24.563967303000027],[46.82131312000007,24.563646623000068],[46.82146289500008,24.563382064000052],[46.82143330100007,24.563296895000065],[46.82118784200003,24.563180698000053],[46.82090731900007,24.56304790300004],[46.820626796000056,24.56291510500006],[46.82034627500008,24.562782307000077],[46.82006575200006,24.56264950900004],[46.819785231000026,24.562516710000068],[46.819504711000036,24.56238391000005],[46.819224191000046,24.562251110000034]]]}},{"type":"Feature","properties":{"plan_no":"2705/5","plan_id":"2620","block_no":"23","parcel_count":8,"parcel_numbers":["240","241","242","243","264","265","266","267"],"geometry_source":"Riyadh Geoportal public parcel layers","geometry_method":"Union of parcel polygons with the Geoportal Geometry Server"},"geometry":{"type":"Polygon","coordinates":[[[46.81803198800003,24.561686705000056],[46.81768134200007,24.561520701000063],[46.817499791000046,24.561841376000075],[46.81731824000008,24.56216205100003],[46.81766888800007,24.562328055000023],[46.81793187400007,24.562452558000075],[46.81819486100005,24.56257706100007],[46.81845784800004,24.56270156200003],[46.81863939700003,24.562380886000028],[46.818803925000054,24.562090273000024],[46.81880959800003,24.562080252000044],[46.81877015100008,24.562061576000076],[46.81878149800008,24.56204153400006],[46.81876177400005,24.562032196000075],[46.81855795900003,24.561935708000078],[46.818294973000036,24.561811207000062],[46.81803198800003,24.561686705000056]]]}},{"type":"Feature","properties":{"plan_no":"2705/5","plan_id":"2620","block_no":"24","parcel_count":16,"parcel_numbers":["224","225","226","227","228","229","230","231","232","233","234","235","236","237","238","239"],"geometry_source":"Riyadh Geoportal public parcel layers","geometry_method":"Union of parcel polygons with the Geoportal Geometry Server"},"geometry":{"type":"Polygon","coordinates":[[[46.81801461900005,24.559950325000045],[46.81775162400004,24.559825815000067],[46.81759277200007,24.560106406000045],[46.81745661200006,24.560346914000036],[46.81732045100006,24.560587420000047],[46.81718429000006,24.560827928000037],[46.81704812800007,24.56106843500004],[46.81691196600008,24.56130894100005],[46.81677580500008,24.56154944800005],[46.816616948000046,24.561830040000075],[46.81687993200006,24.56195454400006],[46.81714291700007,24.562079048000044],[46.817301773000054,24.561798457000066],[46.817437935000044,24.561557950000065],[46.817574096000044,24.561317443000064],[46.817710257000044,24.561076935000074],[46.817846417000055,24.560836428000073],[46.817982577000066,24.560595921000072],[46.818118739000056,24.56035541400007],[46.81827758800006,24.560074821000057],[46.81801461900005,24.559950325000045]]]}},{"type":"Feature","properties":{"plan_no":"2705/5","plan_id":"2620","block_no":"25","parcel_count":8,"parcel_numbers":["260","261","262","263","268","269","270","271"],"geometry_source":"Riyadh Geoportal public parcel layers","geometry_method":"Union of parcel polygons with the Geoportal Geometry Server"},"geometry":{"type":"Polygon","coordinates":[[[46.81841777900007,24.56100526800003],[46.818067134000046,24.560839265000027],[46.817930972000056,24.561079772000028],[46.81777211700006,24.561360363000063],[46.818122763000076,24.561526367000056],[46.81843834500006,24.561675769000033],[46.81875393000007,24.561825167000052],[46.819069511000066,24.561974571000064],[46.819228364000026,24.56169398000003],[46.81936452300005,24.56145347200004],[46.81904894100006,24.561304071000052],[46.81873336000007,24.561154670000064],[46.81841777900007,24.56100526800003]]]}},{"type":"Feature","properties":{"plan_no":"2705/5","plan_id":"2620","block_no":"26","parcel_count":18,"parcel_numbers":["273","274","275","276","277","278","279","280","281","282","283","284","285","286","287","288","289","290"],"geometry_source":"Riyadh Geoportal public parcel layers","geometry_method":"Union of parcel polygons with the Geoportal Geometry Server"},"geometry":{"type":"Polygon","coordinates":[[[46.819732704000046,24.561627771000076],[46.81946971800005,24.56150327200004],[46.81933355800004,24.56174378000003],[46.819174771000064,24.56202425500004],[46.81917470600007,24.562024370000074],[46.819437693000054,24.562148870000044],[46.81970068000004,24.562273369000025],[46.81996366900006,24.56239786900005],[46.82025295600005,24.562534817000028],[46.82054224400008,24.562671764000072],[46.820831533000046,24.56280871100006],[46.82112082200007,24.562945658000046],[46.821410111000034,24.563082603000055],[46.82170810800005,24.56322367300004],[46.82186694500007,24.562943075000078],[46.822003092000045,24.562702561000037],[46.82170511400005,24.56256150300004],[46.82141582600008,24.562424558000032],[46.821126537000055,24.562287611000045],[46.82083725000007,24.562150664000058],[46.82054796300008,24.56201371700007],[46.82025867700003,24.561876769000037],[46.81999569000004,24.561752270000056],[46.819732704000046,24.561627771000076]]]}},{"type":"Feature","properties":{"plan_no":"2705/5","plan_id":"2620","block_no":"27","parcel_count":8,"parcel_numbers":["272","291","292","293","294","295","296","297"],"geometry_source":"Riyadh Geoportal public parcel layers","geometry_method":"Union of parcel polygons with the Geoportal Geometry Server"},"geometry":{"type":"Polygon","coordinates":[[[46.81880362700008,24.56032372100003],[46.81845294900006,24.560157752000066],[46.81829406300005,24.560438417000057],[46.818157908000046,24.560678927000026],[46.818508543000064,24.560844945000042],[46.81882411600003,24.56099436100004],[46.81913969000004,24.561143775000062],[46.819455264000055,24.561293189000025],[46.81959142200003,24.561052682000025],[46.81975042900007,24.560771815000066],[46.819434827000066,24.56062245100003],[46.819119227000044,24.560473087000048],[46.81880362700008,24.56032372100003]]]}},{"type":"Feature","properties":{"plan_no":"2705/5","plan_id":"2620","block_no":"28","parcel_count":10,"parcel_numbers":["301","302","303","304","305","306","307","308","309","310"],"geometry_source":"Riyadh Geoportal public parcel layers","geometry_method":"Union of parcel polygons with the Geoportal Geometry Server"},"geometry":{"type":"Polygon","coordinates":[[[46.82015369800007,24.560962669000048],[46.819855629000074,24.56082160300008],[46.819696613000076,24.561102487000028],[46.81957747400003,24.561312930000042],[46.81957180100005,24.56132295200007],[46.81961124800006,24.561341628000037],[46.81959990200005,24.561361671000043],[46.819619626000076,24.561371008000037],[46.81985849800003,24.56148410700007],[46.82012147800003,24.561608617000047],[46.82038445900008,24.56173312800007],[46.82064743900003,24.56185763700006],[46.820910420000075,24.561982146000048],[46.82104657600007,24.56174163700007],[46.821205709000026,24.56146054100003],[46.82094270600004,24.561336074000053],[46.820679702000064,24.56121160600003],[46.82041670000007,24.561087137000072],[46.82015369800007,24.560962669000048]]]}},{"type":"Feature","properties":{"plan_no":"2705/5","plan_id":"2620","block_no":"29","parcel_count":23,"parcel_numbers":["316","317","318","319","320","321","322","323","324","325","326","327","328","329","330","331","332","333","334","335","336","337","338"],"geometry_source":"Riyadh Geoportal public parcel layers","geometry_method":"Union of parcel polygons with the Geoportal Geometry Server"},"geometry":{"type":"Polygon","coordinates":[[[46.82370389400006,24.562643619000028],[46.82346172200005,24.56252898300005],[46.823451860000034,24.56252431400003],[46.823440514000026,24.562544357000036],[46.82342079000006,24.56253502000004],[46.82340106500004,24.562525683000047],[46.82341241100005,24.56250564000004],[46.823402550000026,24.562500972000066],[46.82316037900006,24.562386335000042],[46.82288862200005,24.56225769100007],[46.82261686500004,24.56212904700004],[46.822345109000025,24.56200040300007],[46.822073354000054,24.561871758000052],[46.821801599000025,24.561743113000034],[46.821529844000054,24.561614467000027],[46.82125809100006,24.561485821000076],[46.82109924300005,24.561766415000022],[46.82096308600006,24.56200692400006],[46.821234841000035,24.562135571000056],[46.82150659600006,24.562264217000063],[46.82177835200008,24.56239286400006],[46.82205010800004,24.562521509000078],[46.82232186600004,24.56265015400004],[46.822593622000056,24.562778798000068],[46.82286538000005,24.56290744100005],[46.82313713800005,24.563036084000032],[46.823408898000025,24.56316472700007],[46.82368065700007,24.563293369000064],[46.82403285300006,24.563460086000077],[46.82430660600005,24.563284709000072],[46.82458556000006,24.56310600100005],[46.82458215200006,24.563059355000064],[46.824247412000034,24.562900902000024],[46.82397565300005,24.562772261000077],[46.82370389400006,24.562643619000028]]]}},{"type":"Feature","properties":{"plan_no":"2705/5","plan_id":"2620","block_no":"30","parcel_count":33,"parcel_numbers":["339","340","341","342","343","344","345","346","347","348","349","350","351","352","353","354","355","356","357","358","359","360","361","362","363","364","365","366","367","368","369","370","371"],"geometry_source":"Riyadh Geoportal public parcel layers","geometry_method":"Union of parcel polygons with the Geoportal Geometry Server"},"geometry":{"type":"Polygon","coordinates":[[[46.823403014000064,24.564828032000037],[46.823421205000045,24.564816377000056],[46.823435363000044,24.564834862000055],[46.82344445900003,24.56482903500006],[46.82365972100007,24.564691132000064],[46.823902271000065,24.564535748000026],[46.82414482000007,24.564380364000044],[46.82438736800003,24.564224979000073],[46.82462991600005,24.564069595000035],[46.82487246300008,24.563914210000064],[46.82511501000005,24.563758825000036],[46.82535755600003,24.563603439000076],[46.82560010000003,24.56344805300006],[46.82584264500008,24.563292666000052],[46.82608519000007,24.563137279000046],[46.82640858100007,24.56293009600006],[46.826238680000074,24.562708272000066],[46.82604046300003,24.56244947700003],[46.82571707200003,24.562656659000027],[46.82547452800003,24.562812045000044],[46.82523198500007,24.56296743100006],[46.82498944000008,24.563122817000078],[46.82474689400004,24.56327820200005],[46.82450434800006,24.563433587000077],[46.824261801000034,24.56358897100006],[46.82401925400006,24.56374435500004],[46.82377670500006,24.563899740000068],[46.823561443000074,24.564037643000063],[46.82355234900007,24.56404346900007],[46.823566507000066,24.564061955000057],[46.82354831600003,24.564073608000058],[46.82353012400006,24.56408526100006],[46.82351596600006,24.56406677600006],[46.823506870000074,24.564072603000056],[46.823291608000034,24.56421050600005],[46.82304905800004,24.564365888000054],[46.82280650800004,24.564521270000057],[46.82256395700006,24.56467665200006],[46.822321405000025,24.564832034000062],[46.82207885300005,24.564987415000076],[46.82183949400007,24.56514075000007],[46.82184528500005,24.56522004800007],[46.82211707600004,24.565348707000055],[46.82241391000008,24.56548921900003],[46.82268951700007,24.565312663000043],[46.822932069000046,24.56515728000005],[46.82317462100008,24.56500189700006],[46.823389889000055,24.564863998000078],[46.823398981000025,24.564858172000072],[46.82338482500006,24.564839688000063],[46.823403014000064,24.564828032000037]]]}},{"type":"Feature","properties":{"plan_no":"2705/5","plan_id":"2620","block_no":"31","parcel_count":20,"parcel_numbers":["372","373","374","375","376","377","378","379","380","381","382","383","384","385","386","387","388","389","390","391"],"geometry_source":"Riyadh Geoportal public parcel layers","geometry_method":"Union of parcel polygons with the Geoportal Geometry Server"},"geometry":{"type":"Polygon","coordinates":[[[46.82234296200005,24.560944062000033],[46.822079975000065,24.560819567000067],[46.82190381500004,24.56113074600006],[46.821699584000044,24.561491511000042],[46.821962572000075,24.561616008000044],[46.82222555900006,24.561740505000046],[46.82248854800008,24.561865001000058],[46.82276906900006,24.56199779600007],[46.82304959000004,24.562130590000038],[46.82333011400004,24.562263381000037],[46.82361063800005,24.56239617400007],[46.82389116100006,24.56252896500007],[46.824171688000035,24.562661754000032],[46.82445221300003,24.56279454500003],[46.82465643900008,24.562433777000024],[46.82483259400004,24.562122590000058],[46.82455207100003,24.56198980100004],[46.82427154700008,24.56185701100003],[46.823991024000065,24.56172422000003],[46.82371050200004,24.561591429000032],[46.823429979000025,24.561458637000044],[46.823149457000056,24.561325845000056],[46.82286893700007,24.561193051000032],[46.822605949000035,24.561068557000056],[46.82234296200005,24.560944062000033]]]}},{"type":"Feature","properties":{"plan_no":"2705/5","plan_id":"2620","block_no":"32","parcel_count":18,"parcel_numbers":["392","393","394","395","396","397","398","399","400","401","402","403","404","405","406","407","408","409"],"geometry_source":"Riyadh Geoportal public parcel layers","geometry_method":"Union of parcel polygons with the Geoportal Geometry Server"},"geometry":{"type":"Polygon","coordinates":[[[46.82277742500003,24.560196062000045],[46.82250567400007,24.560067418000074],[46.822324138000056,24.560388098000033],[46.82217067100004,24.56065919300005],[46.82244242400003,24.560787837000078],[46.82271417700008,24.56091648100005],[46.82300346300008,24.56105342500007],[46.823292750000064,24.56119036700005],[46.82358203800004,24.561327309000035],[46.823871326000074,24.561464251000075],[46.82416061500004,24.56160119200007],[46.82444990400006,24.561738132000073],[46.82471289500006,24.561862622000035],[46.824845941000035,24.56182394900003],[46.824954020000064,24.56163302300007],[46.82511595500006,24.56134695800006],[46.825037198000075,24.561290444000065],[46.82495562300005,24.561238080000066],[46.82487144800007,24.56119000600006],[46.824784898000075,24.561146353000026],[46.82449561000004,24.56100941300008],[46.824206322000066,24.560872473000074],[46.82391703500008,24.560735532000024],[46.82362774900008,24.56059859000004],[46.82333846300003,24.560461648000057],[46.82304917700003,24.560324705000028],[46.82277742500003,24.560196062000045]]]}},{"type":"Feature","properties":{"plan_no":"2705/5","plan_id":"2620","block_no":"33","parcel_count":6,"parcel_numbers":["410","411","412","413","414","415"],"geometry_source":"Riyadh Geoportal public parcel layers","geometry_method":"Union of parcel polygons with the Geoportal Geometry Server"},"geometry":{"type":"Polygon","coordinates":[[[46.82205111900004,24.55985223400006],[46.82177191900007,24.559720062000054],[46.821622182000056,24.55998463800006],[46.82147244400005,24.560249213000077],[46.82132269900006,24.56051378500007],[46.821601919000045,24.560645967000028],[46.82188112000006,24.560778139000035],[46.822030863000066,24.560513566000054],[46.822180607000064,24.560248994000062],[46.82233035000007,24.559984421000024],[46.82205111900004,24.55985223400006]]]}},{"type":"Feature","properties":{"plan_no":"2705/5","plan_id":"2620","block_no":"34","parcel_count":22,"parcel_numbers":["416","417","418","419","420","421","422","423","424","425","426","427","428","429","430","431","432","433","434","435","436","437"],"geometry_source":"Riyadh Geoportal public parcel layers","geometry_method":"Union of parcel polygons with the Geoportal Geometry Server"},"geometry":{"type":"Polygon","coordinates":[[[46.81854099800006,24.559144183000058],[46.818222820000074,24.558993549000036],[46.818046657000025,24.55930472600005],[46.81784242200007,24.559665488000064],[46.818160609000074,24.55981608700006],[46.81842360600007,24.559940563000055],[46.81868660200007,24.56006503800006],[46.81894960000005,24.56018951300007],[46.819212597000046,24.56031398700003],[46.819475596000075,24.560438462000036],[46.81973859400006,24.560562935000064],[46.820001594000075,24.560687408000035],[46.82026459300005,24.560811880000074],[46.820527594000055,24.560936352000056],[46.82079061200005,24.561060832000067],[46.82099483500008,24.56070006400006],[46.82117082100007,24.560389178000037],[46.82090783600006,24.560264680000046],[46.820644852000044,24.560140183000044],[46.82038186900007,24.560015685000053],[46.820118886000046,24.559891186000073],[46.819855903000075,24.559766686000046],[46.81959292200003,24.559642187000065],[46.819329940000046,24.55951768700004],[46.819066959000054,24.559393186000023],[46.81880397800006,24.559268685000063],[46.81854099800006,24.559144183000058]]]}},{"type":"Feature","properties":{"plan_no":"2705/5","plan_id":"2620","block_no":"35","parcel_count":22,"parcel_numbers":["438","439","440","441","442","443","444","445","446","447","448","449","450","451","452","453","454","455","456","457","458","459"],"geometry_source":"Riyadh Geoportal public parcel layers","geometry_method":"Union of parcel polygons with the Geoportal Geometry Server"},"geometry":{"type":"Polygon","coordinates":[[[46.82155276600008,24.559616316000074],[46.821333614000025,24.55951256800006],[46.821070631000055,24.559388072000047],[46.82080764800003,24.559263574000056],[46.820544667000036,24.559139076000065],[46.820281685000054,24.559014577000028],[46.82001870400006,24.558890078000047],[46.81975572400006,24.558765579000067],[46.81949274400006,24.55864107800005],[46.819229765000046,24.558516578000024],[46.81896678600003,24.558392078000054],[46.818648609000036,24.558241443000043],[46.81846706500005,24.558562120000033],[46.81831359300003,24.558833210000046],[46.81863177000008,24.558983844000068],[46.81889475000003,24.559108346000073],[46.81915773000003,24.559232847000033],[46.81942071100008,24.55935734800005],[46.81968369300006,24.559481848000075],[46.81991708900006,24.55959234200003],[46.81992695100007,24.55959701100005],[46.81993829800007,24.559576968000044],[46.81995802100005,24.55958630600003],[46.819977745000074,24.559595643000023],[46.819966399000066,24.55961568600003],[46.81997626000003,24.55962035400006],[46.82020965700008,24.559730847000026],[46.82047264000005,24.559855346000063],[46.820735623000076,24.559979844000054],[46.820998607000035,24.560104342000045],[46.82126159000006,24.560228839000047],[46.82141505900006,24.559957745000077],[46.82157390500004,24.559677150000027],[46.82155276600008,24.559616316000074]]]}},{"type":"Feature","properties":{"plan_no":"2705/5","plan_id":"2620","block_no":"36","parcel_count":32,"parcel_numbers":["460","461","462","463","464","465","466","467","468","469","470","471","472","473","474","475","476","477","478","479","480","481","482","483","484","485","486","487","488","489","490","491"],"geometry_source":"Riyadh Geoportal public parcel layers","geometry_method":"Union of parcel polygons with the Geoportal Geometry Server"},"geometry":{"type":"Polygon","coordinates":[[[46.81820343000004,24.558477968000034],[46.81833958400006,24.558237459000054],[46.81847573700003,24.557996950000074],[46.81861189000006,24.557756441000038],[46.81874804300003,24.557515932000058],[46.818884196000056,24.557275422000032],[46.81902034700005,24.557034912000063],[46.81915649800004,24.556794403000026],[46.819292648000044,24.556553893000057],[46.819012212000075,24.556421125000043],[46.818749240000045,24.556296625000073],[46.81861308300006,24.556537131000027],[46.81847692800005,24.556777639000074],[46.81834077100007,24.557018146000075],[46.818204613000034,24.55725865200003],[46.81806845500006,24.55749915900003],[46.81793229600004,24.55773966600003],[46.81779613800006,24.557980172000043],[46.81767529700005,24.558193622000033],[46.81767019100005,24.558202641000037],[46.81769210600004,24.558213016000025],[46.81768189400003,24.55823105500008],[46.817671682000025,24.55824909200004],[46.817649767000034,24.55823871700005],[46.81764466100003,24.558247736000055],[46.81752381900003,24.558461185000056],[46.817387659000076,24.558701691000067],[46.81725149700003,24.558942198000068],[46.81711533600003,24.559182704000023],[46.81697917500003,24.559423209000045],[46.81684301200005,24.559663715000056],[46.81670684900007,24.559904221000068],[46.81655423800004,24.560173778000035],[46.81681720200004,24.560298313000033],[46.817097698000055,24.560431149000067],[46.817250338000065,24.560161529000027],[46.81738649700003,24.559921021000036],[46.81752265400007,24.559680512000057],[46.81765880900008,24.559440003000077],[46.817794965000076,24.55919949400004],[46.81793112100007,24.55895898600005],[46.81806727600008,24.55871847700007],[46.81820343000004,24.558477968000034]]]}},{"type":"Feature","properties":{"plan_no":"2705/5","plan_id":"2620","block_no":"37","parcel_count":26,"parcel_numbers":["492","493","494","495","496","497","498","499","500","501","502","503","504","505","506","507","508","509","510","511","512","513","514","515","516","517"],"geometry_source":"Riyadh Geoportal public parcel layers","geometry_method":"Union of parcel polygons with the Geoportal Geometry Server"},"geometry":{"type":"Polygon","coordinates":[[[46.823326638000026,24.55979529900003],[46.823485479000055,24.559514703000048],[46.82317866300008,24.559369461000074],[46.82291567900006,24.55924496700004],[46.822652695000045,24.559120473000064],[46.822389712000074,24.558995977000052],[46.822126730000036,24.55887148200003],[46.821863747000066,24.558746987000063],[46.821600766000074,24.55862249000006],[46.821337784000036,24.55849799300006],[46.82107480500008,24.55837349600006],[46.82081182500008,24.558248999000057],[46.820548845000076,24.558124501000066],[46.82028586600006,24.55800000200003],[46.82002288700005,24.557875503000048],[46.81986403900004,24.558156095000072],[46.819682499000066,24.55847677400004],[46.81994547800008,24.55860127300008],[46.82020845900007,24.55872577300005],[46.82047143900007,24.55885027100004],[46.820734420000065,24.558974770000077],[46.820997402000046,24.55909926700008],[46.82126038400003,24.559223764000023],[46.821523367000054,24.559348260000036],[46.821786350000025,24.559472757000037],[46.82201974700007,24.559583247000035],[46.82202961000007,24.559587916000055],[46.82204095600008,24.55956787300005],[46.82206068000005,24.559577210000043],[46.82208040300003,24.559586547000038],[46.82206905700008,24.559606590000044],[46.822078919000035,24.559611259000064],[46.82231231800006,24.55972174900006],[46.822575303000065,24.559846243000038],[46.82283828700008,24.55997073700007],[46.82314510400005,24.560115980000035],[46.823326638000026,24.55979529900003]]]}},{"type":"Feature","properties":{"plan_no":"2705/5","plan_id":"2620","block_no":"38","parcel_count":26,"parcel_numbers":["518","519","520","521","522","523","524","525","526","527","528","529","530","531","532","533","534","535","536","537","538","539","540","541","542","543"],"geometry_source":"Riyadh Geoportal public parcel layers","geometry_method":"Union of parcel polygons with the Geoportal Geometry Server"},"geometry":{"type":"Polygon","coordinates":[[[46.823351357000035,24.558475332000057],[46.823088375000054,24.558350838000024],[46.82282539300007,24.558226345000037],[46.82256241200008,24.55810185000007],[46.82229943100003,24.557977355000048],[46.82203645000004,24.557852860000025],[46.82177347000004,24.557728363000024],[46.821510491000026,24.55760386700007],[46.82124751200007,24.557479369000077],[46.82098453400005,24.557354872000076],[46.82072155600008,24.557230375000074],[46.820458528000074,24.557105852000063],[46.82028609300005,24.55741050900008],[46.820113656000046,24.557715164000058],[46.82037663500006,24.55783966300004],[46.82063961400007,24.557964162000076],[46.82090259300003,24.558088660000067],[46.82116557300003,24.558213158000058],[46.82142855300003,24.55833765400007],[46.82166194900003,24.558448145000057],[46.821671811000044,24.55845281300003],[46.82168315700005,24.55843277200006],[46.82170288000003,24.558442109000055],[46.82172260400006,24.55845144600005],[46.82171125800005,24.558471489000055],[46.821721119000074,24.558476158000076],[46.82195451500007,24.558586647000027],[46.82221749800004,24.55871114300004],[46.822480479000035,24.558835638000062],[46.82274346200006,24.55896013200004],[46.82300644500003,24.55908462600007],[46.82326942900005,24.559209120000048],[46.82357624500003,24.55935436200008],[46.82374870000007,24.559049714000025],[46.823921160000054,24.558745069000054],[46.82361434000006,24.558599825000044],[46.823351357000035,24.558475332000057]]]}},{"type":"Feature","properties":{"plan_no":"2705/5","plan_id":"2620","block_no":"39","parcel_count":10,"parcel_numbers":["544","545","546","547","548","549","550","551","552","553"],"geometry_source":"Riyadh Geoportal public parcel layers","geometry_method":"Union of parcel polygons with the Geoportal Geometry Server"},"geometry":{"type":"Polygon","coordinates":[[[46.82435947700003,24.558952524000063],[46.82409650900007,24.55882800300003],[46.82396032500003,24.55906857100007],[46.82380149000005,24.55934916900003],[46.82364264900008,24.559629766000057],[46.82348380800005,24.55991036200004],[46.823320428000045,24.56019897500005],[46.82358341500003,24.560323469000025],[46.82384640200007,24.560447961000023],[46.82400978100003,24.560159347000024],[46.82416862100007,24.559878751000042],[46.82432746000006,24.55959815400007],[46.82448629600003,24.559317555000064],[46.82462244800007,24.559077045000038],[46.82435947700003,24.558952524000063]]]}},{"type":"Feature","properties":{"plan_no":"2705/5","plan_id":"2620","block_no":"40","parcel_count":19,"parcel_numbers":["554","555","556","557","558","559","560","561","562","563","564","565","566","567","568","569","570","571","572"],"geometry_source":"Riyadh Geoportal public parcel layers","geometry_method":"Union of parcel polygons with the Geoportal Geometry Server"},"geometry":{"type":"Polygon","coordinates":[[[46.825238616000036,24.56034459500006],[46.825180646000035,24.560317154000074],[46.82517078300003,24.560312484000065],[46.82515943800007,24.56033252700007],[46.825139713000056,24.560323190000076],[46.82511998900003,24.560313853000025],[46.82513133500004,24.560293811000065],[46.82512147400007,24.560289143000034],[46.82488807200008,24.56017865800004],[46.82462508500004,24.56005416800008],[46.82436209800005,24.559929676000024],[46.82420325800007,24.560210274000042],[46.82402172600007,24.560530955000047],[46.82428471400004,24.560655447000045],[46.824547703000064,24.560779938000053],[46.82481069200003,24.56090442900006],[46.824898328000074,24.56094591300007],[46.82498471800005,24.560989190000043],[46.82506908000005,24.56103630100006],[46.82515838000006,24.561091824000073],[46.825244756000075,24.561151794000068],[46.82532798700004,24.56121605800007],[46.82540488700005,24.561281829000052],[46.825478376000035,24.561351391000073],[46.825548267000045,24.561424567000074],[46.825601375000076,24.561485597000058],[46.82565190200006,24.561548781000056],[46.82573288400005,24.561654514000054],[46.82593109900006,24.561913310000023],[46.82612931500006,24.562172106000048],[46.82615963200004,24.562152682000033],[46.826452704000076,24.561964923000062],[46.826735668000026,24.561783637000076],[46.826537451000036,24.56152484300003],[46.82633923600008,24.56126604700006],[46.82625825500003,24.56116031700003],[46.82619200800008,24.561077368000042],[46.82612246800005,24.56099715700003],[46.82605374000008,24.560923841000033],[46.825982331000034,24.560853133000023],[46.82590834000007,24.560785132000035],[46.82583454300004,24.560722058000067],[46.82575858900003,24.56066159900007],[46.82568056900004,24.560603830000048],[46.82560026300007,24.560548554000036],[46.82551811600007,24.560496052000076],[46.82543422600003,24.560446384000045],[46.82533738300003,24.56039364000003],[46.825238616000036,24.56034459500006]]]}},{"type":"Feature","properties":{"plan_no":"2705/5","plan_id":"2620","block_no":"41","parcel_count":30,"parcel_numbers":["1890","32","573","574","575","576","577","578","579","580","581","582","583","584","585","586","587","588","589","590","591","592","593","594","595","596","597","598","599","600"],"geometry_source":"Riyadh Geoportal public parcel layers","geometry_method":"Union of parcel polygons with the Geoportal Geometry Server"},"geometry":{"type":"Polygon","coordinates":[[[46.82853120800007,24.562617326000066],[46.828106449000074,24.562062771000058],[46.827936547000036,24.561840950000033],[46.82776664600004,24.56161912700003],[46.82759674400006,24.56139730500007],[46.827445957000066,24.561200437000025],[46.82743958700007,24.561192119000054],[46.827419375000034,24.56120506900004],[46.82740663300007,24.56118843200005],[46.82739389000005,24.561171795000064],[46.827414101000045,24.56115884600007],[46.82740773000006,24.561150527000052],[46.827256944000055,24.560953659000063],[46.82708704400005,24.56073183600006],[46.82691822700008,24.560511425000072],[46.82690864500006,24.560498993000067],[46.82682284600003,24.560393818000023],[46.82673200900007,24.560292962000062],[46.82663635000006,24.56019666700007],[46.82653929300005,24.560107807000065],[46.82643830600006,24.560023442000045],[46.82633359500005,24.559943744000066],[46.82622537700007,24.55986887800003],[46.82611326700004,24.559798440000066],[46.82599817600004,24.55973298600003],[46.82588032600006,24.559672644000045],[46.825853970000026,24.55966001200005],[46.82558672700003,24.559533508000072],[46.825323740000044,24.559409018000053],[46.82506075400005,24.559284528000035],[46.82479777100008,24.559160039000062],[46.824634391000075,24.55944865200007],[46.82445286300003,24.559769335000055],[46.824715850000075,24.559893826000064],[46.82497883700006,24.560018316000026],[46.825241824000045,24.560142806000044],[46.82533026800007,24.560184673000037],[46.825431801000036,24.56023500200007],[46.82553143700005,24.560288988000025],[46.825623292000046,24.560343061000026],[46.82571320300008,24.560400310000034],[46.82580105900007,24.56046066500005],[46.82588768900007,24.560524831000066],[46.825971931000026,24.560592101000054],[46.826053675000026,24.560662387000036],[46.82613470200005,24.560737491000054],[46.82621278900007,24.560815647000027],[46.82628782200004,24.560896739000043],[46.82635505400003,24.56097513900005],[46.826419359000056,24.561055957000065],[46.82647261200003,24.561125486000037],[46.826642511000045,24.56134731000003],[46.82681241000006,24.561569133000035],[46.82698231100005,24.561790957000028],[46.827152212000044,24.562012779000042],[46.82732211300004,24.562234603000036],[46.827492016000065,24.56245642600004],[46.827512228000046,24.562443476000055],[46.82753771400007,24.56247675000003],[46.827517502000035,24.562489699000025],[46.82753024400006,24.562506335000023],[46.82791677400007,24.563010981000048],[46.82798551500008,24.563022053000054],[46.82826847800004,24.562840764000043],[46.828519103000076,24.56268019500004],[46.82853120800007,24.562617326000066]]]}},{"type":"Feature","properties":{"plan_no":"2705/5","plan_id":"2620","block_no":"42","parcel_count":20,"parcel_numbers":["601","602","603","604","605","606","607","608","609","610","611","612","613","614","615","616","617","618","619","620"],"geometry_source":"Riyadh Geoportal public parcel layers","geometry_method":"Union of parcel polygons with the Geoportal Geometry Server"},"geometry":{"type":"Polygon","coordinates":[[[46.828488314000026,24.561459890000037],[46.828506504000075,24.561448235000057],[46.828520662000074,24.561466720000055],[46.82852983200007,24.561460845000056],[46.82878543000004,24.561297084000046],[46.82902796600007,24.561141692000035],[46.82927050300003,24.560986300000025],[46.82951303700003,24.56083090900006],[46.82975557200007,24.56067551700005],[46.82999810600006,24.56052012400005],[46.830240640000056,24.56036473100005],[46.830523595000045,24.56018343900007],[46.83076612600007,24.560028045000024],[46.83077823000008,24.55996517600005],[46.830655758000034,24.559805281000024],[46.83064938700005,24.559796963000053],[46.83062917600006,24.559809913000038],[46.830616433000046,24.55979327600005],[46.83060369000003,24.559776640000052],[46.830623900000035,24.559763690000068],[46.83061753000004,24.55975537300003],[46.83046674000008,24.559558508000066],[46.83018378700007,24.559739800000045],[46.82990083300007,24.559921091000035],[46.82965830000006,24.560076484000035],[46.82941576700006,24.560231876000046],[46.82917323200007,24.560387268000056],[46.82893069700003,24.560542659000077],[46.82868816100006,24.560698050000042],[46.82847291000007,24.560835960000077],[46.82846381600007,24.560841786000026],[46.82847655900008,24.56085842300007],[46.828477975000055,24.560860271000024],[46.828459784000074,24.56087192500007],[46.828441594000026,24.560883580000052],[46.82844017800005,24.56088173200004],[46.82842743500004,24.560865095000054],[46.82841834000004,24.56087092200005],[46.828162666000026,24.561034729000028],[46.82782311300008,24.561252275000072],[46.82799301400007,24.56147409700003],[46.82816291700004,24.561695919000044],[46.828475264000076,24.561495809000064],[46.82848428300008,24.561490030000073],[46.82847012500008,24.561471546000064],[46.828488314000026,24.561459890000037]]]}},{"type":"Feature","properties":{"plan_no":"2705/5","plan_id":"2620","block_no":"43","parcel_count":13,"parcel_numbers":["621","622","623","624","625","626","627","628","629","630","631","632","633"],"geometry_source":"Riyadh Geoportal public parcel layers","geometry_method":"Union of parcel polygons with the Geoportal Geometry Server"},"geometry":{"type":"Polygon","coordinates":[[[46.82685707100006,24.559257563000074],[46.82676622500003,24.559198654000056],[46.82661611200007,24.559432911000044],[46.826443641000026,24.559702058000028],[46.82654410600003,24.559774310000023],[46.82664168400004,24.559850415000028],[46.82673622800007,24.559930259000055],[46.82681408700006,24.56000105000004],[46.82688949300007,24.560074451000048],[46.82696235700007,24.560150374000045],[46.82705543900005,24.560255565000034],[46.82714351200008,24.560364985000035],[46.82714459600004,24.560366396000063],[46.82731341300007,24.56058680700005],[46.82748331300007,24.560808629000064],[46.82768153000006,24.561067423000054],[46.827940236000074,24.560901674000036],[46.82818277300004,24.56074628500005],[46.82798455500006,24.56048749200005],[46.827814655000054,24.560265670000035],[46.82764475600004,24.56004384700003],[46.82751495900004,24.559874382000032],[46.82747417100006,24.559822465000025],[46.82741068800004,24.559746550000057],[46.82734450400005,24.559672979000027],[46.827275705000034,24.559601846000078],[46.82719723200006,24.55952655300007],[46.827115914000046,24.55945434100005],[46.82703187100003,24.559385319000057],[46.826945660000035,24.559319814000048],[46.82685707100006,24.559257563000074]]]}},{"type":"Feature","properties":{"plan_no":"2705/5","plan_id":"2620","block_no":"44","parcel_count":14,"parcel_numbers":["634","635","636","637","638","639","640","641","642","643","644","645","646","647"],"geometry_source":"Riyadh Geoportal public parcel layers","geometry_method":"Union of parcel polygons with the Geoportal Geometry Server"},"geometry":{"type":"Polygon","coordinates":[[[46.82853015500007,24.55986236800004],[46.82837937000005,24.55966550100004],[46.82837299800008,24.55965718400006],[46.82835278700003,24.559670132000065],[46.82834004400007,24.559653495000077],[46.82832730300004,24.55963686000007],[46.82834751400003,24.559623910000028],[46.828341142000056,24.559615592000057],[46.82820214100008,24.559434112000076],[46.828117460000044,24.55932793000005],[46.82803073400004,24.559227389000057],[46.82794029900003,24.55913017100005],[46.82784628200005,24.55903641200007],[46.82774914600003,24.558946427000024],[46.827648803000045,24.55886003200004],[46.827545385000064,24.55877734300003],[46.82743042900006,24.558692230000077],[46.82731231500003,24.558611555000027],[46.827191216000074,24.558535437000046],[46.827016265000054,24.558808456000065],[46.82686626000003,24.559042546000057],[46.82695692000004,24.559100641000043],[46.827045515000066,24.559161838000023],[46.827131939000026,24.559226065000075],[46.82721771400003,24.55929464600007],[46.827300939000054,24.559366302000058],[46.827381503000026,24.559440937000034],[46.82745947900003,24.55951870100006],[46.82753448500006,24.55959933400004],[46.82760641600004,24.559682722000048],[46.82767664900007,24.559770788000037],[46.827834763000055,24.55997722500007],[46.82800466200007,24.560199047000026],[46.82817456300006,24.56042086900004],[46.828344464000054,24.560642691000055],[46.82858700000003,24.560487301000023],[46.82886995800004,24.560306011000023],[46.82870005700005,24.560084190000055],[46.82853015500007,24.55986236800004]]]}},{"type":"Feature","properties":{"plan_no":"2705/5","plan_id":"2620","block_no":"45","parcel_count":8,"parcel_numbers":["648","649","650","651","652","653","654","655"],"geometry_source":"Riyadh Geoportal public parcel layers","geometry_method":"Union of parcel polygons with the Geoportal Geometry Server"},"geometry":{"type":"Polygon","coordinates":[[[46.82628192300007,24.55959734000004],[46.82647637500003,24.55929389100004],[46.82665130300006,24.559020910000072],[46.82682623000005,24.558747930000038],[46.82702351900008,24.55844005000006],[46.826937574000056,24.55839535800004],[46.82685053900008,24.558352826000032],[46.82669648000007,24.55827990000006],[46.826380898000025,24.558130515000073],[46.826199417000055,24.55845122000005],[46.82604062100006,24.55873183600005],[46.82588182400008,24.559012452000047],[46.82571395200006,24.559309103000032],[46.82598100900003,24.559435519000033],[46.82599987400005,24.55944427600008],[46.82601750200007,24.55941450800003],[46.826046190000056,24.55942871900004],[46.826076089000026,24.559443529000077],[46.82605846100006,24.559473297000068],[46.82628192300007,24.55959734000004]]]}},{"type":"Feature","properties":{"plan_no":"2705/5","plan_id":"2620","block_no":"46","parcel_count":12,"parcel_numbers":["656","657","658","659","660","661","662","663","664","665","666","667"],"geometry_source":"Riyadh Geoportal public parcel layers","geometry_method":"Union of parcel polygons with the Geoportal Geometry Server"},"geometry":{"type":"Polygon","coordinates":[[[46.82296209500004,24.55737616700003],[46.822664049000025,24.55723507500005],[46.82252793200007,24.55747560100008],[46.82238274000008,24.557732161000047],[46.82268071800007,24.55787322300006],[46.82296123100008,24.55800601800007],[46.823241745000075,24.55813881100005],[46.82352225900007,24.558271604000026],[46.82380277400006,24.55840439600007],[46.82410433000007,24.55854714900005],[46.82412134800006,24.558517085000062],[46.824249552000026,24.558290602000056],[46.82436867100006,24.558080145000076],[46.82438566500008,24.55805007500004],[46.82408414500003,24.557907340000042],[46.82380363000004,24.557774547000065],[46.823523118000026,24.55764175400003],[46.823242606000065,24.557508960000064],[46.82296209500004,24.55737616700003]]]}},{"type":"Feature","properties":{"plan_no":"2705/5","plan_id":"2620","block_no":"47","parcel_count":24,"parcel_numbers":["668","669","670","671","672","673","674","675","676","677","678","679","680","681","682","683","684","685","686","687","688","689","690","691"],"geometry_source":"Riyadh Geoportal public parcel layers","geometry_method":"Union of parcel polygons with the Geoportal Geometry Server"},"geometry":{"type":"Polygon","coordinates":[[[46.82331278000004,24.55667812200005],[46.82304980200007,24.556553629000064],[46.82289096300008,24.556834224000056],[46.822754814000064,24.55707473500007],[46.823017794000066,24.557199230000037],[46.82328077300008,24.557323723000025],[46.82354375400007,24.557448217000058],[46.82380673500006,24.557572710000045],[46.824069716000054,24.557697202000043],[46.824332698000035,24.55782169300005],[46.82459568000007,24.55794618500005],[46.824858662000054,24.558070676000057],[46.82512164600007,24.558195167000065],[46.82538463000003,24.558319656000037],[46.82564761300006,24.558444145000067],[46.82591059900005,24.55856863500003],[46.826046742000074,24.558328122000034],[46.82620557600006,24.558047523000027],[46.82594259200005,24.557923034000055],[46.82567960800003,24.557798545000026],[46.82541662500006,24.557674056000053],[46.82515364300008,24.557549566000034],[46.82489066100004,24.557425075000026],[46.82462767900006,24.557300585000064],[46.82436469800007,24.557176093000066],[46.824101718000065,24.55705160100007],[46.82383873800006,24.556927108000025],[46.82357575900005,24.556802615000038],[46.82331278000004,24.55667812200005]]]}},{"type":"Feature","properties":{"plan_no":"2705/5","plan_id":"2620","block_no":"48","parcel_count":8,"parcel_numbers":["692","693","694","695","696","697","698","699"],"geometry_source":"Riyadh Geoportal public parcel layers","geometry_method":"Union of parcel polygons with the Geoportal Geometry Server"},"geometry":{"type":"Polygon","coordinates":[[[46.82251219800003,24.55706153400007],[46.822522409000044,24.557043496000063],[46.82254432500008,24.55705387100005],[46.82254943000004,24.557044852000047],[46.82269295300006,24.556791313000076],[46.82287448300008,24.55647063300006],[46.822611505000054,24.556346137000048],[46.82234852800008,24.556221642000025],[46.82216699700007,24.55654232200004],[46.82200815700003,24.556822918000023],[46.821849315000065,24.557103513000072],[46.82168139700008,24.557400141000073],[46.821944375000044,24.55752463700003],[46.822207356000035,24.55764913300004],[46.822375273000034,24.55735250400005],[46.822518796000054,24.55709896600007],[46.82252390100007,24.557089947000065],[46.82250198600008,24.557079573000067],[46.82251219800003,24.55706153400007]]]}},{"type":"Feature","properties":{"plan_no":"2705/5","plan_id":"2620","block_no":"49","parcel_count":21,"parcel_numbers":["700","701","702","703","704","705","706","707","708","709","710","711","712","713","714","715","716","717","718","719","79"],"geometry_source":"Riyadh Geoportal public parcel layers","geometry_method":"Union of parcel polygons with the Geoportal Geometry Server"},"geometry":{"type":"Polygon","coordinates":[[[46.81915770300003,24.555575101000045],[46.81863175800004,24.555326098000023],[46.81849871500003,24.555364766000025],[46.818308098000045,24.555701476000024],[46.818350370000076,24.555823146000023],[46.81887631800004,24.55607215200007],[46.81913929000007,24.55619665200004],[46.819402264000075,24.556321152000066],[46.819665239000074,24.556445653000026],[46.81992821500006,24.556570153000052],[46.82019119000006,24.556694653000022],[46.82045416600005,24.55681915200006],[46.82071714300008,24.55694365000005],[46.82098012000006,24.55706814900003],[46.821243098000025,24.557192646000033],[46.82150607800003,24.557317143000034],[46.821651304000056,24.557060600000057],[46.82178745400006,24.55682008900004],[46.821524477000025,24.55669559300003],[46.82126150000005,24.556571096000027],[46.82099852300007,24.556446598000036],[46.82073554700003,24.556322101000035],[46.82047257200003,24.556197601000065],[46.82020959700003,24.556073103000074],[46.81994662200003,24.555948603000047],[46.81968364900007,24.555824103000077],[46.81942067600005,24.55569960300005],[46.81915770300003,24.555575101000045]]]}},{"type":"Feature","properties":{"plan_no":"2705/5","plan_id":"2620","block_no":"50","parcel_count":21,"parcel_numbers":["720","721","722","723","724","725","726","727","728","729","730","731","732","733","734","735","736","737","738","739","80"],"geometry_source":"Riyadh Geoportal public parcel layers","geometry_method":"Union of parcel polygons with the Geoportal Geometry Server"},"geometry":{"type":"Polygon","coordinates":[[[46.82164725900003,24.555889653000065],[46.82138428300004,24.555765156000064],[46.821121308000045,24.555640658000073],[46.820858334000036,24.555516160000025],[46.82059536000003,24.555391662000034],[46.820332387000065,24.555267163000053],[46.820069414000045,24.555142664000073],[46.81980644200007,24.555018164000046],[46.81954347000004,24.55489366300003],[46.81901752700003,24.554644660000065],[46.81888448700005,24.554683329000056],[46.81868025500006,24.555044090000024],[46.818722527000034,24.555165760000023],[46.81924847100004,24.555414763000044],[46.81951144400006,24.55553926400006],[46.819774417000076,24.55566376400003],[46.82003739100003,24.555788265000047],[46.82027078100003,24.55589875800007],[46.820280643000046,24.555903426000043],[46.820291989000054,24.555883384000026],[46.820311712000034,24.555892721000077],[46.82033143500007,24.55590205900006],[46.82032008900006,24.55592210100008],[46.82032995000003,24.555926770000042],[46.820563340000035,24.556037262000075],[46.82082631500003,24.556161761000055],[46.82108929100008,24.556286259000046],[46.821352266000076,24.556410756000048],[46.82161524300005,24.55653525400004],[46.82187822000003,24.55665975000005],[46.82201437000003,24.55641924100007],[46.82217321100006,24.556138645000033],[46.82191023400003,24.556014150000067],[46.82164725900003,24.555889653000065]]]}},{"type":"Feature","properties":{"plan_no":"2705/5","plan_id":"2620","block_no":"51","parcel_count":28,"parcel_numbers":["740","741","742","743","744","745","746","747","748","749","750","751","752","753","754","755","756","757","758","759","760","761","762","763","764","765","766","767"],"geometry_source":"Riyadh Geoportal public parcel layers","geometry_method":"Union of parcel polygons with the Geoportal Geometry Server"},"geometry":{"type":"Polygon","coordinates":[[[46.82065240500003,24.55455459700005],[46.82066261600005,24.55453655900004],[46.82068453000005,24.55454693400003],[46.820689636000054,24.554537915000026],[46.82081046900004,24.554324464000047],[46.82094661800005,24.554083955000067],[46.821082767000064,24.55384344500004],[46.82121891600008,24.55360293600006],[46.821355063000055,24.55336242800007],[46.82149121000003,24.553121918000045],[46.82162735700007,24.552881409000065],[46.82176350300006,24.55264090000003],[46.821899649000045,24.55240039000006],[46.82203579500003,24.552159880000033],[46.82217194000003,24.551919370000064],[46.82230808400004,24.551678861000028],[46.82200128900007,24.55153361400005],[46.82182597900004,24.551450617000057],[46.82169294100004,24.551489288000027],[46.821602178000035,24.551649627000074],[46.821466032000046,24.551890137000044],[46.82134520200003,24.55210358900007],[46.821340097000075,24.552112607000026],[46.821362011000076,24.55212298200007],[46.82135180000006,24.55214102000008],[46.82134158800005,24.55215905800003],[46.82131967500004,24.55214868300004],[46.82131456800005,24.552157704000024],[46.82119373900008,24.55237115500006],[46.821057591000056,24.55261166400004],[46.82092144400008,24.55285217200003],[46.820785296000054,24.553092681000066],[46.82064914700004,24.553333190000046],[46.82052831300007,24.55354664300006],[46.820523209000044,24.55355566000003],[46.820545123000045,24.553566036000063],[46.82053491200003,24.55358407400007],[46.82052470100007,24.55360211200008],[46.820502787000066,24.553591737000033],[46.82049768100006,24.553600757000027],[46.82037684900007,24.553814207000073],[46.82024069800008,24.554054716000053],[46.82010454700003,24.554295224000043],[46.819968396000036,24.554535732000033],[46.819832244000054,24.554776240000024],[46.82009521600003,24.55490074000005],[46.82040201800004,24.555045990000053],[46.82053816900003,24.554805481000074],[46.82065900200007,24.554592030000038],[46.820664108000074,24.554583010000044],[46.82064219400007,24.554572635000056],[46.82065240500003,24.55455459700005]]]}},{"type":"Feature","properties":{"plan_no":"2705/5","plan_id":"2620","block_no":"52","parcel_count":26,"parcel_numbers":["768","769","770","771","772","773","774","775","776","777","778","779","780","781","782","783","784","785","786","787","788","789","790","791","792","793"],"geometry_source":"Riyadh Geoportal public parcel layers","geometry_method":"Union of parcel polygons with the Geoportal Geometry Server"},"geometry":{"type":"Polygon","coordinates":[[[46.82294105300008,24.55558725800006],[46.82266931200007,24.55545861400003],[46.82238003900005,24.555321668000033],[46.82209076700008,24.55518472400007],[46.821801495000045,24.555047778000073],[46.82151222400006,24.55491083100003],[46.82122295400006,24.554773883000053],[46.82091615300004,24.554628636000075],[46.82078000400003,24.554869145000055],[46.820621161000076,24.55514973800007],[46.82092796400008,24.555294986000035],[46.82121723500006,24.55543193400007],[46.821476922000045,24.55555487600003],[46.82148678400006,24.55555954400006],[46.82149812900008,24.555539502000045],[46.821517852000056,24.55554883900004],[46.821537576000026,24.555558176000034],[46.821526230000075,24.55557821900004],[46.82153609200003,24.55558288800006],[46.82179578000006,24.555705828000043],[46.822085052000034,24.55584277400004],[46.822374326000045,24.55597971900005],[46.82264606900003,24.556108364000067],[46.82291781100008,24.55623700900003],[46.823189555000056,24.556365652000068],[46.82346129900003,24.55649429600004],[46.82373304400005,24.55662293900008],[46.82400478900007,24.55675158100007],[46.82430283300005,24.55689267200006],[46.82446166900007,24.556612075000032],[46.824597812000036,24.556371564000074],[46.82429977000004,24.556230473000028],[46.824028026000065,24.556101831000035],[46.82375628200003,24.555973189000042],[46.82348453800006,24.55584454600006],[46.823212796000064,24.55571590200003],[46.82294105300008,24.55558725800006]]]}},{"type":"Feature","properties":{"plan_no":"2705/5","plan_id":"2620","block_no":"53","parcel_count":28,"parcel_numbers":["794","795","796","797","798","799","800","801","802","803","804","805","806","807","808","809","810","811","812","813","814","815","816","817","818","819","820","821"],"geometry_source":"Riyadh Geoportal public parcel layers","geometry_method":"Union of parcel polygons with the Geoportal Geometry Server"},"geometry":{"type":"Polygon","coordinates":[[[46.82423092600004,24.55525250200003],[46.823967949000064,24.555128010000033],[46.823704974000066,24.555003517000046],[46.82344199800008,24.55487902400006],[46.82317902300008,24.554754530000025],[46.82291605000006,24.55463003600005],[46.82265307600005,24.554505540000036],[46.82239010300003,24.554381044000024],[46.82212713100006,24.55425654900006],[46.82186415900003,24.554132053000046],[46.821601186000066,24.554007555000055],[46.82133821600007,24.553883058000054],[46.82116575800006,24.554187703000025],[46.82100692000006,24.554468297000028],[46.82126989200003,24.55459279400003],[46.82153286300007,24.554717295000046],[46.82179583800007,24.554841789000022],[46.82205881100003,24.554966285000035],[46.82232178500004,24.555090780000057],[46.82255517600004,24.555201271000044],[46.82256503700006,24.555205939000075],[46.82257638300007,24.55518589600007],[46.82259610600005,24.555195234000053],[46.82261582900003,24.555204571000047],[46.82260448400007,24.555224614000053],[46.822614345000034,24.555229282000028],[46.82284773600003,24.555339772000025],[46.82311071100003,24.555464266000058],[46.82337368700007,24.555588759000045],[46.82363666400005,24.55571325300008],[46.823899641000025,24.555837746000066],[46.82416261900005,24.555962238000063],[46.82442559700007,24.55608673100005],[46.82468857500004,24.55621122200006],[46.82484740700005,24.55593062400004],[46.825019858000076,24.555625977000034],[46.82475688000005,24.555501485000036],[46.82449390200003,24.55537699300004],[46.82423092600004,24.55525250200003]]]}},{"type":"Feature","properties":{"plan_no":"2705/5","plan_id":"2620","block_no":"54","parcel_count":6,"parcel_numbers":["822","823","824","825","826","827"],"geometry_source":"Riyadh Geoportal public parcel layers","geometry_method":"Union of parcel polygons with the Geoportal Geometry Server"},"geometry":{"type":"Polygon","coordinates":[[[46.825149500000066,24.556378591000055],[46.82488652100005,24.556254100000046],[46.82475039900004,24.55649462200006],[46.824614276000034,24.556735144000072],[46.82447815300003,24.556975667000074],[46.82474113100005,24.55710016300003],[46.825004103000026,24.55722466800006],[46.82514023700003,24.556984127000078],[46.82527636300006,24.556743606000055],[46.82541247800003,24.556503080000027],[46.825149500000066,24.556378591000055]]]}},{"type":"Feature","properties":{"plan_no":"2705/5","plan_id":"2620","block_no":"55","parcel_count":20,"parcel_numbers":["828","829","830","831","832","833","834","835","836","837","838","839","840","841","842","843","844","845","846","847"],"geometry_source":"Riyadh Geoportal public parcel layers","geometry_method":"Union of parcel polygons with the Geoportal Geometry Server"},"geometry":{"type":"Polygon","coordinates":[[[46.82640361500006,24.557226393000064],[46.82617021800007,24.55711590900006],[46.82616035700005,24.55711124100003],[46.82614901100004,24.557131284000036],[46.82612928700007,24.55712194700004],[46.826109564000035,24.557112611000036],[46.82612090900005,24.55709256800003],[46.82611104600005,24.557087899000066],[46.82582505600004,24.556952515000035],[46.82547441300005,24.556786532000046],[46.82533827000003,24.55702704500004],[46.82517943500005,24.55730764200007],[46.82553007900003,24.557473626000046],[46.82584565700006,24.557623016000036],[46.82610864000003,24.557747504000076],[46.826371624000046,24.55787199300005],[46.82663460800006,24.557996480000043],[46.82689759300007,24.558120968000026],[46.82696396400007,24.558152385000028],[46.82706150800004,24.558200132000024],[46.82715776300006,24.558250427000075],[46.82728425800008,24.55832158000004],[46.82740813700008,24.558397196000044],[46.82752965700007,24.558477525000058],[46.82764817800006,24.55856221600004],[46.827761535000036,24.55864963600004],[46.827871628000025,24.558741132000023],[46.82816006200005,24.55855633300007],[46.82840662600006,24.55839836000007],[46.82829192600008,24.55829717200004],[46.828173879000076,24.558199909000052],[46.82805261900006,24.558106682000073],[46.82791512600005,24.55800842800005],[46.82777414800006,24.557915242000036],[46.82763043800003,24.557827520000046],[46.82748369300003,24.55774497500005],[46.82737202900006,24.557686631000024],[46.82725887000004,24.557631241000024],[46.82719256400003,24.557599854000046],[46.82692958000007,24.55747536800004],[46.82666659800003,24.557350881000048],[46.82640361500006,24.557226393000064]]]}},{"type":"Feature","properties":{"plan_no":"2705/5","plan_id":"2620","block_no":"56","parcel_count":22,"parcel_numbers":["848","849","850","851","852","853","854","855","856","857","858","859","860","861","862","863","864","865","866","867","868","869"],"geometry_source":"Riyadh Geoportal public parcel layers","geometry_method":"Union of parcel polygons with the Geoportal Geometry Server"},"geometry":{"type":"Polygon","coordinates":[[[46.82616819900005,24.556169580000073],[46.82589645400003,24.55604094100005],[46.825724007000076,24.55634559200007],[46.825565174000076,24.55662619000003],[46.825836921000075,24.556754829000056],[46.82612620000003,24.556891767000025],[46.82641548000004,24.55702870400006],[46.82670476100003,24.55716564000005],[46.82699404200008,24.55730257700003],[46.827283324000064,24.55743951100004],[46.82734960700003,24.557470887000022],[46.82744732200007,24.55751844400004],[46.82754398000003,24.55756811200007],[46.82767131300005,24.557637701000033],[46.82779654800004,24.55771099900005],[46.827919777000034,24.55778810000004],[46.82804064700008,24.557868851000023],[46.82815967000005,24.557953660000067],[46.82827605300008,24.558042057000023],[46.82837656100003,24.558123074000036],[46.828474809000056,24.55820681800003],[46.82857072200005,24.558293225000057],[46.828857439000046,24.55810952300004],[46.829168193000044,24.55791042100003],[46.82903142300006,24.557782634000034],[46.828890297000044,24.557659672000057],[46.82874498800004,24.557541684000057],[46.82861130100008,24.557440145000044],[46.82847458100008,24.557342727000048],[46.828335743000025,24.557249969000054],[46.82819419200007,24.55716140800007],[46.828050337000036,24.557077212000024],[46.82790407200008,24.55699727800004],[46.827793142000075,24.556940275000045],[46.82768100100003,24.556885694000073],[46.827614597000036,24.55685426100007],[46.82732531600004,24.556717325000022],[46.82703603600004,24.556580391000068],[46.82674675700008,24.556443454000032],[46.826457478000066,24.556306518000042],[46.82616819900005,24.556169580000073]]]}},{"type":"Feature","properties":{"plan_no":"2705/5","plan_id":"2620","block_no":"57","parcel_count":40,"parcel_numbers":["870","871","872","873","874","875","876","877","878","879","880","881","882","883","884","885","886","887","888","889","890","891","892","893","894","895","896","897","898","899","900","901","902","903","904","905","906","907","908","909"],"geometry_source":"Riyadh Geoportal public parcel layers","geometry_method":"Union of parcel polygons with the Geoportal Geometry Server"},"geometry":{"type":"Polygon","coordinates":[[[46.826164928000026,24.555232825000076],[46.82590195200004,24.555108337000036],[46.82563897500006,24.554983847000074],[46.82537599800003,24.554859356000065],[46.82511302200004,24.554734865000057],[46.824879631000044,24.554624379000074],[46.82486976900003,24.554619711000043],[46.82485842400007,24.55463975300006],[46.82483870100003,24.554630416000066],[46.824818977000064,24.55462108000006],[46.82483032300007,24.554601037000054],[46.82482046200005,24.554596368000034],[46.82458707100005,24.55448588300004],[46.824324096000055,24.554361390000054],[46.824061124000025,24.554236896000077],[46.82379815000007,24.554112403000033],[46.82343615700006,24.55394103200007],[46.82327735700005,24.554221651000034],[46.82310948700007,24.554518295000037],[46.82347140300004,24.55468963000004],[46.82373437800004,24.554814124000075],[46.82399735300004,24.554938616000072],[46.824260329000026,24.55506310900006],[46.82449372000008,24.55517359600003],[46.824503581000045,24.555178265000052],[46.82451492700005,24.555158222000045],[46.82453464900004,24.55516755900004],[46.82455437300007,24.555176896000035],[46.82454302800005,24.55519693900004],[46.824552890000064,24.555201607000072],[46.82478628200005,24.555312094000044],[46.825049258000035,24.555436584000063],[46.82531223600006,24.55556107500007],[46.825575214000025,24.555685566000022],[46.82583819200005,24.55581005500005],[46.82610117200005,24.555934544000024],[46.826364151000064,24.556059033000054],[46.826627131000066,24.556183521000037],[46.82689011100007,24.556308009000077],[46.82715309300005,24.55643249600007],[46.82741607500003,24.556556983000064],[46.82767905500003,24.556681470000058],[46.827771847000065,24.55672539300008],[46.82794056900008,24.556808553000053],[46.82806889100004,24.556876335000027],[46.82819550500005,24.55694725500007],[46.828328646000045,24.557026363000034],[46.82845963900007,24.557108981000056],[46.82865344100003,24.556766588000073],[46.82881226300003,24.556485992000034],[46.82853175000008,24.55635320700003],[46.828268768000044,24.556228721000025],[46.82800578500007,24.556104237000056],[46.82774280400008,24.555979751000052],[46.82747982300003,24.55585526400006],[46.82721684400008,24.555730778000054],[46.826953864000075,24.55560629100006],[46.82669088600005,24.555481803000077],[46.82642790700004,24.555357314000048],[46.826164928000026,24.555232825000076]]]}},{"type":"Feature","properties":{"plan_no":"2705/5","plan_id":"2620","block_no":"58","parcel_count":40,"parcel_numbers":["910","911","912","913","914","915","916","917","918","919","920","921","922","923","924","925","926","927","928","929","930","931","932","933","934","935","936","937","938","939","940","941","942","943","944","945","946","947","948","949"],"geometry_source":"Riyadh Geoportal public parcel layers","geometry_method":"Union of parcel polygons with the Geoportal Geometry Server"},"geometry":{"type":"Polygon","coordinates":[[[46.82906184400008,24.556045048000044],[46.82922324900005,24.55575988700008],[46.82907758300007,24.555673630000058],[46.82893001700006,24.55559066400008],[46.82880202400003,24.55552215000006],[46.82867274700004,24.555456091000053],[46.828529453000044,24.55538642700003],[46.828410587000064,24.55533015900005],[46.82814760600007,24.555205675000025],[46.82788462600007,24.555081189000077],[46.82762164800005,24.554956703000073],[46.82735867000008,24.554832216000023],[46.82709569300005,24.55470772800004],[46.82683271500008,24.554583241000046],[46.826569738000046,24.554458752000073],[46.82630676200006,24.554334263000044],[46.82604378700006,24.55420977400007],[46.82578081100007,24.554085284000053],[46.82551783700006,24.553960794000034],[46.825254862000065,24.553836303000026],[46.824991889000046,24.553711812000074],[46.824728916000026,24.553587320000076],[46.824465943000064,24.553462827000033],[46.824202970000044,24.553338335000035],[46.823867249000045,24.553179401000023],[46.82368572300004,24.55350008100004],[46.82352688700007,24.553780677000077],[46.82386261400006,24.553939613000068],[46.82412558800007,24.554064106000055],[46.824388560000045,24.554188600000032],[46.824651534000054,24.554313093000076],[46.82491450900005,24.554437584000027],[46.82517748500004,24.554562074000046],[46.82544046100003,24.554686565000054],[46.82570343700007,24.554811055000073],[46.82596641400005,24.554935545000035],[46.82622939100003,24.555060035000054],[46.82649236800006,24.555184524000026],[46.82675534700007,24.555309012000066],[46.82701832600003,24.55543349900006],[46.82728130500004,24.555557986000053],[46.827544284000055,24.555682472000058],[46.827777679000064,24.55579295600006],[46.82778754100008,24.555797624000036],[46.82779888500005,24.555777582000076],[46.827818609000076,24.555786918000024],[46.827838333000045,24.55579625400003],[46.82782698800003,24.555816297000035],[46.82783685000004,24.555820965000066],[46.82807024600004,24.555931445000056],[46.82833322700003,24.556055929000024],[46.82859620800008,24.556180416000075],[46.82890302100003,24.55632564800004],[46.82906184400008,24.556045048000044]]]}},{"type":"Feature","properties":{"plan_no":"2705/5","plan_id":"2620","block_no":"59","parcel_count":32,"parcel_numbers":["950","951","952","953","954","955","956","957","958","959","960","961","962","963","964","965","966","967","968","969","970","971","972","973","974","975","976","977","978","979","980","981"],"geometry_source":"Riyadh Geoportal public parcel layers","geometry_method":"Union of parcel polygons with the Geoportal Geometry Server"},"geometry":{"type":"Polygon","coordinates":[[[46.831240251000054,24.557657515000074],[46.831258441000045,24.557645861000026],[46.831272600000034,24.557664345000035],[46.83128169400004,24.55765851800004],[46.831496937000054,24.557520606000026],[46.83173946200003,24.557365211000047],[46.83198198800005,24.55720981500008],[46.83222451200004,24.557054419000053],[46.83254787800007,24.55684722500007],[46.832446395000034,24.556714733000035],[46.83231916500006,24.556552864000025],[46.83219999100004,24.55640844100003],[46.832077592000076,24.556266742000048],[46.83177144100006,24.556462905000046],[46.83152891700007,24.556618300000025],[46.831313676000036,24.55675621300003],[46.83130458200003,24.55676204100007],[46.83131874000003,24.55678052500008],[46.83130055100003,24.55679218000006],[46.83128236200008,24.55680383500004],[46.831268203000036,24.55678534900005],[46.83125910800004,24.556791177000036],[46.83104386700006,24.55692909000004],[46.83080134100004,24.55708448300004],[46.830558815000074,24.55723987700003],[46.83031628700007,24.55739527000003],[46.83007375900007,24.55755066200004],[46.82983123000008,24.55770605500004],[46.829588701000034,24.55786144700005],[46.829346172000044,24.55801683800007],[46.82910364300005,24.558172229000036],[46.82886111100004,24.558327621000046],[46.82861858000007,24.558483013000057],[46.82837604800005,24.55863840300003],[46.82801407200003,24.55887031900005],[46.82810387200004,24.55895878000007],[46.828190661000065,24.559050197000033],[46.82827434200004,24.559144466000078],[46.82835370500004,24.559240114000033],[46.82842979900005,24.559338384000057],[46.82850253600003,24.559439163000036],[46.82882911200005,24.559229926000057],[46.829071645000056,24.559074535000036],[46.829314176000025,24.558919144000072],[46.82955670700005,24.55876375200006],[46.82979923900007,24.55860836000005],[46.83004176800006,24.55845296700005],[46.83028429800004,24.55829757500004],[46.83052682700003,24.55814218100005],[46.830769356000076,24.55798678800005],[46.83101188300003,24.55783139400006],[46.831227126000044,24.557693482000047],[46.83123622000005,24.557687654000063],[46.83122206200005,24.557669169000064],[46.831240251000054,24.557657515000074]]]}},{"type":"Feature","properties":{"plan_no":"2705/5","plan_id":"2620","block_no":"60","parcel_count":32,"parcel_numbers":["1000","1001","1002","1003","1004","1005","1006","1007","1008","1009","1010","1011","1012","1013","982","983","984","985","986","987","988","989","990","991","992","993","994","995","996","997","998","999"],"geometry_source":"Riyadh Geoportal public parcel layers","geometry_method":"Union of parcel polygons with the Geoportal Geometry Server"},"geometry":{"type":"Polygon","coordinates":[[[46.83288768400007,24.557290858000044],[46.83266114600008,24.55699510200003],[46.832337781000035,24.55720229700006],[46.83209525600006,24.557357694000075],[46.83185273000004,24.557513089000054],[46.83161020500006,24.557668484000033],[46.83136767800005,24.55782387900007],[46.83112515000005,24.557979273000058],[46.83088262200005,24.558134667000047],[46.830640093000056,24.558290061000037],[46.830397564000066,24.558445454000037],[46.830155035000075,24.558600847000037],[46.82991250500004,24.558756239000047],[46.82966997400007,24.558911631000058],[46.82942744300004,24.559067024000058],[46.82918491000004,24.55922241600007],[46.82894237800008,24.559377807000033],[46.82861900000006,24.559584995000023],[46.82884553500003,24.55988075700003],[46.82907207000005,24.56017651800005],[46.82939544800007,24.559969330000058],[46.829637981000076,24.559813938000048],[46.82988051400008,24.559658545000048],[46.83012304600004,24.559503152000048],[46.83036557600008,24.559347759000048],[46.830608108000035,24.559192366000048],[46.83085063800007,24.559036973000048],[46.83109316700006,24.558881579000058],[46.83133569600005,24.558726183000033],[46.831578225000044,24.558570789000044],[46.831820753000045,24.558415394000065],[46.83206327900007,24.55825999800004],[46.83230580600008,24.55810460200007],[46.832548332000044,24.557949205000057],[46.83279085600003,24.55779380900003],[46.83311422200006,24.55758661300007],[46.83288768400007,24.557290858000044]]]}},{"type":"Feature","properties":{"plan_no":"2705/5","plan_id":"2620","block_no":"61","parcel_count":26,"parcel_numbers":["1014","1015","1016","1017","1018","1019","1020","1021","1022","1023","1024","1025","1026","1027","1028","1029","1030","1031","1032","1033","1034","1035","1036","1037","1038","1039"],"geometry_source":"Riyadh Geoportal public parcel layers","geometry_method":"Union of parcel polygons with the Geoportal Geometry Server"},"geometry":{"type":"Polygon","coordinates":[[[46.83189186100003,24.559279206000042],[46.83191005000003,24.55926755100006],[46.83192420900008,24.55928603600006],[46.83193337800003,24.55928016100006],[46.83215663200008,24.559137113000077],[46.83240724400008,24.558976537000035],[46.832657855000036,24.55881596100005],[46.83290846600005,24.558655384000076],[46.83315907600007,24.558494807000045],[46.83340968600004,24.558334229000025],[46.83366029500007,24.55817365200005],[46.83391090300006,24.55801307400003],[46.83416151100005,24.557852495000077],[46.834404033000055,24.557697096000027],[46.83464655600005,24.557541696000044],[46.83488907700007,24.55738629600006],[46.834719171000074,24.557164482000076],[46.83454926300004,24.556942668000033],[46.83430674300007,24.557098067000027],[46.83406422100006,24.55725346500003],[46.833821698000065,24.55740886500007],[46.83357109100007,24.557569442000045],[46.83332048400007,24.557730020000065],[46.833069874000046,24.55789059800003],[46.83281926600006,24.55805117400007],[46.832568655000046,24.558211751000044],[46.83231804500008,24.558372328000075],[46.832067434000066,24.55853290300007],[46.831816822000064,24.558693479000056],[46.83156621000006,24.55885405400005],[46.83127517500003,24.559040528000025],[46.83144507900005,24.559262346000025],[46.831614983000065,24.559484164000025],[46.83187882400006,24.55931511800003],[46.831887831000074,24.559309347000067],[46.831873673000075,24.55929086200007],[46.83189186100003,24.559279206000042]]]}},{"type":"Feature","properties":{"plan_no":"2705/5","plan_id":"2620","block_no":"62","parcel_count":24,"parcel_numbers":["1040","1041","1042","1043","1044","1045","1046","1047","1048","1049","1050","1051","1052","1053","1054","1055","1056","1057","1058","1059","1060","1061","1062","1063"],"geometry_source":"Riyadh Geoportal public parcel layers","geometry_method":"Union of parcel polygons with the Geoportal Geometry Server"},"geometry":{"type":"Polygon","coordinates":[[[46.82833531600005,24.55448130900004],[46.82807233800003,24.554356824000024],[46.82793620600006,24.554597339000054],[46.827800067000055,24.55483785200005],[46.82806304600007,24.554962337000063],[46.82832602500008,24.555086823000067],[46.82861992100004,24.55522594200005],[46.82876003000007,24.55529396700007],[46.82889876200005,24.555364756000074],[46.829035643000054,24.555438062000064],[46.82917103300008,24.555514084000038],[46.82930444700003,24.555592544000035],[46.82943625900003,24.555673666000075],[46.82956597400005,24.555757146000076],[46.829693975000055,24.55584323000005],[46.82981976800005,24.55593158100004],[46.829943737000065,24.55602247400003],[46.830065389000026,24.55611554400008],[46.83018510900007,24.556211089000044],[46.83030240900007,24.55630871900007],[46.83041766900004,24.55640875000006],[46.830530415000055,24.556510767000077],[46.83064101400004,24.556615108000074],[46.83074901100008,24.556721337000056],[46.830854758000044,24.556829805000064],[46.83109861600008,24.556673556000078],[46.83133824300006,24.55652001900006],[46.831205759000056,24.55638126300005],[46.83106983700003,24.556245873000023],[46.830951019000054,24.556132865000052],[46.83082983400004,24.55602239800004],[46.83070586200006,24.555914088000065],[46.83057964000005,24.555808409000065],[46.83045074200004,24.555704998000067],[46.83031971200006,24.555604300000027],[46.83018612200004,24.555505978000042],[46.83005052200008,24.555410446000053],[46.82991248500008,24.555317399000046],[46.82977256400005,24.555227211000044],[46.82963033400006,24.555139607000058],[46.82948634400003,24.55505492800006],[46.829340184000046,24.55497292900003],[46.82919239000006,24.554893915000036],[46.829043039000055,24.55481790400006],[46.82889219100008,24.554744912000046],[46.82889212600003,24.554744882000023],[46.82859829500006,24.554605793000064],[46.82833531600005,24.55448130900004]]]}},{"type":"Feature","properties":{"plan_no":"2705/5","plan_id":"2620","block_no":"63","parcel_count":24,"parcel_numbers":["1064","1065","1066","1067","1068","1069","1070","1071","1072","1073","1074","1075","1076","1077","1078","1079","1080","1081","1082","1083","1084","1085","1086","1087"],"geometry_source":"Riyadh Geoportal public parcel layers","geometry_method":"Union of parcel polygons with the Geoportal Geometry Server"},"geometry":{"type":"Polygon","coordinates":[[[46.82966001900007,24.554359730000044],[46.82950040000003,24.554275765000057],[46.82933916600007,24.554194944000074],[46.829232380000064,24.554143555000053],[46.82902628800008,24.554046000000028],[46.828719481000064,24.55390076900005],[46.82841267400005,24.55375553700003],[46.82828787700004,24.553976023000075],[46.828163095000036,24.55419648000003],[46.82844031800005,24.554327709000063],[46.82845018000006,24.554332377000037],[46.82846152400003,24.55431233400003],[46.82848124700007,24.554321670000036],[46.82850097100004,24.55433100700003],[46.82848962600008,24.554351050000037],[46.828499487000045,24.554355718000068],[46.82877671000006,24.554486945000065],[46.82898286100004,24.554584528000078],[46.82908323800007,24.554632672000025],[46.829234781000025,24.554708436000055],[46.82938478500006,24.554787200000078],[46.82953306100006,24.554868872000043],[46.82967966800004,24.554953503000036],[46.829824649000045,24.555041137000046],[46.82996782400005,24.55513169200003],[46.83010946300004,24.555225376000067],[46.830249148000064,24.555321950000064],[46.830387382000026,24.555421805000037],[46.83052350600008,24.555524518000027],[46.83065824900007,24.555630707000034],[46.83079071000003,24.55573972800005],[46.830921852000074,24.555852456000025],[46.83105052500008,24.555967992000035],[46.831177928000045,24.556087518000027],[46.83130265800003,24.556209830000057],[46.831402670000045,24.556311941000047],[46.831500799000025,24.55641586300004],[46.831728145000056,24.556270194000035],[46.83195141900006,24.55612713200003],[46.83182953000005,24.555998018000025],[46.831704959000035,24.55587149200005],[46.83157158600005,24.555741692000026],[46.83143542100004,24.555614825000077],[46.831297988000074,24.555492187000027],[46.83115797500005,24.55537250200007],[46.83101663100007,24.55525674300003],[46.83087290100008,24.555143959000077],[46.83072776600005,24.555034845000023],[46.830580422000025,24.554928731000075],[46.83043158700008,24.554826079000065],[46.83028070700004,24.55472645800006],[46.83012824000008,24.554630126000063],[46.82997388000007,24.554536858000063],[46.82981782500008,24.554446743000028],[46.82966001900007,24.554359730000044]]]}},{"type":"Feature","properties":{"plan_no":"2705/5","plan_id":"2620","block_no":"64","parcel_count":8,"parcel_numbers":["1088","1089","1090","1091","1092","1093","1094","1095"],"geometry_source":"Riyadh Geoportal public parcel layers","geometry_method":"Union of parcel polygons with the Geoportal Geometry Server"},"geometry":{"type":"Polygon","coordinates":[[[46.82762474700007,24.55475486200004],[46.827788111000075,24.55446624500007],[46.827937861000066,24.554201679000073],[46.82808760900008,24.553937113000075],[46.828237357000035,24.553672547000076],[46.827930553000044,24.55352731100004],[46.827623747000075,24.553382080000063],[46.82747399800007,24.55364664600006],[46.827324248000025,24.55391121100007],[46.82717449800003,24.554175776000022],[46.82701113300004,24.554464393000046],[46.827288355000064,24.55459562300007],[46.82729821700008,24.554600291000042],[46.82730956100005,24.554580248000036],[46.827329285000076,24.55458958500003],[46.827349008000056,24.554598921000036],[46.82733766300004,24.554618964000042],[46.82734752500005,24.554623632000073],[46.82762474700007,24.55475486200004]]]}},{"type":"Feature","properties":{"plan_no":"2705/5","plan_id":"2620","block_no":"65","parcel_count":28,"parcel_numbers":["1096","1097","1098","1099","1100","1101","1102","1103","1104","1105","1106","1107","1108","1109","1110","1111","1112","1113","1114","1115","1116","1117","1118","1119","1120","1121","1122","1123"],"geometry_source":"Riyadh Geoportal public parcel layers","geometry_method":"Union of parcel polygons with the Geoportal Geometry Server"},"geometry":{"type":"Polygon","coordinates":[[[46.82492102800006,24.55286504000003],[46.824678875000075,24.55275040500004],[46.82466901300006,24.552745736000077],[46.82465766800004,24.552765779000026],[46.82463794600005,24.55275644200003],[46.824618222000026,24.552747105000037],[46.824629567000045,24.55272706200003],[46.82461970600008,24.552722394000057],[46.82437755300003,24.552607757000033],[46.82410581700003,24.55247911500004],[46.82383408100003,24.552350472000057],[46.823562346000074,24.55222182800003],[46.823251162000076,24.55207450900008],[46.823115019000056,24.552315020000037],[46.82297887800007,24.55255552600005],[46.82329006400005,24.552702846000045],[46.82356179900006,24.552831490000074],[46.82383353600005,24.552960133000056],[46.82410527300004,24.55308877500005],[46.82437701100008,24.55321741800003],[46.82464874900006,24.553346059000035],[46.82492048700004,24.553474700000038],[46.82519222700006,24.55360334200003],[46.82546396600003,24.553731982000045],[46.825735706000046,24.55386062100007],[46.82600744800004,24.553989260000037],[46.82627918900005,24.554117898000072],[46.82655093100004,24.55424653600005],[46.82683581800006,24.554381397000043],[46.826971953000054,24.554140887000074],[46.827108089000035,24.553900374000023],[46.82682320400005,24.55376551300003],[46.826551462000054,24.553636878000077],[46.82627972200004,24.553508240000042],[46.82600798100003,24.553379600000028],[46.82573624300005,24.55325096100006],[46.825464503000035,24.553122321000046],[46.825192765000054,24.552993681000032],[46.82492102800006,24.55286504000003]]]}},{"type":"Feature","properties":{"plan_no":"2705/5","plan_id":"2620","block_no":"66","parcel_count":26,"parcel_numbers":["1124","1125","1126","1127","1128","1129","1130","1131","1132","1133","1134","1135","1136","1137","1138","1139","1140","1141","1142","1143","1144","1145","1146","1147","1148","1149"],"geometry_source":"Riyadh Geoportal public parcel layers","geometry_method":"Union of parcel polygons with the Geoportal Geometry Server"},"geometry":{"type":"Polygon","coordinates":[[[46.82730172300006,24.553509185000053],[46.82731193300003,24.553491147000045],[46.82733384800008,24.553501520000054],[46.82733895300004,24.55349250200004],[46.82744843000006,24.553299089000063],[46.82715914000005,24.553162145000044],[46.826869868000074,24.553025209000054],[46.82657183200007,24.55288412300007],[46.826273796000066,24.55274303500005],[46.82597576100005,24.552601948000074],[46.82567772500005,24.552460859000064],[46.82537969100008,24.552319770000054],[46.825081658000045,24.552178681000044],[46.824783625000066,24.552037591000044],[46.82448559200003,24.551896500000055],[46.82418756100003,24.551755409000066],[46.823919114000034,24.551628322000056],[46.82390925200008,24.551623653000036],[46.82389790700006,24.551643696000042],[46.82387818500007,24.551634359000047],[46.82385846200003,24.551625022000053],[46.82386980800004,24.551604979000047],[46.82385994600003,24.551600310000026],[46.82359151700007,24.551473232000035],[46.823466719000066,24.551693700000044],[46.823341923000044,24.551914168000053],[46.82363993800004,24.55205525300005],[46.82393796900004,24.552196345000027],[46.82423600100003,24.552337438000052],[46.824534035000056,24.55247853000003],[46.824832068000035,24.55261962000003],[46.82513010300005,24.55276071000003],[46.82542813800006,24.55290180000003],[46.82572617400007,24.55304288800005],[46.82602420900008,24.55318397600007],[46.826322247000064,24.553325063000045],[46.82662028400006,24.553466150000077],[46.82690955600003,24.553603087000056],[46.827198847000034,24.553740031000075],[46.82730832200008,24.553546617000052],[46.827313427000036,24.55353759700006],[46.827291513000034,24.55352722300006],[46.82730172300006,24.553509185000053]]]}},{"type":"Feature","properties":{"plan_no":"2705/5","plan_id":"2620","block_no":"67","parcel_count":8,"parcel_numbers":["1150","1151","1152","1153","1154","1155","1156","1157"],"geometry_source":"Riyadh Geoportal public parcel layers","geometry_method":"Union of parcel polygons with the Geoportal Geometry Server"},"geometry":{"type":"Polygon","coordinates":[[[46.82315323900008,24.551265741000066],[46.82289027200005,24.551141247000032],[46.82272690100007,24.551429859000052],[46.822577143000046,24.551694420000047],[46.82242738700006,24.55195898200003],[46.82227762500003,24.552223542000036],[46.82254059400003,24.552348038000048],[46.822803563000036,24.55247253400006],[46.822953324000025,24.552207973000066],[46.82310307800003,24.551943411000025],[46.82325283500006,24.55167884900004],[46.82341620600005,24.551390235000042],[46.82315323900008,24.551265741000066]]]}},{"type":"Feature","properties":{"plan_no":"2705/5","plan_id":"2620","block_no":"68","parcel_count":34,"parcel_numbers":["1158","1159","1160","1161","1162","1163","1164","1165","1166","1167","1168","1169","1170","1171","1172","1173","1174","1175","1176","1177","1178","1179","1180","1181","1182","1183","1184","1185","1186","1187","1188","1189","1190","1191"],"geometry_source":"Riyadh Geoportal public parcel layers","geometry_method":"Union of parcel polygons with the Geoportal Geometry Server"},"geometry":{"type":"Polygon","coordinates":[[[46.82530124600004,24.551398249000044],[46.825067861000036,24.55128776300006],[46.82505800000007,24.55128309400004],[46.825046658000076,24.551303138000037],[46.82502693500004,24.551293802000032],[46.82500721100007,24.551284465000037],[46.82501855400005,24.55126442100004],[46.825008694000076,24.551259753000068],[46.824775309000074,24.55114926600004],[46.82451234100006,24.55102477400004],[46.82424937400003,24.550900282000043],[46.82398640700006,24.550775789000056],[46.82372344100003,24.550651295000023],[46.82346047500005,24.550526801000046],[46.82319750900007,24.550402306000024],[46.822934546000056,24.550277812000047],[46.822671581000066,24.550153317000024],[46.82245244400008,24.550049570000056],[46.82231942000004,24.55008824600003],[46.822228679000034,24.550248596000074],[46.822083494000026,24.550505156000042],[46.82239028500004,24.55065040200003],[46.82265325100008,24.550774898000043],[46.82291621600007,24.550899393000066],[46.823179183000036,24.55102388800003],[46.82344214900007,24.551148383000054],[46.82370511600004,24.55127287600004],[46.82396808400006,24.55139736900003],[46.82423105200007,24.551521863000062],[46.82449402100008,24.55164635500006],[46.824756990000026,24.551770847000057],[46.82501996000008,24.551895338000065],[46.825282929000025,24.552019829000074],[46.825545900000066,24.552144319000035],[46.82580887100005,24.552268810000044],[46.82607184200003,24.552393299000073],[46.82633481400006,24.552517788000046],[46.82664164300007,24.55266303700006],[46.82678682100004,24.552406474000065],[46.82689116700004,24.55222206800005],[46.82686156500006,24.55213689800007],[46.826616097000056,24.552020696000056],[46.82635312700006,24.551896208000073],[46.82609015600008,24.551771719000044],[46.82582718500004,24.551647229000025],[46.82556421600003,24.551522739000063],[46.82530124600004,24.551398249000044]]]}},{"type":"Feature","properties":{"plan_no":"2705/5","plan_id":"2620","block_no":"69","parcel_count":34,"parcel_numbers":["1192","1193","1194","1195","1196","1197","1198","1199","1200","1201","1202","1203","1204","1205","1206","1207","1208","1209","1210","1211","1212","1213","1214","1215","1216","1217","1218","1219","1220","1221","1222","1223","1224","1225"],"geometry_source":"Riyadh Geoportal public parcel layers","geometry_method":"Union of parcel polygons with the Geoportal Geometry Server"},"geometry":{"type":"Polygon","coordinates":[[[46.82372041200006,24.54986712300007],[46.82346774600006,24.549747505000028],[46.82345788600003,24.549742837000053],[46.823446544000035,24.54976288000006],[46.823426821000055,24.549753543000065],[46.823407099000065,24.54974420600007],[46.82341844100006,24.549724163000064],[46.823408580000034,24.549719494000044],[46.823155916000076,24.54959987500007],[46.822873669000046,24.549466250000023],[46.82259142300006,24.549332625000034],[46.82246211800003,24.549561124000036],[46.82233281400005,24.54978962200005],[46.82261506100008,24.549923248000027],[46.82289730900004,24.550056873000074],[46.82317955800005,24.550190498000063],[46.82346180600007,24.550324122000063],[46.823744056000066,24.550457746000063],[46.824026306000064,24.550591369000074],[46.82430855600006,24.550724992000028],[46.82459080800004,24.55085861400005],[46.824873059000026,24.550992234000034],[46.82515531200005,24.551125855000066],[46.825437564000026,24.55125947500005],[46.82571981800004,24.551393095000037],[46.82600207200005,24.551526714000033],[46.82628432700005,24.55166033300003],[46.826566582000055,24.551793950000047],[46.826848838000046,24.551927568000053],[46.82713638000007,24.552063687000043],[46.82726567800006,24.551835184000026],[46.82739497500006,24.551606682000056],[46.82710743300004,24.551470563000066],[46.826825179000025,24.55133694600005],[46.82654292400008,24.551203328000042],[46.82626067000007,24.551069711000025],[46.825978417000044,24.55093609200003],[46.82569616400008,24.550802473000033],[46.825413912000045,24.550668853000047],[46.82513166100006,24.55053523400005],[46.82484940900008,24.55040161200003],[46.824567159000026,24.550267991000055],[46.824284910000074,24.550134369000034],[46.824002660000076,24.550000746000023],[46.82372041200006,24.54986712300007]]]}},{"type":"Feature","properties":{"plan_no":"2705/5","plan_id":"2620","block_no":"70","parcel_count":20,"parcel_numbers":["1226","1227","1228","1229","1230","1231","1232","1233","1234","1235","1236","1237","1238","1239","1240","1241","1242","1243","1244","1245"],"geometry_source":"Riyadh Geoportal public parcel layers","geometry_method":"Union of parcel polygons with the Geoportal Geometry Server"},"geometry":{"type":"Polygon","coordinates":[[[46.82929874000007,24.553270267000073],[46.82906534800003,24.553159788000073],[46.82905548700006,24.553155120000042],[46.82904414600006,24.553175165000027],[46.82902442200003,24.553165828000033],[46.82900469900005,24.553156492000028],[46.829016041000045,24.553136447000043],[46.82900617900003,24.55313177900007],[46.82877278800004,24.55302130000007],[46.82857117300006,24.552925861000062],[46.82847805600005,24.55295293900008],[46.82836463700005,24.553153380000026],[46.82821946200005,24.553409945000055],[46.82848243800004,24.55353443000007],[46.82874541500007,24.553658915000028],[46.82900839200005,24.553783398000064],[46.82927137000007,24.553907882000033],[46.82934579700003,24.55394311300006],[46.82952888700004,24.554032191000033],[46.82966015000005,24.55409908200005],[46.82979035500006,24.554168012000048],[46.82991921100006,24.554238826000073],[46.830046940000045,24.554311651000035],[46.83017324400004,24.554386315000045],[46.830298355000025,24.55446296100007],[46.83042196400004,24.554541396000047],[46.830544313000075,24.554621782000027],[46.83070634400008,24.554732611000077],[46.83086596000004,24.554846891000068],[46.83107100600006,24.554626978000044],[46.831259240000065,24.554425096000045],[46.83108605000007,24.554298139000025],[46.83091018500005,24.554174913000054],[46.83078109300004,24.55408794400006],[46.830650680000076,24.55400296700003],[46.83051864300006,24.553919783000026],[46.830385351000075,24.553838623000047],[46.83025050400005,24.55375930500003],[46.830114466000055,24.553682047000052],[46.82997694300008,24.55360667700006],[46.82983829600005,24.553533396000034],[46.82970045600007,24.553463158000056],[46.82956159100007,24.553394973000024],[46.829495879000035,24.553363585000056],[46.82929874000007,24.553270267000073]]]}},{"type":"Feature","properties":{"plan_no":"2705/5","plan_id":"2620","block_no":"71","parcel_count":20,"parcel_numbers":["1246","1247","1248","1249","1250","1251","1252","1253","1254","1255","1256","1257","1258","1259","1260","1261","1262","1263","1264","1265"],"geometry_source":"Riyadh Geoportal public parcel layers","geometry_method":"Union of parcel polygons with the Geoportal Geometry Server"},"geometry":{"type":"Polygon","coordinates":[[[46.82903414500004,24.552382628000032],[46.828727342000036,24.552237397000056],[46.82860258300008,24.552457883000045],[46.82847782400006,24.552678368000045],[46.82878462900004,24.552823600000067],[46.82907390200006,24.552960533000032],[46.829363175000026,24.553097464000075],[46.82958661500004,24.553203232000044],[46.82965232500004,24.553234614000075],[46.82979454600007,24.553304429000036],[46.829935711000076,24.55337635500007],[46.83007706300003,24.553451066000036],[46.83021726800007,24.553527907000046],[46.83035596000008,24.553606673000047],[46.830493439000065,24.553687539000066],[46.83062933100007,24.553770281000027],[46.83076394400007,24.553855087000045],[46.83089690200006,24.553941722000047],[46.83102851400008,24.554030389000047],[46.83120932200006,24.55415710400007],[46.83138735700004,24.554287687000055],[46.83156351800005,24.554098752000073],[46.83173967600004,24.553909818000022],[46.83154832000008,24.553769258000045],[46.83135391400003,24.55363294700004],[46.831215376000046,24.553539615000034],[46.83107542100004,24.55344842200003],[46.830933723000044,24.553359151000052],[46.830790679000074,24.553272053000057],[46.83064596500003,24.553186932000074],[46.830499975000066,24.553104020000035],[46.83035238900004,24.553023136000036],[46.830203597000036,24.55294449400003],[46.83005329000008,24.552867926000033],[46.82990184500005,24.55279363300008],[46.82983611600008,24.552762254000072],[46.82961269000003,24.55265649200004],[46.82932341800006,24.552519561000054],[46.82903414500004,24.552382628000032]]]}},{"type":"Feature","properties":{"plan_no":"2705/5","plan_id":"2620","block_no":"72","parcel_count":8,"parcel_numbers":["1266","1267","1268","1269","1270","1271","1272","1273"],"geometry_source":"Riyadh Geoportal public parcel layers","geometry_method":"Union of parcel polygons with the Geoportal Geometry Server"},"geometry":{"type":"Polygon","coordinates":[[[46.83146810300008,24.55532869500007],[46.831761576000076,24.555051582000033],[46.83197457000006,24.55485046000007],[46.83218756300005,24.554649338000047],[46.832399913000074,24.55444882300003],[46.83214876800008,24.554233279000073],[46.832020715000056,24.554128500000047],[46.83189104500008,24.554025728000056],[46.831692978000035,24.55423815900008],[46.83149433400007,24.554451209000035],[46.83129568900006,24.55466425900005],[46.831018750000055,24.554961278000064],[46.831229112000074,24.555127167000023],[46.83124566200007,24.555110537000076],[46.83126222100003,24.55512407300006],[46.83127878100004,24.555137608000052],[46.83126217000006,24.555154298000048],[46.83127043500008,24.55516108200004],[46.83136987800003,24.555244171000027],[46.83146810300008,24.55532869500007]]]}},{"type":"Feature","properties":{"plan_no":"2705/5","plan_id":"2620","block_no":"73","parcel_count":18,"parcel_numbers":["1274","1275","1276","1277","1278","1279","1280","1281","1282","1283","1284","1285","1286","1287","1288","1289","1290","1291"],"geometry_source":"Riyadh Geoportal public parcel layers","geometry_method":"Union of parcel polygons with the Geoportal Geometry Server"},"geometry":{"type":"Polygon","coordinates":[[[46.83380137200004,24.557146319000026],[46.83361384400007,24.556901496000023],[46.83360747300003,24.556893178000053],[46.83358726300003,24.556906128000037],[46.83357451900008,24.55688949200004],[46.83356177700006,24.55687285600004],[46.83358198700006,24.556859906000057],[46.833575616000076,24.55685158700004],[46.83341691100003,24.556644393000056],[46.833238083000026,24.556410925000023],[46.83313354100005,24.556274442000074],[46.83305712400005,24.556176094000023],[46.83296278500006,24.556058433000032],[46.83286649900003,24.555942359000028],[46.83276801800008,24.555827571000066],[46.83266764900003,24.55571443100007],[46.83256513200007,24.55560263700005],[46.83246078600007,24.55549254700003],[46.832354956000074,24.55538449000005],[46.83224738200005,24.555278170000065],[46.83213531400003,24.555170986000064],[46.832021489000056,24.555065669000044],[46.83181545000008,24.55526022400005],[46.831609410000056,24.55545477800007],[46.83171369200005,24.55555139300003],[46.831816401000026,24.555649679000055],[46.83191725300003,24.555749366000043],[46.83201647300007,24.55585067900006],[46.83211450300007,24.555954102000044],[46.832210814000064,24.556059127000026],[46.832305106000035,24.556165419000024],[46.832397624000066,24.556273258000033],[46.83248807900003,24.556382304000067],[46.832576705000065,24.556492843000058],[46.83264849700004,24.556585236000046],[46.83275303800008,24.556721719000052],[46.83293065300006,24.556953605000047],[46.83310968400008,24.557187337000073],[46.833316326000045,24.557457115000034],[46.83355884900004,24.55730171700003],[46.83380137200004,24.557146319000026]]]}},{"type":"Feature","properties":{"plan_no":"2705/5","plan_id":"2620","block_no":"74","parcel_count":18,"parcel_numbers":["1292","1293","1294","1295","1296","1297","1298","1299","1300","1301","1302","1303","1304","1305","1306","1307","1308","1309"],"geometry_source":"Riyadh Geoportal public parcel layers","geometry_method":"Union of parcel polygons with the Geoportal Geometry Server"},"geometry":{"type":"Polygon","coordinates":[[[46.83266218600005,24.554689265000036],[46.832540460000075,24.554575623000062],[46.83234771300005,24.55475762800006],[46.83216269400003,24.554932335000046],[46.832274804000065,24.555037150000032],[46.83238527200007,24.555143695000027],[46.83249624100006,24.555254153000078],[46.83260542800008,24.555366372000037],[46.832712137000044,24.555479611000067],[46.83281701400006,24.555594547000055],[46.83291949800008,24.555710541000053],[46.83302010300008,24.555828168000062],[46.833118385000034,24.555946900000038],[46.83321473700005,24.556067205000033],[46.83329370600006,24.55616886400003],[46.833402369000055,24.556310728000028],[46.83358926300008,24.55655472600006],[46.833776158000035,24.556798723000043],[46.83396305300005,24.557042720000027],[46.834185364000064,24.556900272000064],[46.83440767600007,24.556757822000066],[46.83422078000007,24.55651382600007],[46.83403388500005,24.55626982900003],[46.83384699000004,24.556025832000046],[46.83373832700005,24.555883968000046],[46.833655203000035,24.555776957000035],[46.833553778000066,24.555650323000066],[46.83345032200003,24.555525342000067],[46.83334442300003,24.555401524000047],[46.83323654600008,24.555279426000027],[46.833126149000066,24.55515844000007],[46.833013824000034,24.555039242000078],[46.832898888000045,24.55492111500007],[46.83278207600006,24.554804842000067],[46.83266218600005,24.554689265000036]]]}},{"type":"Feature","properties":{"plan_no":"2705/5","plan_id":"2620","block_no":"75","parcel_count":16,"parcel_numbers":["1310","1311","1312","1313","1314","1315","1316","1317","1318","1319","1320","1321","1322","1323","1324","1325"],"geometry_source":"Riyadh Geoportal public parcel layers","geometry_method":"Union of parcel polygons with the Geoportal Geometry Server"},"geometry":{"type":"Polygon","coordinates":[[[46.83543051500004,24.55659844300004],[46.83525494500003,24.556369236000023],[46.83507937600007,24.556140029000062],[46.83490380600006,24.555910820000065],[46.83472823900007,24.555681612000058],[46.83455267000005,24.55545240400005],[46.83435598900007,24.55519563000007],[46.83408424600003,24.55539154300004],[46.83383579300005,24.555570664000072],[46.83401104400008,24.55579946200004],[46.834186611000064,24.556028670000046],[46.83436218000003,24.556257880000032],[46.83451863400006,24.556462133000025],[46.834525005000046,24.556470451000052],[46.83454521600004,24.556457501000068],[46.83455795800006,24.556474138000056],[46.834570701000075,24.556490774000054],[46.83455049100007,24.556503724000038],[46.834556862000056,24.556512042000065],[46.83471331700008,24.556716296000047],[46.83488888800008,24.556945504000055],[46.83506445800003,24.557174712000062],[46.83525135600007,24.557418707000068],[46.835510045000035,24.557252946000062],[46.83579298500007,24.557071645000065],[46.83560608600004,24.55682765000006],[46.83543051500004,24.55659844300004]]]}},{"type":"Feature","properties":{"plan_no":"2705/5","plan_id":"2620","block_no":"76","parcel_count":16,"parcel_numbers":["1326","1327","1328","1329","1330","1331","1332","1333","1334","1335","1336","1337","1338","1339","1340","1341"],"geometry_source":"Riyadh Geoportal public parcel layers","geometry_method":"Union of parcel polygons with the Geoportal Geometry Server"},"geometry":{"type":"Polygon","coordinates":[[[46.835144151000065,24.55481007000003],[46.83505300600007,24.55469559900007],[46.834783766000044,24.554888748000053],[46.834511544000065,24.55508403600004],[46.834674705000054,24.555297047000067],[46.83484460900007,24.555518862000042],[46.83501451300003,24.555740677000074],[46.83518441800004,24.55596249100006],[46.835354324000036,24.556184305000045],[46.83552423100008,24.55640611800004],[46.835694138000065,24.556627930000047],[46.835847055000045,24.556827562000024],[46.83591579400007,24.556838631000062],[46.836158312000066,24.556683229000043],[46.836441250000064,24.556501927000056],[46.83626001500005,24.556265327000062],[46.83609010600003,24.556043514000066],[46.83592019900004,24.55582170200006],[46.835750293000046,24.555599888000074],[46.83558038800004,24.55537807500008],[46.83541048300003,24.555156262000025],[46.835240578000025,24.55493444800004],[46.83523385600006,24.55492567300007],[46.835144151000065,24.55481007000003]]]}},{"type":"Feature","properties":{"plan_no":"2705/5","plan_id":"2620","block_no":"77","parcel_count":10,"parcel_numbers":["1342","1343","1344","1345","1346","1347","1348","1349","1350","1351"],"geometry_source":"Riyadh Geoportal public parcel layers","geometry_method":"Union of parcel polygons with the Geoportal Geometry Server"},"geometry":{"type":"Polygon","coordinates":[[[46.834752337000054,24.554337587000077],[46.834564717000035,24.55412801800003],[46.83431079800005,24.554310177000048],[46.83407003200006,24.55448289900005],[46.83382926500008,24.554655619000073],[46.83358849700005,24.554828341000075],[46.83334717100007,24.555001462000064],[46.83353606700007,24.55521010600006],[46.833628187000045,24.55531604600003],[46.83371887700008,24.55542321200005],[46.833957645000055,24.55525192600004],[46.83419841300008,24.555079204000037],[46.83443918000006,24.554906482000035],[46.83467994600005,24.554733759000044],[46.83493456000008,24.554551101000072],[46.834752337000054,24.554337587000077]]]}},{"type":"Feature","properties":{"plan_no":"2705/5","plan_id":"2620","block_no":"78","parcel_count":32,"parcel_numbers":["1352","1353","1354","1355","1356","1357","1358","1359","1360","1361","1362","1363","1364","1365","1366","1367","1368","1369","1370","1371","1372","1373","1374","1375","1376","1377","1378","1379","1380","1381","1382","1383"],"geometry_source":"Riyadh Geoportal public parcel layers","geometry_method":"Union of parcel polygons with the Geoportal Geometry Server"},"geometry":{"type":"Polygon","coordinates":[[[46.832285101000025,24.553209908000042],[46.83215621200003,24.553115456000057],[46.83202604400003,24.553022775000045],[46.83189496500006,24.552932104000035],[46.831762672000025,24.552843215000053],[46.83162943800005,24.552756273000057],[46.83149505000006,24.552671128000043],[46.83135968900007,24.552587876000075],[46.83122323200007,24.552506434000065],[46.83108576700005,24.552426840000066],[46.83094726100006,24.552349071000037],[46.830807708000066,24.552273112000023],[46.83066716700006,24.552198995000026],[46.83052554000005,24.55212665600004],[46.830382978000046,24.552056176000065],[46.83026709200004,24.552000571000065],[46.83010512700008,24.551923903000045],[46.829833387000065,24.55179527100006],[46.82956164800004,24.551666639000075],[46.82928990900007,24.551538006000044],[46.829018173000065,24.55140937400006],[46.82886614100005,24.551677980000022],[46.82871414300007,24.551946523000026],[46.82898588200004,24.552075156000058],[46.82925762200006,24.55220379000008],[46.82952936200007,24.552332423000053],[46.82980110200003,24.552461055000038],[46.82996328200005,24.55253782400007],[46.830072475000065,24.55259034000005],[46.83020698000007,24.55265697300007],[46.830340611000054,24.552725343000077],[46.830473221000034,24.552795375000073],[46.830604908000055,24.55286712900005],[46.83073561300006,24.552940577000072],[46.83086534500006,24.553015732000063],[46.831075697000074,24.55314250500004],[46.831094360000066,24.55315405500005],[46.83109438400004,24.553154023000047],[46.83110355700006,24.553159746000063],[46.83111746700007,24.553141105000066],[46.83113581200007,24.55315255200003],[46.83115415800006,24.55316399900005],[46.831140248000054,24.553182640000045],[46.83114942200007,24.55318836200007],[46.83137454200005,24.553333578000036],[46.831499449000034,24.553417437000064],[46.83162322000004,24.55350296200004],[46.831746148000036,24.553590373000077],[46.83186788200004,24.553679441000043],[46.83199268900006,24.55377343200007],[46.83211615600004,24.553869176000035],[46.832238784000026,24.553967089000025],[46.83235999900006,24.554066744000068],[46.832480399000076,24.55416866400003],[46.832599310000035,24.554272318000073],[46.83271680800004,24.55437777900005],[46.83283275300005,24.55448494600006],[46.83306877700005,24.554275219000033],[46.83330596600007,24.55406445600005],[46.833183371000075,24.553950735000058],[46.83305911300005,24.553838833000043],[46.83293333100005,24.553728854000042],[46.832805955000026,24.55362072400004],[46.832677690000025,24.55351500300003],[46.83254791300004,24.553411143000062],[46.83241722500003,24.553309588000047],[46.832285101000025,24.553209908000042]]]}},{"type":"Feature","properties":{"plan_no":"2705/5","plan_id":"2620","block_no":"79","parcel_count":38,"parcel_numbers":["1384","1385","1386","1387","1388","1389","1390","1391","1392","1393","1394","1395","1396","1397","1398","1399","1400","1401","1402","1403","1404","1405","1406","1407","1408","1409","1410","1411","1412","1413","1414","1415","1416","1417","1418","1419","1420","1421"],"geometry_source":"Riyadh Geoportal public parcel layers","geometry_method":"Union of parcel polygons with the Geoportal Geometry Server"},"geometry":{"type":"Polygon","coordinates":[[[46.83190416000008,24.551943350000045],[46.83164788900007,24.55179041200006],[46.83163165700006,24.55178099500006],[46.83149396200008,24.55170236300006],[46.831355314000064,24.551625425000054],[46.83121568800004,24.551550158000055],[46.831075155000065,24.55147659900007],[46.83081094100004,24.55134378400004],[46.830799375000026,24.55136371900005],[46.83077965200005,24.551354383000046],[46.83075992900007,24.55134504700004],[46.83077149500008,24.55132511100004],[46.83067538000006,24.55127897600005],[46.830513514000074,24.551202355000044],[46.83024177600004,24.551073724000048],[46.829970037000066,24.550945092000063],[46.82969829900003,24.550816460000078],[46.82942656300003,24.550687828000036],[46.82926772700006,24.550968460000036],[46.82910892600006,24.551249031000054],[46.82938066300005,24.55137766400003],[46.82965240100003,24.55150629600007],[46.82992414100005,24.551634928000055],[46.830195880000076,24.55176355900005],[46.83035783300005,24.551840222000067],[46.83043774300006,24.551878703000057],[46.83044760400003,24.551883372000077],[46.83045917000004,24.55186343500003],[46.830478894000066,24.551872771000035],[46.830498617000046,24.55188210800003],[46.830487050000045,24.55190204400003],[46.83049691200006,24.55190671200006],[46.830735822000065,24.552027074000023],[46.83086870000005,24.552096627000026],[46.83100072000008,24.55216779400007],[46.83113181500005,24.55224054100006],[46.831262009000056,24.552314891000037],[46.83130676600007,24.55234094000008],[46.831519670000034,24.552468401000056],[46.831647168000075,24.552547599000036],[46.831773672000054,24.55262837500004],[46.831899347000046,24.552710842000067],[46.83202398000003,24.552794876000064],[46.83214781200007,24.552880651000066],[46.83227055000003,24.55296798200004],[46.83239251400005,24.553057109000065],[46.832513332000076,24.553147783000043],[46.83263339700005,24.553240318000064],[46.83275226000006,24.553334392000068],[46.832870394000054,24.553430397000056],[46.83298726900006,24.553527931000076],[46.83310343100004,24.553627478000067],[46.83321827100008,24.55372854700005],[46.833332416000076,24.553831719000073],[46.833445175000065,24.55393640500006],[46.83355725300004,24.554043295000042],[46.83366787400007,24.55415169200006],[46.83378088500007,24.55426552800003],[46.833892277000075,24.554380948000073],[46.83416441700007,24.554185720000078],[46.834436597000035,24.55399046200006],[46.83430739700003,24.55385602700005],[46.834176127000035,24.553723614000035],[46.83405913300004,24.553608971000074],[46.83394059800003,24.553495922000025],[46.83382134200008,24.55338520600003],[46.83370062000006,24.553276091000043],[46.83357916300008,24.55316920000007],[46.83345630900004,24.553063919000067],[46.833332702000064,24.552960765000023],[46.83320776200003,24.552859230000024],[46.833082051000076,24.55275973700003],[46.83295506800005,24.552661872000044],[46.83282729000007,24.55256597300007],[46.83269830000006,24.552471711000067],[46.83256849000003,24.552379349000034],[46.832437525000046,24.552288633000046],[46.83230571100006,24.55219975800003],[46.832172795000076,24.552112540000053],[46.832039003000034,24.55202711100003],[46.83190416000008,24.551943350000045]]]}},{"type":"Feature","properties":{"plan_no":"2705/5","plan_id":"2620","block_no":"80","parcel_count":24,"parcel_numbers":["1422","1423","1424","1425","1426","1427","1428","1429","1430","1431","1432","1433","1434","1435","1436","1437","1438","1439","1440","1441","1442","1443","1444","1445"],"geometry_source":"Riyadh Geoportal public parcel layers","geometry_method":"Union of parcel polygons with the Geoportal Geometry Server"},"geometry":{"type":"Polygon","coordinates":[[[46.837178867000034,24.55589152600004],[46.837197057000026,24.555879872000048],[46.83721121600007,24.555898356000057],[46.837220384000034,24.555892481000058],[46.83744363500006,24.555749441000046],[46.837694243000044,24.555588870000065],[46.83794485200008,24.555428298000038],[46.838195459000076,24.555267726000068],[46.83844606500003,24.55510715400004],[46.83866946200004,24.554964015000053],[46.838678482000034,24.55495823600006],[46.83866432200006,24.554939751000063],[46.83868251200005,24.554928097000072],[46.83870070000006,24.554916443000025],[46.83871486000004,24.554934926000044],[46.83872402800006,24.554929052000034],[46.838947276000056,24.554786008000065],[46.83919788000003,24.554625435000048],[46.83946465200006,24.554454502000056],[46.83977184300005,24.554257669000037],[46.839592577000076,24.554023648000054],[46.839586230000066,24.554015363000076],[46.83956602100005,24.55402831300006],[46.83955327800004,24.55401167800005],[46.839540535000026,24.553995042000054],[46.83956074400004,24.553982091000023],[46.839554347000046,24.55397374000006],[46.839375259000064,24.553739949000033],[46.83906808100005,24.553936798000052],[46.83880132100006,24.554107744000078],[46.83855072600005,24.55426833100006],[46.83830013200003,24.554428915000074],[46.83804953600003,24.554589501000066],[46.83779894000003,24.554750085000023],[46.837575626000046,24.554893186000072],[46.83756653300003,24.554899013000067],[46.837580692000074,24.554917498000066],[46.83756250300007,24.554929153000046],[46.83754431500006,24.554940808000026],[46.83753015500008,24.554922324000074],[46.837521061000075,24.55492815200006],[46.83729774600005,24.55507125300005],[46.83704714900006,24.555231836000075],[46.83679654900004,24.555392420000032],[46.83654595000007,24.555553002000067],[46.83619026000008,24.55578092500008],[46.83638848600003,24.556039706000035],[46.83658671200004,24.55629848700005],[46.836942417000046,24.556070582000075],[46.83716581700003,24.555927445000066],[46.83717483800007,24.555921665000028],[46.83716067800003,24.555903181000076],[46.837178867000034,24.55589152600004]]]}},{"type":"Feature","properties":{"plan_no":"2705/5","plan_id":"2620","block_no":"81","parcel_count":18,"parcel_numbers":["1446","1447","1448","1449","1450","1451","1452","1453","1454","1455","1456","1457","1458","1459","1460","1461","1462","1463"],"geometry_source":"Riyadh Geoportal public parcel layers","geometry_method":"Union of parcel polygons with the Geoportal Geometry Server"},"geometry":{"type":"Polygon","coordinates":[[[46.83656202000003,24.55532224600006],[46.83639976100005,24.555110418000027],[46.83639339000007,24.555102100000056],[46.836373180000066,24.55511505000004],[46.83636043700005,24.555098414000042],[46.83634769400004,24.555081778000044],[46.83636790400004,24.55506882800006],[46.83636153200007,24.555060510000033],[46.83619927400008,24.554848681000067],[46.83601790200004,24.554611899000065],[46.83592098400004,24.554485370000066],[46.835833954000066,24.55437309100006],[46.835738941000045,24.554253455000037],[46.83564247000004,24.55413499100007],[46.83554435800005,24.554017465000072],[46.83544482000008,24.553901143000076],[46.83534366500004,24.553785794000078],[46.835241117000066,24.553671681000026],[46.83513697700005,24.553558577000047],[46.835031479000065,24.553446738000048],[46.83487680400003,24.553287519000037],[46.83471939800006,24.553130999000075],[46.83453005200005,24.55334238300003],[46.834340627000074,24.553553855000075],[46.83446390300003,24.55367756800007],[46.83458540400005,24.553803026000026],[46.834785863000036,24.554018118000045],[46.83498064500003,24.554237529000034],[46.835169638000025,24.554461137000033],[46.83535273500007,24.554688810000073],[46.83543595300006,24.554796173000057],[46.835532871000055,24.554922702000056],[46.83571424200005,24.555159484000058],[46.83589561500003,24.55539626700005],[46.83607698900005,24.55563305000004],[46.83631950500006,24.55547764800008],[46.83656202000003,24.55532224600006]]]}},{"type":"Feature","properties":{"plan_no":"2705/5","plan_id":"2620","block_no":"82","parcel_count":19,"parcel_numbers":["1464","1465","1466","1467","1468","1469","1470","1471","1472","1473","1474","1475","1476","1477","1478","1479","1885","2043/م","2044/م"],"geometry_source":"Riyadh Geoportal public parcel layers","geometry_method":"Union of parcel polygons with the Geoportal Geometry Server"},"geometry":{"type":"Polygon","coordinates":[[[46.83921979300004,24.553550749000067],[46.838687513000025,24.553298832000053],[46.83842010400008,24.553470194000056],[46.83837248200007,24.553500711000027],[46.83808147000008,24.553687196000055],[46.837838961000045,24.553842601000042],[46.837596449000046,24.55399800400005],[46.837353937000046,24.554153409000037],[46.83711142400006,24.554308812000045],[46.83686891200006,24.554464215000053],[46.83662639800008,24.55461961700007],[46.83638388400004,24.554775019000033],[46.83655379100003,24.55499683200003],[46.836723697000025,24.555218644000036],[46.83696621100006,24.555063242000074],[46.83720872600003,24.554907838000076],[46.837451239000075,24.55475243500007],[46.837693752000064,24.55459703100007],[46.837936264000064,24.554441627000074],[46.83817877600006,24.55428622200003],[46.838421287000074,24.554130817000043],[46.838712299000065,24.553944330000036],[46.83875992000003,24.553913814000055],[46.839224571000045,24.55361605300004],[46.83921979300004,24.553550749000067]]]}},{"type":"Feature","properties":{"plan_no":"2705/5","plan_id":"2620","block_no":"83","parcel_count":16,"parcel_numbers":["1480","1481","1482","1483","1484","1485","1486","1487","1488","1489","1490","1491","1492","1493","1494","1495"],"geometry_source":"Riyadh Geoportal public parcel layers","geometry_method":"Union of parcel polygons with the Geoportal Geometry Server"},"geometry":{"type":"Polygon","coordinates":[[[46.838192813000035,24.553064696000035],[46.837895993000075,24.55292421400003],[46.83762838700005,24.553095701000075],[46.83738587700003,24.553251104000026],[46.83714336600008,24.553406508000023],[46.83690085500007,24.55356191100003],[46.83665834300007,24.55371731300005],[46.83641583000008,24.553872716000058],[46.83617331800008,24.55402811700003],[46.835928713000044,24.55418485900003],[46.83608266500005,24.55438177600007],[46.83610070800006,24.554405332000044],[46.83627061300007,24.55462714500004],[46.836513128000036,24.55447174300008],[46.83675564100008,24.55431634000007],[46.83699815400007,24.554160937000063],[46.83724066600007,24.554005534000055],[46.83748317800007,24.553850131000047],[46.83772568900008,24.55369472700005],[46.837968199000045,24.553539323000052],[46.83843304700008,24.553241439000033],[46.838428270000065,24.553176136000047],[46.838192813000035,24.553064696000035]]]}},{"type":"Feature","properties":{"plan_no":"2705/5","plan_id":"2620","block_no":"84","parcel_count":11,"parcel_numbers":["1496","1497","1498","1499","1500","1501","1502","1503","1504","1505","1506"],"geometry_source":"Riyadh Geoportal public parcel layers","geometry_method":"Union of parcel polygons with the Geoportal Geometry Server"},"geometry":{"type":"Polygon","coordinates":[[[46.83763675100005,24.552801517000034],[46.83734154200005,24.552661802000046],[46.837331680000034,24.55265713400007],[46.837320340000076,24.552677179000057],[46.83730061600005,24.55266784400004],[46.83728089200008,24.552658509000025],[46.83729223300003,24.55263846500003],[46.83728237100007,24.552633797000055],[46.83702267500007,24.55251088500006],[46.83673339100005,24.55237397600007],[46.83644410900007,24.552237064000053],[46.836154828000076,24.552100151000047],[46.83579521100006,24.551929948000065],[46.83553947200005,24.55221546000007],[46.835315679000075,24.552465306000045],[46.83581462800004,24.55270146600003],[46.83610390700005,24.55283838500003],[46.836393187000056,24.55297530200005],[46.83668246700006,24.55311222000006],[46.83701383300007,24.553269055000044],[46.837333165000075,24.55306442400007],[46.83764152800006,24.552866821000066],[46.83763675100005,24.552801517000034]]]}},{"type":"Feature","properties":{"plan_no":"2705/5","plan_id":"2620","block_no":"85","parcel_count":33,"parcel_numbers":["1507","1508","1509","1510","1511","1512","1513","1514","1515","1516","1517","1518","1519","1520","1521","1522","1523","1524","1525","1526","1527","1528","1529","1530","1531","1532","1533","1534","1535","1536","1537","1538","1539"],"geometry_source":"Riyadh Geoportal public parcel layers","geometry_method":"Union of parcel polygons with the Geoportal Geometry Server"},"geometry":{"type":"Polygon","coordinates":[[[46.839415185000064,24.55267757400003],[46.83918178700003,24.55256711100003],[46.83917192500007,24.552562444000046],[46.83916058600005,24.55258248800004],[46.83914086200008,24.552573154000072],[46.83912113800005,24.552563819000056],[46.83913247800007,24.55254377400007],[46.839122616000054,24.55253910600004],[46.83888921800008,24.552428642000052],[46.83862623500005,24.552304176000064],[46.83836325300007,24.55217970900003],[46.83810027100003,24.552055241000062],[46.83783729000004,24.551930774000027],[46.83757430900005,24.55180630600006],[46.837311328000055,24.551681836000057],[46.83704834900004,24.551557367000044],[46.83678536900004,24.55143289800003],[46.836522391000074,24.551308428000027],[46.836259453000025,24.55118397500007],[46.836078007000026,24.55150469000006],[46.83591926500003,24.551785273000064],[46.83618220200003,24.551909729000045],[46.836445179000066,24.552034203000062],[46.83670815800008,24.552158676000033],[46.83697113800008,24.55228314900006],[46.83723411700004,24.552407621000043],[46.83749709700004,24.552532093000025],[46.83776007700004,24.552656565000063],[46.83802305800003,24.552781036000056],[46.83828604000007,24.552905507000048],[46.83854902100006,24.553029980000076],[46.838812003000044,24.553154448000043],[46.83907498700006,24.553278917000057],[46.839370141000074,24.55341861100004],[46.83955370900003,24.553658248000033],[46.83973619600005,24.553896475000045],[46.839933389000066,24.55415389800004],[46.84021362100003,24.55397431600005],[46.840493851000076,24.553794733000075],[46.84043998900006,24.553629285000056],[46.840413252000076,24.553555061000054],[46.84038199500003,24.553482624000026],[46.84034825900005,24.55341572800006],[46.84031080200003,24.553350843000032],[46.84026974400007,24.553288175000034],[46.84022521500003,24.553227923000065],[46.840172781000035,24.553164870000046],[46.840116746000035,24.553104994000023],[46.84005730200005,24.553048500000045],[46.839994654000066,24.55299558300004],[46.83992745200004,24.552945073000046],[46.83985751400007,24.552898424000034],[46.83978506100004,24.552855787000055],[46.83971032300008,24.552817295000068],[46.83970142000004,24.552813042000025],[46.839415185000064,24.55267757400003]]]}},{"type":"Feature","properties":{"plan_no":"2705/5","plan_id":"2620","block_no":"86","parcel_count":10,"parcel_numbers":["1540","1541","1542","1543","1544","1549","1550","1551","1552","1553"],"geometry_source":"Riyadh Geoportal public parcel layers","geometry_method":"Union of parcel polygons with the Geoportal Geometry Server"},"geometry":{"type":"Polygon","coordinates":[[[46.83254222800008,24.549424483000053],[46.832235430000026,24.549279257000023],[46.832099338000035,24.549519790000033],[46.831963245000054,24.549760322000054],[46.83226998300006,24.54990552000004],[46.83255925100008,24.550042447000067],[46.832848521000074,24.55017937300005],[46.83313779100007,24.550316300000077],[46.83343582700007,24.55045737300003],[46.83357194800004,24.55021685500003],[46.833708071000046,24.549976334000064],[46.83341003400005,24.549835261000055],[46.83312076400006,24.549698336000063],[46.83283149600004,24.549561410000024],[46.83254222800008,24.549424483000053]]]}},{"type":"Feature","properties":{"plan_no":"2705/5","plan_id":"2620","block_no":"87","parcel_count":4,"parcel_numbers":["1545","1546","1547","1548"],"geometry_source":"Riyadh Geoportal public parcel layers","geometry_method":"Union of parcel polygons with the Geoportal Geometry Server"},"geometry":{"type":"Polygon","coordinates":[[[46.83183220800004,24.549088391000055],[46.83152541000004,24.548943164000036],[46.83138928400007,24.54918368700004],[46.831253160000074,24.549424204000047],[46.83155995900006,24.549569431000066],[46.83185799700004,24.54971049900007],[46.83199411500004,24.549469990000034],[46.83213024100007,24.549229467000032],[46.83183220800004,24.549088391000055]]]}},{"type":"Feature","properties":{"plan_no":"2705/5","plan_id":"2620","block_no":"88","parcel_count":10,"parcel_numbers":["1554","1555","1556","1557","1558","1559","1560","1561","1562","1563"],"geometry_source":"Riyadh Geoportal public parcel layers","geometry_method":"Union of parcel polygons with the Geoportal Geometry Server"},"geometry":{"type":"Polygon","coordinates":[[[46.83295938400005,24.55043515400007],[46.832696412000075,24.550310676000038],[46.83251945200004,24.550623350000023],[46.83237425400006,24.550879902000077],[46.83222905500003,24.551136454000073],[46.832083855000064,24.55139300700006],[46.83192008300006,24.551682374000052],[46.832167629000025,24.551834118000045],[46.83241198400003,24.55199149500004],[46.83260980700004,24.551641963000066],[46.83275500500008,24.551385410000023],[46.832900202000076,24.551128858000027],[46.83304539900007,24.55087230500004],[46.833181522000075,24.550631786000054],[46.83314346600008,24.550522287000035],[46.83295938400005,24.55043515400007]]]}},{"type":"Feature","properties":{"plan_no":"2705/5","plan_id":"2620","block_no":"89","parcel_count":10,"parcel_numbers":["1564","1565","1566","1567","1568","1569","1570","1571","1572","1573"],"geometry_source":"Riyadh Geoportal public parcel layers","geometry_method":"Union of parcel polygons with the Geoportal Geometry Server"},"geometry":{"type":"Polygon","coordinates":[[[46.832231741000044,24.550090719000025],[46.83189873200007,24.549933086000067],[46.83173084200007,24.55022973000007],[46.83158564300004,24.550486281000076],[46.83144044200003,24.55074283400006],[46.83129524200007,24.55099938500007],[46.83114991000008,24.551256167000076],[46.83131302500004,24.55134090300004],[46.83147494900004,24.55142789100006],[46.831614555000044,24.55150523700007],[46.83175321500005,24.551584266000077],[46.83191752700003,24.551293945000054],[46.83206272600006,24.55103739200007],[46.832207925000034,24.550780841000062],[46.832353124000065,24.550524288000076],[46.83252101100004,24.550227647000042],[46.832231741000044,24.550090719000025]]]}},{"type":"Feature","properties":{"plan_no":"2705/5","plan_id":"2620","block_no":"90","parcel_count":10,"parcel_numbers":["1574","1575","1576","1577","1578","1579","1580","1581","1582","1583"],"geometry_source":"Riyadh Geoportal public parcel layers","geometry_method":"Union of parcel polygons with the Geoportal Geometry Server"},"geometry":{"type":"Polygon","coordinates":[[[46.83144282600006,24.549717284000053],[46.831162336000034,24.54958451400006],[46.83099732300008,24.549876108000035],[46.83085213700008,24.550132666000025],[46.830706950000035,24.55038922400007],[46.83056176300005,24.55064578200006],[46.83041657500007,24.55090234000005],[46.83069699100008,24.551035081000066],[46.83078879300007,24.551078533000066],[46.83080443700004,24.55108595200005],[46.830977491000056,24.55116786800005],[46.83112269900005,24.550911306000046],[46.83126790000006,24.55065475500004],[46.83141310000008,24.550398203000043],[46.83155829900005,24.550141652000036],[46.83172332700008,24.549850064000054],[46.83144282600006,24.549717284000053]]]}},{"type":"Feature","properties":{"plan_no":"2705/5","plan_id":"2620","block_no":"91","parcel_count":16,"parcel_numbers":["1584","1585","1586","1587","1588","1589","1590","1591","1592","1593","1594","1595","1596","1597","1598","1599"],"geometry_source":"Riyadh Geoportal public parcel layers","geometry_method":"Union of parcel polygons with the Geoportal Geometry Server"},"geometry":{"type":"Polygon","coordinates":[[[46.83099946500005,24.548694219000026],[46.83064884100003,24.548528244000067],[46.83051272100005,24.54876875100007],[46.830376595000075,24.54900926700003],[46.830240469000046,24.54924978300005],[46.83010434300007,24.54949029900007],[46.829968217000044,24.549730815000032],[46.829832089000035,24.54997133100005],[46.82969596000004,24.55021184700007],[46.82953999700004,24.550487408000038],[46.829890626000065,24.55065338600008],[46.83024125500003,24.550819361000038],[46.83039721700004,24.55054380000007],[46.83053334400006,24.550303283000062],[46.83066947000003,24.550062767000043],[46.83080559600006,24.549822250000034],[46.830941722000034,24.54958173400007],[46.83107784600003,24.549341217000062],[46.83121397100007,24.549100700000054],[46.83135009000006,24.548860193000053],[46.83099946500005,24.548694219000026]]]}},{"type":"Feature","properties":{"plan_no":"2705/5","plan_id":"2620","block_no":"92","parcel_count":22,"parcel_numbers":["1600","1601","1602","1603","1604","1605","1606","1607","1608","1609","1610","1611","1612","1613","1614","1615","1616","1617","1618","1619","1620","1621"],"geometry_source":"Riyadh Geoportal public parcel layers","geometry_method":"Union of parcel polygons with the Geoportal Geometry Server"},"geometry":{"type":"Polygon","coordinates":[[[46.829759910000064,24.548920646000056],[46.829453200000046,24.548775456000044],[46.829315386000076,24.54901893300007],[46.82917471300004,24.549267462000046],[46.82903403900008,24.54951599000003],[46.828893364000066,24.549764520000053],[46.828752689000055,24.55001304800004],[46.82860747500007,24.550269592000063],[46.82846226200007,24.550526139000056],[46.82831704800003,24.55078268400007],[46.828171833000056,24.551039229000025],[46.82802661800008,24.55129577500003],[46.82788140100007,24.55155232100003],[46.828188201000046,24.551697554000043],[46.82849499900004,24.551842786000066],[46.828640215000064,24.551586239000073],[46.82878543100003,24.55132969300007],[46.82893064500007,24.551073148000057],[46.829075859000056,24.550816603000044],[46.82922107200005,24.55056005700004],[46.82936628500005,24.55030351100004],[46.82950696000006,24.550054981000073],[46.829647633000036,24.54980645200004],[46.82978830600007,24.549557923000066],[46.829928978000055,24.549309394000034],[46.830066791000036,24.549065916000075],[46.829759910000064,24.548920646000056]]]}},{"type":"Feature","properties":{"plan_no":"2705/5","plan_id":"2620","block_no":"93","parcel_count":16,"parcel_numbers":["1622","1623","1624","1625","1626","1627","1628","1629","1630","1631","1632","1633","1634","1635","1636","1637"],"geometry_source":"Riyadh Geoportal public parcel layers","geometry_method":"Union of parcel polygons with the Geoportal Geometry Server"},"geometry":{"type":"Polygon","coordinates":[[[46.82858525900008,24.54922874700003],[46.828278391000026,24.549083478000057],[46.828128657000036,24.54934804900006],[46.82797892200006,24.549612619000072],[46.827824650000025,24.549885207000045],[46.82767945200004,24.55014175900004],[46.82753425300007,24.550398312000027],[46.82738905400004,24.550654864000023],[46.82724385300003,24.550911416000076],[46.82709248800006,24.55117886000005],[46.82739928600006,24.55132409600003],[46.827706086000035,24.55146933000003],[46.82785745000007,24.55120188500007],[46.82800265000003,24.550945332000026],[46.82814784800007,24.55068878000003],[46.828293046000056,24.550432226000055],[46.82843824300005,24.55017567300007],[46.828592515000025,24.54990308500004],[46.82874224900007,24.549638515000026],[46.82889198100003,24.54937394500007],[46.82858525900008,24.54922874700003]]]}},{"type":"Feature","properties":{"plan_no":"2705/5","plan_id":"2620","block_no":"94","parcel_count":10,"parcel_numbers":["1638","1639","1640","1641","1642","1643","1644","1645","1646","1647"],"geometry_source":"Riyadh Geoportal public parcel layers","geometry_method":"Union of parcel polygons with the Geoportal Geometry Server"},"geometry":{"type":"Polygon","coordinates":[[[46.82599726300003,24.55005059000007],[46.82569924900008,24.54990947600004],[46.82556306300006,24.550150076000023],[46.82542701800003,24.550390427000025],[46.82572504700005,24.550531516000035],[46.82602307700006,24.550672604000056],[46.82632110800006,24.550813693000066],[46.82661914000005,24.55095478100003],[46.826917223000066,24.551095891000045],[46.82705323500005,24.550855523000052],[46.827189315000055,24.550615032000053],[46.826891309000075,24.55047392700004],[46.826593295000066,24.550332813000068],[46.82629527800003,24.550191703000053],[46.82599726300003,24.55005059000007]]]}},{"type":"Feature","properties":{"plan_no":"2705/5","plan_id":"2620","block_no":"95","parcel_count":22,"parcel_numbers":["1648","1649","1650","1651","1652","1653","1654","1655","1656","1657","1658","1659","1660","1661","1662","1663","1664","1665","1666","1667","1668","1669"],"geometry_source":"Riyadh Geoportal public parcel layers","geometry_method":"Union of parcel polygons with the Geoportal Geometry Server"},"geometry":{"type":"Polygon","coordinates":[[[46.828269317000036,24.548706769000034],[46.828409976000046,24.548458233000076],[46.82855063400007,24.54820969700006],[46.82869129200003,24.547961162000036],[46.82885180200003,24.547677546000045],[46.828501318000065,24.54751163000003],[46.82815067800004,24.547345638000024],[46.827990157000045,24.547629248000078],[46.82784949000006,24.547877779000032],[46.827708822000034,24.548126311000033],[46.82756815300007,24.548374843000033],[46.82744279900004,24.548596315000054],[46.82743769500007,24.548605334000058],[46.82745960800003,24.548615708000057],[46.827449399000045,24.548633746000064],[46.827439189000074,24.54865178500006],[46.82741727600006,24.548641411000062],[46.82741217000006,24.548650431000056],[46.827286815000036,24.548871904000066],[46.827146146000075,24.54912043400003],[46.82700547500008,24.549368965000042],[46.82686480500007,24.549617496000053],[46.82672413300003,24.549866027000064],[46.82657886900006,24.550122669000075],[46.82692950100005,24.550288694000074],[46.827280065000025,24.55045468700007],[46.82742535300008,24.550197980000064],[46.82756601500006,24.54994944500004],[46.82770667600005,24.54970091100006],[46.82784733700004,24.549452375000044],[46.827987998000026,24.549203840000075],[46.828128657000036,24.54895530400006],[46.828269317000036,24.548706769000034]]]}},{"type":"Feature","properties":{"plan_no":"2705/5","plan_id":"2620","block_no":"96","parcel_count":20,"parcel_numbers":["1670","1671","1672","1673","1674","1675","1676","1677","1678","1679","1680","1681","1682","1683","1684","1685","1686","1687","1688","1689"],"geometry_source":"Riyadh Geoportal public parcel layers","geometry_method":"Union of parcel polygons with the Geoportal Geometry Server"},"geometry":{"type":"Polygon","coordinates":[[[46.82640363200005,24.550039694000077],[46.82656703100008,24.549750993000032],[46.82673038300004,24.54946237300004],[46.826893734000066,24.549173753000048],[46.82704347200007,24.548909184000024],[46.82719320900003,24.548644616000047],[46.827342947000034,24.548380046000034],[46.82749268300006,24.548115477000067],[46.82764241800004,24.547850908000044],[46.827792153000075,24.547586340000066],[46.827975353000056,24.547262639000053],[46.82766856300003,24.547117403000072],[46.82736177500004,24.546972168000025],[46.827178580000066,24.547295872000063],[46.827028840000025,24.547560438000062],[46.82687910000004,24.54782500500005],[46.82672936000006,24.548089572000038],[46.82657962600007,24.54835414300004],[46.826429888000064,24.548618711000074],[46.82628014900007,24.54888327900005],[46.826116797000054,24.549171898000054],[46.82595344400005,24.549460517000057],[46.82579007500004,24.549749163000058],[46.82606758500003,24.549880572000063],[46.826077131000034,24.54988509100008],[46.82608847400007,24.54986504900006],[46.826108196000064,24.549874386000056],[46.826127918000054,24.54988372300005],[46.82611657500007,24.549903766000057],[46.826126749000025,24.549908584000036],[46.82640363200005,24.550039694000077]]]}},{"type":"Feature","properties":{"plan_no":"2705/5","plan_id":"2620","block_no":"97","parcel_count":22,"parcel_numbers":["1690","1691","1692","1693","1694","1695","1696","1697","1698","1699","1700","1701","1702","1703","1704","1705","1706","1707","1708","1709","1710","1711"],"geometry_source":"Riyadh Geoportal public parcel layers","geometry_method":"Union of parcel polygons with the Geoportal Geometry Server"},"geometry":{"type":"Polygon","coordinates":[[[46.82624157500004,24.54855869200003],[46.82637770200006,24.548318175000077],[46.82651382700004,24.548077659000057],[46.826649952000025,24.54783714200005],[46.82682347100007,24.547530555000037],[46.82647293100007,24.547364698000024],[46.82612215700004,24.54719872900006],[46.82594871300006,24.547505166000064],[46.825812582000026,24.547745680000048],[46.82567644900007,24.547986194000032],[46.82554031700005,24.548226707000026],[46.82541949900008,24.548440163000066],[46.82541439400006,24.54844918200007],[46.825436308000064,24.54845955600007],[46.82542609800004,24.548477594000076],[46.825415888000066,24.548495633000073],[46.825393975000054,24.548485258000028],[46.82538886900005,24.548494278000078],[46.82526351300004,24.54871575100003],[46.82512284200004,24.548964280000064],[46.824982170000055,24.549212811000075],[46.82484149800007,24.54946134000005],[46.82470082400005,24.549709870000072],[46.824550489000046,24.54997546800007],[46.82490120600005,24.550141503000077],[46.825251793000064,24.550307475000068],[46.825402120000035,24.550041873000055],[46.825542787000074,24.549793341000054],[46.82568345300007,24.549544807000075],[46.82582411900006,24.549296274000028],[46.825964784000064,24.549047742000027],[46.82610544900007,24.548799208000048],[46.82624157500004,24.54855869200003]]]}},{"type":"Feature","properties":{"plan_no":"2705/5","plan_id":"2620","block_no":"98","parcel_count":22,"parcel_numbers":["1712","1713","1714","1715","1716","1717","1718","1719","1720","1721","1722","1723","1724","1725","1726","1727","1728","1729","1730","1731","1732","1733"],"geometry_source":"Riyadh Geoportal public parcel layers","geometry_method":"Union of parcel polygons with the Geoportal Geometry Server"},"geometry":{"type":"Polygon","coordinates":[[[46.825365024000064,24.54814372000004],[46.82550115300006,24.54790320500007],[46.82563728300005,24.54766269000004],[46.82577341100006,24.547422176000055],[46.82594683000008,24.54711577200004],[46.82564000700006,24.54697059600005],[46.825333185000034,24.54682542100005],[46.825159830000075,24.54713169300004],[46.82502369500003,24.547372205000045],[46.824887560000036,24.54761271700005],[46.824751424000056,24.547853229000054],[46.82463060300006,24.54806668200007],[46.824625498000046,24.548075701000073],[46.82464741100006,24.54808607500007],[46.82463720100003,24.54810411400007],[46.82462699200005,24.548122153000065],[46.82460507800005,24.548111778000077],[46.824599972000044,24.54812079800007],[46.82447461300006,24.548342269000045],[46.82433393900004,24.54859079700003],[46.82419326400003,24.548839326000063],[46.82405258800003,24.54908785300006],[46.82391191100004,24.549336382000035],[46.82376157300007,24.549601978000055],[46.82406836500007,24.549747221000075],[46.82437521800006,24.549892492000026],[46.82452555000003,24.54962689200005],[46.82466621900005,24.549378361000038],[46.82480688900006,24.549129829000037],[46.824947558000076,24.548881298000026],[46.82508822700004,24.548632766000026],[46.825228895000066,24.54838423500007],[46.825365024000064,24.54814372000004]]]}},{"type":"Feature","properties":{"plan_no":"2705/5","plan_id":"2620","block_no":"99","parcel_count":10,"parcel_numbers":["1734","1735","1736","1737","1738","1739","1740","1741","1742","1743"],"geometry_source":"Riyadh Geoportal public parcel layers","geometry_method":"Union of parcel polygons with the Geoportal Geometry Server"},"geometry":{"type":"Polygon","coordinates":[[[46.82718648400004,24.546889185000055],[46.826888463000046,24.54674809900007],[46.826590440000075,24.54660701100005],[46.82657290900005,24.546598713000037],[46.82629242100006,24.546465923000028],[46.82599440000007,24.546324834000075],[46.82569638200005,24.546183745000064],[46.825560249000034,24.54642425800006],[46.825423940000064,24.546665079000036],[46.82569241200008,24.546792106000055],[46.82570227200006,24.54679677300004],[46.825713617000076,24.546776728000054],[46.825733340000056,24.54678606300007],[46.825753064000025,24.54679539700004],[46.825741719000064,24.546815440000046],[46.825751583000056,24.546820108000077],[46.82602005100006,24.54694713400005],[46.826318109000056,24.547088160000044],[46.826616165000075,24.54722918600004],[46.82691422900007,24.54737021300008],[46.827050359000054,24.547129700000028],[46.82718648400004,24.546889185000055]]]}},{"type":"Feature","properties":{"plan_no":"2705/5","plan_id":"2620","block_no":"100","parcel_count":22,"parcel_numbers":["1744","1745","1746","1747","1748","1749","1750","1751","1752","1753","1754","1755","1756","1757","1758","1759","1760","1761","1762","1763","1764","1765"],"geometry_source":"Riyadh Geoportal public parcel layers","geometry_method":"Union of parcel polygons with the Geoportal Geometry Server"},"geometry":{"type":"Polygon","coordinates":[[[46.82552107600003,24.54610075100004],[46.82517022500008,24.54593464800007],[46.82481985700008,24.545768773000077],[46.824689962000036,24.545998261000022],[46.82468485700008,24.546007279000037],[46.82470677100008,24.546017654000025],[46.82469656000006,24.546035692000032],[46.824686350000036,24.54605373100003],[46.82466443800007,24.54604335600004],[46.82465933200007,24.546052376000034],[46.82452943700008,24.546281865000026],[46.82438422600006,24.54653840900005],[46.82423901400006,24.546794955000053],[46.82409380300004,24.547051500000066],[46.82394859000004,24.547308045000023],[46.82380337700005,24.547564590000036],[46.82365816300006,24.54782113500005],[46.823512949000076,24.548077679000073],[46.82336773500003,24.54833422400003],[46.823248068000055,24.54854563400005],[46.823290341000074,24.54866730300006],[46.823553065000056,24.548791684000037],[46.823903922000056,24.54895779000003],[46.82406896800006,24.548666209000032],[46.82421418100006,24.548409665000065],[46.824359394000055,24.548153119000062],[46.82450460700005,24.54789657400005],[46.82464981800007,24.547640028000046],[46.82479502900003,24.547383482000043],[46.82494023900006,24.54712693600004],[46.82508544900003,24.546870390000038],[46.825230658000066,24.546613844000035],[46.82537586800004,24.546357297000043],[46.82552107600003,24.54610075100004]]]}},{"type":"Feature","properties":{"plan_no":"2705/5","plan_id":"2620","block_no":"101","parcel_count":14,"parcel_numbers":["1766","1767","1768","1769","1770","1771","1772","1773","1774","1775","1776","1777","1778","1779"],"geometry_source":"Riyadh Geoportal public parcel layers","geometry_method":"Union of parcel polygons with the Geoportal Geometry Server"},"geometry":{"type":"Polygon","coordinates":[[[46.82657520200007,24.545583264000072],[46.82637360200005,24.54548782200004],[46.82627383800008,24.545516832000033],[46.82614908100004,24.545737316000043],[46.82598122500008,24.546033967000028],[46.82624856600006,24.546160533000034],[46.82651152400007,24.546285022000063],[46.826774484000055,24.546409510000046],[46.82704620900006,24.54653814900007],[46.82731793500005,24.54666678700005],[46.82758966100005,24.546795424000038],[46.82786138700004,24.546924060000038],[46.828029240000035,24.546627407000074],[46.82818801800005,24.54634679000003],[46.827916293000044,24.54621815400003],[46.82764456800004,24.54608951700004],[46.827372842000045,24.545960879000063],[46.82710111800003,24.545832242000074],[46.82683816000008,24.545707754000034],[46.82657520200007,24.545583264000072]]]}},{"type":"Feature","properties":{"plan_no":"2705/5","plan_id":"2620","block_no":"102","parcel_count":16,"parcel_numbers":["1780","1781","1782","1783","1784","1785","1786","1787","1788","1789","1790","1791","1792","1793","1794","1795"],"geometry_source":"Riyadh Geoportal public parcel layers","geometry_method":"Union of parcel polygons with the Geoportal Geometry Server"},"geometry":{"type":"Polygon","coordinates":[[[46.828512336000074,24.546500322000043],[46.82829977700004,24.546399696000037],[46.82828005400006,24.546390360000032],[46.82826871300006,24.54641040300004],[46.82822926800003,24.54639173100003],[46.82822359800008,24.546401753000055],[46.828081832000066,24.546652305000066],[46.82791398000006,24.54694895700004],[46.828185708000035,24.54707759300004],[46.828457435000075,24.54720622900004],[46.82872916300005,24.54733486300006],[46.82900089200007,24.54746349800007],[46.829272622000076,24.547592132000034],[46.82954435200003,24.547720766000054],[46.829816082000036,24.54784939800004],[46.830162305000044,24.548013293000054],[46.830330195000045,24.54771665800007],[46.830454976000055,24.547496185000057],[46.830423266000025,24.547404936000078],[46.83014270600006,24.547272124000074],[46.82987097700004,24.547143492000032],[46.82959924700003,24.547014858000068],[46.82932751900006,24.546886225000037],[46.82905579100003,24.546757591000073],[46.82878406400005,24.546628957000053],[46.828512336000074,24.546500322000043]]]}},{"type":"Feature","properties":{"plan_no":"2705/5","plan_id":"2620","block_no":"103","parcel_count":4,"parcel_numbers":["1796","1797","1798","1799"],"geometry_source":"Riyadh Geoportal public parcel layers","geometry_method":"Union of parcel polygons with the Geoportal Geometry Server"},"geometry":{"type":"Polygon","coordinates":[[[46.83103455500003,24.54755199400006],[46.830727841000055,24.547406803000058],[46.83055085400008,24.547719462000032],[46.83033756200007,24.548096256000065],[46.83064442500006,24.548241518000054],[46.830995048000034,24.54840749300007],[46.83120825800006,24.548030659000062],[46.831385176000026,24.54771796700004],[46.83103455500003,24.54755199400006]]]}},{"type":"Feature","properties":{"plan_no":"2705/5","plan_id":"2620","block_no":"104","parcel_count":16,"parcel_numbers":["1800","1801","1802","1803","1804","1805","1806","1807","1808","1809","1810","1811","1812","1813","1814","1815"],"geometry_source":"Riyadh Geoportal public parcel layers","geometry_method":"Union of parcel polygons with the Geoportal Geometry Server"},"geometry":{"type":"Polygon","coordinates":[[[46.83356897600004,24.54896515200005],[46.83353937000004,24.548879984000052],[46.833337759000074,24.54878455200003],[46.83307478900008,24.548660074000054],[46.83281181900003,24.54853559700007],[46.83254885000008,24.548411119000036],[46.832285881000075,24.54828664100006],[46.83202291300006,24.54816216200004],[46.831759945000044,24.54803768200003],[46.831496979000065,24.547913203000064],[46.831338207000044,24.548193823000076],[46.831170360000044,24.548490480000055],[46.83143332800006,24.548614960000066],[46.831696297000065,24.548739440000077],[46.83195926600007,24.54886391900004],[46.83219265300005,24.548974395000073],[46.83220251300003,24.548979062000058],[46.83221385400003,24.548959018000062],[46.83223357600008,24.548968354000067],[46.83225330000005,24.548977690000072],[46.832241958000054,24.548997734000068],[46.832251822000046,24.54900240300003],[46.83248520500007,24.549112877000027],[46.83274817600005,24.54923735400007],[46.833011147000036,24.549361832000045],[46.83327411800008,24.54948630900003],[46.83344196100006,24.549189651000063],[46.83356897600004,24.54896515200005]]]}},{"type":"Feature","properties":{"plan_no":"2705/5","plan_id":"2620","block_no":"105","parcel_count":4,"parcel_numbers":["1816","1817","1818","1819"],"geometry_source":"Riyadh Geoportal public parcel layers","geometry_method":"Union of parcel polygons with the Geoportal Geometry Server"},"geometry":{"type":"Polygon","coordinates":[[[46.83410252200008,24.549004238000066],[46.83383955100004,24.54887976200007],[46.833658101000026,24.549200475000077],[46.833449433000055,24.549569293000047],[46.833712406000075,24.549693769000044],[46.83397537900004,24.54981824500004],[46.83418404500003,24.549449425000034],[46.83436549400005,24.549128713000073],[46.83410252200008,24.549004238000066]]]}},{"type":"Feature","properties":{"plan_no":"2705/5","plan_id":"2620","block_no":"106","parcel_count":18,"parcel_numbers":["1822","1823","1824","1825","1826","1827","1828","1829","1830","1831","1832","1833","1834","1835","1836","1837","1838","1839"],"geometry_source":"Riyadh Geoportal public parcel layers","geometry_method":"Union of parcel polygons with the Geoportal Geometry Server"},"geometry":{"type":"Polygon","coordinates":[[[46.83491559000004,24.54953140200007],[46.834547428000064,24.54935713900005],[46.83438866100005,24.54963776200003],[46.83422082000004,24.549934421000046],[46.83458898400005,24.550108686000044],[46.83485195800006,24.55023316000006],[46.835114934000046,24.550357634000022],[46.835377909000044,24.55048210700005],[46.83564088400004,24.550606579000032],[46.83590386100008,24.55073105100007],[46.836166838000054,24.550855522000063],[46.83642981500003,24.550979994000045],[46.836692793000054,24.551104464000048],[46.83686062900006,24.550807803000055],[46.836987640000075,24.550583301000074],[46.83695803100005,24.550498133000076],[46.83675641500008,24.550402707000046],[46.83649343800005,24.550278236000054],[46.83623046200006,24.55015376500006],[46.83596748700006,24.550029293000023],[46.83570451200006,24.54990482100004],[46.835441537000065,24.54978034900006],[46.835178563000056,24.54965587600003],[46.83491559000004,24.54953140200007]]]}},{"type":"Feature","properties":{"plan_no":"2705/5","plan_id":"2620","block_no":"107","parcel_count":4,"parcel_numbers":["1840","1841","1842","1843"],"geometry_source":"Riyadh Geoportal public parcel layers","geometry_method":"Union of parcel polygons with the Geoportal Geometry Server"},"geometry":{"type":"Polygon","coordinates":[[[46.837602729000025,24.551067559000046],[46.83778417100007,24.55074684300007],[46.83752119300004,24.550622375000046],[46.83725821500008,24.550497905000043],[46.83714198000007,24.55070336500006],[46.83713681800003,24.550712487000055],[46.837158732000034,24.550722862000043],[46.83713831700004,24.550758941000026],[46.83711640300004,24.55074856600004],[46.83711135800007,24.55075748400003],[46.837076772000046,24.550818622000065],[46.83686811300004,24.55118744400005],[46.83713109200005,24.551311914000053],[46.83739407100006,24.551436383000066],[46.837602729000025,24.551067559000046]]]}},{"type":"Feature","properties":{"plan_no":"2705/5","plan_id":"2620","block_no":"108","parcel_count":22,"parcel_numbers":["1846","1847","1848","1849","1850","1851","1852","1853","1854","1855","1856","1857","1858","1859","1860","1861","1862","1863","1864","1865","1866","1867"],"geometry_source":"Riyadh Geoportal public parcel layers","geometry_method":"Union of parcel polygons with the Geoportal Geometry Server"},"geometry":{"type":"Polygon","coordinates":[[[46.83815896500005,24.55106654100007],[46.837895986000035,24.550942073000044],[46.83773722500007,24.55122269900005],[46.837569390000056,24.551519363000068],[46.83783237000006,24.551643831000035],[46.83809535100005,24.55176829900006],[46.83835833200004,24.551892766000037],[46.83862131400008,24.552017233000072],[46.83888429600006,24.55214169900006],[46.83914727900003,24.55226616500005],[46.83941026200006,24.552390630000048],[46.839673246000075,24.552515096000036],[46.83982842700004,24.552588539000055],[46.839881812000044,24.552614884000036],[46.83993430000004,24.552642972000058],[46.840017845000034,24.552692456000045],[46.84009852300005,24.55274648900007],[46.84017608600004,24.552804906000063],[46.84023592800003,24.552854921000062],[46.84029339700004,24.55290764500006],[46.84034837200005,24.552962965000063],[46.84042435300006,24.552955388000044],[46.84063002800008,24.552591823000057],[46.840757033000045,24.55236731800005],[46.840727421000054,24.552282151000043],[46.840525799000034,24.552186730000074],[46.84026281600006,24.552062266000064],[46.839999833000036,24.551937802000054],[46.839736850000065,24.551813337000056],[46.839473869000074,24.551688873000046],[46.839210887000036,24.551564408000047],[46.838947906000044,24.55143994100007],[46.83868492500005,24.551315475000024],[46.83842194500005,24.551191008000046],[46.83815896500005,24.55106654100007]]]}},{"type":"Feature","properties":{"plan_no":"2705/5","plan_id":"2620","block_no":"109","parcel_count":4,"parcel_numbers":["298","299","300","311"],"geometry_source":"Riyadh Geoportal public parcel layers","geometry_method":"Union of parcel polygons with the Geoportal Geometry Server"},"geometry":{"type":"Polygon","coordinates":[[[46.83015797500008,24.548295868000025],[46.82988624300003,24.54816723600004],[46.82975011700006,24.54840775100007],[46.82961399000004,24.548648267000033],[46.829885723000075,24.548776900000064],[46.83015745600005,24.54890553200005],[46.83029358200008,24.54866501600003],[46.830429707000064,24.548424500000067],[46.83015797500008,24.548295868000025]]]}}]}