{
  "type": "FeatureCollection",
  "name": "landmarks_2705_5",
  "properties": {
    "plan_no": "2705/5",
    "total_landmarks": 181,
    "generated_for": "Taibah / Ajlan map",
    "note": "Area landmarks use official parcel geometries. Generator locations are georeferenced from plan symbols."
  },
  "features": [
    {
      "type": "Feature",
      "properties": {
        "id": "MOS-001",
        "type": "mosque",
        "type_ar": "مسجد / جامع",
        "icon": "🕌",
        "parcel_no": "1868",
        "block_no": "0",
        "area_m2": 2435.34,
        "icon_lon": 46.81826313839153,
        "icon_lat": 24.564221067121466,
        "geometry_kind": "area",
        "source": "مخطط 2705/5 + parcels.geojson",
        "location_status": "محدد من قطعة/قطع المخطط الرسمية"
      },
      "geometry": {
        "type": "Polygon",
        "coordinates": [
          [
            [
              46.818228973740645,
              24.563945185905528
            ],
            [
              46.81858617932039,
              24.564114339379003
            ],
            [
              46.81835907350983,
              24.5645252773548
            ],
            [
              46.81793830553999,
              24.564326061303195
            ],
            [
              46.81816980436315,
              24.56391716643108
            ],
            [
              46.818228973740645,
              24.563945185905528
            ]
          ]
        ]
      }
    },
    {
      "type": "Feature",
      "properties": {
        "id": "MOS-002",
        "type": "mosque",
        "type_ar": "مسجد / جامع",
        "icon": "🕌",
        "parcel_no": "1869",
        "block_no": "0",
        "area_m2": 4778.97,
        "icon_lon": 46.8162059911278,
        "icon_lat": 24.560518147937405,
        "geometry_kind": "area",
        "source": "مخطط 2705/5 + parcels.geojson",
        "location_status": "محدد من قطعة/قطع المخطط الرسمية"
      },
      "geometry": {
        "type": "Polygon",
        "coordinates": [
          [
            [
              46.8167517869045,
              24.560531657815194
            ],
            [
              46.81653392501441,
              24.560916466626406
            ],
            [
              46.815657376293125,
              24.56050134865039
            ],
            [
              46.81584580466452,
              24.560168532298338
            ],
            [
              46.81593208652661,
              24.56014346269525
            ],
            [
              46.8167517869045,
              24.560531657815194
            ]
          ]
        ]
      }
    },
    {
      "type": "Feature",
      "properties": {
        "id": "MOS-003",
        "type": "mosque",
        "type_ar": "مسجد / جامع",
        "icon": "🕌",
        "parcel_no": "1870",
        "block_no": "0",
        "area_m2": 3941.78,
        "icon_lon": 46.81976093706091,
        "icon_lat": 24.557111035367903,
        "geometry_kind": "area",
        "source": "مخطط 2705/5 + parcels.geojson",
        "location_status": "محدد من قطعة/قطع المخطط الرسمية"
      },
      "geometry": {
        "type": "Polygon",
        "coordinates": [
          [
            [
              46.81931848726325,
              24.557175970428858
            ],
            [
              46.819563461615665,
              24.556743098172653
            ],
            [
              46.820203390999914,
              24.557046057842374
            ],
            [
              46.81995837299137,
              24.557478999292606
            ],
            [
              46.81931848726325,
              24.557175970428858
            ]
          ]
        ]
      }
    },
    {
      "type": "Feature",
      "properties": {
        "id": "MOS-004",
        "type": "mosque",
        "type_ar": "مسجد / جامع",
        "icon": "🕌",
        "parcel_no": "1871",
        "block_no": "0",
        "area_m2": 2460.08,
        "icon_lon": 46.82146666148846,
        "icon_lat": 24.560884787628176,
        "geometry_kind": "area",
        "source": "مخطط 2705/5 + parcels.geojson",
        "location_status": "محدد من قطعة/قطع المخطط الرسمية"
      },
      "geometry": {
        "type": "Polygon",
        "coordinates": [
          [
            [
              46.821801272581304,
              24.560801332503956
            ],
            [
              46.821585306141955,
              24.561182756433293
            ],
            [
              46.82113202602356,
              24.560968271069072
            ],
            [
              46.82134807765739,
              24.56058679253275
            ],
            [
              46.821801272581304,
              24.560801332503956
            ]
          ]
        ]
      }
    },
    {
      "type": "Feature",
      "properties": {
        "id": "MOS-005",
        "type": "mosque",
        "type_ar": "مسجد / جامع",
        "icon": "🕌",
        "parcel_no": "1872",
        "block_no": "0",
        "area_m2": 3356.29,
        "icon_lon": 46.821411561196385,
        "icon_lat": 24.56470656745645,
        "geometry_kind": "area",
        "source": "مخطط 2705/5 + parcels.geojson",
        "location_status": "محدد من قطعة/قطع المخطط الرسمية"
      },
      "geometry": {
        "type": "Polygon",
        "coordinates": [
          [
            [
              46.821936449583426,
              24.5647346763178
            ],
            [
              46.82150806356718,
              24.564999435527458
            ],
            [
              46.82097826114228,
              24.564748626313552
            ],
            [
              46.821187033804684,
              24.56437981270207
            ],
            [
              46.821936449583426,
              24.5647346763178
            ]
          ]
        ]
      }
    },
    {
      "type": "Feature",
      "properties": {
        "id": "MOS-006",
        "type": "mosque",
        "type_ar": "مسجد / جامع",
        "icon": "🕌",
        "parcel_no": "1873",
        "block_no": "0",
        "area_m2": 5478.8,
        "icon_lon": 46.827199781384984,
        "icon_lat": 24.562979645427966,
        "geometry_kind": "area",
        "source": "مخطط 2705/5 + parcels.geojson",
        "location_status": "محدد من قطعة/قطع المخطط الرسمية"
      },
      "geometry": {
        "type": "Polygon",
        "coordinates": [
          [
            [
              46.827208189576474,
              24.562494972247546
            ],
            [
              46.82769249582737,
              24.563127275548645
            ],
            [
              46.82768889888863,
              24.563145951490526
            ],
            [
              46.82720357710264,
              24.563456882172304
            ],
            [
              46.82718315668908,
              24.563453592440116
            ],
            [
              46.826698851512006,
              24.562821287450834
            ],
            [
              46.827208189576474,
              24.562494972247546
            ]
          ]
        ]
      }
    },
    {
      "type": "Feature",
      "properties": {
        "id": "MOS-007",
        "type": "mosque",
        "type_ar": "مسجد / جامع",
        "icon": "🕌",
        "parcel_no": "1874",
        "block_no": "0",
        "area_m2": 2496.0,
        "icon_lon": 46.82540317438061,
        "icon_lat": 24.55883670062104,
        "geometry_kind": "area",
        "source": "مخطط 2705/5 + parcels.geojson",
        "location_status": "محدد من قطعة/قطع المخطط الرسمية"
      },
      "geometry": {
        "type": "Polygon",
        "coordinates": [
          [
            [
              46.82528417004262,
              24.558536399713745
            ],
            [
              46.825740010184305,
              24.558752181533567
            ],
            [
              46.82552217935509,
              24.55913700165807
            ],
            [
              46.8250663381022,
              24.558921219248735
            ],
            [
              46.82528417004262,
              24.558536399713745
            ]
          ]
        ]
      }
    },
    {
      "type": "Feature",
      "properties": {
        "id": "MOS-008",
        "type": "mosque",
        "type_ar": "مسجد / جامع",
        "icon": "🕌",
        "parcel_no": "1875",
        "block_no": "0",
        "area_m2": 2399.76,
        "icon_lon": 46.82529021718548,
        "icon_lat": 24.55613004013135,
        "geometry_kind": "area",
        "source": "مخطط 2705/5 + parcels.geojson",
        "location_status": "محدد من قطعة/قطع المخطط الرسمية"
      },
      "geometry": {
        "type": "Polygon",
        "coordinates": [
          [
            [
              46.825600835892836,
              24.556022920774446
            ],
            [
              46.82561398387696,
              24.55602914560976
            ],
            [
              46.8253871060569,
              24.556430077374895
            ],
            [
              46.824966432113726,
              24.556230936695478
            ],
            [
              46.825193364128175,
              24.55582999311618
            ],
            [
              46.82520638386704,
              24.55583615814795
            ],
            [
              46.825600835892836,
              24.556022920774446
            ]
          ]
        ]
      }
    },
    {
      "type": "Feature",
      "properties": {
        "id": "MOS-009",
        "type": "mosque",
        "type_ar": "مسجد / جامع",
        "icon": "🕌",
        "parcel_no": "1876",
        "block_no": "0",
        "area_m2": 3366.2,
        "icon_lon": 46.822385777278875,
        "icon_lat": 24.552798259581554,
        "geometry_kind": "area",
        "source": "مخطط 2705/5 + parcels.geojson",
        "location_status": "محدد من قطعة/قطع المخطط الرسمية"
      },
      "geometry": {
        "type": "Polygon",
        "coordinates": [
          [
            [
              46.82279077671257,
              24.55273074335344
            ],
            [
              46.82255930564908,
              24.553139654742026
            ],
            [
              46.822270042296566,
              24.553002702702987
            ],
            [
              46.821980779544546,
              24.552865750069465
            ],
            [
              46.82221222801965,
              24.55245688039588
            ],
            [
              46.82279077671257,
              24.55273074335344
            ]
          ]
        ]
      }
    },
    {
      "type": "Feature",
      "properties": {
        "id": "MOS-010",
        "type": "mosque",
        "type_ar": "مسجد / جامع",
        "icon": "🕌",
        "parcel_no": "1877",
        "block_no": "0",
        "area_m2": 2774.0,
        "icon_lon": 46.829738104017366,
        "icon_lat": 24.557214593620163,
        "geometry_kind": "area",
        "source": "مخطط 2705/5 + parcels.geojson",
        "location_status": "محدد من قطعة/قطع المخطط الرسمية"
      },
      "geometry": {
        "type": "Polygon",
        "coordinates": [
          [
            [
              46.83014078189529,
              24.557166019461167
            ],
            [
              46.829550630023434,
              24.557544140340482
            ],
            [
              46.82933542630721,
              24.557263167826804
            ],
            [
              46.82992557761348,
              24.556885046913877
            ],
            [
              46.83014078189529,
              24.557166019461167
            ]
          ]
        ]
      }
    },
    {
      "type": "Feature",
      "properties": {
        "id": "MOS-011",
        "type": "mosque",
        "type_ar": "مسجد / جامع",
        "icon": "🕌",
        "parcel_no": "1878",
        "block_no": "0",
        "area_m2": 2880.0,
        "icon_lon": 46.83110882415898,
        "icon_lat": 24.559610064312807,
        "geometry_kind": "area",
        "source": "مخطط 2705/5 + parcels.geojson",
        "location_status": "محدد من قطعة/قطع المخطط الرسمية"
      },
      "geometry": {
        "type": "Polygon",
        "coordinates": [
          [
            [
              46.83147275287654,
              24.559707566747235
            ],
            [
              46.83108470346678,
              24.559956198554417
            ],
            [
              46.83074489567282,
              24.559512560636865
            ],
            [
              46.83113294452216,
              24.559263930634806
            ],
            [
              46.83147275287654,
              24.559707566747235
            ]
          ]
        ]
      }
    },
    {
      "type": "Feature",
      "properties": {
        "id": "MOS-012",
        "type": "mosque",
        "type_ar": "مسجد / جامع",
        "icon": "🕌",
        "parcel_no": "1879",
        "block_no": "0",
        "area_m2": 2650.89,
        "icon_lon": 46.836574785251074,
        "icon_lat": 24.557077580835163,
        "geometry_kind": "area",
        "source": "مخطط 2705/5 + parcels.geojson",
        "location_status": "محدد من قطعة/قطع المخطط الرسمية"
      },
      "geometry": {
        "type": "Polygon",
        "coordinates": [
          [
            [
              46.83622472705921,
              24.556927267549973
            ],
            [
              46.8362489787584,
              24.55691172727233
            ],
            [
              46.83651574903255,
              24.55674078486033
            ],
            [
              46.83654000065828,
              24.556725244539674
            ],
            [
              46.836916717175626,
              24.557217036005074
            ],
            [
              46.83691312270117,
              24.55723571117653
            ],
            [
              46.83660985558901,
              24.557430041662137
            ],
            [
              46.83622472705921,
              24.556927267549973
            ]
          ]
        ]
      }
    },
    {
      "type": "Feature",
      "properties": {
        "id": "MOS-013",
        "type": "mosque",
        "type_ar": "مسجد / جامع",
        "icon": "🕌",
        "parcel_no": "1880",
        "block_no": "0",
        "area_m2": 2685.05,
        "icon_lon": 46.833279033138815,
        "icon_lat": 24.55447175567361,
        "geometry_kind": "area",
        "source": "مخطط 2705/5 + parcels.geojson",
        "location_status": "محدد من قطعة/قطع المخطط الرسمية"
      },
      "geometry": {
        "type": "Polygon",
        "coordinates": [
          [
            [
              46.83330464887592,
              24.554141146612785
            ],
            [
              46.83332528279536,
              24.554160572477198
            ],
            [
              46.8333455941386,
              24.554180283954704
            ],
            [
              46.833365986367475,
              24.55419992311926
            ],
            [
              46.8333863250166,
              24.55421961078407
            ],
            [
              46.83340661007282,
              24.55423934604644
            ],
            [
              46.83342684153616,
              24.55425912890643
            ],
            [
              46.833447019393475,
              24.554278958461307
            ],
            [
              46.833467143671044,
              24.554298836516544
            ],
            [
              46.83348721435572,
              24.554318762169448
            ],
            [
              46.83350723144752,
              24.554338735420018
            ],
            [
              46.83352719494643,
              24.55435875626829
            ],
            [
              46.83354710486557,
              24.554378825616972
            ],
            [
              46.83356696019176,
              24.554398941672734
            ],
            [
              46.83358676291201,
              24.55441910531424
            ],
            [
              46.83360651106557,
              24.55443931746824
            ],
            [
              46.833626206613175,
              24.554459577208025
            ],
            [
              46.833650981066306,
              24.554485209446998
            ],
            [
              46.83323092099204,
              24.554786549824456
            ],
            [
              46.8332118448152,
              24.55477711318566
            ],
            [
              46.83291643696657,
              24.554486106671476
            ],
            [
              46.83330464887592,
              24.554141146612785
            ]
          ]
        ]
      }
    },
    {
      "type": "Feature",
      "properties": {
        "id": "MOS-014",
        "type": "mosque",
        "type_ar": "مسجد / جامع",
        "icon": "🕌",
        "parcel_no": "1881",
        "block_no": "0",
        "area_m2": 7940.88,
        "icon_lon": 46.82759808238664,
        "icon_lat": 24.55273961700024,
        "geometry_kind": "area",
        "source": "مخطط 2705/5 + parcels.geojson",
        "location_status": "محدد من قطعة/قطع المخطط الرسمية"
      },
      "geometry": {
        "type": "Polygon",
        "coordinates": [
          [
            [
              46.828300047335716,
              24.55275685762557
            ],
            [
              46.828018770420414,
              24.553253951943347
            ],
            [
              46.82689677391156,
              24.55272282157162
            ],
            [
              46.82717661911726,
              24.552225048616933
            ],
            [
              46.828300047335716,
              24.55275685762557
            ]
          ]
        ]
      }
    },
    {
      "type": "Feature",
      "properties": {
        "id": "MOS-015",
        "type": "mosque",
        "type_ar": "مسجد / جامع",
        "icon": "🕌",
        "parcel_no": "1882",
        "block_no": "0",
        "area_m2": 2431.35,
        "icon_lon": 46.8231563024087,
        "icon_lat": 24.549061241492197,
        "geometry_kind": "area",
        "source": "مخطط 2705/5 + parcels.geojson",
        "location_status": "محدد من قطعة/قطع المخطط الرسمية"
      },
      "geometry": {
        "type": "Polygon",
        "coordinates": [
          [
            [
              46.82352297187305,
              24.54904173913709
            ],
            [
              46.82335054781397,
              24.549346351706717
            ],
            [
              46.82278964678726,
              24.549080713946775
            ],
            [
              46.82296200054928,
              24.548776148860497
            ],
            [
              46.82352297187305,
              24.54904173913709
            ]
          ]
        ]
      }
    },
    {
      "type": "Feature",
      "properties": {
        "id": "MOS-016",
        "type": "mosque",
        "type_ar": "مسجد / جامع",
        "icon": "🕌",
        "parcel_no": "1883",
        "block_no": "0",
        "area_m2": 3423.61,
        "icon_lon": 46.828746386722926,
        "icon_lat": 24.548944080727555,
        "geometry_kind": "area",
        "source": "مخطط 2705/5 + parcels.geojson",
        "location_status": "محدد من قطعة/قطع المخطط الرسمية"
      },
      "geometry": {
        "type": "Polygon",
        "coordinates": [
          [
            [
              46.82913449663862,
              24.54882788500563
            ],
            [
              46.8288667854336,
              24.54930102557656
            ],
            [
              46.828358271256384,
              24.549060301781694
            ],
            [
              46.82862600999025,
              24.548587117462805
            ],
            [
              46.82913449663862,
              24.54882788500563
            ]
          ]
        ]
      }
    },
    {
      "type": "Feature",
      "properties": {
        "id": "MOS-017",
        "type": "mosque",
        "type_ar": "مسجد / جامع",
        "icon": "🕌",
        "parcel_no": "1884",
        "block_no": "0",
        "area_m2": 7831.92,
        "icon_lon": 46.834183823409276,
        "icon_lat": 24.550561398338537,
        "geometry_kind": "area",
        "source": "مخطط 2705/5 + parcels.geojson",
        "location_status": "محدد من قطعة/قطع المخطط الرسمية"
      },
      "geometry": {
        "type": "Polygon",
        "coordinates": [
          [
            [
              46.833733439194624,
              24.55004933523136
            ],
            [
              46.83490064251938,
              24.550601672721577
            ],
            [
              46.83463361123255,
              24.551073770638965
            ],
            [
              46.83346682611449,
              24.55052042760821
            ],
            [
              46.833488422515785,
              24.550482269191367
            ],
            [
              46.833733439194624,
              24.55004933523136
            ]
          ]
        ]
      }
    },
    {
      "type": "Feature",
      "properties": {
        "id": "MOS-018",
        "type": "mosque",
        "type_ar": "مسجد / جامع",
        "icon": "🕌",
        "parcel_no": "1885",
        "block_no": "82",
        "area_m2": 2016.31,
        "icon_lon": 46.8387783899798,
        "icon_lat": 24.553597641162384,
        "geometry_kind": "area",
        "source": "مخطط 2705/5 + parcels.geojson",
        "location_status": "محدد من قطعة/قطع المخطط الرسمية"
      },
      "geometry": {
        "type": "Polygon",
        "coordinates": [
          [
            [
              46.83845408537674,
              24.553514556232223
            ],
            [
              46.838488979409874,
              24.55349219472638
            ],
            [
              46.838692135249815,
              24.55336200794249
            ],
            [
              46.83916293349133,
              24.5535848272991
            ],
            [
              46.839163254070016,
              24.553589209462924
            ],
            [
              46.838725937622044,
              24.553869451400598
            ],
            [
              46.83845408537674,
              24.553514556232223
            ]
          ]
        ]
      }
    },
    {
      "type": "Feature",
      "properties": {
        "id": "MOS-019",
        "type": "mosque",
        "type_ar": "مسجد / جامع",
        "icon": "🕌",
        "parcel_no": "1886",
        "block_no": "0",
        "area_m2": 10722.35,
        "icon_lon": 46.82527436965272,
        "icon_lat": 24.545035232778254,
        "geometry_kind": "area",
        "source": "مخطط 2705/5 + parcels.geojson",
        "location_status": "محدد من قطعة/قطع المخطط الرسمية"
      },
      "geometry": {
        "type": "Polygon",
        "coordinates": [
          [
            [
              46.8260650680243,
              24.544589519327882
            ],
            [
              46.825474879901414,
              24.545632557329608
            ],
            [
              46.82437047066104,
              24.545109691468102
            ],
            [
              46.82447760025766,
              24.5449204225315
            ],
            [
              46.82589396348399,
              24.544508514295856
            ],
            [
              46.8260650680243,
              24.544589519327882
            ]
          ]
        ]
      }
    },
    {
      "type": "Feature",
      "properties": {
        "id": "IMAM-001",
        "type": "imam_housing",
        "type_ar": "سكن أئمة ومؤذنين",
        "icon": "🏠",
        "parcel_no": "1887",
        "block_no": "0",
        "area_m2": 2279.94,
        "icon_lon": 46.82619284384776,
        "icon_lat": 24.544893989680233,
        "geometry_kind": "area",
        "source": "مخطط 2705/5 + parcels.geojson",
        "location_status": "محدد من قطعة/قطع المخطط الرسمية"
      },
      "geometry": {
        "type": "Polygon",
        "coordinates": [
          [
            [
              46.82649547159316,
              24.54473232345664
            ],
            [
              46.82622329021954,
              24.545213355131697
            ],
            [
              46.825890211985346,
              24.5450556668663
            ],
            [
              46.82616240690217,
              24.544574614811534
            ],
            [
              46.82649547159316,
              24.54473232345664
            ]
          ]
        ]
      }
    },
    {
      "type": "Feature",
      "properties": {
        "id": "IMAM-002",
        "type": "imam_housing",
        "type_ar": "سكن أئمة ومؤذنين",
        "icon": "🏠",
        "parcel_no": "1888",
        "block_no": "0",
        "area_m2": 2349.46,
        "icon_lon": 46.822544180090645,
        "icon_lat": 24.5488186790611,
        "geometry_kind": "area",
        "source": "مخطط 2705/5 + parcels.geojson",
        "location_status": "محدد من قطعة/قطع المخطط الرسمية"
      },
      "geometry": {
        "type": "Polygon",
        "coordinates": [
          [
            [
              46.822891347965445,
              24.548783361351614
            ],
            [
              46.82270978526696,
              24.549103887482307
            ],
            [
              46.82227145325712,
              24.54889650503997
            ],
            [
              46.82222924724281,
              24.54877503047764
            ],
            [
              46.82236545804476,
              24.548534384154937
            ],
            [
              46.822891254543656,
              24.548783317338412
            ],
            [
              46.822891347965445,
              24.548783361351614
            ]
          ]
        ]
      }
    },
    {
      "type": "Feature",
      "properties": {
        "id": "IMAM-003",
        "type": "imam_housing",
        "type_ar": "سكن أئمة ومؤذنين",
        "icon": "🏠",
        "parcel_no": "1889",
        "block_no": "0",
        "area_m2": 2640.0,
        "icon_lon": 46.83623540189528,
        "icon_lat": 24.557295205969016,
        "geometry_kind": "area",
        "source": "مخطط 2705/5 + parcels.geojson",
        "location_status": "محدد من قطعة/قطع المخطط الرسمية"
      },
      "geometry": {
        "type": "Polygon",
        "coordinates": [
          [
            [
              46.83659533331797,
              24.5575054844282
            ],
            [
              46.836328561615154,
              24.557676427053337
            ],
            [
              46.835875470539904,
              24.557084926793074
            ],
            [
              46.836142241717496,
              24.556913984995195
            ],
            [
              46.83659533331797,
              24.5575054844282
            ]
          ]
        ]
      }
    },
    {
      "type": "Feature",
      "properties": {
        "id": "IMAM-004",
        "type": "imam_housing",
        "type_ar": "سكن أئمة ومؤذنين",
        "icon": "🏠",
        "parcel_no": "1890",
        "block_no": "41",
        "area_m2": 3176.25,
        "icon_lon": 46.82788127019258,
        "icon_lat": 24.562647750782453,
        "geometry_kind": "area",
        "source": "مخطط 2705/5 + parcels.geojson",
        "location_status": "محدد من قطعة/قطع المخطط الرسمية"
      },
      "geometry": {
        "type": "Polygon",
        "coordinates": [
          [
            [
              46.82826847834318,
              24.562840764323102
            ],
            [
              46.82798551456228,
              24.563022053077926
            ],
            [
              46.82791677388087,
              24.563010981136607
            ],
            [
              46.82753024408821,
              24.562506335078268
            ],
            [
              46.82751750209672,
              24.562489699169728
            ],
            [
              46.827537713509074,
              24.562476749863265
            ],
            [
              46.82751222753398,
              24.562443476264324
            ],
            [
              46.827522333244,
              24.562437002063263
            ],
            [
              46.82781540216274,
              24.56224923908145
            ],
            [
              46.82826847834318,
              24.562840764323102
            ]
          ]
        ]
      }
    },
    {
      "type": "Feature",
      "properties": {
        "id": "IMAM-005",
        "type": "imam_housing",
        "type_ar": "سكن أئمة ومؤذنين",
        "icon": "🏠",
        "parcel_no": "1891",
        "block_no": "8",
        "area_m2": 2079.2,
        "icon_lon": 46.81570231471732,
        "icon_lat": 24.560795008612924,
        "geometry_kind": "area",
        "source": "مخطط 2705/5 + parcels.geojson",
        "location_status": "محدد من قطعة/قطع المخطط الرسمية"
      },
      "geometry": {
        "type": "Polygon",
        "coordinates": [
          [
            [
              46.816015823523266,
              24.560732102622175
            ],
            [
              46.815827080071536,
              24.561065474629753
            ],
            [
              46.81538880550775,
              24.56085791423331
            ],
            [
              46.81557754988452,
              24.56052454271715
            ],
            [
              46.816015823523266,
              24.560732102622175
            ]
          ]
        ]
      }
    },
    {
      "type": "Feature",
      "properties": {
        "id": "PARK-001",
        "type": "parking",
        "type_ar": "مواقف سيارات",
        "icon": "🅿️",
        "parcel_no": "1892",
        "block_no": "0",
        "area_m2": 5220.07,
        "icon_lon": 46.81895212433287,
        "icon_lat": 24.564577300196056,
        "geometry_kind": "area",
        "source": "مخطط 2705/5 + parcels.geojson",
        "location_status": "محدد من قطعة/قطع المخطط الرسمية"
      },
      "geometry": {
        "type": "Polygon",
        "coordinates": [
          [
            [
              46.81849169023531,
              24.564801531466003
            ],
            [
              46.818886568738186,
              24.56410406240418
            ],
            [
              46.81941255454088,
              24.564353063713106
            ],
            [
              46.819017686323136,
              24.56505053842686
            ],
            [
              46.81849169023531,
              24.564801531466003
            ]
          ]
        ]
      }
    },
    {
      "type": "Feature",
      "properties": {
        "id": "PARK-002",
        "type": "parking",
        "type_ar": "مواقف سيارات",
        "icon": "🅿️",
        "parcel_no": "1893",
        "block_no": "0",
        "area_m2": 4268.53,
        "icon_lon": 46.821755490399234,
        "icon_lat": 24.56436925743036,
        "geometry_kind": "area",
        "source": "مخطط 2705/5 + parcels.geojson",
        "location_status": "محدد من قطعة/قطع المخطط الرسمية"
      },
      "geometry": {
        "type": "Polygon",
        "coordinates": [
          [
            [
              46.82241758838237,
              24.564494862175575
            ],
            [
              46.82207084860597,
              24.56471698711909
            ],
            [
              46.821170737648714,
              24.564290784448033
            ],
            [
              46.82131256465406,
              24.56404023499446
            ],
            [
              46.82132277613946,
              24.564022196065693
            ],
            [
              46.82134469093054,
              24.564032573143553
            ],
            [
              46.821365112913966,
              24.56399649619628
            ],
            [
              46.82137606980827,
              24.564001684287224
            ],
            [
              46.82241758838237,
              24.564494862175575
            ]
          ]
        ]
      }
    },
    {
      "type": "Feature",
      "properties": {
        "id": "PARK-003",
        "type": "parking",
        "type_ar": "مواقف سيارات",
        "icon": "🅿️",
        "parcel_no": "1894",
        "block_no": "0",
        "area_m2": 6438.74,
        "icon_lon": 46.82667693122019,
        "icon_lat": 24.562296017062682,
        "geometry_kind": "area",
        "source": "مخطط 2705/5 + parcels.geojson",
        "location_status": "محدد من قطعة/قطع المخطط الرسمية"
      },
      "geometry": {
        "type": "Polygon",
        "coordinates": [
          [
            [
              46.82722271691225,
              24.562419530083822
            ],
            [
              46.826616362920284,
              24.562808000757695
            ],
            [
              46.82616754253098,
              24.562222015416626
            ],
            [
              46.82615480074281,
              24.562205379380007
            ],
            [
              46.82617501226443,
              24.562192430250477
            ],
            [
              46.82614952669603,
              24.56215915639536
            ],
            [
              46.82615963246066,
              24.56215268228277
            ],
            [
              46.8264527039638,
              24.56196492275726
            ],
            [
              46.826735667882964,
              24.561783636868537
            ],
            [
              46.82722271691225,
              24.562419530083822
            ]
          ]
        ]
      }
    },
    {
      "type": "Feature",
      "properties": {
        "id": "PARK-004",
        "type": "parking",
        "type_ar": "مواقف سيارات",
        "icon": "🅿️",
        "parcel_no": "1895",
        "block_no": "0",
        "area_m2": 6151.91,
        "icon_lon": 46.824683084767926,
        "icon_lat": 24.558506035523457,
        "geometry_kind": "area",
        "source": "مخطط 2705/5 + parcels.geojson",
        "location_status": "محدد من قطعة/قطع المخطط الرسمية"
      },
      "geometry": {
        "type": "Polygon",
        "coordinates": [
          [
            [
              46.825258802203784,
              24.55846339926402
            ],
            [
              46.8249774371243,
              24.558960459072914
            ],
            [
              46.824163499760246,
              24.55857516217706
            ],
            [
              46.82414377647357,
              24.55856582431424
            ],
            [
              46.82415512200958,
              24.5585457815859
            ],
            [
              46.8241156754496,
              24.558527105854612
            ],
            [
              46.824121347731854,
              24.55851708494884
            ],
            [
              46.824249551988906,
              24.558290602187913
            ],
            [
              46.824368677942765,
              24.558080145785166
            ],
            [
              46.82437433439491,
              24.558070125062855
            ],
            [
              46.824413785644936,
              24.55808879164679
            ],
            [
              46.82442512413778,
              24.55806874537476
            ],
            [
              46.824444842309866,
              24.55807807514006
            ],
            [
              46.82444475567689,
              24.55807822786967
            ],
            [
              46.825258802203784,
              24.55846339926402
            ]
          ]
        ]
      }
    },
    {
      "type": "Feature",
      "properties": {
        "id": "PARK-005",
        "type": "parking",
        "type_ar": "مواقف سيارات",
        "icon": "🅿️",
        "parcel_no": "1896",
        "block_no": "0",
        "area_m2": 5088.67,
        "icon_lon": 46.8221629512947,
        "icon_lat": 24.551102519798366,
        "geometry_kind": "area",
        "source": "مخطط 2705/5 + parcels.geojson",
        "location_status": "محدد من قطعة/قطع المخطط الرسمية"
      },
      "geometry": {
        "type": "Polygon",
        "coordinates": [
          [
            [
              46.82267113269183,
              24.55103750034361
            ],
            [
              46.822398846241704,
              24.551518520995252
            ],
            [
              46.82165378070164,
              24.551165771653718
            ],
            [
              46.821699160293484,
              24.551085611428324
            ],
            [
              46.82190905711463,
              24.550714829069246
            ],
            [
              46.821914728269746,
              24.550704807356208
            ],
            [
              46.82195417297491,
              24.550723482026513
            ],
            [
              46.82196551626447,
              24.550703438585316
            ],
            [
              46.821985243085976,
              24.550712777666728
            ],
            [
              46.82267113269183,
              24.55103750034361
            ]
          ]
        ]
      }
    },
    {
      "type": "Feature",
      "properties": {
        "id": "PARK-006",
        "type": "parking",
        "type_ar": "مواقف سيارات",
        "icon": "🅿️",
        "parcel_no": "1897",
        "block_no": "0",
        "area_m2": 8808.55,
        "icon_lon": 46.8279177607655,
        "icon_lat": 24.55217475637639,
        "geometry_kind": "area",
        "source": "مخطط 2705/5 + parcels.geojson",
        "location_status": "محدد من قطعة/قطع المخطط الرسمية"
      },
      "geometry": {
        "type": "Polygon",
        "coordinates": [
          [
            [
              46.828674747220624,
              24.55221250033601
            ],
            [
              46.828425229594416,
              24.55265347186984
            ],
            [
              46.82838893593863,
              24.552717612598276
            ],
            [
              46.82716175404157,
              24.55213668982858
            ],
            [
              46.827188974160656,
              24.55208858403578
            ],
            [
              46.82744756923693,
              24.551631578744995
            ],
            [
              46.82827984285124,
              24.5520255621309
            ],
            [
              46.82828812225457,
              24.552029481221606
            ],
            [
              46.82827678089919,
              24.552049525974624
            ],
            [
              46.82831622686581,
              24.552068198896258
            ],
            [
              46.82832756821619,
              24.55204815414059
            ],
            [
              46.82833901130086,
              24.552053571514683
            ],
            [
              46.828674747220624,
              24.55221250033601
            ]
          ]
        ]
      }
    },
    {
      "type": "Feature",
      "properties": {
        "id": "PARK-007",
        "type": "parking",
        "type_ar": "مواقف سيارات",
        "icon": "🅿️",
        "parcel_no": "1898",
        "block_no": "0",
        "area_m2": 9139.25,
        "icon_lon": 46.835380222580774,
        "icon_lat": 24.551148547472287,
        "geometry_kind": "area",
        "source": "مخطط 2705/5 + parcels.geojson",
        "location_status": "محدد من قطعة/قطع المخطط الرسمية"
      },
      "geometry": {
        "type": "Polygon",
        "coordinates": [
          [
            [
              46.83501554203171,
              24.550595180747493
            ],
            [
              46.836084873396814,
              24.551101081661045
            ],
            [
              46.83574398093708,
              24.551702238260056
            ],
            [
              46.83467578491496,
              24.551195474431633
            ],
            [
              46.83501554203171,
              24.550595180747493
            ]
          ]
        ]
      }
    },
    {
      "type": "Feature",
      "properties": {
        "id": "PARK-008",
        "type": "parking",
        "type_ar": "مواقف سيارات",
        "icon": "🅿️",
        "parcel_no": "1899",
        "block_no": "0",
        "area_m2": 3496.0,
        "icon_lon": 46.82584806558726,
        "icon_lat": 24.54550332029767,
        "geometry_kind": "area",
        "source": "مخطط 2705/5 + parcels.geojson",
        "location_status": "محدد من قطعة/قطع المخطط الرسمية"
      },
      "geometry": {
        "type": "Polygon",
        "coordinates": [
          [
            [
              46.82622329021954,
              24.545213355131697
            ],
            [
              46.82580591942803,
              24.545950973302347
            ],
            [
              46.82547284063815,
              24.54579328510284
            ],
            [
              46.825862992685856,
              24.54510377240729
            ],
            [
              46.825890211985346,
              24.5450556668663
            ],
            [
              46.82622329021954,
              24.545213355131697
            ]
          ]
        ]
      }
    },
    {
      "type": "Feature",
      "properties": {
        "id": "MUN-001",
        "type": "municipal",
        "type_ar": "مرفق بلدي",
        "icon": "🏛️",
        "parcel_no": "1900",
        "block_no": "0",
        "area_m2": 14328.53,
        "icon_lon": 46.814797447622,
        "icon_lat": 24.56322740437977,
        "geometry_kind": "area",
        "source": "مخطط 2705/5 + parcels.geojson",
        "location_status": "محدد من قطعة/قطع المخطط الرسمية"
      },
      "geometry": {
        "type": "Polygon",
        "coordinates": [
          [
            [
              46.81489206388204,
              24.56271694040614
            ],
            [
              46.81555167591465,
              24.56302931971726
            ],
            [
              46.81557139937738,
              24.563038659599297
            ],
            [
              46.815560051088596,
              24.563058701784286
            ],
            [
              46.815599497053455,
              24.56307738245734
            ],
            [
              46.81559382291677,
              24.563087404002246
            ],
            [
              46.81514598829659,
              24.563878379895844
            ],
            [
              46.81501293544674,
              24.563917045489173
            ],
            [
              46.81420644451404,
              24.563535220381105
            ],
            [
              46.814079630066686,
              24.56317020740547
            ],
            [
              46.814453784735676,
              24.56250937757518
            ],
            [
              46.81489206388204,
              24.56271694040614
            ]
          ]
        ]
      }
    },
    {
      "type": "Feature",
      "properties": {
        "id": "MUN-002",
        "type": "municipal",
        "type_ar": "مرفق بلدي",
        "icon": "🏛️",
        "parcel_no": "1901",
        "block_no": "0",
        "area_m2": 5338.64,
        "icon_lon": 46.83578329619605,
        "icon_lat": 24.55758399528644,
        "geometry_kind": "area",
        "source": "مخطط 2705/5 + parcels.geojson",
        "location_status": "محدد من قطعة/قطع المخطط الرسمية"
      },
      "geometry": {
        "type": "Polygon",
        "coordinates": [
          [
            [
              46.83628005795088,
              24.557707507643794
            ],
            [
              46.83576980067707,
              24.55803446877445
            ],
            [
              46.83572154984,
              24.558026807228547
            ],
            [
              46.8352853378285,
              24.557463070021203
            ],
            [
              46.835826966971126,
              24.55711600723311
            ],
            [
              46.83628005795088,
              24.557707507643794
            ]
          ]
        ]
      }
    },
    {
      "type": "Feature",
      "properties": {
        "id": "MUN-003",
        "type": "municipal",
        "type_ar": "مرفق بلدي",
        "icon": "🏛️",
        "parcel_no": "1902",
        "block_no": "0",
        "area_m2": 5985.21,
        "icon_lon": 46.82684970557709,
        "icon_lat": 24.545204583040046,
        "geometry_kind": "area",
        "source": "مخطط 2705/5 + parcels.geojson",
        "location_status": "محدد من قطعة/قطع المخطط الرسمية"
      },
      "geometry": {
        "type": "Polygon",
        "coordinates": [
          [
            [
              46.827112963342266,
              24.545634541351333
            ],
            [
              46.82709324196918,
              24.545625204656837
            ],
            [
              46.82627588153291,
              24.545238252684843
            ],
            [
              46.8265477557384,
              24.544757763653333
            ],
            [
              46.8274245991165,
              24.54517215880957
            ],
            [
              46.82716941966833,
              24.545623150875326
            ],
            [
              46.82716374913223,
              24.545633171852188
            ],
            [
              46.82712430538277,
              24.545614497583408
            ],
            [
              46.827112963342266,
              24.545634541351333
            ]
          ]
        ]
      }
    },
    {
      "type": "Feature",
      "properties": {
        "id": "PLAZA-001",
        "type": "plaza",
        "type_ar": "ساحة عامة",
        "icon": "◻️",
        "parcel_no": "1903",
        "block_no": "0",
        "area_m2": 10309.69,
        "icon_lon": 46.82519551455885,
        "icon_lat": 24.562282579230654,
        "geometry_kind": "area",
        "source": "مخطط 2705/5 + parcels.geojson",
        "location_status": "محدد من قطعة/قطع المخطط الرسمية"
      },
      "geometry": {
        "type": "Polygon",
        "coordinates": [
          [
            [
              46.82529303702566,
              24.56150048558354
            ],
            [
              46.825347975692296,
              24.56155733900943
            ],
            [
              46.82540026101274,
              24.561616641744557
            ],
            [
              46.825449783914166,
              24.56167827007702
            ],
            [
              46.82589887972504,
              24.562264623772517
            ],
            [
              46.82480848666338,
              24.562963184316462
            ],
            [
              46.82450483871153,
              24.562819454678667
            ],
            [
              46.82523145375573,
              24.561535649599097
            ],
            [
              46.82524365501405,
              24.56151409225948
            ],
            [
              46.82526556962461,
              24.561524467873863
            ],
            [
              46.82528338251552,
              24.561492995050372
            ],
            [
              46.82529303702566,
              24.56150048558354
            ]
          ]
        ]
      }
    },
    {
      "type": "Feature",
      "properties": {
        "id": "PLAZA-002",
        "type": "plaza",
        "type_ar": "ساحة عامة",
        "icon": "◻️",
        "parcel_no": "1904",
        "block_no": "0",
        "area_m2": 8914.23,
        "icon_lon": 46.81937275737009,
        "icon_lat": 24.55779575732802,
        "geometry_kind": "area",
        "source": "مخطط 2705/5 + parcels.geojson",
        "location_status": "محدد من قطعة/قطع المخطط الرسمية"
      },
      "geometry": {
        "type": "Polygon",
        "coordinates": [
          [
            [
              46.819467729818555,
              24.558375095560663
            ],
            [
              46.819448005882556,
              24.55836575707246
            ],
            [
              46.818762074435696,
              24.55804102014349
            ],
            [
              46.819238664715,
              24.55719916627261
            ],
            [
              46.81998374067426,
              24.557552009825713
            ],
            [
              46.819524196611155,
              24.558363707548196
            ],
            [
              46.81951852298328,
              24.558373729216505
            ],
            [
              46.81947907610793,
              24.558355053141856
            ],
            [
              46.819467729818555,
              24.558375095560663
            ]
          ]
        ]
      }
    },
    {
      "type": "Feature",
      "properties": {
        "id": "PLAZA-003",
        "type": "plaza",
        "type_ar": "ساحة عامة",
        "icon": "◻️",
        "parcel_no": "1905",
        "block_no": "0",
        "area_m2": 6091.02,
        "icon_lon": 46.82313376605792,
        "icon_lat": 24.553162541020544,
        "geometry_kind": "area",
        "source": "مخطط 2705/5 + parcels.geojson",
        "location_status": "محدد من قطعة/قطع المخطط الرسمية"
      },
      "geometry": {
        "type": "Polygon",
        "coordinates": [
          [
            [
              46.82287060244126,
              24.552707533998063
            ],
            [
              46.82369193725419,
              24.553096402642595
            ],
            [
              46.82339693619131,
              24.553617543174656
            ],
            [
              46.82257559492905,
              24.553228687582788
            ],
            [
              46.82287060244126,
              24.552707533998063
            ]
          ]
        ]
      }
    },
    {
      "type": "Feature",
      "properties": {
        "id": "PLAZA-004",
        "type": "plaza",
        "type_ar": "ساحة عامة",
        "icon": "◻️",
        "parcel_no": "1906",
        "block_no": "0",
        "area_m2": 18298.79,
        "icon_lon": 46.82953178112863,
        "icon_lat": 24.556793813349685,
        "geometry_kind": "area",
        "source": "مخطط 2705/5 + parcels.geojson",
        "location_status": "محدد من قطعة/قطع المخطط الرسمية"
      },
      "geometry": {
        "type": "Polygon",
        "coordinates": [
          [
            [
              46.829331559809596,
              24.557805750101075
            ],
            [
              46.82925384477891,
              24.55773124325102
            ],
            [
              46.82917469285548,
              24.55765826469447
            ],
            [
              46.82918950969599,
              24.55767164847766
            ],
            [
              46.829206848862384,
              24.557655590095525
            ],
            [
              46.82917524470029,
              24.557627044344667
            ],
            [
              46.829157904546314,
              24.55764310273521
            ],
            [
              46.82916401915998,
              24.557648628039928
            ],
            [
              46.829033197349645,
              24.557534600116078
            ],
            [
              46.828898930039806,
              24.557424650113862
            ],
            [
              46.828761344294165,
              24.55731888208432
            ],
            [
              46.8286205703168,
              24.55721739612088
            ],
            [
              46.829387432062724,
              24.555862553759077
            ],
            [
              46.8295637252477,
              24.55597941076258
            ],
            [
              46.82973653174701,
              24.556101364688868
            ],
            [
              46.8299057042464,
              24.55622831157456
            ],
            [
              46.830071098529565,
              24.55636014319988
            ],
            [
              46.83023257360106,
              24.556496747180876
            ],
            [
              46.83038999180646,
              24.55663800706529
            ],
            [
              46.83054321894979,
              24.556783802431767
            ],
            [
              46.830692124407825,
              24.55693400899256
            ],
            [
              46.830251583989885,
              24.55721627473266
            ],
            [
              46.82994010289109,
              24.556809604567533
            ],
            [
              46.829252941205574,
              24.55724988146969
            ],
            [
              46.82956442038631,
              24.557656553111478
            ],
            [
              46.829331559809596,
              24.557805750101075
            ]
          ]
        ]
      }
    },
    {
      "type": "Feature",
      "properties": {
        "id": "PLAZA-005",
        "type": "plaza",
        "type_ar": "ساحة عامة",
        "icon": "◻️",
        "parcel_no": "1907",
        "block_no": "0",
        "area_m2": 14344.02,
        "icon_lon": 46.83576221031376,
        "icon_lat": 24.55330462150498,
        "geometry_kind": "area",
        "source": "مخطط 2705/5 + parcels.geojson",
        "location_status": "محدد من قطعة/قطع المخطط الرسمية"
      },
      "geometry": {
        "type": "Polygon",
        "coordinates": [
          [
            [
              46.83676999446103,
              24.55335694318615
            ],
            [
              46.83677477195127,
              24.553422247302727
            ],
            [
              46.83581115983036,
              24.554039728064456
            ],
            [
              46.835627428687125,
              24.553821364380642
            ],
            [
              46.835438912470856,
              24.55360711810272
            ],
            [
              46.83524570342587,
              24.553397094065193
            ],
            [
              46.83504789609279,
              24.55319139503656
            ],
            [
              46.83484558726225,
              24.552990121669
            ],
            [
              46.8351877961944,
              24.55260807620436
            ],
            [
              46.83676999446103,
              24.55335694318615
            ]
          ]
        ]
      }
    },
    {
      "type": "Feature",
      "properties": {
        "id": "PLAZA-006",
        "type": "plaza",
        "type_ar": "ساحة عامة",
        "icon": "◻️",
        "parcel_no": "1908",
        "block_no": "0",
        "area_m2": 5508.75,
        "icon_lon": 46.82929428599561,
        "icon_lat": 24.54819137163813,
        "geometry_kind": "area",
        "source": "مخطط 2705/5 + parcels.geojson",
        "location_status": "محدد من قطعة/قطع المخطط الرسمية"
      },
      "geometry": {
        "type": "Polygon",
        "coordinates": [
          [
            [
              46.82956139684629,
              24.54862337093945
            ],
            [
              46.82932876316543,
              24.548513245958926
            ],
            [
              46.82931987470626,
              24.548509038168735
            ],
            [
              46.82933121562405,
              24.548488994259255
            ],
            [
              46.82929177068292,
              24.548470321538332
            ],
            [
              46.82928042976012,
              24.548490365445158
            ],
            [
              46.82926959624009,
              24.548485236867172
            ],
            [
              46.82875496834893,
              24.548241618965328
            ],
            [
              46.829027223530524,
              24.547760588454775
            ],
            [
              46.82983364957111,
              24.54814233912627
            ],
            [
              46.82956139684629,
              24.54862337093945
            ]
          ]
        ]
      }
    },
    {
      "type": "Feature",
      "properties": {
        "id": "GARDEN-001",
        "type": "garden",
        "type_ar": "حديقة",
        "icon": "🌳",
        "parcel_no": "2064/م",
        "block_no": "0",
        "area_m2": 51235.58,
        "icon_lon": 46.83405793701888,
        "icon_lat": 24.55194861416992,
        "geometry_kind": "area",
        "source": "مخطط 2705/5 + parcels.geojson",
        "location_status": "محدد من قطعة/قطع المخطط الرسمية"
      },
      "geometry": {
        "type": "Polygon",
        "coordinates": [
          [
            [
              46.83422798323128,
              24.553394710740182
            ],
            [
              46.83421999109224,
              24.55340363345463
            ],
            [
              46.834189286321795,
              24.553374278769187
            ],
            [
              46.8341736478204,
              24.5533917371734
            ],
            [
              46.834173255411905,
              24.553391361846256
            ],
            [
              46.83415829495309,
              24.55337706028379
            ],
            [
              46.834158254987734,
              24.553377095078815
            ],
            [
              46.833944713325906,
              24.55317918859438
            ],
            [
              46.83372667255282,
              24.55298625016071
            ],
            [
              46.8335042482224,
              24.552798382028364
            ],
            [
              46.83327755821169,
              24.552615683760834
            ],
            [
              46.8330467226584,
              24.552438252181755
            ],
            [
              46.83281186389724,
              24.55226618132361
            ],
            [
              46.832573106395074,
              24.552099562377887
            ],
            [
              46.833401034117344,
              24.550636679227576
            ],
            [
              46.83342293967697,
              24.550647068279776
            ],
            [
              46.83344341283318,
              24.550611016359138
            ],
            [
              46.833454310444154,
              24.550616184467994
            ],
            [
              46.83460576679205,
              24.551162264670765
            ],
            [
              46.83467578491496,
              24.551195474431633
            ],
            [
              46.83574398093708,
              24.551702238260056
            ],
            [
              46.83422798323128,
              24.553394710740182
            ]
          ]
        ]
      }
    },
    {
      "type": "Feature",
      "properties": {
        "id": "GARDEN-002",
        "type": "garden",
        "type_ar": "حديقة",
        "icon": "🌳",
        "parcel_no": "1988/م",
        "block_no": "0",
        "area_m2": 17509.29,
        "icon_lon": 46.822413034018325,
        "icon_lat": 24.55367003349593,
        "geometry_kind": "area",
        "source": "مخطط 2705/5 + parcels.geojson",
        "location_status": "محدد من قطعة/قطع المخطط الرسمية"
      },
      "geometry": {
        "type": "Polygon",
        "coordinates": [
          [
            [
              46.82339693619131,
              24.553617543174656
            ],
            [
              46.82293430432667,
              24.554435062985988
            ],
            [
              46.82142907965235,
              24.55372254256648
            ],
            [
              46.82189188655507,
              24.55290498784976
            ],
            [
              46.82257559492905,
              24.553228687582788
            ],
            [
              46.82339693619131,
              24.553617543174656
            ]
          ]
        ]
      }
    },
    {
      "type": "Feature",
      "properties": {
        "id": "GARDEN-003",
        "type": "garden",
        "type_ar": "حديقة",
        "icon": "🌳",
        "parcel_no": "2133/م",
        "block_no": "0",
        "area_m2": 25670.44,
        "icon_lon": 46.82246117845656,
        "icon_lat": 24.56365126995677,
        "geometry_kind": "area",
        "source": "مخطط 2705/5 + parcels.geojson",
        "location_status": "محدد من قطعة/قطع المخطط الرسمية"
      },
      "geometry": {
        "type": "Polygon",
        "coordinates": [
          [
            [
              46.82380651773159,
              24.563556254813154
            ],
            [
              46.823809925410885,
              24.563602900470922
            ],
            [
              46.82241758838237,
              24.564494862175575
            ],
            [
              46.82137606980827,
              24.564001684287224
            ],
            [
              46.82134319812789,
              24.563986119121083
            ],
            [
              46.821760704501486,
              24.56324857341476
            ],
            [
              46.822038673417374,
              24.562757525125072
            ],
            [
              46.82204434602434,
              24.562747503379452
            ],
            [
              46.82208379464109,
              24.562766177767024
            ],
            [
              46.822095138860426,
              24.562746134284566
            ],
            [
              46.82211486366399,
              24.562755471466897
            ],
            [
              46.82380651773159,
              24.563556254813154
            ]
          ]
        ]
      }
    },
    {
      "type": "Feature",
      "properties": {
        "id": "GAS-001",
        "type": "gas_station",
        "type_ar": "محطة وقود",
        "icon": "⛽",
        "parcel_no": "45,46",
        "block_no": "6",
        "area_m2": 6869.08,
        "icon_lon": 46.82158407389378,
        "icon_lat": 24.56666989961459,
        "geometry_kind": "area",
        "source": "مخطط 2705/5 + parcels.geojson",
        "location_status": "محدد من قطعة/قطع المخطط الرسمية"
      },
      "geometry": {
        "type": "Polygon",
        "coordinates": [
          [
            [
              46.8216464704867,
              24.56637120295374
            ],
            [
              46.8216578170499,
              24.566351160369248
            ],
            [
              46.821647954371784,
              24.566346491765987
            ],
            [
              46.82132687791807,
              24.566194503320524
            ],
            [
              46.82100472705755,
              24.566763540218936
            ],
            [
              46.82117334764129,
              24.566858481861896
            ],
            [
              46.82133880262478,
              24.56695883855211
            ],
            [
              46.82146292168834,
              24.567039097817634
            ],
            [
              46.821584985556115,
              24.567122449505217
            ],
            [
              46.82226789078718,
              24.566684981645547
            ],
            [
              46.82226448351381,
              24.566638335942606
            ],
            [
              46.82170712847687,
              24.56637450339904
            ],
            [
              46.82169726678231,
              24.566369834787295
            ],
            [
              46.82168592022411,
              24.566389877374462
            ],
            [
              46.821666194860484,
              24.56638054017146
            ],
            [
              46.8216464704867,
              24.56637120295374
            ]
          ]
        ]
      }
    },
    {
      "type": "Feature",
      "properties": {
        "id": "ELEC-001",
        "type": "electric_station",
        "type_ar": "محطة كهرباء رئيسية",
        "icon": "⚡",
        "parcel_no": "31/30",
        "block_no": "0",
        "area_m2": 5396.49,
        "icon_lon": 46.82877394632881,
        "icon_lat": 24.56201979990785,
        "geometry_kind": "area",
        "source": "مخطط 2705/5 + parcels.geojson",
        "location_status": "محدد من قطعة/قطع المخطط الرسمية"
      },
      "geometry": {
        "type": "Polygon",
        "coordinates": [
          [
            [
              46.82927178120319,
              24.56219796297429
            ],
            [
              46.82882631949832,
              24.562483365672243
            ],
            [
              46.82875757906709,
              24.562472294101145
            ],
            [
              46.828276185538414,
              24.561843800629084
            ],
            [
              46.82876206970753,
              24.561532501575805
            ],
            [
              46.82927178120319,
              24.56219796297429
            ]
          ]
        ]
      }
    },
    {
      "type": "Feature",
      "properties": {
        "id": "COMM-001",
        "type": "commercial_center",
        "type_ar": "مركز تجاري",
        "icon": "🏢",
        "parcel_no": "1",
        "block_no": "1",
        "area_m2": 44067.52,
        "icon_lon": 46.84163868860159,
        "icon_lat": 24.5531700890369,
        "geometry_kind": "area",
        "source": "مخطط 2705/5 + parcels.geojson",
        "location_status": "محدد من قطعة/قطع المخطط الرسمية"
      },
      "geometry": {
        "type": "Polygon",
        "coordinates": [
          [
            [
              46.84132658334659,
              24.551753419976894
            ],
            [
              46.841484324639325,
              24.55183485954739
            ],
            [
              46.84163905688375,
              24.551921880531133
            ],
            [
              46.84179058267214,
              24.552014371906566
            ],
            [
              46.84193870868757,
              24.552112215672995
            ],
            [
              46.842083245950555,
              24.552215287001136
            ],
            [
              46.84222401006015,
              24.55232345439237
            ],
            [
              46.842855550910926,
              24.55282795881766
            ],
            [
              46.842773631945946,
              24.553546280836176
            ],
            [
              46.841103509361346,
              24.554616583875056
            ],
            [
              46.84104355616717,
              24.554597487838716
            ],
            [
              46.84081557208959,
              24.55389720840411
            ],
            [
              46.840704861321775,
              24.553557145814427
            ],
            [
              46.84067293520597,
              24.5534686540671
            ],
            [
              46.840635657554465,
              24.553382280211597
            ],
            [
              46.840593167891626,
              24.553298347531626
            ],
            [
              46.84054562524954,
              24.55321717017395
            ],
            [
              46.84054543910161,
              24.55313423700128
            ],
            [
              46.84105482435733,
              24.55223380738689
            ],
            [
              46.84132658334659,
              24.551753419976894
            ]
          ]
        ]
      }
    },
    {
      "type": "Feature",
      "properties": {
        "id": "GEN-001",
        "type": "generator",
        "type_ar": "مولد كهرباء",
        "icon": "🔌",
        "parcel_no": "726",
        "block_no": "50",
        "area_m2": null,
        "icon_lon": 46.82030603998136,
        "icon_lat": 24.555885164425412,
        "geometry_kind": "point",
        "source": "رمز مولد الكهرباء في مخطط 2705/5",
        "location_status": "محدد من رمز المخطط ومربوط بالخريطة الحقيقية"
      },
      "geometry": {
        "type": "Point",
        "coordinates": [
          46.82030603998136,
          24.555885164425412
        ]
      }
    },
    {
      "type": "Feature",
      "properties": {
        "id": "GEN-002",
        "type": "generator",
        "type_ar": "مولد كهرباء",
        "icon": "🔌",
        "parcel_no": "770",
        "block_no": "52",
        "area_m2": null,
        "icon_lon": 46.82151361392273,
        "icon_lat": 24.555540928191157,
        "geometry_kind": "point",
        "source": "رمز مولد الكهرباء في مخطط 2705/5",
        "location_status": "محدد من رمز المخطط ومربوط بالخريطة الحقيقية"
      },
      "geometry": {
        "type": "Point",
        "coordinates": [
          46.82151361392273,
          24.555540928191157
        ]
      }
    },
    {
      "type": "Feature",
      "properties": {
        "id": "GEN-003",
        "type": "generator",
        "type_ar": "مولد كهرباء",
        "icon": "🔌",
        "parcel_no": "693",
        "block_no": "48",
        "area_m2": null,
        "icon_lon": 46.82250143741453,
        "icon_lat": 24.55705661273728,
        "geometry_kind": "point",
        "source": "رمز مولد الكهرباء في مخطط 2705/5",
        "location_status": "محدد من رمز المخطط ومربوط بالخريطة الحقيقية"
      },
      "geometry": {
        "type": "Point",
        "coordinates": [
          46.82250143741453,
          24.55705661273728
        ]
      }
    },
    {
      "type": "Feature",
      "properties": {
        "id": "GEN-004",
        "type": "generator",
        "type_ar": "مولد كهرباء",
        "icon": "🔌",
        "parcel_no": "1981/م",
        "block_no": "0",
        "area_m2": null,
        "icon_lon": 46.82151083663073,
        "icon_lat": 24.561358318003837,
        "geometry_kind": "point",
        "source": "رمز مولد الكهرباء في مخطط 2705/5",
        "location_status": "محدد من رمز المخطط ومربوط بالخريطة الحقيقية"
      },
      "geometry": {
        "type": "Point",
        "coordinates": [
          46.82151083663073,
          24.561358318003837
        ]
      }
    },
    {
      "type": "Feature",
      "properties": {
        "id": "GEN-005",
        "type": "generator",
        "type_ar": "مولد كهرباء",
        "icon": "🔌",
        "parcel_no": "1893",
        "block_no": "0",
        "area_m2": null,
        "icon_lon": 46.821337027219485,
        "icon_lat": 24.564038507627192,
        "geometry_kind": "point",
        "source": "رمز مولد الكهرباء في مخطط 2705/5",
        "location_status": "محدد من رمز المخطط ومربوط بالخريطة الحقيقية"
      },
      "geometry": {
        "type": "Point",
        "coordinates": [
          46.821337027219485,
          24.564038507627192
        ]
      }
    },
    {
      "type": "Feature",
      "properties": {
        "id": "GEN-006",
        "type": "generator",
        "type_ar": "مولد كهرباء",
        "icon": "🔌",
        "parcel_no": "1903",
        "block_no": "0",
        "area_m2": null,
        "icon_lon": 46.825257834198936,
        "icon_lat": 24.561527855189492,
        "geometry_kind": "point",
        "source": "رمز مولد الكهرباء في مخطط 2705/5",
        "location_status": "محدد من رمز المخطط ومربوط بالخريطة الحقيقية"
      },
      "geometry": {
        "type": "Point",
        "coordinates": [
          46.825257834198936,
          24.561527855189492
        ]
      }
    },
    {
      "type": "Feature",
      "properties": {
        "id": "GEN-007",
        "type": "generator",
        "type_ar": "مولد كهرباء",
        "icon": "🔌",
        "parcel_no": "741",
        "block_no": "51",
        "area_m2": null,
        "icon_lon": 46.82064153611576,
        "icon_lat": 24.554551500133908,
        "geometry_kind": "point",
        "source": "رمز مولد الكهرباء في مخطط 2705/5",
        "location_status": "محدد من رمز المخطط ومربوط بالخريطة الحقيقية"
      },
      "geometry": {
        "type": "Point",
        "coordinates": [
          46.82064153611576,
          24.554551500133908
        ]
      }
    },
    {
      "type": "Feature",
      "properties": {
        "id": "GEN-008",
        "type": "generator",
        "type_ar": "مولد كهرباء",
        "icon": "🔌",
        "parcel_no": "1995/م",
        "block_no": "0",
        "area_m2": null,
        "icon_lon": 46.82053003731496,
        "icon_lat": 24.553586999252218,
        "geometry_kind": "point",
        "source": "رمز مولد الكهرباء في مخطط 2705/5",
        "location_status": "محدد من رمز المخطط ومربوط بالخريطة الحقيقية"
      },
      "geometry": {
        "type": "Point",
        "coordinates": [
          46.82053003731496,
          24.553586999252218
        ]
      }
    },
    {
      "type": "Feature",
      "properties": {
        "id": "GEN-009",
        "type": "generator",
        "type_ar": "مولد كهرباء",
        "icon": "🔌",
        "parcel_no": "756",
        "block_no": "51",
        "area_m2": null,
        "icon_lon": 46.82135722330988,
        "icon_lat": 24.55213946469504,
        "geometry_kind": "point",
        "source": "رمز مولد الكهرباء في مخطط 2705/5",
        "location_status": "محدد من رمز المخطط ومربوط بالخريطة الحقيقية"
      },
      "geometry": {
        "type": "Point",
        "coordinates": [
          46.82135722330988,
          24.55213946469504
        ]
      }
    },
    {
      "type": "Feature",
      "properties": {
        "id": "GEN-010",
        "type": "generator",
        "type_ar": "مولد كهرباء",
        "icon": "🔌",
        "parcel_no": "90",
        "block_no": "10",
        "area_m2": null,
        "icon_lon": 46.821306345595346,
        "icon_lat": 24.551710927155742,
        "geometry_kind": "point",
        "source": "رمز مولد الكهرباء في مخطط 2705/5",
        "location_status": "محدد من رمز المخطط ومربوط بالخريطة الحقيقية"
      },
      "geometry": {
        "type": "Point",
        "coordinates": [
          46.821306345595346,
          24.551710927155742
        ]
      }
    },
    {
      "type": "Feature",
      "properties": {
        "id": "GEN-011",
        "type": "generator",
        "type_ar": "مولد كهرباء",
        "icon": "🔌",
        "parcel_no": "94",
        "block_no": "11",
        "area_m2": null,
        "icon_lon": 46.82211173763395,
        "icon_lat": 24.54998921354821,
        "geometry_kind": "point",
        "source": "رمز مولد الكهرباء في مخطط 2705/5",
        "location_status": "محدد من رمز المخطط ومربوط بالخريطة الحقيقية"
      },
      "geometry": {
        "type": "Point",
        "coordinates": [
          46.82211173763395,
          24.54998921354821
        ]
      }
    },
    {
      "type": "Feature",
      "properties": {
        "id": "GEN-012",
        "type": "generator",
        "type_ar": "مولد كهرباء",
        "icon": "🔌",
        "parcel_no": "100",
        "block_no": "12",
        "area_m2": null,
        "icon_lon": 46.82365071565995,
        "icon_lat": 24.547370149885182,
        "geometry_kind": "point",
        "source": "رمز مولد الكهرباء في مخطط 2705/5",
        "location_status": "محدد من رمز المخطط ومربوط بالخريطة الحقيقية"
      },
      "geometry": {
        "type": "Point",
        "coordinates": [
          46.82365071565995,
          24.547370149885182
        ]
      }
    },
    {
      "type": "Feature",
      "properties": {
        "id": "GEN-013",
        "type": "generator",
        "type_ar": "مولد كهرباء",
        "icon": "🔌",
        "parcel_no": "103",
        "block_no": "12",
        "area_m2": null,
        "icon_lon": 46.82420007609069,
        "icon_lat": 24.54640870640694,
        "geometry_kind": "point",
        "source": "رمز مولد الكهرباء في مخطط 2705/5",
        "location_status": "محدد من رمز المخطط ومربوط بالخريطة الحقيقية"
      },
      "geometry": {
        "type": "Point",
        "coordinates": [
          46.82420007609069,
          24.54640870640694
        ]
      }
    },
    {
      "type": "Feature",
      "properties": {
        "id": "GEN-014",
        "type": "generator",
        "type_ar": "مولد كهرباء",
        "icon": "🔌",
        "parcel_no": "2105/م",
        "block_no": "0",
        "area_m2": null,
        "icon_lon": 46.824689648870674,
        "icon_lat": 24.54604327013982,
        "geometry_kind": "point",
        "source": "رمز مولد الكهرباء في مخطط 2705/5",
        "location_status": "محدد من رمز المخطط ومربوط بالخريطة الحقيقية"
      },
      "geometry": {
        "type": "Point",
        "coordinates": [
          46.824689648870674,
          24.54604327013982
        ]
      }
    },
    {
      "type": "Feature",
      "properties": {
        "id": "GEN-015",
        "type": "generator",
        "type_ar": "مولد كهرباء",
        "icon": "🔌",
        "parcel_no": "2125/م",
        "block_no": "0",
        "area_m2": null,
        "icon_lon": 46.82463398865196,
        "icon_lat": 24.54810622908872,
        "geometry_kind": "point",
        "source": "رمز مولد الكهرباء في مخطط 2705/5",
        "location_status": "محدد من رمز المخطط ومربوط بالخريطة الحقيقية"
      },
      "geometry": {
        "type": "Point",
        "coordinates": [
          46.82463398865196,
          24.54810622908872
        ]
      }
    },
    {
      "type": "Feature",
      "properties": {
        "id": "GEN-016",
        "type": "generator",
        "type_ar": "مولد كهرباء",
        "icon": "🔌",
        "parcel_no": "1706",
        "block_no": "97",
        "area_m2": null,
        "icon_lon": 46.825424982331114,
        "icon_lat": 24.548484335950096,
        "geometry_kind": "point",
        "source": "رمز مولد الكهرباء في مخطط 2705/5",
        "location_status": "محدد من رمز المخطط ومربوط بالخريطة الحقيقية"
      },
      "geometry": {
        "type": "Point",
        "coordinates": [
          46.825424982331114,
          24.548484335950096
        ]
      }
    },
    {
      "type": "Feature",
      "properties": {
        "id": "GEN-017",
        "type": "generator",
        "type_ar": "مولد كهرباء",
        "icon": "🔌",
        "parcel_no": "1664",
        "block_no": "95",
        "area_m2": null,
        "icon_lon": 46.82744932431663,
        "icon_lat": 24.548636708892186,
        "geometry_kind": "point",
        "source": "رمز مولد الكهرباء في مخطط 2705/5",
        "location_status": "محدد من رمز المخطط ومربوط بالخريطة الحقيقية"
      },
      "geometry": {
        "type": "Point",
        "coordinates": [
          46.82744932431663,
          24.548636708892186
        ]
      }
    },
    {
      "type": "Feature",
      "properties": {
        "id": "GEN-018",
        "type": "generator",
        "type_ar": "مولد كهرباء",
        "icon": "🔌",
        "parcel_no": "1124",
        "block_no": "66",
        "area_m2": null,
        "icon_lon": 46.827284480479896,
        "icon_lat": 24.553510779179568,
        "geometry_kind": "point",
        "source": "رمز مولد الكهرباء في مخطط 2705/5",
        "location_status": "محدد من رمز المخطط ومربوط بالخريطة الحقيقية"
      },
      "geometry": {
        "type": "Point",
        "coordinates": [
          46.827284480479896,
          24.553510779179568
        ]
      }
    },
    {
      "type": "Feature",
      "properties": {
        "id": "GEN-019",
        "type": "generator",
        "type_ar": "مولد كهرباء",
        "icon": "🔌",
        "parcel_no": "2089/م",
        "block_no": "0",
        "area_m2": null,
        "icon_lon": 46.828908906541294,
        "icon_lat": 24.54927956068861,
        "geometry_kind": "point",
        "source": "رمز مولد الكهرباء في مخطط 2705/5",
        "location_status": "محدد من رمز المخطط ومربوط بالخريطة الحقيقية"
      },
      "geometry": {
        "type": "Point",
        "coordinates": [
          46.828908906541294,
          24.54927956068861
        ]
      }
    },
    {
      "type": "Feature",
      "properties": {
        "id": "GEN-020",
        "type": "generator",
        "type_ar": "مولد كهرباء",
        "icon": "🔌",
        "parcel_no": "116",
        "block_no": "13",
        "area_m2": null,
        "icon_lon": 46.83139969006338,
        "icon_lat": 24.547606418491426,
        "geometry_kind": "point",
        "source": "رمز مولد الكهرباء في مخطط 2705/5",
        "location_status": "محدد من رمز المخطط ومربوط بالخريطة الحقيقية"
      },
      "geometry": {
        "type": "Point",
        "coordinates": [
          46.83139969006338,
          24.547606418491426
        ]
      }
    },
    {
      "type": "Feature",
      "properties": {
        "id": "GEN-021",
        "type": "generator",
        "type_ar": "مولد كهرباء",
        "icon": "🔌",
        "parcel_no": "96",
        "block_no": "12",
        "area_m2": null,
        "icon_lon": 46.82310032163408,
        "icon_lat": 24.548333386579507,
        "geometry_kind": "point",
        "source": "رمز مولد الكهرباء في مخطط 2705/5",
        "location_status": "محدد من رمز المخطط ومربوط بالخريطة الحقيقية"
      },
      "geometry": {
        "type": "Point",
        "coordinates": [
          46.82310032163408,
          24.548333386579507
        ]
      }
    },
    {
      "type": "Feature",
      "properties": {
        "id": "GEN-022",
        "type": "generator",
        "type_ar": "مولد كهرباء",
        "icon": "🔌",
        "parcel_no": "1896",
        "block_no": "0",
        "area_m2": null,
        "icon_lon": 46.821951998167,
        "icon_lat": 24.550729701486183,
        "geometry_kind": "point",
        "source": "رمز مولد الكهرباء في مخطط 2705/5",
        "location_status": "محدد من رمز المخطط ومربوط بالخريطة الحقيقية"
      },
      "geometry": {
        "type": "Point",
        "coordinates": [
          46.821951998167,
          24.550729701486183
        ]
      }
    },
    {
      "type": "Feature",
      "properties": {
        "id": "GEN-023",
        "type": "generator",
        "type_ar": "مولد كهرباء",
        "icon": "🔌",
        "parcel_no": "1137",
        "block_no": "66",
        "area_m2": null,
        "icon_lon": 46.82386923335825,
        "icon_lat": 24.551646178409175,
        "geometry_kind": "point",
        "source": "رمز مولد الكهرباء في مخطط 2705/5",
        "location_status": "محدد من رمز المخطط ومربوط بالخريطة الحقيقية"
      },
      "geometry": {
        "type": "Point",
        "coordinates": [
          46.82386923335825,
          24.551646178409175
        ]
      }
    },
    {
      "type": "Feature",
      "properties": {
        "id": "GEN-024",
        "type": "generator",
        "type_ar": "مولد كهرباء",
        "icon": "🔌",
        "parcel_no": "1182",
        "block_no": "68",
        "area_m2": null,
        "icon_lon": 46.8250175406551,
        "icon_lat": 24.551294163785908,
        "geometry_kind": "point",
        "source": "رمز مولد الكهرباء في مخطط 2705/5",
        "location_status": "محدد من رمز المخطط ومربوط بالخريطة الحقيقية"
      },
      "geometry": {
        "type": "Point",
        "coordinates": [
          46.8250175406551,
          24.551294163785908
        ]
      }
    },
    {
      "type": "Feature",
      "properties": {
        "id": "GEN-025",
        "type": "generator",
        "type_ar": "مولد كهرباء",
        "icon": "🔌",
        "parcel_no": "1689",
        "block_no": "96",
        "area_m2": null,
        "icon_lon": 46.82610369988725,
        "icon_lat": 24.54986362666233,
        "geometry_kind": "point",
        "source": "رمز مولد الكهرباء في مخطط 2705/5",
        "location_status": "محدد من رمز المخطط ومربوط بالخريطة الحقيقية"
      },
      "geometry": {
        "type": "Point",
        "coordinates": [
          46.82610369988725,
          24.54986362666233
        ]
      }
    },
    {
      "type": "Feature",
      "properties": {
        "id": "GEN-026",
        "type": "generator",
        "type_ar": "مولد كهرباء",
        "icon": "🔌",
        "parcel_no": "106",
        "block_no": "13",
        "area_m2": null,
        "icon_lon": 46.8279168695955,
        "icon_lat": 24.54598260306618,
        "geometry_kind": "point",
        "source": "رمز مولد الكهرباء في مخطط 2705/5",
        "location_status": "محدد من رمز المخطط ومربوط بالخريطة الحقيقية"
      },
      "geometry": {
        "type": "Point",
        "coordinates": [
          46.8279168695955,
          24.54598260306618
        ]
      }
    },
    {
      "type": "Feature",
      "properties": {
        "id": "GEN-027",
        "type": "generator",
        "type_ar": "مولد كهرباء",
        "icon": "🔌",
        "parcel_no": "1795",
        "block_no": "102",
        "area_m2": null,
        "icon_lon": 46.82826743713224,
        "icon_lat": 24.54641735957515,
        "geometry_kind": "point",
        "source": "رمز مولد الكهرباء في مخطط 2705/5",
        "location_status": "محدد من رمز المخطط ومربوط بالخريطة الحقيقية"
      },
      "geometry": {
        "type": "Point",
        "coordinates": [
          46.82826743713224,
          24.54641735957515
        ]
      }
    },
    {
      "type": "Feature",
      "properties": {
        "id": "GEN-028",
        "type": "generator",
        "type_ar": "مولد كهرباء",
        "icon": "🔌",
        "parcel_no": "109",
        "block_no": "13",
        "area_m2": null,
        "icon_lon": 46.82896367997613,
        "icon_lat": 24.546482973571486,
        "geometry_kind": "point",
        "source": "رمز مولد الكهرباء في مخطط 2705/5",
        "location_status": "محدد من رمز المخطط ومربوط بالخريطة الحقيقية"
      },
      "geometry": {
        "type": "Point",
        "coordinates": [
          46.82896367997613,
          24.546482973571486
        ]
      }
    },
    {
      "type": "Feature",
      "properties": {
        "id": "GEN-029",
        "type": "generator",
        "type_ar": "مولد كهرباء",
        "icon": "🔌",
        "parcel_no": "113",
        "block_no": "13",
        "area_m2": null,
        "icon_lon": 46.83035774835026,
        "icon_lat": 24.547135611833827,
        "geometry_kind": "point",
        "source": "رمز مولد الكهرباء في مخطط 2705/5",
        "location_status": "محدد من رمز المخطط ومربوط بالخريطة الحقيقية"
      },
      "geometry": {
        "type": "Point",
        "coordinates": [
          46.83035774835026,
          24.547135611833827
        ]
      }
    },
    {
      "type": "Feature",
      "properties": {
        "id": "GEN-030",
        "type": "generator",
        "type_ar": "مولد كهرباء",
        "icon": "🔌",
        "parcel_no": "1908",
        "block_no": "0",
        "area_m2": null,
        "icon_lon": 46.82929264753273,
        "icon_lat": 24.548462556157492,
        "geometry_kind": "point",
        "source": "رمز مولد الكهرباء في مخطط 2705/5",
        "location_status": "محدد من رمز المخطط ومربوط بالخريطة الحقيقية"
      },
      "geometry": {
        "type": "Point",
        "coordinates": [
          46.82929264753273,
          24.548462556157492
        ]
      }
    },
    {
      "type": "Feature",
      "properties": {
        "id": "GEN-031",
        "type": "generator",
        "type_ar": "مولد كهرباء",
        "icon": "🔌",
        "parcel_no": "1734",
        "block_no": "99",
        "area_m2": null,
        "icon_lon": 46.82572260623801,
        "icon_lat": 24.54676978787648,
        "geometry_kind": "point",
        "source": "رمز مولد الكهرباء في مخطط 2705/5",
        "location_status": "محدد من رمز المخطط ومربوط بالخريطة الحقيقية"
      },
      "geometry": {
        "type": "Point",
        "coordinates": [
          46.82572260623801,
          24.54676978787648
        ]
      }
    },
    {
      "type": "Feature",
      "properties": {
        "id": "GEN-032",
        "type": "generator",
        "type_ar": "مولد كهرباء",
        "icon": "🔌",
        "parcel_no": "1902",
        "block_no": "0",
        "area_m2": null,
        "icon_lon": 46.82711706363172,
        "icon_lat": 24.545600291717754,
        "geometry_kind": "point",
        "source": "رمز مولد الكهرباء في مخطط 2705/5",
        "location_status": "محدد من رمز المخطط ومربوط بالخريطة الحقيقية"
      },
      "geometry": {
        "type": "Point",
        "coordinates": [
          46.82711706363172,
          24.545600291717754
        ]
      }
    },
    {
      "type": "Feature",
      "properties": {
        "id": "GEN-033",
        "type": "generator",
        "type_ar": "مولد كهرباء",
        "icon": "🔌",
        "parcel_no": "1115",
        "block_no": "65",
        "area_m2": null,
        "icon_lon": 46.8246421594874,
        "icon_lat": 24.55276354327846,
        "geometry_kind": "point",
        "source": "رمز مولد الكهرباء في مخطط 2705/5",
        "location_status": "محدد من رمز المخطط ومربوط بالخريطة الحقيقية"
      },
      "geometry": {
        "type": "Point",
        "coordinates": [
          46.8246421594874,
          24.55276354327846
        ]
      }
    },
    {
      "type": "Feature",
      "properties": {
        "id": "GEN-034",
        "type": "generator",
        "type_ar": "مولد كهرباء",
        "icon": "🔌",
        "parcel_no": "895",
        "block_no": "57",
        "area_m2": null,
        "icon_lon": 46.824838156915966,
        "icon_lat": 24.55463506686969,
        "geometry_kind": "point",
        "source": "رمز مولد الكهرباء في مخطط 2705/5",
        "location_status": "محدد من رمز المخطط ومربوط بالخريطة الحقيقية"
      },
      "geometry": {
        "type": "Point",
        "coordinates": [
          46.824838156915966,
          24.55463506686969
        ]
      }
    },
    {
      "type": "Feature",
      "properties": {
        "id": "GEN-035",
        "type": "generator",
        "type_ar": "مولد كهرباء",
        "icon": "🔌",
        "parcel_no": "885",
        "block_no": "57",
        "area_m2": null,
        "icon_lon": 46.82453681456307,
        "icon_lat": 24.555162428652398,
        "geometry_kind": "point",
        "source": "رمز مولد الكهرباء في مخطط 2705/5",
        "location_status": "محدد من رمز المخطط ومربوط بالخريطة الحقيقية"
      },
      "geometry": {
        "type": "Point",
        "coordinates": [
          46.82453681456307,
          24.555162428652398
        ]
      }
    },
    {
      "type": "Feature",
      "properties": {
        "id": "GEN-036",
        "type": "generator",
        "type_ar": "مولد كهرباء",
        "icon": "🔌",
        "parcel_no": "1895",
        "block_no": "0",
        "area_m2": null,
        "icon_lon": 46.82440956910904,
        "icon_lat": 24.55809321702962,
        "geometry_kind": "point",
        "source": "رمز مولد الكهرباء في مخطط 2705/5",
        "location_status": "محدد من رمز المخطط ومربوط بالخريطة الحقيقية"
      },
      "geometry": {
        "type": "Point",
        "coordinates": [
          46.82440956910904,
          24.55809321702962
        ]
      }
    },
    {
      "type": "Feature",
      "properties": {
        "id": "GEN-037",
        "type": "generator",
        "type_ar": "مولد كهرباء",
        "icon": "🔌",
        "parcel_no": "1895",
        "block_no": "0",
        "area_m2": null,
        "icon_lon": 46.8241548537665,
        "icon_lat": 24.558538965983185,
        "geometry_kind": "point",
        "source": "رمز مولد الكهرباء في مخطط 2705/5",
        "location_status": "محدد من رمز المخطط ومربوط بالخريطة الحقيقية"
      },
      "geometry": {
        "type": "Point",
        "coordinates": [
          46.8241548537665,
          24.558538965983185
        ]
      }
    },
    {
      "type": "Feature",
      "properties": {
        "id": "GEN-038",
        "type": "generator",
        "type_ar": "مولد كهرباء",
        "icon": "🔌",
        "parcel_no": "525",
        "block_no": "38",
        "area_m2": null,
        "icon_lon": 46.82169309535219,
        "icon_lat": 24.558431041185962,
        "geometry_kind": "point",
        "source": "رمز مولد الكهرباء في مخطط 2705/5",
        "location_status": "محدد من رمز المخطط ومربوط بالخريطة الحقيقية"
      },
      "geometry": {
        "type": "Point",
        "coordinates": [
          46.82169309535219,
          24.558431041185962
        ]
      }
    },
    {
      "type": "Feature",
      "properties": {
        "id": "GEN-039",
        "type": "generator",
        "type_ar": "مولد كهرباء",
        "icon": "🔌",
        "parcel_no": "443",
        "block_no": "35",
        "area_m2": null,
        "icon_lon": 46.81995062654764,
        "icon_lat": 24.559575820564486,
        "geometry_kind": "point",
        "source": "رمز مولد الكهرباء في مخطط 2705/5",
        "location_status": "محدد من رمز المخطط ومربوط بالخريطة الحقيقية"
      },
      "geometry": {
        "type": "Point",
        "coordinates": [
          46.81995062654764,
          24.559575820564486
        ]
      }
    },
    {
      "type": "Feature",
      "properties": {
        "id": "GEN-040",
        "type": "generator",
        "type_ar": "مولد كهرباء",
        "icon": "🔌",
        "parcel_no": "301",
        "block_no": "28",
        "area_m2": null,
        "icon_lon": 46.81961683661046,
        "icon_lat": 24.561339157011464,
        "geometry_kind": "point",
        "source": "رمز مولد الكهرباء في مخطط 2705/5",
        "location_status": "محدد من رمز المخطط ومربوط بالخريطة الحقيقية"
      },
      "geometry": {
        "type": "Point",
        "coordinates": [
          46.81961683661046,
          24.561339157011464
        ]
      }
    },
    {
      "type": "Feature",
      "properties": {
        "id": "GEN-041",
        "type": "generator",
        "type_ar": "مولد كهرباء",
        "icon": "🔌",
        "parcel_no": "264",
        "block_no": "23",
        "area_m2": null,
        "icon_lon": 46.81874747405457,
        "icon_lat": 24.562065459362866,
        "geometry_kind": "point",
        "source": "رمز مولد الكهرباء في مخطط 2705/5",
        "location_status": "محدد من رمز المخطط ومربوط بالخريطة الحقيقية"
      },
      "geometry": {
        "type": "Point",
        "coordinates": [
          46.81874747405457,
          24.562065459362866
        ]
      }
    },
    {
      "type": "Feature",
      "properties": {
        "id": "GEN-042",
        "type": "generator",
        "type_ar": "مولد كهرباء",
        "icon": "🔌",
        "parcel_no": "2133/م",
        "block_no": "0",
        "area_m2": null,
        "icon_lon": 46.82209393235933,
        "icon_lat": 24.562774391669194,
        "geometry_kind": "point",
        "source": "رمز مولد الكهرباء في مخطط 2705/5",
        "location_status": "محدد من رمز المخطط ومربوط بالخريطة الحقيقية"
      },
      "geometry": {
        "type": "Point",
        "coordinates": [
          46.82209393235933,
          24.562774391669194
        ]
      }
    },
    {
      "type": "Feature",
      "properties": {
        "id": "GEN-043",
        "type": "generator",
        "type_ar": "مولد كهرباء",
        "icon": "🔌",
        "parcel_no": "1960/م",
        "block_no": "0",
        "area_m2": null,
        "icon_lon": 46.81694613168925,
        "icon_lat": 24.5605877776457,
        "geometry_kind": "point",
        "source": "رمز مولد الكهرباء في مخطط 2705/5",
        "location_status": "محدد من رمز المخطط ومربوط بالخريطة الحقيقية"
      },
      "geometry": {
        "type": "Point",
        "coordinates": [
          46.81694613168925,
          24.5605877776457
        ]
      }
    },
    {
      "type": "Feature",
      "properties": {
        "id": "GEN-044",
        "type": "generator",
        "type_ar": "مولد كهرباء",
        "icon": "🔌",
        "parcel_no": "1900",
        "block_no": "0",
        "area_m2": null,
        "icon_lon": 46.81553348018358,
        "icon_lat": 24.563059490847298,
        "geometry_kind": "point",
        "source": "رمز مولد الكهرباء في مخطط 2705/5",
        "location_status": "محدد من رمز المخطط ومربوط بالخريطة الحقيقية"
      },
      "geometry": {
        "type": "Point",
        "coordinates": [
          46.81553348018358,
          24.563059490847298
        ]
      }
    },
    {
      "type": "Feature",
      "properties": {
        "id": "GEN-045",
        "type": "generator",
        "type_ar": "مولد كهرباء",
        "icon": "🔌",
        "parcel_no": "223",
        "block_no": "20",
        "area_m2": null,
        "icon_lon": 46.816390208608645,
        "icon_lat": 24.562280822498984,
        "geometry_kind": "point",
        "source": "رمز مولد الكهرباء في مخطط 2705/5",
        "location_status": "محدد من رمز المخطط ومربوط بالخريطة الحقيقية"
      },
      "geometry": {
        "type": "Point",
        "coordinates": [
          46.816390208608645,
          24.562280822498984
        ]
      }
    },
    {
      "type": "Feature",
      "properties": {
        "id": "GEN-046",
        "type": "generator",
        "type_ar": "مولد كهرباء",
        "icon": "🔌",
        "parcel_no": "65",
        "block_no": "8",
        "area_m2": null,
        "icon_lon": 46.8156111963731,
        "icon_lat": 24.561370607293394,
        "geometry_kind": "point",
        "source": "رمز مولد الكهرباء في مخطط 2705/5",
        "location_status": "محدد من رمز المخطط ومربوط بالخريطة الحقيقية"
      },
      "geometry": {
        "type": "Point",
        "coordinates": [
          46.8156111963731,
          24.561370607293394
        ]
      }
    },
    {
      "type": "Feature",
      "properties": {
        "id": "GEN-047",
        "type": "generator",
        "type_ar": "مولد كهرباء",
        "icon": "🔌",
        "parcel_no": "69",
        "block_no": "9",
        "area_m2": null,
        "icon_lon": 46.81670604390592,
        "icon_lat": 24.5594549392636,
        "geometry_kind": "point",
        "source": "رمز مولد الكهرباء في مخطط 2705/5",
        "location_status": "محدد من رمز المخطط ومربوط بالخريطة الحقيقية"
      },
      "geometry": {
        "type": "Point",
        "coordinates": [
          46.81670604390592,
          24.5594549392636
        ]
      }
    },
    {
      "type": "Feature",
      "properties": {
        "id": "GEN-048",
        "type": "generator",
        "type_ar": "مولد كهرباء",
        "icon": "🔌",
        "parcel_no": "71",
        "block_no": "9",
        "area_m2": null,
        "icon_lon": 46.81724066662849,
        "icon_lat": 24.5584932774279,
        "geometry_kind": "point",
        "source": "رمز مولد الكهرباء في مخطط 2705/5",
        "location_status": "محدد من رمز المخطط ومربوط بالخريطة الحقيقية"
      },
      "geometry": {
        "type": "Point",
        "coordinates": [
          46.81724066662849,
          24.5584932774279
        ]
      }
    },
    {
      "type": "Feature",
      "properties": {
        "id": "GEN-049",
        "type": "generator",
        "type_ar": "مولد كهرباء",
        "icon": "🔌",
        "parcel_no": "74",
        "block_no": "9",
        "area_m2": null,
        "icon_lon": 46.817790123322325,
        "icon_lat": 24.557531847527724,
        "geometry_kind": "point",
        "source": "رمز مولد الكهرباء في مخطط 2705/5",
        "location_status": "محدد من رمز المخطط ومربوط بالخريطة الحقيقية"
      },
      "geometry": {
        "type": "Point",
        "coordinates": [
          46.817790123322325,
          24.557531847527724
        ]
      }
    },
    {
      "type": "Feature",
      "properties": {
        "id": "GEN-050",
        "type": "generator",
        "type_ar": "مولد كهرباء",
        "icon": "🔌",
        "parcel_no": "77",
        "block_no": "9",
        "area_m2": null,
        "icon_lon": 46.81833905670505,
        "icon_lat": 24.556571317669444,
        "geometry_kind": "point",
        "source": "رمز مولد الكهرباء في مخطط 2705/5",
        "location_status": "محدد من رمز المخطط ومربوط بالخريطة الحقيقية"
      },
      "geometry": {
        "type": "Point",
        "coordinates": [
          46.81833905670505,
          24.556571317669444
        ]
      }
    },
    {
      "type": "Feature",
      "properties": {
        "id": "GEN-051",
        "type": "generator",
        "type_ar": "مولد كهرباء",
        "icon": "🔌",
        "parcel_no": "1964/م",
        "block_no": "0",
        "area_m2": null,
        "icon_lon": 46.817680367346995,
        "icon_lat": 24.558226162472838,
        "geometry_kind": "point",
        "source": "رمز مولد الكهرباء في مخطط 2705/5",
        "location_status": "محدد من رمز المخطط ومربوط بالخريطة الحقيقية"
      },
      "geometry": {
        "type": "Point",
        "coordinates": [
          46.817680367346995,
          24.558226162472838
        ]
      }
    },
    {
      "type": "Feature",
      "properties": {
        "id": "GEN-052",
        "type": "generator",
        "type_ar": "مولد كهرباء",
        "icon": "🔌",
        "parcel_no": "63",
        "block_no": "8",
        "area_m2": null,
        "icon_lon": 46.81506376066878,
        "icon_lat": 24.562328438873728,
        "geometry_kind": "point",
        "source": "رمز مولد الكهرباء في مخطط 2705/5",
        "location_status": "محدد من رمز المخطط ومربوط بالخريطة الحقيقية"
      },
      "geometry": {
        "type": "Point",
        "coordinates": [
          46.81506376066878,
          24.562328438873728
        ]
      }
    },
    {
      "type": "Feature",
      "properties": {
        "id": "GEN-053",
        "type": "generator",
        "type_ar": "مولد كهرباء",
        "icon": "🔌",
        "parcel_no": "1948/م",
        "block_no": "0",
        "area_m2": null,
        "icon_lon": 46.818212329407416,
        "icon_lat": 24.563901547109452,
        "geometry_kind": "point",
        "source": "رمز مولد الكهرباء في مخطط 2705/5",
        "location_status": "محدد من رمز المخطط ومربوط بالخريطة الحقيقية"
      },
      "geometry": {
        "type": "Point",
        "coordinates": [
          46.818212329407416,
          24.563901547109452
        ]
      }
    },
    {
      "type": "Feature",
      "properties": {
        "id": "GEN-054",
        "type": "generator",
        "type_ar": "مولد كهرباء",
        "icon": "🔌",
        "parcel_no": "56",
        "block_no": "7",
        "area_m2": null,
        "icon_lon": 46.817828926786355,
        "icon_lat": 24.564572395882266,
        "geometry_kind": "point",
        "source": "رمز مولد الكهرباء في مخطط 2705/5",
        "location_status": "محدد من رمز المخطط ومربوط بالخريطة الحقيقية"
      },
      "geometry": {
        "type": "Point",
        "coordinates": [
          46.817828926786355,
          24.564572395882266
        ]
      }
    },
    {
      "type": "Feature",
      "properties": {
        "id": "GEN-055",
        "type": "generator",
        "type_ar": "مولد كهرباء",
        "icon": "🔌",
        "parcel_no": "58",
        "block_no": "7",
        "area_m2": null,
        "icon_lon": 46.817130975561845,
        "icon_lat": 24.564238770115434,
        "geometry_kind": "point",
        "source": "رمز مولد الكهرباء في مخطط 2705/5",
        "location_status": "محدد من رمز المخطط ومربوط بالخريطة الحقيقية"
      },
      "geometry": {
        "type": "Point",
        "coordinates": [
          46.817130975561845,
          24.564238770115434
        ]
      }
    },
    {
      "type": "Feature",
      "properties": {
        "id": "GEN-056",
        "type": "generator",
        "type_ar": "مولد كهرباء",
        "icon": "🔌",
        "parcel_no": "59",
        "block_no": "7",
        "area_m2": null,
        "icon_lon": 46.81644086684807,
        "icon_lat": 24.56390888805902,
        "geometry_kind": "point",
        "source": "رمز مولد الكهرباء في مخطط 2705/5",
        "location_status": "محدد من رمز المخطط ومربوط بالخريطة الحقيقية"
      },
      "geometry": {
        "type": "Point",
        "coordinates": [
          46.81644086684807,
          24.56390888805902
        ]
      }
    },
    {
      "type": "Feature",
      "properties": {
        "id": "GEN-057",
        "type": "generator",
        "type_ar": "مولد كهرباء",
        "icon": "🔌",
        "parcel_no": "61",
        "block_no": "7",
        "area_m2": null,
        "icon_lon": 46.8160409197882,
        "icon_lat": 24.563717705210124,
        "geometry_kind": "point",
        "source": "رمز مولد الكهرباء في مخطط 2705/5",
        "location_status": "محدد من رمز المخطط ومربوط بالخريطة الحقيقية"
      },
      "geometry": {
        "type": "Point",
        "coordinates": [
          46.8160409197882,
          24.563717705210124
        ]
      }
    },
    {
      "type": "Feature",
      "properties": {
        "id": "GEN-058",
        "type": "generator",
        "type_ar": "مولد كهرباء",
        "icon": "🔌",
        "parcel_no": "1904",
        "block_no": "0",
        "area_m2": null,
        "icon_lon": 46.81947289828864,
        "icon_lat": 24.55834669777369,
        "geometry_kind": "point",
        "source": "رمز مولد الكهرباء في مخطط 2705/5",
        "location_status": "محدد من رمز المخطط ومربوط بالخريطة الحقيقية"
      },
      "geometry": {
        "type": "Point",
        "coordinates": [
          46.81947289828864,
          24.55834669777369
        ]
      }
    },
    {
      "type": "Feature",
      "properties": {
        "id": "GEN-059",
        "type": "generator",
        "type_ar": "مولد كهرباء",
        "icon": "🔌",
        "parcel_no": "495",
        "block_no": "37",
        "area_m2": null,
        "icon_lon": 46.8220742167604,
        "icon_lat": 24.55957236747938,
        "geometry_kind": "point",
        "source": "رمز مولد الكهرباء في مخطط 2705/5",
        "location_status": "محدد من رمز المخطط ومربوط بالخريطة الحقيقية"
      },
      "geometry": {
        "type": "Point",
        "coordinates": [
          46.8220742167604,
          24.55957236747938
        ]
      }
    },
    {
      "type": "Feature",
      "properties": {
        "id": "GEN-060",
        "type": "generator",
        "type_ar": "مولد كهرباء",
        "icon": "🔌",
        "parcel_no": "846",
        "block_no": "55",
        "area_m2": null,
        "icon_lon": 46.82611544574561,
        "icon_lat": 24.55711932868737,
        "geometry_kind": "point",
        "source": "رمز مولد الكهرباء في مخطط 2705/5",
        "location_status": "محدد من رمز المخطط ومربوط بالخريطة الحقيقية"
      },
      "geometry": {
        "type": "Point",
        "coordinates": [
          46.82611544574561,
          24.55711932868737
        ]
      }
    },
    {
      "type": "Feature",
      "properties": {
        "id": "GEN-061",
        "type": "generator",
        "type_ar": "مولد كهرباء",
        "icon": "🔌",
        "parcel_no": "914",
        "block_no": "58",
        "area_m2": null,
        "icon_lon": 46.82781808411884,
        "icon_lat": 24.55578192967763,
        "geometry_kind": "point",
        "source": "رمز مولد الكهرباء في مخطط 2705/5",
        "location_status": "محدد من رمز المخطط ومربوط بالخريطة الحقيقية"
      },
      "geometry": {
        "type": "Point",
        "coordinates": [
          46.82781808411884,
          24.55578192967763
        ]
      }
    },
    {
      "type": "Feature",
      "properties": {
        "id": "GEN-062",
        "type": "generator",
        "type_ar": "مولد كهرباء",
        "icon": "🔌",
        "parcel_no": "1088",
        "block_no": "64",
        "area_m2": null,
        "icon_lon": 46.8273448742149,
        "icon_lat": 24.55459205625602,
        "geometry_kind": "point",
        "source": "رمز مولد الكهرباء في مخطط 2705/5",
        "location_status": "محدد من رمز المخطط ومربوط بالخريطة الحقيقية"
      },
      "geometry": {
        "type": "Point",
        "coordinates": [
          46.8273448742149,
          24.55459205625602
        ]
      }
    },
    {
      "type": "Feature",
      "properties": {
        "id": "GEN-063",
        "type": "generator",
        "type_ar": "مولد كهرباء",
        "icon": "🔌",
        "parcel_no": "1897",
        "block_no": "0",
        "area_m2": null,
        "icon_lon": 46.82828246174774,
        "icon_lat": 24.55206004087739,
        "geometry_kind": "point",
        "source": "رمز مولد الكهرباء في مخطط 2705/5",
        "location_status": "محدد من رمز المخطط ومربوط بالخريطة الحقيقية"
      },
      "geometry": {
        "type": "Point",
        "coordinates": [
          46.82828246174774,
          24.55206004087739
        ]
      }
    },
    {
      "type": "Feature",
      "properties": {
        "id": "GEN-064",
        "type": "generator",
        "type_ar": "مولد كهرباء",
        "icon": "🔌",
        "parcel_no": "1074",
        "block_no": "63",
        "area_m2": null,
        "icon_lon": 46.82848421418545,
        "icon_lat": 24.554319074907944,
        "geometry_kind": "point",
        "source": "رمز مولد الكهرباء في مخطط 2705/5",
        "location_status": "محدد من رمز المخطط ومربوط بالخريطة الحقيقية"
      },
      "geometry": {
        "type": "Point",
        "coordinates": [
          46.82848421418545,
          24.554319074907944
        ]
      }
    },
    {
      "type": "Feature",
      "properties": {
        "id": "GEN-065",
        "type": "generator",
        "type_ar": "مولد كهرباء",
        "icon": "🔌",
        "parcel_no": "1244",
        "block_no": "70",
        "area_m2": null,
        "icon_lon": 46.82901753606082,
        "icon_lat": 24.553167260632314,
        "geometry_kind": "point",
        "source": "رمز مولد الكهرباء في مخطط 2705/5",
        "location_status": "محدد من رمز المخطط ومربوط بالخريطة الحقيقية"
      },
      "geometry": {
        "type": "Point",
        "coordinates": [
          46.82901753606082,
          24.553167260632314
        ]
      }
    },
    {
      "type": "Feature",
      "properties": {
        "id": "GEN-066",
        "type": "generator",
        "type_ar": "مولد كهرباء",
        "icon": "🔌",
        "parcel_no": "1398",
        "block_no": "79",
        "area_m2": null,
        "icon_lon": 46.830473541683574,
        "icon_lat": 24.551863856985825,
        "geometry_kind": "point",
        "source": "رمز مولد الكهرباء في مخطط 2705/5",
        "location_status": "محدد من رمز المخطط ومربوط بالخريطة الحقيقية"
      },
      "geometry": {
        "type": "Point",
        "coordinates": [
          46.830473541683574,
          24.551863856985825
        ]
      }
    },
    {
      "type": "Feature",
      "properties": {
        "id": "GEN-067",
        "type": "generator",
        "type_ar": "مولد كهرباء",
        "icon": "🔌",
        "parcel_no": "1359",
        "block_no": "78",
        "area_m2": null,
        "icon_lon": 46.83113292308229,
        "icon_lat": 24.553147257080504,
        "geometry_kind": "point",
        "source": "رمز مولد الكهرباء في مخطط 2705/5",
        "location_status": "محدد من رمز المخطط ومربوط بالخريطة الحقيقية"
      },
      "geometry": {
        "type": "Point",
        "coordinates": [
          46.83113292308229,
          24.553147257080504
        ]
      }
    },
    {
      "type": "Feature",
      "properties": {
        "id": "GEN-068",
        "type": "generator",
        "type_ar": "مولد كهرباء",
        "icon": "🔌",
        "parcel_no": "1407",
        "block_no": "79",
        "area_m2": null,
        "icon_lon": 46.8307651157436,
        "icon_lat": 24.551353525136026,
        "geometry_kind": "point",
        "source": "رمز مولد الكهرباء في مخطط 2705/5",
        "location_status": "محدد من رمز المخطط ومربوط بالخريطة الحقيقية"
      },
      "geometry": {
        "type": "Point",
        "coordinates": [
          46.8307651157436,
          24.551353525136026
        ]
      }
    },
    {
      "type": "Feature",
      "properties": {
        "id": "GEN-069",
        "type": "generator",
        "type_ar": "مولد كهرباء",
        "icon": "🔌",
        "parcel_no": "1803",
        "block_no": "104",
        "area_m2": null,
        "icon_lon": 46.83222817850122,
        "icon_lat": 24.54896307581264,
        "geometry_kind": "point",
        "source": "رمز مولد الكهرباء في مخطط 2705/5",
        "location_status": "محدد من رمز المخطط ومربوط بالخريطة الحقيقية"
      },
      "geometry": {
        "type": "Point",
        "coordinates": [
          46.83222817850122,
          24.54896307581264
        ]
      }
    },
    {
      "type": "Feature",
      "properties": {
        "id": "GEN-070",
        "type": "generator",
        "type_ar": "مولد كهرباء",
        "icon": "🔌",
        "parcel_no": "118",
        "block_no": "14",
        "area_m2": null,
        "icon_lon": 46.832294337644605,
        "icon_lat": 24.54805442297555,
        "geometry_kind": "point",
        "source": "رمز مولد الكهرباء في مخطط 2705/5",
        "location_status": "محدد من رمز المخطط ومربوط بالخريطة الحقيقية"
      },
      "geometry": {
        "type": "Point",
        "coordinates": [
          46.832294337644605,
          24.54805442297555
        ]
      }
    },
    {
      "type": "Feature",
      "properties": {
        "id": "GEN-071",
        "type": "generator",
        "type_ar": "مولد كهرباء",
        "icon": "🔌",
        "parcel_no": "121",
        "block_no": "14",
        "area_m2": null,
        "icon_lon": 46.83335000340018,
        "icon_lat": 24.54855897749073,
        "geometry_kind": "point",
        "source": "رمز مولد الكهرباء في مخطط 2705/5",
        "location_status": "محدد من رمز المخطط ومربوط بالخريطة الحقيقية"
      },
      "geometry": {
        "type": "Point",
        "coordinates": [
          46.83335000340018,
          24.54855897749073
        ]
      }
    },
    {
      "type": "Feature",
      "properties": {
        "id": "GEN-072",
        "type": "generator",
        "type_ar": "مولد كهرباء",
        "icon": "🔌",
        "parcel_no": "2064/م",
        "block_no": "0",
        "area_m2": null,
        "icon_lon": 46.83342099254368,
        "icon_lat": 24.55065001671059,
        "geometry_kind": "point",
        "source": "رمز مولد الكهرباء في مخطط 2705/5",
        "location_status": "محدد من رمز المخطط ومربوط بالخريطة الحقيقية"
      },
      "geometry": {
        "type": "Point",
        "coordinates": [
          46.83342099254368,
          24.55065001671059
        ]
      }
    },
    {
      "type": "Feature",
      "properties": {
        "id": "GEN-073",
        "type": "generator",
        "type_ar": "مولد كهرباء",
        "icon": "🔌",
        "parcel_no": "1842",
        "block_no": "107",
        "area_m2": null,
        "icon_lon": 46.837153496260285,
        "icon_lat": 24.550734868829426,
        "geometry_kind": "point",
        "source": "رمز مولد الكهرباء في مخطط 2705/5",
        "location_status": "محدد من رمز المخطط ومربوط بالخريطة الحقيقية"
      },
      "geometry": {
        "type": "Point",
        "coordinates": [
          46.837153496260285,
          24.550734868829426
        ]
      }
    },
    {
      "type": "Feature",
      "properties": {
        "id": "GEN-074",
        "type": "generator",
        "type_ar": "مولد كهرباء",
        "icon": "🔌",
        "parcel_no": "125",
        "block_no": "15",
        "area_m2": null,
        "icon_lon": 46.83501465142391,
        "icon_lat": 24.549340868920822,
        "geometry_kind": "point",
        "source": "رمز مولد الكهرباء في مخطط 2705/5",
        "location_status": "محدد من رمز المخطط ومربوط بالخريطة الحقيقية"
      },
      "geometry": {
        "type": "Point",
        "coordinates": [
          46.83501465142391,
          24.549340868920822
        ]
      }
    },
    {
      "type": "Feature",
      "properties": {
        "id": "GEN-075",
        "type": "generator",
        "type_ar": "مولد كهرباء",
        "icon": "🔌",
        "parcel_no": "127",
        "block_no": "15",
        "area_m2": null,
        "icon_lon": 46.83571452146908,
        "icon_lat": 24.5496753524168,
        "geometry_kind": "point",
        "source": "رمز مولد الكهرباء في مخطط 2705/5",
        "location_status": "محدد من رمز المخطط ومربوط بالخريطة الحقيقية"
      },
      "geometry": {
        "type": "Point",
        "coordinates": [
          46.83571452146908,
          24.5496753524168
        ]
      }
    },
    {
      "type": "Feature",
      "properties": {
        "id": "GEN-076",
        "type": "generator",
        "type_ar": "مولد كهرباء",
        "icon": "🔌",
        "parcel_no": "2064/م",
        "block_no": "0",
        "area_m2": null,
        "icon_lon": 46.834178589308486,
        "icon_lat": 24.553370967668517,
        "geometry_kind": "point",
        "source": "رمز مولد الكهرباء في مخطط 2705/5",
        "location_status": "محدد من رمز المخطط ومربوط بالخريطة الحقيقية"
      },
      "geometry": {
        "type": "Point",
        "coordinates": [
          46.834178589308486,
          24.553370967668517
        ]
      }
    },
    {
      "type": "Feature",
      "properties": {
        "id": "GEN-077",
        "type": "generator",
        "type_ar": "مولد كهرباء",
        "icon": "🔌",
        "parcel_no": "1284",
        "block_no": "73",
        "area_m2": null,
        "icon_lon": 46.83355614902561,
        "icon_lat": 24.556898018704327,
        "geometry_kind": "point",
        "source": "رمز مولد الكهرباء في مخطط 2705/5",
        "location_status": "محدد من رمز المخطط ومربوط بالخريطة الحقيقية"
      },
      "geometry": {
        "type": "Point",
        "coordinates": [
          46.83355614902561,
          24.556898018704327
        ]
      }
    },
    {
      "type": "Feature",
      "properties": {
        "id": "GEN-078",
        "type": "generator",
        "type_ar": "مولد كهرباء",
        "icon": "🔌",
        "parcel_no": "2145/م",
        "block_no": "0",
        "area_m2": null,
        "icon_lon": 46.83455397862559,
        "icon_lat": 24.556475151858262,
        "geometry_kind": "point",
        "source": "رمز مولد الكهرباء في مخطط 2705/5",
        "location_status": "محدد من رمز المخطط ومربوط بالخريطة الحقيقية"
      },
      "geometry": {
        "type": "Point",
        "coordinates": [
          46.83455397862559,
          24.556475151858262
        ]
      }
    },
    {
      "type": "Feature",
      "properties": {
        "id": "GEN-079",
        "type": "generator",
        "type_ar": "مولد كهرباء",
        "icon": "🔌",
        "parcel_no": "610",
        "block_no": "42",
        "area_m2": null,
        "icon_lon": 46.830601140126284,
        "icon_lat": 24.559803100184503,
        "geometry_kind": "point",
        "source": "رمز مولد الكهرباء في مخطط 2705/5",
        "location_status": "محدد من رمز المخطط ومربوط بالخريطة الحقيقية"
      },
      "geometry": {
        "type": "Point",
        "coordinates": [
          46.830601140126284,
          24.559803100184503
        ]
      }
    },
    {
      "type": "Feature",
      "properties": {
        "id": "GEN-080",
        "type": "generator",
        "type_ar": "مولد كهرباء",
        "icon": "🔌",
        "parcel_no": "2022/م",
        "block_no": "0",
        "area_m2": null,
        "icon_lon": 46.83109799264582,
        "icon_lat": 24.55919561754323,
        "geometry_kind": "point",
        "source": "رمز مولد الكهرباء في مخطط 2705/5",
        "location_status": "محدد من رمز المخطط ومربوط بالخريطة الحقيقية"
      },
      "geometry": {
        "type": "Point",
        "coordinates": [
          46.83109799264582,
          24.55919561754323
        ]
      }
    },
    {
      "type": "Feature",
      "properties": {
        "id": "GEN-081",
        "type": "generator",
        "type_ar": "مولد كهرباء",
        "icon": "🔌",
        "parcel_no": "1423",
        "block_no": "80",
        "area_m2": null,
        "icon_lon": 46.837168137620964,
        "icon_lat": 24.55589137516116,
        "geometry_kind": "point",
        "source": "رمز مولد الكهرباء في مخطط 2705/5",
        "location_status": "محدد من رمز المخطط ومربوط بالخريطة الحقيقية"
      },
      "geometry": {
        "type": "Point",
        "coordinates": [
          46.837168137620964,
          24.55589137516116
        ]
      }
    },
    {
      "type": "Feature",
      "properties": {
        "id": "GEN-082",
        "type": "generator",
        "type_ar": "مولد كهرباء",
        "icon": "🔌",
        "parcel_no": "2036/م",
        "block_no": "0",
        "area_m2": null,
        "icon_lon": 46.8374045382797,
        "icon_lat": 24.556021472061527,
        "geometry_kind": "point",
        "source": "رمز مولد الكهرباء في مخطط 2705/5",
        "location_status": "محدد من رمز المخطط ومربوط بالخريطة الحقيقية"
      },
      "geometry": {
        "type": "Point",
        "coordinates": [
          46.8374045382797,
          24.556021472061527
        ]
      }
    },
    {
      "type": "Feature",
      "properties": {
        "id": "GEN-083",
        "type": "generator",
        "type_ar": "مولد كهرباء",
        "icon": "🔌",
        "parcel_no": "1936",
        "block_no": "2",
        "area_m2": null,
        "icon_lon": 46.83847068642078,
        "icon_lat": 24.555343515314725,
        "geometry_kind": "point",
        "source": "رمز مولد الكهرباء في مخطط 2705/5",
        "location_status": "محدد من رمز المخطط ومربوط بالخريطة الحقيقية"
      },
      "geometry": {
        "type": "Point",
        "coordinates": [
          46.83847068642078,
          24.555343515314725
        ]
      }
    },
    {
      "type": "Feature",
      "properties": {
        "id": "GEN-084",
        "type": "generator",
        "type_ar": "مولد كهرباء",
        "icon": "🔌",
        "parcel_no": "1937",
        "block_no": "2",
        "area_m2": null,
        "icon_lon": 46.8388314593905,
        "icon_lat": 24.555111731430546,
        "geometry_kind": "point",
        "source": "رمز مولد الكهرباء في مخطط 2705/5",
        "location_status": "محدد من رمز المخطط ومربوط بالخريطة الحقيقية"
      },
      "geometry": {
        "type": "Point",
        "coordinates": [
          46.8388314593905,
          24.555111731430546
        ]
      }
    },
    {
      "type": "Feature",
      "properties": {
        "id": "GEN-085",
        "type": "generator",
        "type_ar": "مولد كهرباء",
        "icon": "🔌",
        "parcel_no": "2041/م",
        "block_no": "0",
        "area_m2": null,
        "icon_lon": 46.83953956690964,
        "icon_lat": 24.554652019082894,
        "geometry_kind": "point",
        "source": "رمز مولد الكهرباء في مخطط 2705/5",
        "location_status": "محدد من رمز المخطط ومربوط بالخريطة الحقيقية"
      },
      "geometry": {
        "type": "Point",
        "coordinates": [
          46.83953956690964,
          24.554652019082894
        ]
      }
    },
    {
      "type": "Feature",
      "properties": {
        "id": "GEN-086",
        "type": "generator",
        "type_ar": "مولد كهرباء",
        "icon": "🔌",
        "parcel_no": "1434",
        "block_no": "80",
        "area_m2": null,
        "icon_lon": 46.839533489679646,
        "icon_lat": 24.554014821173716,
        "geometry_kind": "point",
        "source": "رمز مولد الكهرباء في مخطط 2705/5",
        "location_status": "محدد من رمز المخطط ومربوط بالخريطة الحقيقية"
      },
      "geometry": {
        "type": "Point",
        "coordinates": [
          46.839533489679646,
          24.554014821173716
        ]
      }
    },
    {
      "type": "Feature",
      "properties": {
        "id": "GEN-087",
        "type": "generator",
        "type_ar": "مولد كهرباء",
        "icon": "🔌",
        "parcel_no": "2033/م",
        "block_no": "0",
        "area_m2": null,
        "icon_lon": 46.83654206616153,
        "icon_lat": 24.556691100920865,
        "geometry_kind": "point",
        "source": "رمز مولد الكهرباء في مخطط 2705/5",
        "location_status": "محدد من رمز المخطط ومربوط بالخريطة الحقيقية"
      },
      "geometry": {
        "type": "Point",
        "coordinates": [
          46.83654206616153,
          24.556691100920865
        ]
      }
    },
    {
      "type": "Feature",
      "properties": {
        "id": "GEN-088",
        "type": "generator",
        "type_ar": "مولد كهرباء",
        "icon": "🔌",
        "parcel_no": "1441",
        "block_no": "80",
        "area_m2": null,
        "icon_lon": 46.837562521981134,
        "icon_lat": 24.55493235991415,
        "geometry_kind": "point",
        "source": "رمز مولد الكهرباء في مخطط 2705/5",
        "location_status": "محدد من رمز المخطط ومربوط بالخريطة الحقيقية"
      },
      "geometry": {
        "type": "Point",
        "coordinates": [
          46.837562521981134,
          24.55493235991415
        ]
      }
    },
    {
      "type": "Feature",
      "properties": {
        "id": "GEN-089",
        "type": "generator",
        "type_ar": "مولد كهرباء",
        "icon": "🔌",
        "parcel_no": "1462",
        "block_no": "81",
        "area_m2": null,
        "icon_lon": 46.83633840813732,
        "icon_lat": 24.555099163239372,
        "geometry_kind": "point",
        "source": "رمز مولد الكهرباء في مخطط 2705/5",
        "location_status": "محدد من رمز المخطط ومربوط بالخريطة الحقيقية"
      },
      "geometry": {
        "type": "Point",
        "coordinates": [
          46.83633840813732,
          24.555099163239372
        ]
      }
    },
    {
      "type": "Feature",
      "properties": {
        "id": "GEN-090",
        "type": "generator",
        "type_ar": "مولد كهرباء",
        "icon": "🔌",
        "parcel_no": "2069/م",
        "block_no": "0",
        "area_m2": null,
        "icon_lon": 46.83125721626917,
        "icon_lat": 24.55512171167402,
        "geometry_kind": "point",
        "source": "رمز مولد الكهرباء في مخطط 2705/5",
        "location_status": "محدد من رمز المخطط ومربوط بالخريطة الحقيقية"
      },
      "geometry": {
        "type": "Point",
        "coordinates": [
          46.83125721626917,
          24.55512171167402
        ]
      }
    },
    {
      "type": "Feature",
      "properties": {
        "id": "GEN-091",
        "type": "generator",
        "type_ar": "مولد كهرباء",
        "icon": "🔌",
        "parcel_no": "2074/م",
        "block_no": "0",
        "area_m2": null,
        "icon_lon": 46.829191728280534,
        "icon_lat": 24.5576490280949,
        "geometry_kind": "point",
        "source": "رمز مولد الكهرباء في مخطط 2705/5",
        "location_status": "محدد من رمز المخطط ومربوط بالخريطة الحقيقية"
      },
      "geometry": {
        "type": "Point",
        "coordinates": [
          46.829191728280534,
          24.5576490280949
        ]
      }
    },
    {
      "type": "Feature",
      "properties": {
        "id": "GEN-092",
        "type": "generator",
        "type_ar": "مولد كهرباء",
        "icon": "🔌",
        "parcel_no": "644",
        "block_no": "44",
        "area_m2": null,
        "icon_lon": 46.828322027020135,
        "icon_lat": 24.55965921146979,
        "geometry_kind": "point",
        "source": "رمز مولد الكهرباء في مخطط 2705/5",
        "location_status": "محدد من رمز المخطط ومربوط بالخريطة الحقيقية"
      },
      "geometry": {
        "type": "Point",
        "coordinates": [
          46.828322027020135,
          24.55965921146979
        ]
      }
    },
    {
      "type": "Feature",
      "properties": {
        "id": "GEN-093",
        "type": "generator",
        "type_ar": "مولد كهرباء",
        "icon": "🔌",
        "parcel_no": "597",
        "block_no": "41",
        "area_m2": null,
        "icon_lon": 46.82739314803417,
        "icon_lat": 24.561197458854537,
        "geometry_kind": "point",
        "source": "رمز مولد الكهرباء في مخطط 2705/5",
        "location_status": "محدد من رمز المخطط ومربوط بالخريطة الحقيقية"
      },
      "geometry": {
        "type": "Point",
        "coordinates": [
          46.82739314803417,
          24.561197458854537
        ]
      }
    },
    {
      "type": "Feature",
      "properties": {
        "id": "GEN-094",
        "type": "generator",
        "type_ar": "مولد كهرباء",
        "icon": "🔌",
        "parcel_no": "1890",
        "block_no": "41",
        "area_m2": null,
        "icon_lon": 46.82753200403522,
        "icon_lat": 24.56248328592823,
        "geometry_kind": "point",
        "source": "رمز مولد الكهرباء في مخطط 2705/5",
        "location_status": "محدد من رمز المخطط ومربوط بالخريطة الحقيقية"
      },
      "geometry": {
        "type": "Point",
        "coordinates": [
          46.82753200403522,
          24.56248328592823
        ]
      }
    },
    {
      "type": "Feature",
      "properties": {
        "id": "GEN-095",
        "type": "generator",
        "type_ar": "مولد كهرباء",
        "icon": "🔌",
        "parcel_no": "2011/م",
        "block_no": "0",
        "area_m2": null,
        "icon_lon": 46.82616626539456,
        "icon_lat": 24.562191366698006,
        "geometry_kind": "point",
        "source": "رمز مولد الكهرباء في مخطط 2705/5",
        "location_status": "محدد من رمز المخطط ومربوط بالخريطة الحقيقية"
      },
      "geometry": {
        "type": "Point",
        "coordinates": [
          46.82616626539456,
          24.562191366698006
        ]
      }
    },
    {
      "type": "Feature",
      "properties": {
        "id": "GEN-096",
        "type": "generator",
        "type_ar": "مولد كهرباء",
        "icon": "🔌",
        "parcel_no": "962",
        "block_no": "59",
        "area_m2": null,
        "icon_lon": 46.83128843028627,
        "icon_lat": 24.55680996934871,
        "geometry_kind": "point",
        "source": "رمز مولد الكهرباء في مخطط 2705/5",
        "location_status": "محدد من رمز المخطط ومربوط بالخريطة الحقيقية"
      },
      "geometry": {
        "type": "Point",
        "coordinates": [
          46.83128843028627,
          24.55680996934871
        ]
      }
    },
    {
      "type": "Feature",
      "properties": {
        "id": "GEN-097",
        "type": "generator",
        "type_ar": "مولد كهرباء",
        "icon": "🔌",
        "parcel_no": "971",
        "block_no": "59",
        "area_m2": null,
        "icon_lon": 46.831234597710875,
        "icon_lat": 24.55765772087812,
        "geometry_kind": "point",
        "source": "رمز مولد الكهرباء في مخطط 2705/5",
        "location_status": "محدد من رمز المخطط ومربوط بالخريطة الحقيقية"
      },
      "geometry": {
        "type": "Point",
        "coordinates": [
          46.831234597710875,
          24.55765772087812
        ]
      }
    },
    {
      "type": "Feature",
      "properties": {
        "id": "GEN-098",
        "type": "generator",
        "type_ar": "مولد كهرباء",
        "icon": "🔌",
        "parcel_no": "1038",
        "block_no": "61",
        "area_m2": null,
        "icon_lon": 46.831901409484516,
        "icon_lat": 24.559268914186596,
        "geometry_kind": "point",
        "source": "رمز مولد الكهرباء في مخطط 2705/5",
        "location_status": "محدد من رمز المخطط ومربوط بالخريطة الحقيقية"
      },
      "geometry": {
        "type": "Point",
        "coordinates": [
          46.831901409484516,
          24.559268914186596
        ]
      }
    },
    {
      "type": "Feature",
      "properties": {
        "id": "GEN-099",
        "type": "generator",
        "type_ar": "مولد كهرباء",
        "icon": "🔌",
        "parcel_no": "1918",
        "block_no": "4",
        "area_m2": null,
        "icon_lon": 46.83061039130302,
        "icon_lat": 24.560381754413097,
        "geometry_kind": "point",
        "source": "رمز مولد الكهرباء في مخطط 2705/5",
        "location_status": "محدد من رمز المخطط ومربوط بالخريطة الحقيقية"
      },
      "geometry": {
        "type": "Point",
        "coordinates": [
          46.83061039130302,
          24.560381754413097
        ]
      }
    },
    {
      "type": "Feature",
      "properties": {
        "id": "GEN-100",
        "type": "generator",
        "type_ar": "مولد كهرباء",
        "icon": "🔌",
        "parcel_no": "1916",
        "block_no": "4",
        "area_m2": null,
        "icon_lon": 46.82996122539593,
        "icon_lat": 24.560797127768463,
        "geometry_kind": "point",
        "source": "رمز مولد الكهرباء في مخطط 2705/5",
        "location_status": "محدد من رمز المخطط ومربوط بالخريطة الحقيقية"
      },
      "geometry": {
        "type": "Point",
        "coordinates": [
          46.82996122539593,
          24.560797127768463
        ]
      }
    },
    {
      "type": "Feature",
      "properties": {
        "id": "GEN-101",
        "type": "generator",
        "type_ar": "مولد كهرباء",
        "icon": "🔌",
        "parcel_no": "602",
        "block_no": "42",
        "area_m2": null,
        "icon_lon": 46.82849162734452,
        "icon_lat": 24.56145581161829,
        "geometry_kind": "point",
        "source": "رمز مولد الكهرباء في مخطط 2705/5",
        "location_status": "محدد من رمز المخطط ومربوط بالخريطة الحقيقية"
      },
      "geometry": {
        "type": "Point",
        "coordinates": [
          46.82849162734452,
          24.56145581161829
        ]
      }
    },
    {
      "type": "Feature",
      "properties": {
        "id": "GEN-102",
        "type": "generator",
        "type_ar": "مولد كهرباء",
        "icon": "🔌",
        "parcel_no": "619",
        "block_no": "42",
        "area_m2": null,
        "icon_lon": 46.82845249058564,
        "icon_lat": 24.560882184937004,
        "geometry_kind": "point",
        "source": "رمز مولد الكهرباء في مخطط 2705/5",
        "location_status": "محدد من رمز المخطط ومربوط بالخريطة الحقيقية"
      },
      "geometry": {
        "type": "Point",
        "coordinates": [
          46.82845249058564,
          24.560882184937004
        ]
      }
    },
    {
      "type": "Feature",
      "properties": {
        "id": "GEN-103",
        "type": "generator",
        "type_ar": "مولد كهرباء",
        "icon": "🔌",
        "parcel_no": "1911",
        "block_no": "5",
        "area_m2": null,
        "icon_lon": 46.826201626431434,
        "icon_lat": 24.563318656574054,
        "geometry_kind": "point",
        "source": "رمز مولد الكهرباء في مخطط 2705/5",
        "location_status": "محدد من رمز المخطط ومربوط بالخريطة الحقيقية"
      },
      "geometry": {
        "type": "Point",
        "coordinates": [
          46.826201626431434,
          24.563318656574054
        ]
      }
    },
    {
      "type": "Feature",
      "properties": {
        "id": "GEN-104",
        "type": "generator",
        "type_ar": "مولد كهرباء",
        "icon": "🔌",
        "parcel_no": "1909",
        "block_no": "5",
        "area_m2": null,
        "icon_lon": 46.82554014320582,
        "icon_lat": 24.563742410090608,
        "geometry_kind": "point",
        "source": "رمز مولد الكهرباء في مخطط 2705/5",
        "location_status": "محدد من رمز المخطط ومربوط بالخريطة الحقيقية"
      },
      "geometry": {
        "type": "Point",
        "coordinates": [
          46.82554014320582,
          24.563742410090608
        ]
      }
    },
    {
      "type": "Feature",
      "properties": {
        "id": "GEN-105",
        "type": "generator",
        "type_ar": "مولد كهرباء",
        "icon": "🔌",
        "parcel_no": "1820",
        "block_no": "5",
        "area_m2": null,
        "icon_lon": 46.82421529230646,
        "icon_lat": 24.56458444997967,
        "geometry_kind": "point",
        "source": "رمز مولد الكهرباء في مخطط 2705/5",
        "location_status": "محدد من رمز المخطط ومربوط بالخريطة الحقيقية"
      },
      "geometry": {
        "type": "Point",
        "coordinates": [
          46.82421529230646,
          24.56458444997967
        ]
      }
    },
    {
      "type": "Feature",
      "properties": {
        "id": "GEN-106",
        "type": "generator",
        "type_ar": "مولد كهرباء",
        "icon": "🔌",
        "parcel_no": "313",
        "block_no": "5",
        "area_m2": null,
        "icon_lon": 46.82321894422041,
        "icon_lat": 24.56522724358972,
        "geometry_kind": "point",
        "source": "رمز مولد الكهرباء في مخطط 2705/5",
        "location_status": "محدد من رمز المخطط ومربوط بالخريطة الحقيقية"
      },
      "geometry": {
        "type": "Point",
        "coordinates": [
          46.82321894422041,
          24.56522724358972
        ]
      }
    },
    {
      "type": "Feature",
      "properties": {
        "id": "GEN-107",
        "type": "generator",
        "type_ar": "مولد كهرباء",
        "icon": "🔌",
        "parcel_no": "368",
        "block_no": "30",
        "area_m2": null,
        "icon_lon": 46.823394996602104,
        "icon_lat": 24.564831816775573,
        "geometry_kind": "point",
        "source": "رمز مولد الكهرباء في مخطط 2705/5",
        "location_status": "محدد من رمز المخطط ومربوط بالخريطة الحقيقية"
      },
      "geometry": {
        "type": "Point",
        "coordinates": [
          46.823394996602104,
          24.564831816775573
        ]
      }
    },
    {
      "type": "Feature",
      "properties": {
        "id": "GEN-108",
        "type": "generator",
        "type_ar": "مولد كهرباء",
        "icon": "🔌",
        "parcel_no": "345",
        "block_no": "30",
        "area_m2": null,
        "icon_lon": 46.823534361418865,
        "icon_lat": 24.564090005977288,
        "geometry_kind": "point",
        "source": "رمز مولد الكهرباء في مخطط 2705/5",
        "location_status": "محدد من رمز المخطط ومربوط بالخريطة الحقيقية"
      },
      "geometry": {
        "type": "Point",
        "coordinates": [
          46.823534361418865,
          24.564090005977288
        ]
      }
    },
    {
      "type": "Feature",
      "properties": {
        "id": "GEN-109",
        "type": "generator",
        "type_ar": "مولد كهرباء",
        "icon": "🔌",
        "parcel_no": "1922",
        "block_no": "3",
        "area_m2": null,
        "icon_lon": 46.832095703430376,
        "icon_lat": 24.559426850629485,
        "geometry_kind": "point",
        "source": "رمز مولد الكهرباء في مخطط 2705/5",
        "location_status": "محدد من رمز المخطط ومربوط بالخريطة الحقيقية"
      },
      "geometry": {
        "type": "Point",
        "coordinates": [
          46.832095703430376,
          24.559426850629485
        ]
      }
    },
    {
      "type": "Feature",
      "properties": {
        "id": "GEN-110",
        "type": "generator",
        "type_ar": "مولد كهرباء",
        "icon": "🔌",
        "parcel_no": "1925",
        "block_no": "3",
        "area_m2": null,
        "icon_lon": 46.83275867852427,
        "icon_lat": 24.55900037955482,
        "geometry_kind": "point",
        "source": "رمز مولد الكهرباء في مخطط 2705/5",
        "location_status": "محدد من رمز المخطط ومربوط بالخريطة الحقيقية"
      },
      "geometry": {
        "type": "Point",
        "coordinates": [
          46.83275867852427,
          24.55900037955482
        ]
      }
    },
    {
      "type": "Feature",
      "properties": {
        "id": "GEN-111",
        "type": "generator",
        "type_ar": "مولد كهرباء",
        "icon": "🔌",
        "parcel_no": "1926",
        "block_no": "3",
        "area_m2": null,
        "icon_lon": 46.83339745352838,
        "icon_lat": 24.55859659711779,
        "geometry_kind": "point",
        "source": "رمز مولد الكهرباء في مخطط 2705/5",
        "location_status": "محدد من رمز المخطط ومربوط بالخريطة الحقيقية"
      },
      "geometry": {
        "type": "Point",
        "coordinates": [
          46.83339745352838,
          24.55859659711779
        ]
      }
    },
    {
      "type": "Feature",
      "properties": {
        "id": "GEN-112",
        "type": "generator",
        "type_ar": "مولد كهرباء",
        "icon": "🔌",
        "parcel_no": "1929",
        "block_no": "3",
        "area_m2": null,
        "icon_lon": 46.83436553322915,
        "icon_lat": 24.55797682185389,
        "geometry_kind": "point",
        "source": "رمز مولد الكهرباء في مخطط 2705/5",
        "location_status": "محدد من رمز المخطط ومربوط بالخريطة الحقيقية"
      },
      "geometry": {
        "type": "Point",
        "coordinates": [
          46.83436553322915,
          24.55797682185389
        ]
      }
    },
    {
      "type": "Feature",
      "properties": {
        "id": "GEN-113",
        "type": "generator",
        "type_ar": "مولد كهرباء",
        "icon": "🔌",
        "parcel_no": "2067/م",
        "block_no": "0",
        "area_m2": null,
        "icon_lon": 46.83367737712582,
        "icon_lat": 24.55447760352158,
        "geometry_kind": "point",
        "source": "رمز مولد الكهرباء في مخطط 2705/5",
        "location_status": "محدد من رمز المخطط ومربوط بالخريطة الحقيقية"
      },
      "geometry": {
        "type": "Point",
        "coordinates": [
          46.83367737712582,
          24.55447760352158
        ]
      }
    },
    {
      "type": "Feature",
      "properties": {
        "id": "GEN-114",
        "type": "generator",
        "type_ar": "مولد كهرباء",
        "icon": "🔌",
        "parcel_no": "130",
        "block_no": "15",
        "area_m2": null,
        "icon_lon": 46.83676727212079,
        "icon_lat": 24.55017847566508,
        "geometry_kind": "point",
        "source": "رمز مولد الكهرباء في مخطط 2705/5",
        "location_status": "محدد من رمز المخطط ومربوط بالخريطة الحقيقية"
      },
      "geometry": {
        "type": "Point",
        "coordinates": [
          46.83676727212079,
          24.55017847566508
        ]
      }
    },
    {
      "type": "Feature",
      "properties": {
        "id": "GEN-115",
        "type": "generator",
        "type_ar": "مولد كهرباء",
        "icon": "🔌",
        "parcel_no": "134",
        "block_no": "16",
        "area_m2": null,
        "icon_lon": 46.83842473558359,
        "icon_lat": 24.550959158258674,
        "geometry_kind": "point",
        "source": "رمز مولد الكهرباء في مخطط 2705/5",
        "location_status": "محدد من رمز المخطط ومربوط بالخريطة الحقيقية"
      },
      "geometry": {
        "type": "Point",
        "coordinates": [
          46.83842473558359,
          24.550959158258674
        ]
      }
    },
    {
      "type": "Feature",
      "properties": {
        "id": "GEN-116",
        "type": "generator",
        "type_ar": "مولد كهرباء",
        "icon": "🔌",
        "parcel_no": "136",
        "block_no": "16",
        "area_m2": null,
        "icon_lon": 46.83912658587616,
        "icon_lat": 24.55129456287672,
        "geometry_kind": "point",
        "source": "رمز مولد الكهرباء في مخطط 2705/5",
        "location_status": "محدد من رمز المخطط ومربوط بالخريطة الحقيقية"
      },
      "geometry": {
        "type": "Point",
        "coordinates": [
          46.83912658587616,
          24.55129456287672
        ]
      }
    },
    {
      "type": "Feature",
      "properties": {
        "id": "GEN-117",
        "type": "generator",
        "type_ar": "مولد كهرباء",
        "icon": "🔌",
        "parcel_no": "139",
        "block_no": "16",
        "area_m2": null,
        "icon_lon": 46.84018085706864,
        "icon_lat": 24.55179066870141,
        "geometry_kind": "point",
        "source": "رمز مولد الكهرباء في مخطط 2705/5",
        "location_status": "محدد من رمز المخطط ومربوط بالخريطة الحقيقية"
      },
      "geometry": {
        "type": "Point",
        "coordinates": [
          46.84018085706864,
          24.55179066870141
        ]
      }
    },
    {
      "type": "Feature",
      "properties": {
        "id": "GEN-118",
        "type": "generator",
        "type_ar": "مولد كهرباء",
        "icon": "🔌",
        "parcel_no": "1529",
        "block_no": "85",
        "area_m2": null,
        "icon_lon": 46.83913686788133,
        "icon_lat": 24.552576257675042,
        "geometry_kind": "point",
        "source": "رمز مولد الكهرباء في مخطط 2705/5",
        "location_status": "محدد من رمز المخطط ومربوط بالخريطة الحقيقية"
      },
      "geometry": {
        "type": "Point",
        "coordinates": [
          46.83913686788133,
          24.552576257675042
        ]
      }
    },
    {
      "type": "Feature",
      "properties": {
        "id": "GEN-119",
        "type": "generator",
        "type_ar": "مولد كهرباء",
        "icon": "🔌",
        "parcel_no": "1505",
        "block_no": "84",
        "area_m2": null,
        "icon_lon": 46.837294652913485,
        "icon_lat": 24.552668680121474,
        "geometry_kind": "point",
        "source": "رمز مولد الكهرباء في مخطط 2705/5",
        "location_status": "محدد من رمز المخطط ومربوط بالخريطة الحقيقية"
      },
      "geometry": {
        "type": "Point",
        "coordinates": [
          46.837294652913485,
          24.552668680121474
        ]
      }
    },
    {
      "type": "Feature",
      "properties": {
        "id": "GEN-120",
        "type": "generator",
        "type_ar": "مولد كهرباء",
        "icon": "🔌",
        "parcel_no": "2008/م",
        "block_no": "0",
        "area_m2": null,
        "icon_lon": 46.826044489478285,
        "icon_lat": 24.559431873241223,
        "geometry_kind": "point",
        "source": "رمز مولد الكهرباء في مخطط 2705/5",
        "location_status": "محدد من رمز المخطط ومربوط بالخريطة الحقيقية"
      },
      "geometry": {
        "type": "Point",
        "coordinates": [
          46.826044489478285,
          24.559431873241223
        ]
      }
    },
    {
      "type": "Feature",
      "properties": {
        "id": "GEN-121",
        "type": "generator",
        "type_ar": "مولد كهرباء",
        "icon": "🔌",
        "parcel_no": "565",
        "block_no": "40",
        "area_m2": null,
        "icon_lon": 46.82513238839952,
        "icon_lat": 24.56032044609395,
        "geometry_kind": "point",
        "source": "رمز مولد الكهرباء في مخطط 2705/5",
        "location_status": "محدد من رمز المخطط ومربوط بالخريطة الحقيقية"
      },
      "geometry": {
        "type": "Point",
        "coordinates": [
          46.82513238839952,
          24.56032044609395
        ]
      }
    },
    {
      "type": "Feature",
      "properties": {
        "id": "GEN-122",
        "type": "generator",
        "type_ar": "مولد كهرباء",
        "icon": "🔌",
        "parcel_no": "335",
        "block_no": "29",
        "area_m2": null,
        "icon_lon": 46.823420129052174,
        "icon_lat": 24.562539328061774,
        "geometry_kind": "point",
        "source": "رمز مولد الكهرباء في مخطط 2705/5",
        "location_status": "محدد من رمز المخطط ومربوط بالخريطة الحقيقية"
      },
      "geometry": {
        "type": "Point",
        "coordinates": [
          46.823420129052174,
          24.562539328061774
        ]
      }
    },
    {
      "type": "Feature",
      "properties": {
        "id": "GEN-123",
        "type": "generator",
        "type_ar": "مولد كهرباء",
        "icon": "🔌",
        "parcel_no": "2141/م",
        "block_no": "0",
        "area_m2": null,
        "icon_lon": 46.82094462354899,
        "icon_lat": 24.564765129286183,
        "geometry_kind": "point",
        "source": "رمز مولد الكهرباء في مخطط 2705/5",
        "location_status": "محدد من رمز المخطط ومربوط بالخريطة الحقيقية"
      },
      "geometry": {
        "type": "Point",
        "coordinates": [
          46.82094462354899,
          24.564765129286183
        ]
      }
    },
    {
      "type": "Feature",
      "properties": {
        "id": "GEN-124",
        "type": "generator",
        "type_ar": "مولد كهرباء",
        "icon": "🔌",
        "parcel_no": "49",
        "block_no": "6",
        "area_m2": null,
        "icon_lon": 46.82059585140213,
        "icon_lat": 24.565886431865124,
        "geometry_kind": "point",
        "source": "رمز مولد الكهرباء في مخطط 2705/5",
        "location_status": "محدد من رمز المخطط ومربوط بالخريطة الحقيقية"
      },
      "geometry": {
        "type": "Point",
        "coordinates": [
          46.82059585140213,
          24.565886431865124
        ]
      }
    },
    {
      "type": "Feature",
      "properties": {
        "id": "GEN-125",
        "type": "generator",
        "type_ar": "مولد كهرباء",
        "icon": "🔌",
        "parcel_no": "1944/م",
        "block_no": "0",
        "area_m2": null,
        "icon_lon": 46.82084518778737,
        "icon_lat": 24.56573841493824,
        "geometry_kind": "point",
        "source": "رمز مولد الكهرباء في مخطط 2705/5",
        "location_status": "محدد من رمز المخطط ومربوط بالخريطة الحقيقية"
      },
      "geometry": {
        "type": "Point",
        "coordinates": [
          46.82084518778737,
          24.56573841493824
        ]
      }
    },
    {
      "type": "Feature",
      "properties": {
        "id": "GEN-126",
        "type": "generator",
        "type_ar": "مولد كهرباء",
        "icon": "🔌",
        "parcel_no": "52",
        "block_no": "6",
        "area_m2": null,
        "icon_lon": 46.81954566342433,
        "icon_lat": 24.56538446311003,
        "geometry_kind": "point",
        "source": "رمز مولد الكهرباء في مخطط 2705/5",
        "location_status": "محدد من رمز المخطط ومربوط بالخريطة الحقيقية"
      },
      "geometry": {
        "type": "Point",
        "coordinates": [
          46.81954566342433,
          24.56538446311003
        ]
      }
    },
    {
      "type": "Feature",
      "properties": {
        "id": "GEN-127",
        "type": "generator",
        "type_ar": "مولد كهرباء",
        "icon": "🔌",
        "parcel_no": "799",
        "block_no": "53",
        "area_m2": null,
        "icon_lon": 46.82259048065567,
        "icon_lat": 24.555187808694118,
        "geometry_kind": "point",
        "source": "رمز مولد الكهرباء في مخطط 2705/5",
        "location_status": "محدد من رمز المخطط ومربوط بالخريطة الحقيقية"
      },
      "geometry": {
        "type": "Point",
        "coordinates": [
          46.82259048065567,
          24.555187808694118
        ]
      }
    },
    {
      "type": "Feature",
      "properties": {
        "id": "GEN-128",
        "type": "generator",
        "type_ar": "مولد كهرباء",
        "icon": "🔌",
        "parcel_no": "1990/م",
        "block_no": "0",
        "area_m2": null,
        "icon_lon": 46.822209389904444,
        "icon_lat": 24.55242164265692,
        "geometry_kind": "point",
        "source": "رمز مولد الكهرباء في مخطط 2705/5",
        "location_status": "محدد من رمز المخطط ومربوط بالخريطة الحقيقية"
      },
      "geometry": {
        "type": "Point",
        "coordinates": [
          46.822209389904444,
          24.55242164265692
        ]
      }
    },
    {
      "type": "Feature",
      "properties": {
        "id": "GEN-129",
        "type": "generator",
        "type_ar": "مولد كهرباء",
        "icon": "🔌",
        "parcel_no": "86",
        "block_no": "10",
        "area_m2": null,
        "icon_lon": 46.82075837261038,
        "icon_lat": 24.552675331048047,
        "geometry_kind": "point",
        "source": "رمز مولد الكهرباء في مخطط 2705/5",
        "location_status": "محدد من رمز المخطط ومربوط بالخريطة الحقيقية"
      },
      "geometry": {
        "type": "Point",
        "coordinates": [
          46.82075837261038,
          24.552675331048047
        ]
      }
    },
    {
      "type": "Feature",
      "properties": {
        "id": "GEN-130",
        "type": "generator",
        "type_ar": "مولد كهرباء",
        "icon": "🔌",
        "parcel_no": "83",
        "block_no": "10",
        "area_m2": null,
        "icon_lon": 46.820208957807694,
        "icon_lat": 24.553636770021726,
        "geometry_kind": "point",
        "source": "رمز مولد الكهرباء في مخطط 2705/5",
        "location_status": "محدد من رمز المخطط ومربوط بالخريطة الحقيقية"
      },
      "geometry": {
        "type": "Point",
        "coordinates": [
          46.820208957807694,
          24.553636770021726
        ]
      }
    },
    {
      "type": "Feature",
      "properties": {
        "id": "GEN-131",
        "type": "generator",
        "type_ar": "مولد كهرباء",
        "icon": "🔌",
        "parcel_no": "82",
        "block_no": "10",
        "area_m2": null,
        "icon_lon": 46.81984507315916,
        "icon_lat": 24.554273535078178,
        "geometry_kind": "point",
        "source": "رمز مولد الكهرباء في مخطط 2705/5",
        "location_status": "محدد من رمز المخطط ومربوط بالخريطة الحقيقية"
      },
      "geometry": {
        "type": "Point",
        "coordinates": [
          46.81984507315916,
          24.554273535078178
        ]
      }
    },
    {
      "type": "Feature",
      "properties": {
        "id": "GEN-132",
        "type": "generator",
        "type_ar": "مولد كهرباء",
        "icon": "🔌",
        "parcel_no": "1968/م",
        "block_no": "0",
        "area_m2": null,
        "icon_lon": 46.81956044329605,
        "icon_lat": 24.556709430574234,
        "geometry_kind": "point",
        "source": "رمز مولد الكهرباء في مخطط 2705/5",
        "location_status": "محدد من رمز المخطط ومربوط بالخريطة الحقيقية"
      },
      "geometry": {
        "type": "Point",
        "coordinates": [
          46.81956044329605,
          24.556709430574234
        ]
      }
    },
    {
      "type": "Feature",
      "properties": {
        "id": "GEN-133",
        "type": "generator",
        "type_ar": "مولد كهرباء",
        "icon": "🔌",
        "parcel_no": "2004/م",
        "block_no": "0",
        "area_m2": null,
        "icon_lon": 46.825658973766444,
        "icon_lat": 24.555959138863486,
        "geometry_kind": "point",
        "source": "رمز مولد الكهرباء في مخطط 2705/5",
        "location_status": "محدد من رمز المخطط ومربوط بالخريطة الحقيقية"
      },
      "geometry": {
        "type": "Point",
        "coordinates": [
          46.825658973766444,
          24.555959138863486
        ]
      }
    },
    {
      "type": "Feature",
      "properties": {
        "id": "GEN-134",
        "type": "generator",
        "type_ar": "مولد كهرباء",
        "icon": "🔌",
        "parcel_no": "46",
        "block_no": "6",
        "area_m2": null,
        "icon_lon": 46.82165918440455,
        "icon_lat": 24.566384395014758,
        "geometry_kind": "point",
        "source": "رمز مولد الكهرباء في مخطط 2705/5",
        "location_status": "محدد من رمز المخطط ومربوط بالخريطة الحقيقية"
      },
      "geometry": {
        "type": "Point",
        "coordinates": [
          46.82165918440455,
          24.566384395014758
        ]
      }
    }
  ]
}