{"type":"FeatureCollection","name":"Ajlan Warehouses 2705-5","crs":{"type":"name","properties":{"name":"urn:ogc:def:crs:OGC:1.3:CRS84"}},"features":[{"type":"Feature","properties":{"warehouse_code":"T/18/1/1","ajlan_block_code":"T/18","block_no":18,"sequence":1,"land_area_m2":1320.0,"built_area_report_m2":2016.0,"generated_polygon_area_m2":2007.76,"side_height_m":9,"mid_height_m":11,"parcel_numbers":["177","176"],"primary_parcels":["177","176"],"parcel_overlap":[{"parcel_no":"177","area_m2":1032.22,"warehouse_pct":51.41},{"parcel_no":"176","area_m2":975.55,"warehouse_pct":48.59}],"geometry_method":"cad_partition_lines","cad_layer_support":"3","verification_status":"cad_supported","confidence":"high","source_note":"Ajlan report unit areas + official block/parcels GeoJSON + AutoCAD warehouse partition lines"},"geometry":{"type":"Polygon","coordinates":[[[46.81608136500006,24.562776029000077],[46.81591342300004,24.563072652000063],[46.81575455900003,24.56335324100007],[46.81599880455592,24.563468861013153],[46.81632603192068,24.562891853888825],[46.81608136500006,24.562776029000077]]]}},{"type":"Feature","properties":{"warehouse_code":"T/18/1/2","ajlan_block_code":"T/18","block_no":18,"sequence":2,"land_area_m2":1311.0,"built_area_report_m2":1569.6,"generated_polygon_area_m2":1569.04,"side_height_m":9,"mid_height_m":11,"parcel_numbers":["175","174","177","176"],"primary_parcels":["175","174","177","176"],"parcel_overlap":[{"parcel_no":"175","area_m2":543.55,"warehouse_pct":34.64},{"parcel_no":"174","area_m2":513.27,"warehouse_pct":32.71},{"parcel_no":"177","area_m2":262.79,"warehouse_pct":16.75},{"parcel_no":"176","area_m2":249.43,"warehouse_pct":15.9}],"geometry_method":"cad_partition_lines","cad_layer_support":"3","verification_status":"cad_supported","confidence":"high","source_note":"Ajlan report unit areas + official block/parcels GeoJSON + AutoCAD warehouse partition lines"},"geometry":{"type":"Polygon","coordinates":[[[46.81632603192068,24.562891853888825],[46.81599880455592,24.563468861013153],[46.81606138500007,24.563498485000025],[46.81618984700566,24.56355929550502],[46.81651707202205,24.562982290919837],[46.81638818300007,24.562921276000058],[46.81632603192068,24.562891853888825]]]}},{"type":"Feature","properties":{"warehouse_code":"T/18/1/3","ajlan_block_code":"T/18","block_no":18,"sequence":3,"land_area_m2":1311.0,"built_area_report_m2":1569.6,"generated_polygon_area_m2":1568.98,"side_height_m":9,"mid_height_m":11,"parcel_numbers":["175","174","173","172"],"primary_parcels":["175","174"],"parcel_overlap":[{"parcel_no":"175","area_m2":751.5,"warehouse_pct":47.9},{"parcel_no":"174","area_m2":711.65,"warehouse_pct":45.36},{"parcel_no":"173","area_m2":54.83,"warehouse_pct":3.49},{"parcel_no":"172","area_m2":51.01,"warehouse_pct":3.25}],"geometry_method":"cad_partition_lines","cad_layer_support":"3","verification_status":"cad_supported","confidence":"high","source_note":"Ajlan report unit areas + official block/parcels GeoJSON + AutoCAD warehouse partition lines"},"geometry":{"type":"Polygon","coordinates":[[[46.816368211000054,24.563643728000045],[46.816380883523195,24.56364972684397],[46.816708106324505,24.56307272456293],[46.81669500600003,24.563066523000035],[46.81651707202205,24.562982290919837],[46.81618984700566,24.56355929550502],[46.816368211000054,24.563643728000045]]]}},{"type":"Feature","properties":{"warehouse_code":"T/18/1/4","ajlan_block_code":"T/18","block_no":18,"sequence":4,"land_area_m2":1320.0,"built_area_report_m2":1728.0,"generated_polygon_area_m2":1727.38,"side_height_m":9,"mid_height_m":11,"parcel_numbers":["173","172"],"primary_parcels":["173","172"],"parcel_overlap":[{"parcel_no":"173","area_m2":887.75,"warehouse_pct":51.39},{"parcel_no":"172","area_m2":839.62,"warehouse_pct":48.61}],"geometry_method":"cad_partition_lines","cad_layer_support":"3","verification_status":"cad_supported","confidence":"high","source_note":"Ajlan report unit areas + official block/parcels GeoJSON + AutoCAD warehouse partition lines"},"geometry":{"type":"Polygon","coordinates":[[[46.816591206321874,24.563749287958],[46.816918426835485,24.563172287947467],[46.816708106324505,24.56307272456293],[46.816380883523195,24.56364972684397],[46.816591206321874,24.563749287958]]]}},{"type":"Feature","properties":{"warehouse_code":"T/18/2/1","ajlan_block_code":"T/18","block_no":18,"sequence":5,"land_area_m2":1344.0,"built_area_report_m2":1756.8,"generated_polygon_area_m2":1756.08,"side_height_m":9,"mid_height_m":11,"parcel_numbers":["171","170","173","172"],"primary_parcels":["171","170","173","172"],"parcel_overlap":[{"parcel_no":"171","area_m2":550.02,"warehouse_pct":31.32},{"parcel_no":"170","area_m2":519.31,"warehouse_pct":29.57},{"parcel_no":"173","area_m2":352.5,"warehouse_pct":20.07},{"parcel_no":"172","area_m2":334.23,"warehouse_pct":19.03}],"geometry_method":"cad_partition_lines","cad_layer_support":"3","verification_status":"cad_supported","confidence":"high","source_note":"Ajlan report unit areas + official block/parcels GeoJSON + AutoCAD warehouse partition lines"},"geometry":{"type":"Polygon","coordinates":[[[46.81667503700004,24.563788971000065],[46.816805025549705,24.563850503505257],[46.817132243447766,24.563273506313994],[46.81700182800006,24.563211769000077],[46.816918426835485,24.563172287947467],[46.816591206321874,24.563749287958],[46.81667503700004,24.563788971000065]]]}},{"type":"Feature","properties":{"warehouse_code":"T/18/2/2","ajlan_block_code":"T/18","block_no":18,"sequence":6,"land_area_m2":1344.0,"built_area_report_m2":2016.0,"generated_polygon_area_m2":1756.11,"side_height_m":9,"mid_height_m":11,"parcel_numbers":["171","170","169","168"],"primary_parcels":["171","170"],"parcel_overlap":[{"parcel_no":"171","area_m2":745.1,"warehouse_pct":42.43},{"parcel_no":"170","area_m2":705.49,"warehouse_pct":40.17},{"parcel_no":"169","area_m2":157.46,"warehouse_pct":8.97},{"parcel_no":"168","area_m2":148.05,"warehouse_pct":8.43}],"geometry_method":"cad_partition_lines","cad_layer_support":"3","verification_status":"cad_supported","confidence":"high","source_note":"Ajlan report unit areas + official block/parcels GeoJSON + AutoCAD warehouse partition lines"},"geometry":{"type":"Polygon","coordinates":[[[46.81698186400007,24.56393421300004],[46.81701885064789,24.563951721160304],[46.81734606577352,24.563374727064925],[46.817308652000065,24.563357016000058],[46.817132243447766,24.563273506313994],[46.816805025549705,24.563850503505257],[46.81698186400007,24.56393421300004]]]}},{"type":"Feature","properties":{"warehouse_code":"T/18/3/1","ajlan_block_code":"T/18","block_no":18,"sequence":7,"land_area_m2":1320.0,"built_area_report_m2":1728.0,"generated_polygon_area_m2":1727.34,"side_height_m":9,"mid_height_m":11,"parcel_numbers":["169","168"],"primary_parcels":["169","168"],"parcel_overlap":[{"parcel_no":"169","area_m2":887.8,"warehouse_pct":51.4},{"parcel_no":"168","area_m2":839.54,"warehouse_pct":48.6}],"geometry_method":"cad_partition_lines","cad_layer_support":"3","verification_status":"cad_supported","confidence":"high","source_note":"Ajlan report unit areas + official block/parcels GeoJSON + AutoCAD warehouse partition lines"},"geometry":{"type":"Polygon","coordinates":[[[46.81722917381963,24.564051280377278],[46.81755638635109,24.563474289092778],[46.81734606577352,24.563374727064925],[46.81701885064789,24.563951721160304],[46.81722917381963,24.564051280377278]]]}},{"type":"Feature","properties":{"warehouse_code":"T/18/3/2","ajlan_block_code":"T/18","block_no":18,"sequence":8,"land_area_m2":1311.0,"built_area_report_m2":1569.6,"generated_polygon_area_m2":1568.97,"side_height_m":9,"mid_height_m":11,"parcel_numbers":["167","166","169","168"],"primary_parcels":["167","166","169","168"],"parcel_overlap":[{"parcel_no":"167","area_m2":556.53,"warehouse_pct":35.47},{"parcel_no":"166","area_m2":525.39,"warehouse_pct":33.49},{"parcel_no":"169","area_m2":249.9,"warehouse_pct":15.93},{"parcel_no":"168","area_m2":237.16,"warehouse_pct":15.12}],"geometry_method":"cad_partition_lines","cad_layer_support":"3","verification_status":"cad_supported","confidence":"high","source_note":"Ajlan report unit areas + official block/parcels GeoJSON + AutoCAD warehouse partition lines"},"geometry":{"type":"Polygon","coordinates":[[[46.817288692000034,24.564079454000023],[46.817420214541904,24.56414171161063],[46.81774742471702,24.56356472287936],[46.81761547600008,24.563502261000053],[46.81755638635109,24.563474289092778],[46.81722917381963,24.564051280377278],[46.817288692000034,24.564079454000023]]]}},{"type":"Feature","properties":{"warehouse_code":"T/18/3/3","ajlan_block_code":"T/18","block_no":18,"sequence":9,"land_area_m2":1311.0,"built_area_report_m2":1569.6,"generated_polygon_area_m2":1576.94,"side_height_m":9,"mid_height_m":11,"parcel_numbers":["167","166","165","164"],"primary_parcels":["167","166"],"parcel_overlap":[{"parcel_no":"167","area_m2":738.68,"warehouse_pct":46.84},{"parcel_no":"166","area_m2":699.31,"warehouse_pct":44.35},{"parcel_no":"165","area_m2":71.86,"warehouse_pct":4.56},{"parcel_no":"164","area_m2":67.09,"warehouse_pct":4.25}],"geometry_method":"cad_partition_lines","cad_layer_support":"3","verification_status":"cad_supported","confidence":"high","source_note":"Ajlan report unit areas + official block/parcels GeoJSON + AutoCAD warehouse partition lines"},"geometry":{"type":"Polygon","coordinates":[[[46.81759552200003,24.56422469500006],[46.817612227049075,24.564232602537245],[46.81793943487353,24.56365561634101],[46.817922302000056,24.56364750600005],[46.81774742471702,24.56356472287936],[46.817420214541904,24.56414171161063],[46.81759552200003,24.56422469500006]]]}},{"type":"Feature","properties":{"warehouse_code":"T/18/3/4","ajlan_block_code":"T/18","block_no":18,"sequence":10,"land_area_m2":1320.0,"built_area_report_m2":2016.0,"generated_polygon_area_m2":2020.94,"side_height_m":9,"mid_height_m":11,"parcel_numbers":["165","164"],"primary_parcels":["165","164"],"parcel_overlap":[{"parcel_no":"165","area_m2":1038.34,"warehouse_pct":51.38},{"parcel_no":"164","area_m2":982.59,"warehouse_pct":48.62}],"geometry_method":"cad_partition_lines","cad_layer_support":"3","verification_status":"cad_supported","confidence":"high","source_note":"Ajlan report unit areas + official block/parcels GeoJSON + AutoCAD warehouse partition lines"},"geometry":{"type":"Polygon","coordinates":[[[46.81785851800004,24.56434918700005],[46.818017326000074,24.564068684000066],[46.818185295000035,24.56377200100007],[46.81793943487353,24.56365561634101],[46.817612227049075,24.564232602537245],[46.81785851800004,24.56434918700005]]]}},{"type":"Feature","properties":{"warehouse_code":"T/19/1/1","ajlan_block_code":"T/19","block_no":19,"sequence":1,"land_area_m2":1181.45,"built_area_report_m2":1812.45,"generated_polygon_area_m2":1754.3,"side_height_m":9,"mid_height_m":11,"parcel_numbers":["178","189"],"primary_parcels":["178","189"],"parcel_overlap":[{"parcel_no":"178","area_m2":931.66,"warehouse_pct":53.11},{"parcel_no":"189","area_m2":822.64,"warehouse_pct":46.89}],"geometry_method":"cad_partition_lines","cad_layer_support":"3","verification_status":"cad_supported","confidence":"high","source_note":"Ajlan report unit areas + official block/parcels GeoJSON + AutoCAD warehouse partition lines"},"geometry":{"type":"Polygon","coordinates":[[[46.81520354400004,24.56255946100004],[46.81524581100007,24.56268114200003],[46.815324632000056,24.56271847000005],[46.81542112300008,24.562764165000036],[46.81570162300005,24.562897004000035],[46.815833831644014,24.562663490296707],[46.815290125779946,24.56240653673346],[46.81520354400004,24.56255946100004]]]}},{"type":"Feature","properties":{"warehouse_code":"T/19/1/2","ajlan_block_code":"T/19","block_no":19,"sequence":2,"land_area_m2":1192.52,"built_area_report_m2":1478.72,"generated_polygon_area_m2":1478.93,"side_height_m":9,"mid_height_m":11,"parcel_numbers":["179","188","178","189"],"primary_parcels":["179","188","178","189"],"parcel_overlap":[{"parcel_no":"179","area_m2":492.29,"warehouse_pct":33.29},{"parcel_no":"188","area_m2":460.73,"warehouse_pct":31.15},{"parcel_no":"178","area_m2":271.03,"warehouse_pct":18.33},{"parcel_no":"189","area_m2":254.88,"warehouse_pct":17.23}],"geometry_method":"cad_partition_lines","cad_layer_support":"3","verification_status":"cad_supported","confidence":"high","source_note":"Ajlan report unit areas + official block/parcels GeoJSON + AutoCAD warehouse partition lines"},"geometry":{"type":"Polygon","coordinates":[[[46.815328746000034,24.562338324000052],[46.815290125779946,24.56240653673346],[46.815833831644014,24.562663490296707],[46.815872213000034,24.562595699000042],[46.8159421011581,24.562472259195857],[46.81539839603856,24.562215306022864],[46.815328746000034,24.562338324000052]]]}},{"type":"Feature","properties":{"warehouse_code":"T/19/1/3","ajlan_block_code":"T/19","block_no":19,"sequence":3,"land_area_m2":1192.52,"built_area_report_m2":1478.7,"generated_polygon_area_m2":1478.93,"side_height_m":9,"mid_height_m":11,"parcel_numbers":["179","188","180","187"],"primary_parcels":["179","188","180","187"],"parcel_overlap":[{"parcel_no":"179","area_m2":595.71,"warehouse_pct":40.28},{"parcel_no":"188","area_m2":559.27,"warehouse_pct":37.82},{"parcel_no":"180","area_m2":167.6,"warehouse_pct":11.33},{"parcel_no":"187","area_m2":156.34,"warehouse_pct":10.57}],"geometry_method":"cad_partition_lines","cad_layer_support":"3","verification_status":"cad_supported","confidence":"high","source_note":"Ajlan report unit areas + official block/parcels GeoJSON + AutoCAD warehouse partition lines"},"geometry":{"type":"Polygon","coordinates":[[[46.81548307000003,24.562065752000027],[46.81539839603856,24.562215306022864],[46.8159421011581,24.562472259195857],[46.81602653600004,24.56232312600002],[46.816050370458306,24.562281028078782],[46.815506666189954,24.562024075346446],[46.81548307000003,24.562065752000027]]]}},{"type":"Feature","properties":{"warehouse_code":"T/19/1/4","ajlan_block_code":"T/19","block_no":19,"sequence":4,"land_area_m2":1202.48,"built_area_report_m2":1615.14,"generated_polygon_area_m2":1615.35,"side_height_m":9,"mid_height_m":11,"parcel_numbers":["180","187"],"primary_parcels":["180","187"],"parcel_overlap":[{"parcel_no":"180","area_m2":833.73,"warehouse_pct":51.61},{"parcel_no":"187","area_m2":781.62,"warehouse_pct":48.39}],"geometry_method":"cad_partition_lines","cad_layer_support":"3","verification_status":"cad_supported","confidence":"high","source_note":"Ajlan report unit areas + official block/parcels GeoJSON + AutoCAD warehouse partition lines"},"geometry":{"type":"Polygon","coordinates":[[[46.815506666189954,24.562024075346446],[46.816050370458306,24.562281028078782],[46.81616862616416,24.56207215696059],[46.815624922824554,24.561815204709095],[46.815506666189954,24.562024075346446]]]}},{"type":"Feature","properties":{"warehouse_code":"T/19/2/1","ajlan_block_code":"T/19","block_no":19,"sequence":5,"land_area_m2":1202.48,"built_area_report_m2":1615.14,"generated_polygon_area_m2":1615.35,"side_height_m":9,"mid_height_m":11,"parcel_numbers":["181","186","180","187"],"primary_parcels":["181","186"],"parcel_overlap":[{"parcel_no":"181","area_m2":747.06,"warehouse_pct":46.25},{"parcel_no":"186","area_m2":699.59,"warehouse_pct":43.31},{"parcel_no":"180","area_m2":86.66,"warehouse_pct":5.36},{"parcel_no":"187","area_m2":82.03,"warehouse_pct":5.08}],"geometry_method":"cad_partition_lines","cad_layer_support":"3","verification_status":"cad_supported","confidence":"high","source_note":"Ajlan report unit areas + official block/parcels GeoJSON + AutoCAD warehouse partition lines"},"geometry":{"type":"Polygon","coordinates":[[[46.81563739200004,24.561793181000038],[46.815624922824554,24.561815204709095],[46.81616862616416,24.56207215696059],[46.81618085700006,24.562050554000052],[46.8162868815738,24.561863285803796],[46.815743178856614,24.56160633388837],[46.81563739200004,24.561793181000038]]]}},{"type":"Feature","properties":{"warehouse_code":"T/19/2/2","ajlan_block_code":"T/19","block_no":19,"sequence":6,"land_area_m2":1192.5,"built_area_report_m2":1478.7,"generated_polygon_area_m2":1478.93,"side_height_m":9,"mid_height_m":11,"parcel_numbers":["182","185","181","186"],"primary_parcels":["182","185","181","186"],"parcel_overlap":[{"parcel_no":"182","area_m2":422.38,"warehouse_pct":28.56},{"parcel_no":"185","area_m2":395.2,"warehouse_pct":26.72},{"parcel_no":"181","area_m2":340.93,"warehouse_pct":23.05},{"parcel_no":"186","area_m2":320.42,"warehouse_pct":21.67}],"geometry_method":"cad_partition_lines","cad_layer_support":"3","verification_status":"cad_supported","confidence":"high","source_note":"Ajlan report unit areas + official block/parcels GeoJSON + AutoCAD warehouse partition lines"},"geometry":{"type":"Polygon","coordinates":[[[46.815791714000056,24.561520608000027],[46.815743178856614,24.56160633388837],[46.8162868815738,24.561863285803796],[46.81633517800003,24.561777981000027],[46.81639514986002,24.56167205447824],[46.81585144767893,24.56141510285454],[46.815791714000056,24.561520608000027]]]}},{"type":"Feature","properties":{"warehouse_code":"T/19/2/3","ajlan_block_code":"T/19","block_no":19,"sequence":7,"land_area_m2":1192.5,"built_area_report_m2":1478.7,"generated_polygon_area_m2":1478.95,"side_height_m":9,"mid_height_m":11,"parcel_numbers":["182","185","183","184"],"primary_parcels":["182","185"],"parcel_overlap":[{"parcel_no":"182","area_m2":665.62,"warehouse_pct":45.01},{"parcel_no":"185","area_m2":624.81,"warehouse_pct":42.25},{"parcel_no":"183","area_m2":97.71,"warehouse_pct":6.61},{"parcel_no":"184","area_m2":90.82,"warehouse_pct":6.14}],"geometry_method":"cad_partition_lines","cad_layer_support":"3","verification_status":"cad_supported","confidence":"high","source_note":"Ajlan report unit areas + official block/parcels GeoJSON + AutoCAD warehouse partition lines"},"geometry":{"type":"Polygon","coordinates":[[[46.81594603600007,24.561248035000062],[46.81585144767893,24.56141510285454],[46.81639514986002,24.56167205447824],[46.816489499000056,24.561505408000073],[46.81650341957895,24.561480820351033],[46.8159597180067,24.561223869053443],[46.81594603600007,24.561248035000062]]]}},{"type":"Feature","properties":{"warehouse_code":"T/19/2/4","ajlan_block_code":"T/19","block_no":19,"sequence":8,"land_area_m2":1181.47,"built_area_report_m2":1812.5,"generated_polygon_area_m2":1869.48,"side_height_m":9,"mid_height_m":11,"parcel_numbers":["183","184"],"primary_parcels":["183","184"],"parcel_overlap":[{"parcel_no":"183","area_m2":990.29,"warehouse_pct":52.97},{"parcel_no":"184","area_m2":879.19,"warehouse_pct":47.03}],"geometry_method":"cad_partition_lines","cad_layer_support":"3","verification_status":"cad_supported","confidence":"high","source_note":"Ajlan report unit areas + official block/parcels GeoJSON + AutoCAD warehouse partition lines"},"geometry":{"type":"Polygon","coordinates":[[[46.816188012000055,24.561016975000033],[46.81605496900005,24.56105563100005],[46.8159597180067,24.561223869053443],[46.81650341957895,24.561480820351033],[46.816643819000035,24.561232835000048],[46.816363323000076,24.56109999800003],[46.816188012000055,24.561016975000033]]]}},{"type":"Feature","properties":{"warehouse_code":"T/20/1/1","ajlan_block_code":"T/20","block_no":20,"sequence":1,"land_area_m2":1412.3,"built_area_report_m2":2124.5,"generated_polygon_area_m2":2105.23,"side_height_m":12,"mid_height_m":14,"parcel_numbers":["190","223","222","191"],"primary_parcels":["190","223"],"parcel_overlap":[{"parcel_no":"190","area_m2":1044.37,"warehouse_pct":49.61},{"parcel_no":"223","area_m2":1044.37,"warehouse_pct":49.61},{"parcel_no":"222","area_m2":8.68,"warehouse_pct":0.41},{"parcel_no":"191","area_m2":7.8,"warehouse_pct":0.37}],"geometry_method":"cad_partition_lines","cad_layer_support":"3","verification_status":"cad_supported","confidence":"high","source_note":"Ajlan report unit areas + official block/parcels GeoJSON + AutoCAD warehouse partition lines"},"geometry":{"type":"Polygon","coordinates":[[[46.81678915600003,24.56211488100007],[46.81652617100008,24.561990377000022],[46.81638263000008,24.562243909000074],[46.816377524000075,24.56225292800007],[46.816399439000065,24.562263303000062],[46.81638922700006,24.56228134200006],[46.81637901400006,24.562299380000066],[46.81635709900007,24.562289004000036],[46.81635199200008,24.56229802400003],[46.81620845000003,24.562551556000074],[46.81647143600003,24.562676061000044],[46.81647327785653,24.56267693299646],[46.81679144208897,24.562115963306386],[46.81678915600003,24.56211488100007]]]}},{"type":"Feature","properties":{"warehouse_code":"T/20/1/2","ajlan_block_code":"T/20","block_no":20,"sequence":2,"land_area_m2":1400.7,"built_area_report_m2":1690.5,"generated_polygon_area_m2":1693.02,"side_height_m":12,"mid_height_m":14,"parcel_numbers":["222","191"],"primary_parcels":["222","191"],"parcel_overlap":[{"parcel_no":"222","area_m2":846.51,"warehouse_pct":50.0},{"parcel_no":"191","area_m2":846.51,"warehouse_pct":50.0}],"geometry_method":"cad_partition_lines","cad_layer_support":"3","verification_status":"cad_supported","confidence":"high","source_note":"Ajlan report unit areas + official block/parcels GeoJSON + AutoCAD warehouse partition lines"},"geometry":{"type":"Polygon","coordinates":[[[46.81679144208897,24.562115963306386],[46.81647327785653,24.56267693299646],[46.816685296749434,24.56277730958733],[46.817003460399484,24.562216339196002],[46.81679144208897,24.562115963306386]]]}},{"type":"Feature","properties":{"warehouse_code":"T/20/1/3","ajlan_block_code":"T/20","block_no":20,"sequence":3,"land_area_m2":1400.7,"built_area_report_m2":1690.5,"generated_polygon_area_m2":1691.81,"side_height_m":12,"mid_height_m":14,"parcel_numbers":["221","192","191","222"],"primary_parcels":["221","192","191","222"],"parcel_overlap":[{"parcel_no":"221","area_m2":651.1,"warehouse_pct":38.49},{"parcel_no":"192","area_m2":650.21,"warehouse_pct":38.43},{"parcel_no":"191","area_m2":195.69,"warehouse_pct":11.57},{"parcel_no":"222","area_m2":194.81,"warehouse_pct":11.51}],"geometry_method":"cad_partition_lines","cad_layer_support":"3","verification_status":"cad_supported","confidence":"high","source_note":"Ajlan report unit areas + official block/parcels GeoJSON + AutoCAD warehouse partition lines"},"geometry":{"type":"Polygon","coordinates":[[[46.81705214100003,24.562239386000044],[46.817003460399484,24.562216339196002],[46.816685296749434,24.56277730958733],[46.81673442200008,24.562800567000068],[46.81689716492539,24.56287761356416],[46.81721532758563,24.562316643191142],[46.81705214100003,24.562239386000044]]]}},{"type":"Feature","properties":{"warehouse_code":"T/20/1/4","ajlan_block_code":"T/20","block_no":20,"sequence":4,"land_area_m2":1412.3,"built_area_report_m2":1844.5,"generated_polygon_area_m2":1841.86,"side_height_m":12,"mid_height_m":14,"parcel_numbers":["220","193","192","221"],"primary_parcels":["220","193","192","221"],"parcel_overlap":[{"parcel_no":"220","area_m2":522.03,"warehouse_pct":28.34},{"parcel_no":"193","area_m2":521.15,"warehouse_pct":28.29},{"parcel_no":"192","area_m2":399.79,"warehouse_pct":21.71},{"parcel_no":"221","area_m2":398.9,"warehouse_pct":21.66}],"geometry_method":"cad_partition_lines","cad_layer_support":"3","verification_status":"cad_supported","confidence":"high","source_note":"Ajlan report unit areas + official block/parcels GeoJSON + AutoCAD warehouse partition lines"},"geometry":{"type":"Polygon","coordinates":[[[46.81721532758563,24.562316643191142],[46.81689716492539,24.56287761356416],[46.81699740800008,24.56292507100005],[46.8171278247517,24.562986813333797],[46.81744598652813,24.562425842638998],[46.81731512500005,24.56236389000003],[46.81721532758563,24.562316643191142]]]}},{"type":"Feature","properties":{"warehouse_code":"T/20/1/5","ajlan_block_code":"T/20","block_no":20,"sequence":5,"land_area_m2":1412.3,"built_area_report_m2":1844.5,"generated_polygon_area_m2":1840.66,"side_height_m":12,"mid_height_m":14,"parcel_numbers":["193","220","219","194"],"primary_parcels":["193","220","219","194"],"parcel_overlap":[{"parcel_no":"193","area_m2":528.85,"warehouse_pct":28.73},{"parcel_no":"220","area_m2":527.97,"warehouse_pct":28.68},{"parcel_no":"219","area_m2":392.36,"warehouse_pct":21.32},{"parcel_no":"194","area_m2":391.47,"warehouse_pct":21.27}],"geometry_method":"cad_partition_lines","cad_layer_support":"3","verification_status":"cad_supported","confidence":"high","source_note":"Ajlan report unit areas + official block/parcels GeoJSON + AutoCAD warehouse partition lines"},"geometry":{"type":"Polygon","coordinates":[[[46.81726039500006,24.563049575000033],[46.81735833431156,24.563095941223693],[46.81767649528806,24.562534970060426],[46.817578111000046,24.562488393000024],[46.81744598652813,24.562425842638998],[46.8171278247517,24.562986813333797],[46.81726039500006,24.563049575000033]]]}},{"type":"Feature","properties":{"warehouse_code":"T/20/1/6","ajlan_block_code":"T/20","block_no":20,"sequence":6,"land_area_m2":1400.7,"built_area_report_m2":1690.5,"generated_polygon_area_m2":1693.01,"side_height_m":12,"mid_height_m":14,"parcel_numbers":["194","219","218","195"],"primary_parcels":["194","219","218","195"],"parcel_overlap":[{"parcel_no":"194","area_m2":658.52,"warehouse_pct":38.9},{"parcel_no":"219","area_m2":657.64,"warehouse_pct":38.84},{"parcel_no":"218","area_m2":188.87,"warehouse_pct":11.16},{"parcel_no":"195","area_m2":187.98,"warehouse_pct":11.1}],"geometry_method":"cad_partition_lines","cad_layer_support":"3","verification_status":"cad_supported","confidence":"high","source_note":"Ajlan report unit areas + official block/parcels GeoJSON + AutoCAD warehouse partition lines"},"geometry":{"type":"Polygon","coordinates":[[[46.81752338300004,24.563174078000028],[46.81757035438786,24.56319631528723],[46.81788851458138,24.562635343776297],[46.81784109800003,24.562612896000076],[46.81767649528806,24.562534970060426],[46.81735833431156,24.563095941223693],[46.81752338300004,24.563174078000028]]]}},{"type":"Feature","properties":{"warehouse_code":"T/20/1/7","ajlan_block_code":"T/20","block_no":20,"sequence":7,"land_area_m2":1400.7,"built_area_report_m2":1690.5,"generated_polygon_area_m2":1693.72,"side_height_m":12,"mid_height_m":14,"parcel_numbers":["218","195"],"primary_parcels":["218","195"],"parcel_overlap":[{"parcel_no":"218","area_m2":846.86,"warehouse_pct":50.0},{"parcel_no":"195","area_m2":846.86,"warehouse_pct":50.0}],"geometry_method":"cad_partition_lines","cad_layer_support":"3","verification_status":"cad_supported","confidence":"high","source_note":"Ajlan report unit areas + official block/parcels GeoJSON + AutoCAD warehouse partition lines"},"geometry":{"type":"Polygon","coordinates":[[[46.817782461932765,24.56329673137147],[46.818100621904236,24.56273575852311],[46.81788851458138,24.562635343776297],[46.81757035438786,24.56319631528723],[46.817782461932765,24.56329673137147]]]}},{"type":"Feature","properties":{"warehouse_code":"T/20/1/8","ajlan_block_code":"T/20","block_no":20,"sequence":8,"land_area_m2":1412.3,"built_area_report_m2":2124.5,"generated_polygon_area_m2":2129.44,"side_height_m":12,"mid_height_m":14,"parcel_numbers":["217","196","195","218"],"primary_parcels":["217","196"],"parcel_overlap":[{"parcel_no":"217","area_m2":1050.01,"warehouse_pct":49.31},{"parcel_no":"196","area_m2":1049.99,"warehouse_pct":49.31},{"parcel_no":"195","area_m2":15.16,"warehouse_pct":0.71},{"parcel_no":"218","area_m2":14.27,"warehouse_pct":0.67}],"geometry_method":"cad_partition_lines","cad_layer_support":"3","verification_status":"cad_supported","confidence":"high","source_note":"Ajlan report unit areas + official block/parcels GeoJSON + AutoCAD warehouse partition lines"},"geometry":{"type":"Polygon","coordinates":[[[46.81778637100007,24.563298582000073],[46.81804935400004,24.56342308100005],[46.81820821700006,24.56314249200005],[46.81836708000003,24.562861905000034],[46.81810408500007,24.56273739800002],[46.818100621904236,24.56273575852311],[46.817782461932765,24.56329673137147],[46.81778637100007,24.563298582000073]]]}},{"type":"Feature","properties":{"warehouse_code":"T/21/1/1","ajlan_block_code":"T/21","block_no":21,"sequence":1,"land_area_m2":1334.0,"built_area_report_m2":2030.0,"generated_polygon_area_m2":2015.77,"side_height_m":12,"mid_height_m":14,"parcel_numbers":["214","197"],"primary_parcels":["214","197"],"parcel_overlap":[{"parcel_no":"214","area_m2":1008.33,"warehouse_pct":50.02},{"parcel_no":"197","area_m2":1007.45,"warehouse_pct":49.98}],"geometry_method":"cad_partition_lines","cad_layer_support":"3","verification_status":"cad_supported","confidence":"high","source_note":"Ajlan report unit areas + official block/parcels GeoJSON + AutoCAD warehouse partition lines"},"geometry":{"type":"Polygon","coordinates":[[[46.818489801000055,24.562920001000066],[46.818330942000046,24.56320059300003],[46.818172082000046,24.563481182000032],[46.81842430374884,24.56360058697663],[46.81874246103466,24.563039613748842],[46.818489801000055,24.562920001000066]]]}},{"type":"Feature","properties":{"warehouse_code":"T/21/1/2","ajlan_block_code":"T/21","block_no":21,"sequence":2,"land_area_m2":1322.4,"built_area_report_m2":1596.0,"generated_polygon_area_m2":1598.94,"side_height_m":12,"mid_height_m":14,"parcel_numbers":["213","198","197","214"],"primary_parcels":["213","198"],"parcel_overlap":[{"parcel_no":"213","area_m2":687.79,"warehouse_pct":43.02},{"parcel_no":"198","area_m2":686.9,"warehouse_pct":42.96},{"parcel_no":"197","area_m2":112.56,"warehouse_pct":7.04},{"parcel_no":"214","area_m2":111.68,"warehouse_pct":6.98}],"geometry_method":"cad_partition_lines","cad_layer_support":"3","verification_status":"cad_supported","confidence":"high","source_note":"Ajlan report unit areas + official block/parcels GeoJSON + AutoCAD warehouse partition lines"},"geometry":{"type":"Polygon","coordinates":[[[46.81874246103466,24.563039613748842],[46.81842430374884,24.56360058697663],[46.818452609000076,24.563613987000053],[46.818624543684166,24.563695382133037],[46.81894270022724,24.563134408582567],[46.81877032100005,24.56305280300006],[46.81874246103466,24.563039613748842]]]}},{"type":"Feature","properties":{"warehouse_code":"T/21/1/3","ajlan_block_code":"T/21","block_no":21,"sequence":3,"land_area_m2":1322.4,"built_area_report_m2":1596.0,"generated_polygon_area_m2":1595.41,"side_height_m":12,"mid_height_m":14,"parcel_numbers":["198","213","212","199"],"primary_parcels":["198","213","212","199"],"parcel_overlap":[{"parcel_no":"198","area_m2":433.1,"warehouse_pct":27.15},{"parcel_no":"213","area_m2":432.21,"warehouse_pct":27.09},{"parcel_no":"212","area_m2":365.5,"warehouse_pct":22.91},{"parcel_no":"199","area_m2":364.61,"warehouse_pct":22.85}],"geometry_method":"cad_partition_lines","cad_layer_support":"3","verification_status":"cad_supported","confidence":"high","source_note":"Ajlan report unit areas + official block/parcels GeoJSON + AutoCAD warehouse partition lines"},"geometry":{"type":"Polygon","coordinates":[[[46.818733131000045,24.563746788000064],[46.81882434246296,24.56378996805634],[46.819142498354935,24.563228994025202],[46.81905084300007,24.56318560400007],[46.81894270022724,24.563134408582567],[46.818624543684166,24.563695382133037],[46.818733131000045,24.563746788000064]]]}},{"type":"Feature","properties":{"warehouse_code":"T/21/1/4","ajlan_block_code":"T/21","block_no":21,"sequence":4,"land_area_m2":1334.0,"built_area_report_m2":1750.0,"generated_polygon_area_m2":1749.35,"side_height_m":12,"mid_height_m":14,"parcel_numbers":["199","212","211","200"],"primary_parcels":["199","212"],"parcel_overlap":[{"parcel_no":"199","area_m2":755.39,"warehouse_pct":43.18},{"parcel_no":"212","area_m2":754.5,"warehouse_pct":43.13},{"parcel_no":"211","area_m2":120.17,"warehouse_pct":6.87},{"parcel_no":"200","area_m2":119.28,"warehouse_pct":6.82}],"geometry_method":"cad_partition_lines","cad_layer_support":"3","verification_status":"cad_supported","confidence":"high","source_note":"Ajlan report unit areas + official block/parcels GeoJSON + AutoCAD warehouse partition lines"},"geometry":{"type":"Polygon","coordinates":[[[46.81901365400006,24.563879589000063],[46.819043419308805,24.563893679929887],[46.81936157451616,24.56333270532001],[46.81933136500004,24.56331840400003],[46.819142498354935,24.563228994025202],[46.81882434246296,24.56378996805634],[46.81901365400006,24.563879589000063]]]}},{"type":"Feature","properties":{"warehouse_code":"T/21/2/1","ajlan_block_code":"T/21","block_no":21,"sequence":5,"land_area_m2":1278.9,"built_area_report_m2":1683.5,"generated_polygon_area_m2":1679.37,"side_height_m":12,"mid_height_m":14,"parcel_numbers":["211","200"],"primary_parcels":["211","200"],"parcel_overlap":[{"parcel_no":"211","area_m2":839.69,"warehouse_pct":50.0},{"parcel_no":"200","area_m2":839.69,"warehouse_pct":50.0}],"geometry_method":"cad_partition_lines","cad_layer_support":"3","verification_status":"cad_supported","confidence":"high","source_note":"Ajlan report unit areas + official block/parcels GeoJSON + AutoCAD warehouse partition lines"},"geometry":{"type":"Polygon","coordinates":[[[46.81925373368473,24.563993242721033],[46.819571887808586,24.56343226830711],[46.81936157451616,24.56333270532001],[46.819043419308805,24.563893679929887],[46.81925373368473,24.563993242721033]]]}},{"type":"Feature","properties":{"warehouse_code":"T/21/2/2","ajlan_block_code":"T/21","block_no":21,"sequence":6,"land_area_m2":1267.3,"built_area_report_m2":1529.5,"generated_polygon_area_m2":1532.43,"side_height_m":12,"mid_height_m":14,"parcel_numbers":["210","201","200","211"],"primary_parcels":["210","201","200","211"],"parcel_overlap":[{"parcel_no":"210","area_m2":606.08,"warehouse_pct":39.55},{"parcel_no":"201","area_m2":605.19,"warehouse_pct":39.49},{"parcel_no":"200","area_m2":161.03,"warehouse_pct":10.51},{"parcel_no":"211","area_m2":160.14,"warehouse_pct":10.45}],"geometry_method":"cad_partition_lines","cad_layer_support":"3","verification_status":"cad_supported","confidence":"high","source_note":"Ajlan report unit areas + official block/parcels GeoJSON + AutoCAD warehouse partition lines"},"geometry":{"type":"Polygon","coordinates":[[[46.819294178000064,24.564012389000027],[46.81944564650534,24.56408409397551],[46.819763799869555,24.56352311933656],[46.819611887000065,24.563451204000042],[46.819571887808586,24.56343226830711],[46.81925373368473,24.563993242721033],[46.819294178000064,24.564012389000027]]]}},{"type":"Feature","properties":{"warehouse_code":"T/21/2/3","ajlan_block_code":"T/21","block_no":21,"sequence":7,"land_area_m2":1267.3,"built_area_report_m2":1529.5,"generated_polygon_area_m2":1532.43,"side_height_m":12,"mid_height_m":14,"parcel_numbers":["201","210","209","202"],"primary_parcels":["201","210","209","202"],"parcel_overlap":[{"parcel_no":"201","area_m2":514.81,"warehouse_pct":33.59},{"parcel_no":"210","area_m2":513.92,"warehouse_pct":33.54},{"parcel_no":"209","area_m2":252.29,"warehouse_pct":16.46},{"parcel_no":"202","area_m2":251.41,"warehouse_pct":16.41}],"geometry_method":"cad_partition_lines","cad_layer_support":"3","verification_status":"cad_supported","confidence":"high","source_note":"Ajlan report unit areas + official block/parcels GeoJSON + AutoCAD warehouse partition lines"},"geometry":{"type":"Polygon","coordinates":[[[46.81957470100008,24.564145188000047],[46.819637559191925,24.564174944795976],[46.81995571186249,24.56361396981557],[46.81989241000008,24.563584003000067],[46.819763799869555,24.56352311933656],[46.81944564650534,24.56408409397551],[46.81957470100008,24.564145188000047]]]}},{"type":"Feature","properties":{"warehouse_code":"T/21/2/4","ajlan_block_code":"T/21","block_no":21,"sequence":8,"land_area_m2":1278.9,"built_area_report_m2":1683.5,"generated_polygon_area_m2":1679.38,"side_height_m":12,"mid_height_m":14,"parcel_numbers":["209","202"],"primary_parcels":["209","202"],"parcel_overlap":[{"parcel_no":"209","area_m2":839.69,"warehouse_pct":50.0},{"parcel_no":"202","area_m2":839.69,"warehouse_pct":50.0}],"geometry_method":"cad_partition_lines","cad_layer_support":"3","verification_status":"cad_supported","confidence":"high","source_note":"Ajlan report unit areas + official block/parcels GeoJSON + AutoCAD warehouse partition lines"},"geometry":{"type":"Polygon","coordinates":[[[46.81984787479574,24.564274506990664],[46.82016602671799,24.56371353161516],[46.81995571186249,24.56361396981557],[46.819637559191925,24.564174944795976],[46.81984787479574,24.564274506990664]]]}},{"type":"Feature","properties":{"warehouse_code":"T/21/3/1","ajlan_block_code":"T/21","block_no":21,"sequence":9,"land_area_m2":1334.0,"built_area_report_m2":1750.0,"generated_polygon_area_m2":1745.85,"side_height_m":12,"mid_height_m":14,"parcel_numbers":["208","203","202","209"],"primary_parcels":["208","203"],"parcel_overlap":[{"parcel_no":"208","area_m2":844.91,"warehouse_pct":48.4},{"parcel_no":"203","area_m2":844.02,"warehouse_pct":48.34},{"parcel_no":"202","area_m2":28.91,"warehouse_pct":1.66},{"parcel_no":"209","area_m2":28.02,"warehouse_pct":1.6}],"geometry_method":"cad_partition_lines","cad_layer_support":"3","verification_status":"cad_supported","confidence":"high","source_note":"Ajlan report unit areas + official block/parcels GeoJSON + AutoCAD warehouse partition lines"},"geometry":{"type":"Polygon","coordinates":[[[46.81985522600008,24.564277987000022],[46.8200665156099,24.56437801006548],[46.820384666913746,24.563817033997935],[46.82017293300004,24.563716801000055],[46.82016602671799,24.56371353161516],[46.81984787479574,24.564274506990664],[46.81985522600008,24.564277987000022]]]}},{"type":"Feature","properties":{"warehouse_code":"T/21/3/2","ajlan_block_code":"T/21","block_no":21,"sequence":10,"land_area_m2":1322.4,"built_area_report_m2":1596.0,"generated_polygon_area_m2":1598.91,"side_height_m":12,"mid_height_m":14,"parcel_numbers":["207","204","203","208"],"primary_parcels":["207","204","203","208"],"parcel_overlap":[{"parcel_no":"207","area_m2":524.36,"warehouse_pct":32.8},{"parcel_no":"204","area_m2":523.47,"warehouse_pct":32.74},{"parcel_no":"203","area_m2":275.98,"warehouse_pct":17.26},{"parcel_no":"208","area_m2":275.09,"warehouse_pct":17.21}],"geometry_method":"cad_partition_lines","cad_layer_support":"3","verification_status":"cad_supported","confidence":"high","source_note":"Ajlan report unit areas + official block/parcels GeoJSON + AutoCAD warehouse partition lines"},"geometry":{"type":"Polygon","coordinates":[[[46.820135752000056,24.564410786000053],[46.82026675402515,24.564472801277798],[46.82058490476741,24.56391182456804],[46.82045345800003,24.56384959900003],[46.820384666913746,24.563817033997935],[46.8200665156099,24.56437801006548],[46.820135752000056,24.564410786000053]]]}},{"type":"Feature","properties":{"warehouse_code":"T/21/3/3","ajlan_block_code":"T/21","block_no":21,"sequence":11,"land_area_m2":1322.4,"built_area_report_m2":1596.0,"generated_polygon_area_m2":1598.91,"side_height_m":12,"mid_height_m":14,"parcel_numbers":["204","207","206","205"],"primary_parcels":["204","207","206","205"],"parcel_overlap":[{"parcel_no":"204","area_m2":596.52,"warehouse_pct":37.31},{"parcel_no":"207","area_m2":595.64,"warehouse_pct":37.25},{"parcel_no":"206","area_m2":203.82,"warehouse_pct":12.75},{"parcel_no":"205","area_m2":202.93,"warehouse_pct":12.69}],"geometry_method":"cad_partition_lines","cad_layer_support":"3","verification_status":"cad_supported","confidence":"high","source_note":"Ajlan report unit areas + official block/parcels GeoJSON + AutoCAD warehouse partition lines"},"geometry":{"type":"Polygon","coordinates":[[[46.82041627700005,24.564543584000038],[46.82046699274743,24.564567592171105],[46.82078514285053,24.564006614955897],[46.820733982000036,24.563982396000032],[46.82058490476741,24.56391182456804],[46.82026675402515,24.564472801277798],[46.82041627700005,24.564543584000038]]]}},{"type":"Feature","properties":{"warehouse_code":"T/21/3/4","ajlan_block_code":"T/21","block_no":21,"sequence":12,"land_area_m2":1334.0,"built_area_report_m2":2030.0,"generated_polygon_area_m2":2043.26,"side_height_m":12,"mid_height_m":14,"parcel_numbers":["205","206"],"primary_parcels":["205","206"],"parcel_overlap":[{"parcel_no":"205","area_m2":1022.07,"warehouse_pct":50.02},{"parcel_no":"206","area_m2":1021.19,"warehouse_pct":49.98}],"geometry_method":"cad_partition_lines","cad_layer_support":"3","verification_status":"cad_supported","confidence":"high","source_note":"Ajlan report unit areas + official block/parcels GeoJSON + AutoCAD warehouse partition lines"},"geometry":{"type":"Polygon","coordinates":[[[46.820723103000034,24.56468883100007],[46.82088195500006,24.564408237000066],[46.82104080700003,24.56412764300006],[46.82078514285053,24.564006614955897],[46.82046699274743,24.564567592171105],[46.820723103000034,24.56468883100007]]]}},{"type":"Feature","properties":{"warehouse_code":"T/23/1/1","ajlan_block_code":"T/23","block_no":23,"sequence":1,"land_area_m2":1999.2,"built_area_report_m2":2832.0,"generated_polygon_area_m2":2832.0,"side_height_m":16,"mid_height_m":18,"parcel_numbers":["267","240"],"primary_parcels":["267","240"],"parcel_overlap":[{"parcel_no":"267","area_m2":1416.58,"warehouse_pct":50.02},{"parcel_no":"240","area_m2":1415.42,"warehouse_pct":49.98}],"geometry_method":"area_slice_inference","cad_layer_support":"","verification_status":"needs_visual_verification","confidence":"medium","source_note":"Ajlan report unit areas + official block/parcels GeoJSON"},"geometry":{"type":"Polygon","coordinates":[[[46.81768134200008,24.561520701000063],[46.817499791000046,24.561841376000068],[46.81731824000008,24.562162051000023],[46.81762830981927,24.562308844517847],[46.81799191711074,24.561667734571227],[46.81768134200008,24.561520701000063]]]}},{"type":"Feature","properties":{"warehouse_code":"T/23/1/2","ajlan_block_code":"T/23","block_no":23,"sequence":2,"land_area_m2":2006.0,"built_area_report_m2":2360.0,"generated_polygon_area_m2":2360.0,"side_height_m":16,"mid_height_m":18,"parcel_numbers":["266","241","240","267"],"primary_parcels":["266","241"],"parcel_overlap":[{"parcel_no":"266","area_m2":996.58,"warehouse_pct":42.23},{"parcel_no":"241","area_m2":995.42,"warehouse_pct":42.18},{"parcel_no":"240","area_m2":184.58,"warehouse_pct":7.82},{"parcel_no":"267","area_m2":183.42,"warehouse_pct":7.77}],"geometry_method":"area_slice_inference","cad_layer_support":"","verification_status":"needs_visual_verification","confidence":"medium","source_note":"Ajlan report unit areas + official block/parcels GeoJSON"},"geometry":{"type":"Polygon","coordinates":[[[46.81799191711074,24.561667734571227],[46.81762830981927,24.562308844517847],[46.81766888800007,24.562328055000027],[46.81788691307169,24.56243127262014],[46.81825051943326,24.561790161904135],[46.81803198800004,24.561686705000056],[46.81799191711074,24.561667734571227]]]}},{"type":"Feature","properties":{"warehouse_code":"T/23/1/3","ajlan_block_code":"T/23","block_no":23,"sequence":3,"land_area_m2":2006.0,"built_area_report_m2":2360.0,"generated_polygon_area_m2":2360.0,"side_height_m":16,"mid_height_m":18,"parcel_numbers":["265","242","241","266"],"primary_parcels":["265","242"],"parcel_overlap":[{"parcel_no":"265","area_m2":976.58,"warehouse_pct":41.38},{"parcel_no":"242","area_m2":975.42,"warehouse_pct":41.33},{"parcel_no":"241","area_m2":204.58,"warehouse_pct":8.67},{"parcel_no":"266","area_m2":203.42,"warehouse_pct":8.62}],"geometry_method":"area_slice_inference","cad_layer_support":"","verification_status":"needs_visual_verification","confidence":"medium","source_note":"Ajlan report unit areas + official block/parcels GeoJSON"},"geometry":{"type":"Polygon","coordinates":[[[46.81793187400007,24.56245255800007],[46.81814551640611,24.562553700395103],[46.81850912228658,24.561912588118346],[46.818294973000036,24.561811207000062],[46.81825051943326,24.561790161904135],[46.81788691307169,24.56243127262014],[46.81793187400007,24.56245255800007]]]}},{"type":"Feature","properties":{"warehouse_code":"T/23/1/4","ajlan_block_code":"T/23","block_no":23,"sequence":4,"land_area_m2":2012.8,"built_area_report_m2":2836.75,"generated_polygon_area_m2":2836.75,"side_height_m":16,"mid_height_m":18,"parcel_numbers":["243","264","242","265"],"primary_parcels":["243","264"],"parcel_overlap":[{"parcel_no":"243","area_m2":1200.0,"warehouse_pct":42.3},{"parcel_no":"264","area_m2":1188.75,"warehouse_pct":41.91},{"parcel_no":"242","area_m2":224.58,"warehouse_pct":7.92},{"parcel_no":"265","area_m2":223.42,"warehouse_pct":7.88}],"geometry_method":"area_slice_inference","cad_layer_support":"","verification_status":"needs_visual_verification","confidence":"medium","source_note":"Ajlan report unit areas + official block/parcels GeoJSON"},"geometry":{"type":"Polygon","coordinates":[[[46.81819486100005,24.56257706100007],[46.81845784800004,24.56270156200003],[46.81863939700003,24.56238088600003],[46.818803925000054,24.56209027300002],[46.81880959800003,24.56208025200004],[46.81877015100008,24.562061576000072],[46.81878149800008,24.56204153400006],[46.81876177400005,24.56203219600007],[46.81855795900003,24.561935708000075],[46.81850912228658,24.561912588118346],[46.81814551640611,24.562553700395103],[46.81819486100005,24.56257706100007]]]}},{"type":"Feature","properties":{"warehouse_code":"T/24/1/1","ajlan_block_code":"T/24","block_no":24,"sequence":1,"land_area_m2":1104.0,"built_area_report_m2":1740.0,"generated_polygon_area_m2":1717.8,"side_height_m":12,"mid_height_m":14,"parcel_numbers":["239","224"],"primary_parcels":["239","224"],"parcel_overlap":[{"parcel_no":"239","area_m2":859.23,"warehouse_pct":50.02},{"parcel_no":"224","area_m2":858.57,"warehouse_pct":49.98}],"geometry_method":"cad_partition_lines","cad_layer_support":"3","verification_status":"cad_supported","confidence":"high","source_note":"Ajlan report unit areas + official block/parcels GeoJSON + AutoCAD warehouse partition lines"},"geometry":{"type":"Polygon","coordinates":[[[46.816616948000046,24.56183004000008],[46.81687993200006,24.56195454400006],[46.81714291700007,24.562079048000044],[46.81727296069175,24.5618493489405],[46.81674679330098,24.561600691989604],[46.816616948000046,24.56183004000008]]]}},{"type":"Feature","properties":{"warehouse_code":"T/24/1/2","ajlan_block_code":"T/24","block_no":24,"sequence":2,"land_area_m2":1094.4,"built_area_report_m2":1368.0,"generated_polygon_area_m2":1368.19,"side_height_m":12,"mid_height_m":14,"parcel_numbers":["238","225","224","239"],"primary_parcels":["238","225","224","239"],"parcel_overlap":[{"parcel_no":"238","area_m2":493.32,"warehouse_pct":36.06},{"parcel_no":"225","area_m2":492.67,"warehouse_pct":36.01},{"parcel_no":"224","area_m2":191.43,"warehouse_pct":13.99},{"parcel_no":"239","area_m2":190.77,"warehouse_pct":13.94}],"geometry_method":"cad_partition_lines","cad_layer_support":"3","verification_status":"cad_supported","confidence":"high","source_note":"Ajlan report unit areas + official block/parcels GeoJSON + AutoCAD warehouse partition lines"},"geometry":{"type":"Polygon","coordinates":[[[46.81677580500008,24.56154944800005],[46.81674679330098,24.561600691989604],[46.81727296069175,24.5618493489405],[46.817301773000054,24.561798457000066],[46.81737645854679,24.56166653781329],[46.81685029077153,24.56141788071615],[46.81677580500008,24.56154944800005]]]}},{"type":"Feature","properties":{"warehouse_code":"T/24/1/3","ajlan_block_code":"T/24","block_no":24,"sequence":3,"land_area_m2":1094.4,"built_area_report_m2":1368.0,"generated_polygon_area_m2":1368.2,"side_height_m":12,"mid_height_m":14,"parcel_numbers":["225","238","237","226"],"primary_parcels":["225","238","237","226"],"parcel_overlap":[{"parcel_no":"225","area_m2":407.34,"warehouse_pct":29.77},{"parcel_no":"238","area_m2":406.67,"warehouse_pct":29.72},{"parcel_no":"237","area_m2":277.42,"warehouse_pct":20.28},{"parcel_no":"226","area_m2":276.77,"warehouse_pct":20.23}],"geometry_method":"cad_partition_lines","cad_layer_support":"3","verification_status":"cad_supported","confidence":"high","source_note":"Ajlan report unit areas + official block/parcels GeoJSON + AutoCAD warehouse partition lines"},"geometry":{"type":"Polygon","coordinates":[[[46.81691196600008,24.56130894100005],[46.81685029077153,24.56141788071615],[46.81737645854679,24.56166653781329],[46.817437935000044,24.561557950000065],[46.817479956018026,24.5614837265824],[46.81695378825009,24.56123506952417],[46.81691196600008,24.56130894100005]]]}},{"type":"Feature","properties":{"warehouse_code":"T/24/1/4","ajlan_block_code":"T/24","block_no":24,"sequence":4,"land_area_m2":1104.0,"built_area_report_m2":1500.0,"generated_polygon_area_m2":1500.22,"side_height_m":12,"mid_height_m":14,"parcel_numbers":["226","237","236","227"],"primary_parcels":["226","237"],"parcel_overlap":[{"parcel_no":"226","area_m2":623.25,"warehouse_pct":41.54},{"parcel_no":"237","area_m2":622.57,"warehouse_pct":41.5},{"parcel_no":"236","area_m2":127.53,"warehouse_pct":8.5},{"parcel_no":"227","area_m2":126.87,"warehouse_pct":8.46}],"geometry_method":"cad_partition_lines","cad_layer_support":"3","verification_status":"cad_supported","confidence":"high","source_note":"Ajlan report unit areas + official block/parcels GeoJSON + AutoCAD warehouse partition lines"},"geometry":{"type":"Polygon","coordinates":[[[46.81704812800007,24.56106843500004],[46.81695378825009,24.56123506952417],[46.817479956018026,24.5614837265824],[46.817574096000044,24.561317443000068],[46.8175934395817,24.561283275521667],[46.81706727282672,24.561034618981015],[46.81704812800007,24.56106843500004]]]}},{"type":"Feature","properties":{"warehouse_code":"T/24/2/1","ajlan_block_code":"T/24","block_no":24,"sequence":5,"land_area_m2":1123.2,"built_area_report_m2":1524.0,"generated_polygon_area_m2":1524.23,"side_height_m":12,"mid_height_m":14,"parcel_numbers":["227","236"],"primary_parcels":["227","236"],"parcel_overlap":[{"parcel_no":"227","area_m2":762.13,"warehouse_pct":50.0},{"parcel_no":"236","area_m2":762.1,"warehouse_pct":50.0}],"geometry_method":"cad_partition_lines","cad_layer_support":"3","verification_status":"cad_supported","confidence":"high","source_note":"Ajlan report unit areas + official block/parcels GeoJSON + AutoCAD warehouse partition lines"},"geometry":{"type":"Polygon","coordinates":[[[46.81706727282672,24.561034618981015],[46.8175934395817,24.561283275521667],[46.817708739690914,24.561079615104642],[46.81718257396509,24.560830959089838],[46.81706727282672,24.561034618981015]]]}},{"type":"Feature","properties":{"warehouse_code":"T/24/2/2","ajlan_block_code":"T/24","block_no":24,"sequence":6,"land_area_m2":1123.2,"built_area_report_m2":1524.0,"generated_polygon_area_m2":1524.23,"side_height_m":12,"mid_height_m":14,"parcel_numbers":["235","228","227","236"],"primary_parcels":["235","228"],"parcel_overlap":[{"parcel_no":"235","area_m2":751.74,"warehouse_pct":49.32},{"parcel_no":"228","area_m2":751.12,"warehouse_pct":49.28},{"parcel_no":"227","area_m2":11.01,"warehouse_pct":0.72},{"parcel_no":"236","area_m2":10.36,"warehouse_pct":0.68}],"geometry_method":"cad_partition_lines","cad_layer_support":"3","verification_status":"cad_supported","confidence":"high","source_note":"Ajlan report unit areas + official block/parcels GeoJSON + AutoCAD warehouse partition lines"},"geometry":{"type":"Polygon","coordinates":[[[46.81718429000006,24.560827928000034],[46.81718257396509,24.560830959089838],[46.817708739690914,24.561079615104642],[46.817710257000044,24.56107693500007],[46.817824039522804,24.560875954652985],[46.81729787408085,24.56062729881182],[46.81718429000006,24.560827928000034]]]}},{"type":"Feature","properties":{"warehouse_code":"T/24/3/1","ajlan_block_code":"T/24","block_no":24,"sequence":7,"land_area_m2":1104.0,"built_area_report_m2":1500.0,"generated_polygon_area_m2":1500.22,"side_height_m":12,"mid_height_m":14,"parcel_numbers":["234","229","228","235"],"primary_parcels":["234","229"],"parcel_overlap":[{"parcel_no":"234","area_m2":601.85,"warehouse_pct":40.12},{"parcel_no":"229","area_m2":601.23,"warehouse_pct":40.08},{"parcel_no":"228","area_m2":148.91,"warehouse_pct":9.93},{"parcel_no":"235","area_m2":148.24,"warehouse_pct":9.88}],"geometry_method":"cad_partition_lines","cad_layer_support":"3","verification_status":"cad_supported","confidence":"high","source_note":"Ajlan report unit areas + official block/parcels GeoJSON + AutoCAD warehouse partition lines"},"geometry":{"type":"Polygon","coordinates":[[[46.81732045100006,24.560587420000047],[46.81729787408085,24.56062729881182],[46.817824039522804,24.560875954652985],[46.817846417000055,24.560836428000073],[46.817937522404215,24.560675503553068],[46.81741135782647,24.560426848159153],[46.81732045100006,24.560587420000047]]]}},{"type":"Feature","properties":{"warehouse_code":"T/24/3/2","ajlan_block_code":"T/24","block_no":24,"sequence":8,"land_area_m2":1094.4,"built_area_report_m2":1368.0,"generated_polygon_area_m2":1368.2,"side_height_m":12,"mid_height_m":14,"parcel_numbers":["233","230","229","234"],"primary_parcels":["233","230","229","234"],"parcel_overlap":[{"parcel_no":"233","area_m2":385.95,"warehouse_pct":28.21},{"parcel_no":"230","area_m2":385.32,"warehouse_pct":28.16},{"parcel_no":"229","area_m2":298.8,"warehouse_pct":21.84},{"parcel_no":"234","area_m2":298.12,"warehouse_pct":21.79}],"geometry_method":"cad_partition_lines","cad_layer_support":"3","verification_status":"cad_supported","confidence":"high","source_note":"Ajlan report unit areas + official block/parcels GeoJSON + AutoCAD warehouse partition lines"},"geometry":{"type":"Polygon","coordinates":[[[46.81745661200006,24.56034691400004],[46.81741135782647,24.560426848159153],[46.817937522404215,24.560675503553068],[46.817982577000066,24.560595921000065],[46.818041019421344,24.56049269252875],[46.81751485436998,24.560244036946454],[46.81745661200006,24.56034691400004]]]}},{"type":"Feature","properties":{"warehouse_code":"T/24/3/3","ajlan_block_code":"T/24","block_no":24,"sequence":9,"land_area_m2":1094.4,"built_area_report_m2":1368.0,"generated_polygon_area_m2":1368.2,"side_height_m":12,"mid_height_m":14,"parcel_numbers":["230","233","232","231"],"primary_parcels":["230","233","232","231"],"parcel_overlap":[{"parcel_no":"230","area_m2":514.72,"warehouse_pct":37.62},{"parcel_no":"233","area_m2":514.02,"warehouse_pct":37.57},{"parcel_no":"232","area_m2":170.05,"warehouse_pct":12.43},{"parcel_no":"231","area_m2":169.41,"warehouse_pct":12.38}],"geometry_method":"cad_partition_lines","cad_layer_support":"3","verification_status":"cad_supported","confidence":"high","source_note":"Ajlan report unit areas + official block/parcels GeoJSON + AutoCAD warehouse partition lines"},"geometry":{"type":"Polygon","coordinates":[[[46.81759277200007,24.560106406000042],[46.81751485436998,24.560244036946454],[46.818041019421344,24.56049269252875],[46.818118739000056,24.560355414000064],[46.81814451594542,24.56030988134913],[46.8176183502519,24.56006122549879],[46.81759277200007,24.560106406000042]]]}},{"type":"Feature","properties":{"warehouse_code":"T/24/3/4","ajlan_block_code":"T/24","block_no":24,"sequence":10,"land_area_m2":1104.0,"built_area_report_m2":1740.0,"generated_polygon_area_m2":1760.55,"side_height_m":12,"mid_height_m":14,"parcel_numbers":["231","232"],"primary_parcels":["231","232"],"parcel_overlap":[{"parcel_no":"231","area_m2":880.64,"warehouse_pct":50.02},{"parcel_no":"232","area_m2":879.9,"warehouse_pct":49.98}],"geometry_method":"cad_partition_lines","cad_layer_support":"3","verification_status":"cad_supported","confidence":"high","source_note":"Ajlan report unit areas + official block/parcels GeoJSON + AutoCAD warehouse partition lines"},"geometry":{"type":"Polygon","coordinates":[[[46.81775162400004,24.559825815000064],[46.8176183502519,24.56006122549879],[46.81814451594542,24.56030988134913],[46.81827758800006,24.560074821000054],[46.81801461900005,24.55995032500004],[46.81775162400004,24.559825815000064]]]}},{"type":"Feature","properties":{"warehouse_code":"T/25/1/1","ajlan_block_code":"T/25","block_no":25,"sequence":1,"land_area_m2":1166.0,"built_area_report_m2":1820.0,"generated_polygon_area_m2":1820.0,"side_height_m":16,"mid_height_m":18,"parcel_numbers":["263","268"],"primary_parcels":["263","268"],"parcel_overlap":[{"parcel_no":"263","area_m2":979.62,"warehouse_pct":53.83},{"parcel_no":"268","area_m2":840.38,"warehouse_pct":46.17}],"geometry_method":"area_slice_inference","cad_layer_support":"","verification_status":"needs_visual_verification","confidence":"medium","source_note":"Ajlan report unit areas + official block/parcels GeoJSON"},"geometry":{"type":"Polygon","coordinates":[[[46.818067134000046,24.560839265000023],[46.817930972000056,24.561079772000024],[46.81777211700006,24.561360363000063],[46.81801736178358,24.561476467740015],[46.818312790826496,24.560955564441493],[46.818067134000046,24.560839265000023]]]}},{"type":"Feature","properties":{"warehouse_code":"T/25/1/2","ajlan_block_code":"T/25","block_no":25,"sequence":2,"land_area_m2":1166.0,"built_area_report_m2":1430.0,"generated_polygon_area_m2":1430.0,"side_height_m":16,"mid_height_m":18,"parcel_numbers":["263","268","262","269"],"primary_parcels":["263","268","262","269"],"parcel_overlap":[{"parcel_no":"263","area_m2":420.38,"warehouse_pct":29.4},{"parcel_no":"268","area_m2":359.62,"warehouse_pct":25.15},{"parcel_no":"262","area_m2":349.62,"warehouse_pct":24.45},{"parcel_no":"269","area_m2":300.38,"warehouse_pct":21.01}],"geometry_method":"area_slice_inference","cad_layer_support":"","verification_status":"needs_visual_verification","confidence":"medium","source_note":"Ajlan report unit areas + official block/parcels GeoJSON"},"geometry":{"type":"Polygon","coordinates":[[[46.818312790826496,24.560955564441493],[46.81801736178358,24.561476467740015],[46.81812276300008,24.56152636700005],[46.81821021673752,24.56156776922308],[46.8185056451402,24.561046865593784],[46.81841777900007,24.56100526800003],[46.818312790826496,24.560955564441493]]]}},{"type":"Feature","properties":{"warehouse_code":"T/25/1/3","ajlan_block_code":"T/25","block_no":25,"sequence":3,"land_area_m2":1166.0,"built_area_report_m2":1430.0,"generated_polygon_area_m2":1430.0,"side_height_m":16,"mid_height_m":18,"parcel_numbers":["262","269"],"primary_parcels":["262","269"],"parcel_overlap":[{"parcel_no":"262","area_m2":770.0,"warehouse_pct":53.85},{"parcel_no":"269","area_m2":660.0,"warehouse_pct":46.15}],"geometry_method":"area_slice_inference","cad_layer_support":"","verification_status":"needs_visual_verification","confidence":"medium","source_note":"Ajlan report unit areas + official block/parcels GeoJSON"},"geometry":{"type":"Polygon","coordinates":[[[46.818403072144875,24.56165907026968],[46.81869849976595,24.561138166558855],[46.8185056451402,24.561046865593784],[46.81821021673752,24.56156776922308],[46.818403072144875,24.56165907026968]]]}},{"type":"Feature","properties":{"warehouse_code":"T/25/1/4","ajlan_block_code":"T/25","block_no":25,"sequence":4,"land_area_m2":1166.0,"built_area_report_m2":1560.0,"generated_polygon_area_m2":1560.0,"side_height_m":16,"mid_height_m":18,"parcel_numbers":["261","270","262","269"],"primary_parcels":["261","270"],"parcel_overlap":[{"parcel_no":"261","area_m2":699.61,"warehouse_pct":44.85},{"parcel_no":"270","area_m2":600.38,"warehouse_pct":38.49},{"parcel_no":"262","area_m2":140.39,"warehouse_pct":9.0},{"parcel_no":"269","area_m2":119.62,"warehouse_pct":7.67}],"geometry_method":"area_slice_inference","cad_layer_support":"","verification_status":"needs_visual_verification","confidence":"medium","source_note":"Ajlan report unit areas + official block/parcels GeoJSON"},"geometry":{"type":"Polygon","coordinates":[[[46.81843834500006,24.561675769000033],[46.81861346168527,24.561758669401858],[46.81890888735702,24.561237767535722],[46.81873336000007,24.561154670000064],[46.81869849976595,24.561138166558855],[46.818403072144875,24.56165907026968],[46.81843834500006,24.561675769000033]]]}},{"type":"Feature","properties":{"warehouse_code":"T/25/2/1","ajlan_block_code":"T/25","block_no":25,"sequence":5,"land_area_m2":1166.0,"built_area_report_m2":1560.0,"generated_polygon_area_m2":1560.0,"side_height_m":16,"mid_height_m":18,"parcel_numbers":["261","270","260","271"],"primary_parcels":["261","270","260","271"],"parcel_overlap":[{"parcel_no":"261","area_m2":560.38,"warehouse_pct":35.92},{"parcel_no":"270","area_m2":479.63,"warehouse_pct":30.75},{"parcel_no":"260","area_m2":279.61,"warehouse_pct":17.92},{"parcel_no":"271","area_m2":240.38,"warehouse_pct":15.41}],"geometry_method":"area_slice_inference","cad_layer_support":"","verification_status":"needs_visual_verification","confidence":"medium","source_note":"Ajlan report unit areas + official block/parcels GeoJSON"},"geometry":{"type":"Polygon","coordinates":[[[46.81875393000007,24.561825167000052],[46.81882385181673,24.561858269840744],[46.819119276146814,24.561337368747864],[46.81904894100006,24.56130407100005],[46.81890888735702,24.561237767535722],[46.81861346168527,24.561758669401858],[46.81875393000007,24.561825167000052]]]}},{"type":"Feature","properties":{"warehouse_code":"T/25/2/2","ajlan_block_code":"T/25","block_no":25,"sequence":6,"land_area_m2":1166.0,"built_area_report_m2":1820.0,"generated_polygon_area_m2":1820.0,"side_height_m":16,"mid_height_m":18,"parcel_numbers":["260","271"],"primary_parcels":["260","271"],"parcel_overlap":[{"parcel_no":"260","area_m2":980.37,"warehouse_pct":53.87},{"parcel_no":"271","area_m2":839.62,"warehouse_pct":46.13}],"geometry_method":"area_slice_inference","cad_layer_support":"","verification_status":"needs_visual_verification","confidence":"medium","source_note":"Ajlan report unit areas + official block/parcels GeoJSON"},"geometry":{"type":"Polygon","coordinates":[[[46.819069511000066,24.561974571000064],[46.819228364000026,24.561693980000026],[46.81936452300005,24.561453472000036],[46.819119276146814,24.561337368747864],[46.81882385181673,24.561858269840744],[46.819069511000066,24.561974571000064]]]}},{"type":"Feature","properties":{"warehouse_code":"T/26/1/1","ajlan_block_code":"T/26","block_no":26,"sequence":1,"land_area_m2":1190.0,"built_area_report_m2":1849.45,"generated_polygon_area_m2":1849.39,"side_height_m":16,"mid_height_m":18,"parcel_numbers":["273","290"],"primary_parcels":["273","290"],"parcel_overlap":[{"parcel_no":"273","area_m2":995.44,"warehouse_pct":53.83},{"parcel_no":"290","area_m2":853.95,"warehouse_pct":46.17}],"geometry_method":"area_slice_inference","cad_layer_support":"","verification_status":"needs_visual_verification","confidence":"medium","source_note":"Ajlan report unit areas + official block/parcels GeoJSON"},"geometry":{"type":"Polygon","coordinates":[[[46.81946971800005,24.56150327200004],[46.81933355800004,24.561743780000025],[46.819174771000064,24.562024255000036],[46.81917470600007,24.56202437000007],[46.81942391887744,24.562142349246074],[46.819719342369076,24.561621445548962],[46.81946971800005,24.56150327200004]]]}},{"type":"Feature","properties":{"warehouse_code":"T/26/1/2","ajlan_block_code":"T/26","block_no":26,"sequence":2,"land_area_m2":1186.22,"built_area_report_m2":1454.63,"generated_polygon_area_m2":1454.58,"side_height_m":16,"mid_height_m":18,"parcel_numbers":["274","289","273","290"],"primary_parcels":["274","289"],"parcel_overlap":[{"parcel_no":"274","area_m2":728.68,"warehouse_pct":50.1},{"parcel_no":"289","area_m2":625.3,"warehouse_pct":42.99},{"parcel_no":"273","area_m2":54.55,"warehouse_pct":3.75},{"parcel_no":"290","area_m2":46.05,"warehouse_pct":3.17}],"geometry_method":"area_slice_inference","cad_layer_support":"","verification_status":"needs_visual_verification","confidence":"medium","source_note":"Ajlan report unit areas + official block/parcels GeoJSON"},"geometry":{"type":"Polygon","coordinates":[[[46.819719342369076,24.561621445548962],[46.81942391887744,24.562142349246074],[46.819437693000054,24.56214887000004],[46.81962009240343,24.562235218616593],[46.81991551509658,24.561714314842526],[46.819732704000046,24.561627771000076],[46.819719342369076,24.561621445548962]]]}},{"type":"Feature","properties":{"warehouse_code":"T/26/1/3","ajlan_block_code":"T/26","block_no":26,"sequence":3,"land_area_m2":1186.22,"built_area_report_m2":1454.63,"generated_polygon_area_m2":1454.58,"side_height_m":16,"mid_height_m":18,"parcel_numbers":["275","288","274","289"],"primary_parcels":["275","288","274","289"],"parcel_overlap":[{"parcel_no":"275","area_m2":461.93,"warehouse_pct":31.76},{"parcel_no":"288","area_m2":396.65,"warehouse_pct":27.27},{"parcel_no":"274","area_m2":321.31,"warehouse_pct":22.09},{"parcel_no":"289","area_m2":274.7,"warehouse_pct":18.89}],"geometry_method":"area_slice_inference","cad_layer_support":"","verification_status":"needs_visual_verification","confidence":"medium","source_note":"Ajlan report unit areas + official block/parcels GeoJSON"},"geometry":{"type":"Polygon","coordinates":[[[46.81970068000004,24.56227336900002],[46.819816266154085,24.5623280880176],[46.82011168812915,24.5618071840248],[46.81999569000004,24.561752270000056],[46.81991551509658,24.561714314842526],[46.81962009240343,24.562235218616593],[46.81970068000004,24.56227336900002]]]}},{"type":"Feature","properties":{"warehouse_code":"T/26/1/4","ajlan_block_code":"T/26","block_no":26,"sequence":4,"land_area_m2":1190.0,"built_area_report_m2":1589.51,"generated_polygon_area_m2":1589.46,"side_height_m":16,"mid_height_m":18,"parcel_numbers":["275","288","276","287"],"primary_parcels":["275","288","276","287"],"parcel_overlap":[{"parcel_no":"275","area_m2":588.07,"warehouse_pct":37.0},{"parcel_no":"288","area_m2":503.35,"warehouse_pct":31.67},{"parcel_no":"276","area_m2":267.79,"warehouse_pct":16.85},{"parcel_no":"287","area_m2":230.24,"warehouse_pct":14.49}],"geometry_method":"area_slice_inference","cad_layer_support":"","verification_status":"needs_visual_verification","confidence":"medium","source_note":"Ajlan report unit areas + official block/parcels GeoJSON"},"geometry":{"type":"Polygon","coordinates":[[[46.81996366900006,24.562397869000044],[46.820030630330734,24.562429568464356],[46.82032605154522,24.56190866419003],[46.82025867700003,24.561876769000044],[46.82011168812915,24.5618071840248],[46.819816266154085,24.5623280880176],[46.81996366900006,24.562397869000044]]]}},{"type":"Feature","properties":{"warehouse_code":"T/26/2/1","ajlan_block_code":"T/26","block_no":26,"sequence":5,"land_area_m2":1190.0,"built_area_report_m2":1589.51,"generated_polygon_area_m2":1589.46,"side_height_m":16,"mid_height_m":18,"parcel_numbers":["276","287"],"primary_parcels":["276","287"],"parcel_overlap":[{"parcel_no":"276","area_m2":855.86,"warehouse_pct":53.85},{"parcel_no":"287","area_m2":733.6,"warehouse_pct":46.15}],"geometry_method":"area_slice_inference","cad_layer_support":"","verification_status":"needs_visual_verification","confidence":"medium","source_note":"Ajlan report unit areas + official block/parcels GeoJSON"},"geometry":{"type":"Polygon","coordinates":[[[46.82024499510139,24.562531048335185],[46.820540415433975,24.562010143993245],[46.82032605154522,24.56190866419003],[46.820030630330734,24.562429568464356],[46.82024499510139,24.562531048335185]]]}},{"type":"Feature","properties":{"warehouse_code":"T/26/2/2","ajlan_block_code":"T/26","block_no":26,"sequence":6,"land_area_m2":1186.14,"built_area_report_m2":1454.7,"generated_polygon_area_m2":1454.65,"side_height_m":16,"mid_height_m":18,"parcel_numbers":["277","286","276","287"],"primary_parcels":["277","286"],"parcel_overlap":[{"parcel_no":"277","area_m2":751.93,"warehouse_pct":51.69},{"parcel_no":"286","area_m2":645.22,"warehouse_pct":44.36},{"parcel_no":"276","area_m2":31.34,"warehouse_pct":2.15},{"parcel_no":"287","area_m2":26.16,"warehouse_pct":1.8}],"geometry_method":"area_slice_inference","cad_layer_support":"","verification_status":"needs_visual_verification","confidence":"medium","source_note":"Ajlan report unit areas + official block/parcels GeoJSON"},"geometry":{"type":"Polygon","coordinates":[[[46.82025295600005,24.562534817000028],[46.82044117967571,24.562623920926285],[46.820736599201574,24.56210301652177],[46.82054796300009,24.56201371700007],[46.820540415433975,24.562010143993245],[46.82024499510139,24.562531048335185],[46.82025295600005,24.562534817000028]]]}},{"type":"Feature","properties":{"warehouse_code":"T/26/2/3","ajlan_block_code":"T/26","block_no":26,"sequence":7,"land_area_m2":1186.14,"built_area_report_m2":1454.7,"generated_polygon_area_m2":1454.65,"side_height_m":16,"mid_height_m":18,"parcel_numbers":["277","278","286","285"],"primary_parcels":["277","278","286","285"],"parcel_overlap":[{"parcel_no":"277","area_m2":403.06,"warehouse_pct":27.71},{"parcel_no":"278","area_m2":380.21,"warehouse_pct":26.14},{"parcel_no":"286","area_m2":344.77,"warehouse_pct":23.7},{"parcel_no":"285","area_m2":326.61,"warehouse_pct":22.45}],"geometry_method":"area_slice_inference","cad_layer_support":"","verification_status":"needs_visual_verification","confidence":"medium","source_note":"Ajlan report unit areas + official block/parcels GeoJSON"},"geometry":{"type":"Polygon","coordinates":[[[46.82054224400008,24.56267176400007],[46.820637364591754,24.562716793391896],[46.82093278324035,24.56219588904917],[46.82083725000007,24.562150664000058],[46.820736599201574,24.56210301652177],[46.82044117967571,24.562623920926285],[46.82054224400008,24.56267176400007]]]}},{"type":"Feature","properties":{"warehouse_code":"T/26/2/4","ajlan_block_code":"T/26","block_no":26,"sequence":8,"land_area_m2":1190.0,"built_area_report_m2":1589.51,"generated_polygon_area_m2":1589.46,"side_height_m":16,"mid_height_m":18,"parcel_numbers":["278","285","279","284"],"primary_parcels":["278","285"],"parcel_overlap":[{"parcel_no":"278","area_m2":774.77,"warehouse_pct":48.74},{"parcel_no":"285","area_m2":663.39,"warehouse_pct":41.74},{"parcel_no":"279","area_m2":81.08,"warehouse_pct":5.1},{"parcel_no":"284","area_m2":70.21,"warehouse_pct":4.42}],"geometry_method":"area_slice_inference","cad_layer_support":"","verification_status":"needs_visual_verification","confidence":"medium","source_note":"Ajlan report unit areas + official block/parcels GeoJSON"},"geometry":{"type":"Polygon","coordinates":[[[46.820831533000046,24.562808711000063],[46.82085173079713,24.562818272497303],[46.82114714843658,24.562297368311288],[46.821126537000055,24.562287611000045],[46.82093278324035,24.56219588904917],[46.820637364591754,24.562716793391896],[46.820831533000046,24.562808711000063]]]}},{"type":"Feature","properties":{"warehouse_code":"T/26/3/1","ajlan_block_code":"T/26","block_no":26,"sequence":9,"land_area_m2":1190.0,"built_area_report_m2":1589.51,"generated_polygon_area_m2":1589.46,"side_height_m":16,"mid_height_m":18,"parcel_numbers":["279","284"],"primary_parcels":["279","284"],"parcel_overlap":[{"parcel_no":"279","area_m2":855.86,"warehouse_pct":53.85},{"parcel_no":"284","area_m2":733.6,"warehouse_pct":46.15}],"geometry_method":"area_slice_inference","cad_layer_support":"","verification_status":"needs_visual_verification","confidence":"medium","source_note":"Ajlan report unit areas + official block/parcels GeoJSON"},"geometry":{"type":"Polygon","coordinates":[[[46.82106609717513,24.56291975179174],[46.82136151408948,24.562398847261544],[46.82114714843658,24.562297368311288],[46.82085173079713,24.562818272497303],[46.82106609717513,24.56291975179174]]]}},{"type":"Feature","properties":{"warehouse_code":"T/26/3/2","ajlan_block_code":"T/26","block_no":26,"sequence":10,"land_area_m2":1186.14,"built_area_report_m2":1454.7,"generated_polygon_area_m2":1454.65,"side_height_m":16,"mid_height_m":18,"parcel_numbers":["280","283","279","284"],"primary_parcels":["280","283","279","284"],"parcel_overlap":[{"parcel_no":"280","area_m2":565.23,"warehouse_pct":38.86},{"parcel_no":"283","area_m2":485.19,"warehouse_pct":33.35},{"parcel_no":"279","area_m2":218.04,"warehouse_pct":14.99},{"parcel_no":"284","area_m2":186.19,"warehouse_pct":12.8}],"geometry_method":"area_slice_inference","cad_layer_support":"","verification_status":"needs_visual_verification","confidence":"medium","source_note":"Ajlan report unit areas + official block/parcels GeoJSON"},"geometry":{"type":"Polygon","coordinates":[[[46.82112082200007,24.562945658000043],[46.82126228321772,24.56301262369259],[46.821557699365385,24.562491719029154],[46.82141582600008,24.562424558000032],[46.82136151408948,24.562398847261544],[46.82106609717513,24.56291975179174],[46.82112082200007,24.562945658000043]]]}},{"type":"Feature","properties":{"warehouse_code":"T/26/3/3","ajlan_block_code":"T/26","block_no":26,"sequence":11,"land_area_m2":1186.14,"built_area_report_m2":1454.7,"generated_polygon_area_m2":1454.65,"side_height_m":16,"mid_height_m":18,"parcel_numbers":["280","283","281","282"],"primary_parcels":["280","283","281","282"],"parcel_overlap":[{"parcel_no":"280","area_m2":589.76,"warehouse_pct":40.54},{"parcel_no":"283","area_m2":504.81,"warehouse_pct":34.7},{"parcel_no":"281","area_m2":193.51,"warehouse_pct":13.3},{"parcel_no":"282","area_m2":166.58,"warehouse_pct":11.45}],"geometry_method":"area_slice_inference","cad_layer_support":"","verification_status":"needs_visual_verification","confidence":"medium","source_note":"Ajlan report unit areas + official block/parcels GeoJSON"},"geometry":{"type":"Polygon","coordinates":[[[46.821410111000034,24.563082603000055],[46.821458469445915,24.56310549566292],[46.821753885039776,24.562584590490875],[46.82170511400005,24.56256150300004],[46.821557699365385,24.562491719029154],[46.82126228321772,24.56301262369259],[46.821410111000034,24.563082603000055]]]}},{"type":"Feature","properties":{"warehouse_code":"T/26/3/4","ajlan_block_code":"T/26","block_no":26,"sequence":12,"land_area_m2":1190.0,"built_area_report_m2":1849.45,"generated_polygon_area_m2":1849.39,"side_height_m":16,"mid_height_m":18,"parcel_numbers":["281","282"],"primary_parcels":["281","282"],"parcel_overlap":[{"parcel_no":"281","area_m2":996.22,"warehouse_pct":53.87},{"parcel_no":"282","area_m2":853.17,"warehouse_pct":46.13}],"geometry_method":"area_slice_inference","cad_layer_support":"","verification_status":"needs_visual_verification","confidence":"medium","source_note":"Ajlan report unit areas + official block/parcels GeoJSON"},"geometry":{"type":"Polygon","coordinates":[[[46.82170810800005,24.563223673000035],[46.82186694500007,24.562943075000074],[46.822003092000045,24.562702561000034],[46.821753885039776,24.562584590490875],[46.821458469445915,24.56310549566292],[46.82170810800005,24.563223673000035]]]}},{"type":"Feature","properties":{"warehouse_code":"T/27/1/1","ajlan_block_code":"T/27","block_no":27,"sequence":1,"land_area_m2":1168.65,"built_area_report_m2":1930.51,"generated_polygon_area_m2":1822.81,"side_height_m":12,"mid_height_m":14,"parcel_numbers":["294","293"],"primary_parcels":["294","293"],"parcel_overlap":[{"parcel_no":"294","area_m2":981.98,"warehouse_pct":53.87},{"parcel_no":"293","area_m2":840.82,"warehouse_pct":46.13}],"geometry_method":"cad_partition_lines","cad_layer_support":"3+1","verification_status":"cad_supported","confidence":"high","source_note":"Ajlan report unit areas + official block/parcels GeoJSON + AutoCAD warehouse partition lines"},"geometry":{"type":"Polygon","coordinates":[[[46.81845294900006,24.560157752000062],[46.81829406300005,24.560438417000057],[46.818157908000046,24.560678927000026],[46.81840351154569,24.560795215040155],[46.81869892876108,24.560274169518035],[46.81845294900006,24.560157752000062]]]}},{"type":"Feature","properties":{"warehouse_code":"T/27/1/2","ajlan_block_code":"T/27","block_no":27,"sequence":2,"land_area_m2":1163.35,"built_area_report_m2":1534.02,"generated_polygon_area_m2":1426.58,"side_height_m":12,"mid_height_m":14,"parcel_numbers":["294","293","295","292"],"primary_parcels":["294","293","295","292"],"parcel_overlap":[{"parcel_no":"294","area_m2":418.54,"warehouse_pct":29.34},{"parcel_no":"293","area_m2":359.19,"warehouse_pct":25.18},{"parcel_no":"295","area_m2":349.77,"warehouse_pct":24.52},{"parcel_no":"292","area_m2":299.08,"warehouse_pct":20.96}],"geometry_method":"cad_partition_lines","cad_layer_support":"3+1","verification_status":"cad_supported","confidence":"high","source_note":"Ajlan report unit areas + official block/parcels GeoJSON + AutoCAD warehouse partition lines"},"geometry":{"type":"Polygon","coordinates":[[[46.81869892876108,24.560274169518035],[46.81840351154569,24.560795215040155],[46.818508543000064,24.56084494500004],[46.81859585408869,24.56088628474284],[46.81889128770401,24.560365208838494],[46.81880362700008,24.560323721000028],[46.81869892876108,24.560274169518035]]]}},{"type":"Feature","properties":{"warehouse_code":"T/27/1/3","ajlan_block_code":"T/27","block_no":27,"sequence":3,"land_area_m2":1163.35,"built_area_report_m2":1534.02,"generated_polygon_area_m2":1426.66,"side_height_m":12,"mid_height_m":14,"parcel_numbers":["295","292"],"primary_parcels":["295","292"],"parcel_overlap":[{"parcel_no":"295","area_m2":768.39,"warehouse_pct":53.86},{"parcel_no":"292","area_m2":658.26,"warehouse_pct":46.14}],"geometry_method":"cad_partition_lines","cad_layer_support":"3+1","verification_status":"cad_supported","confidence":"high","source_note":"Ajlan report unit areas + official block/parcels GeoJSON + AutoCAD warehouse partition lines"},"geometry":{"type":"Polygon","coordinates":[[[46.81878819675533,24.560977354180007],[46.819083646824325,24.560456247798474],[46.81889128770401,24.560365208838494],[46.81859585408869,24.56088628474284],[46.81878819675533,24.560977354180007]]]}},{"type":"Feature","properties":{"warehouse_code":"T/27/1/4","ajlan_block_code":"T/27","block_no":27,"sequence":4,"land_area_m2":1168.65,"built_area_report_m2":1667.47,"generated_polygon_area_m2":1560.19,"side_height_m":12,"mid_height_m":14,"parcel_numbers":["296","291","295","292"],"primary_parcels":["296","291"],"parcel_overlap":[{"parcel_no":"296","area_m2":697.85,"warehouse_pct":44.73},{"parcel_no":"291","area_m2":597.18,"warehouse_pct":38.28},{"parcel_no":"295","area_m2":142.5,"warehouse_pct":9.13},{"parcel_no":"292","area_m2":122.66,"warehouse_pct":7.86}],"geometry_method":"cad_partition_lines","cad_layer_support":"3+1","verification_status":"cad_supported","confidence":"high","source_note":"Ajlan report unit areas + official block/parcels GeoJSON + AutoCAD warehouse partition lines"},"geometry":{"type":"Polygon","coordinates":[[[46.81882411600003,24.56099436100004],[46.81899853034207,24.5610769406337],[46.819293998287165,24.560555801129684],[46.819119227000044,24.560473087000045],[46.819083646824325,24.560456247798474],[46.81878819675533,24.560977354180007],[46.81882411600003,24.56099436100004]]]}},{"type":"Feature","properties":{"warehouse_code":"T/27/2/1","ajlan_block_code":"T/27","block_no":27,"sequence":5,"land_area_m2":1166.0,"built_area_report_m2":1670.32,"generated_polygon_area_m2":1563.14,"side_height_m":12,"mid_height_m":14,"parcel_numbers":["296","291","297","272"],"primary_parcels":["296","291","297","272"],"parcel_overlap":[{"parcel_no":"296","area_m2":563.04,"warehouse_pct":36.02},{"parcel_no":"291","area_m2":482.82,"warehouse_pct":30.89},{"parcel_no":"297","area_m2":278.96,"warehouse_pct":17.85},{"parcel_no":"272","area_m2":238.32,"warehouse_pct":15.25}],"geometry_method":"cad_partition_lines","cad_layer_support":"3+1","verification_status":"cad_supported","confidence":"high","source_note":"Ajlan report unit areas + official block/parcels GeoJSON + AutoCAD warehouse partition lines"},"geometry":{"type":"Polygon","coordinates":[[[46.81913969000004,24.56114377500006],[46.81920924892497,24.561176708972976],[46.81950473484739,24.56065553616481],[46.81943482700007,24.56062245100003],[46.819293998287165,24.560555801129684],[46.81899853034207,24.5610769406337],[46.81913969000004,24.56114377500006]]]}},{"type":"Feature","properties":{"warehouse_code":"T/27/2/2","ajlan_block_code":"T/27","block_no":27,"sequence":6,"land_area_m2":1166.0,"built_area_report_m2":1927.26,"generated_polygon_area_m2":1823.83,"side_height_m":12,"mid_height_m":14,"parcel_numbers":["297","272"],"primary_parcels":["297","272"],"parcel_overlap":[{"parcel_no":"297","area_m2":982.16,"warehouse_pct":53.85},{"parcel_no":"272","area_m2":841.67,"warehouse_pct":46.15}],"geometry_method":"cad_partition_lines","cad_layer_support":"3+1","verification_status":"cad_supported","confidence":"high","source_note":"Ajlan report unit areas + official block/parcels GeoJSON + AutoCAD warehouse partition lines"},"geometry":{"type":"Polygon","coordinates":[[[46.819455264000055,24.56129318900002],[46.81959142200004,24.561052682000017],[46.81975042900007,24.560771815000066],[46.81950473484739,24.56065553616481],[46.81920924892497,24.561176708972976],[46.819455264000055,24.56129318900002]]]}},{"type":"Feature","properties":{"warehouse_code":"T/28/1/1","ajlan_block_code":"T/28","block_no":28,"sequence":1,"land_area_m2":1250.8,"built_area_report_m2":1859.4,"generated_polygon_area_m2":1909.26,"side_height_m":12,"mid_height_m":14,"parcel_numbers":["310","301"],"primary_parcels":["310","301"],"parcel_overlap":[{"parcel_no":"310","area_m2":1034.97,"warehouse_pct":54.21},{"parcel_no":"301","area_m2":874.29,"warehouse_pct":45.79}],"geometry_method":"cad_partition_lines","cad_layer_support":"3","verification_status":"cad_supported","confidence":"high","source_note":"Ajlan report unit areas + official block/parcels GeoJSON + AutoCAD warehouse partition lines"},"geometry":{"type":"Polygon","coordinates":[[[46.819855629000074,24.560821603000075],[46.819696613000076,24.561102487000028],[46.819577474000035,24.56131293000004],[46.81957180100005,24.561322952000072],[46.81961124800006,24.561341628000037],[46.81959990200005,24.56136167100004],[46.819619626000076,24.561371008000037],[46.81981913178379,24.561465468273727],[46.82011467074214,24.560944198768848],[46.819855629000074,24.560821603000075]]]}},{"type":"Feature","properties":{"warehouse_code":"T/28/1/2","ajlan_block_code":"T/28","block_no":28,"sequence":2,"land_area_m2":1250.8,"built_area_report_m2":1534.0,"generated_polygon_area_m2":1534.45,"side_height_m":12,"mid_height_m":14,"parcel_numbers":["309","302","310","301"],"primary_parcels":["309","302","310"],"parcel_overlap":[{"parcel_no":"309","area_m2":670.35,"warehouse_pct":43.69},{"parcel_no":"302","area_m2":573.28,"warehouse_pct":37.36},{"parcel_no":"310","area_m2":156.37,"warehouse_pct":10.19},{"parcel_no":"301","area_m2":134.45,"warehouse_pct":8.76}],"geometry_method":"cad_partition_lines","cad_layer_support":"3","verification_status":"cad_supported","confidence":"high","source_note":"Ajlan report unit areas + official block/parcels GeoJSON + AutoCAD warehouse partition lines"},"geometry":{"type":"Polygon","coordinates":[[[46.82011467074214,24.560944198768848],[46.81981913178379,24.561465468273727],[46.81985849800003,24.561484107000066],[46.82002593210459,24.56156338011002],[46.82032148889124,24.56104207759279],[46.82015369800007,24.560962669000045],[46.82011467074214,24.560944198768848]]]}},{"type":"Feature","properties":{"warehouse_code":"T/28/1/3","ajlan_block_code":"T/28","block_no":28,"sequence":3,"land_area_m2":1250.8,"built_area_report_m2":1534.0,"generated_polygon_area_m2":1534.55,"side_height_m":12,"mid_height_m":14,"parcel_numbers":["308","303","309","302"],"primary_parcels":["308","303","309","302"],"parcel_overlap":[{"parcel_no":"308","area_m2":445.82,"warehouse_pct":29.05},{"parcel_no":"303","area_m2":381.02,"warehouse_pct":24.83},{"parcel_no":"309","area_m2":380.99,"warehouse_pct":24.83},{"parcel_no":"302","area_m2":326.72,"warehouse_pct":21.29}],"geometry_method":"cad_partition_lines","cad_layer_support":"3","verification_status":"cad_supported","confidence":"high","source_note":"Ajlan report unit areas + official block/parcels GeoJSON + AutoCAD warehouse partition lines"},"geometry":{"type":"Polygon","coordinates":[[[46.82012147800003,24.561608617000044],[46.82023273267934,24.561661291735835],[46.8205283070991,24.56113995655026],[46.82041670000007,24.561087137000072],[46.82032148889124,24.56104207759279],[46.82002593210459,24.56156338011002],[46.82012147800003,24.561608617000044]]]}},{"type":"Feature","properties":{"warehouse_code":"T/28/1/4","ajlan_block_code":"T/28","block_no":28,"sequence":4,"land_area_m2":1250.8,"built_area_report_m2":1534.0,"generated_polygon_area_m2":1534.64,"side_height_m":12,"mid_height_m":14,"parcel_numbers":["308","303","307","304"],"primary_parcels":["308","303","307","304"],"parcel_overlap":[{"parcel_no":"308","area_m2":605.67,"warehouse_pct":39.47},{"parcel_no":"303","area_m2":518.98,"warehouse_pct":33.82},{"parcel_no":"307","area_m2":221.23,"warehouse_pct":14.42},{"parcel_no":"304","area_m2":188.75,"warehouse_pct":12.3}],"geometry_method":"cad_partition_lines","cad_layer_support":"3","verification_status":"cad_supported","confidence":"high","source_note":"Ajlan report unit areas + official block/parcels GeoJSON + AutoCAD warehouse partition lines"},"geometry":{"type":"Polygon","coordinates":[[[46.82038445900008,24.56173312800007],[46.82043953343253,24.561759203284602],[46.820735125449495,24.561237835493856],[46.820679702000064,24.56121160600003],[46.8205283070991,24.56113995655026],[46.82023273267934,24.561661291735835],[46.82038445900008,24.56173312800007]]]}},{"type":"Feature","properties":{"warehouse_code":"T/28/1/5","ajlan_block_code":"T/28","block_no":28,"sequence":5,"land_area_m2":1250.8,"built_area_report_m2":1534.0,"generated_polygon_area_m2":1534.74,"side_height_m":12,"mid_height_m":14,"parcel_numbers":["307","304"],"primary_parcels":["307","304"],"parcel_overlap":[{"parcel_no":"307","area_m2":827.0,"warehouse_pct":53.89},{"parcel_no":"304","area_m2":707.74,"warehouse_pct":46.11}],"geometry_method":"cad_partition_lines","cad_layer_support":"3","verification_status":"cad_supported","confidence":"high","source_note":"Ajlan report unit areas + official block/parcels GeoJSON + AutoCAD warehouse partition lines"},"geometry":{"type":"Polygon","coordinates":[[[46.82064633469922,24.561857114165665],[46.820941944420916,24.561335713579844],[46.820735125449495,24.561237835493856],[46.82043953343253,24.561759203284602],[46.82064633469922,24.561857114165665]]]}},{"type":"Feature","properties":{"warehouse_code":"T/28/1/6","ajlan_block_code":"T/28","block_no":28,"sequence":6,"land_area_m2":1272.0,"built_area_report_m2":1885.4,"generated_polygon_area_m2":1958.72,"side_height_m":12,"mid_height_m":14,"parcel_numbers":["306","305","304","307"],"primary_parcels":["306","305"],"parcel_overlap":[{"parcel_no":"306","area_m2":1051.8,"warehouse_pct":53.7},{"parcel_no":"305","area_m2":900.0,"warehouse_pct":45.95},{"parcel_no":"304","area_m2":3.51,"warehouse_pct":0.18},{"parcel_no":"307","area_m2":3.41,"warehouse_pct":0.17}],"geometry_method":"cad_partition_lines","cad_layer_support":"3","verification_status":"cad_supported","confidence":"high","source_note":"Ajlan report unit areas + official block/parcels GeoJSON + AutoCAD warehouse partition lines"},"geometry":{"type":"Polygon","coordinates":[[[46.82064743900003,24.56185763700006],[46.820910420000075,24.561982146000044],[46.82104657600007,24.561741637000072],[46.821205709000026,24.561460541000027],[46.82094270600004,24.561336074000053],[46.820941944420916,24.561335713579844],[46.82064633469922,24.561857114165665],[46.82064743900003,24.56185763700006]]]}},{"type":"Feature","properties":{"warehouse_code":"T/29/1/1","ajlan_block_code":"T/29","block_no":29,"sequence":1,"land_area_m2":1060.0,"built_area_report_m2":1690.0,"generated_polygon_area_m2":1689.2,"side_height_m":12,"mid_height_m":14,"parcel_numbers":["327","326"],"primary_parcels":["327","326"],"parcel_overlap":[{"parcel_no":"327","area_m2":909.95,"warehouse_pct":53.87},{"parcel_no":"326","area_m2":779.25,"warehouse_pct":46.13}],"geometry_method":"area_slice_inference","cad_layer_support":"","verification_status":"needs_visual_verification","confidence":"medium","source_note":"Ajlan report unit areas + official block/parcels GeoJSON"},"geometry":{"type":"Polygon","coordinates":[[[46.82125809100006,24.561485821000076],[46.82109924300005,24.561766415000015],[46.82096308600006,24.56200692400006],[46.82119069589441,24.56211467305498],[46.8214861126335,24.56159376492444],[46.82125809100006,24.561485821000076]]]}},{"type":"Feature","properties":{"warehouse_code":"T/29/1/2","ajlan_block_code":"T/29","block_no":29,"sequence":2,"land_area_m2":1060.0,"built_area_report_m2":1300.0,"generated_polygon_area_m2":1299.39,"side_height_m":12,"mid_height_m":14,"parcel_numbers":["328","325","327","326"],"primary_parcels":["328","325","327","326"],"parcel_overlap":[{"parcel_no":"328","area_m2":524.62,"warehouse_pct":40.37},{"parcel_no":"325","area_m2":448.97,"warehouse_pct":34.55},{"parcel_no":"327","area_m2":175.05,"warehouse_pct":13.47},{"parcel_no":"326","area_m2":150.75,"warehouse_pct":11.6}],"geometry_method":"area_slice_inference","cad_layer_support":"","verification_status":"needs_visual_verification","confidence":"medium","source_note":"Ajlan report unit areas + official block/parcels GeoJSON"},"geometry":{"type":"Polygon","coordinates":[[[46.821529844000054,24.561614467000023],[46.8214861126335,24.56159376492444],[46.82119069589441,24.56211467305498],[46.821234841000035,24.562135571000056],[46.82136593921075,24.5621976316309],[46.82166135536108,24.561676723211978],[46.821529844000054,24.561614467000023]]]}},{"type":"Feature","properties":{"warehouse_code":"T/29/1/3","ajlan_block_code":"T/29","block_no":29,"sequence":3,"land_area_m2":1060.0,"built_area_report_m2":1300.0,"generated_polygon_area_m2":1299.39,"side_height_m":12,"mid_height_m":14,"parcel_numbers":["328","325","329","324"],"primary_parcels":["328","325","329"],"parcel_overlap":[{"parcel_no":"328","area_m2":560.38,"warehouse_pct":43.13},{"parcel_no":"325","area_m2":481.03,"warehouse_pct":37.02},{"parcel_no":"329","area_m2":139.29,"warehouse_pct":10.72},{"parcel_no":"324","area_m2":118.69,"warehouse_pct":9.13}],"geometry_method":"area_slice_inference","cad_layer_support":"","verification_status":"needs_visual_verification","confidence":"medium","source_note":"Ajlan report unit areas + official block/parcels GeoJSON"},"geometry":{"type":"Polygon","coordinates":[[[46.821801599000025,24.56174311300003],[46.82166135536108,24.561676723211978],[46.82136593921075,24.5621976316309],[46.82150659600006,24.562264217000063],[46.82154118269314,24.562280590092154],[46.821836598337725,24.561759681238428],[46.821801599000025,24.56174311300003]]]}},{"type":"Feature","properties":{"warehouse_code":"T/29/1/4","ajlan_block_code":"T/29","block_no":29,"sequence":4,"land_area_m2":1060.0,"built_area_report_m2":1300.0,"generated_polygon_area_m2":1299.39,"side_height_m":12,"mid_height_m":14,"parcel_numbers":["329","324"],"primary_parcels":["329","324"],"parcel_overlap":[{"parcel_no":"329","area_m2":699.67,"warehouse_pct":53.85},{"parcel_no":"324","area_m2":599.72,"warehouse_pct":46.15}],"geometry_method":"area_slice_inference","cad_layer_support":"","verification_status":"needs_visual_verification","confidence":"medium","source_note":"Ajlan report unit areas + official block/parcels GeoJSON"},"geometry":{"type":"Polygon","coordinates":[[[46.821836598337725,24.561759681238428],[46.82154118269314,24.562280590092154],[46.82171642592636,24.562363548786934],[46.82201184141831,24.561842638875763],[46.821836598337725,24.561759681238428]]]}},{"type":"Feature","properties":{"warehouse_code":"T/29/1/5","ajlan_block_code":"T/29","block_no":29,"sequence":5,"land_area_m2":1060.0,"built_area_report_m2":1300.0,"generated_polygon_area_m2":1299.39,"side_height_m":12,"mid_height_m":14,"parcel_numbers":["330","323","329","324"],"primary_parcels":["330","323","329","324"],"parcel_overlap":[{"parcel_no":"330","area_m2":453.63,"warehouse_pct":34.91},{"parcel_no":"323","area_m2":388.12,"warehouse_pct":29.87},{"parcel_no":"329","area_m2":246.04,"warehouse_pct":18.93},{"parcel_no":"324","area_m2":211.6,"warehouse_pct":16.28}],"geometry_method":"area_slice_inference","cad_layer_support":"","verification_status":"needs_visual_verification","confidence":"medium","source_note":"Ajlan report unit areas + official block/parcels GeoJSON"},"geometry":{"type":"Polygon","coordinates":[[[46.822073354000054,24.561871758000045],[46.82201184141831,24.561842638875763],[46.82171642592636,24.562363548786934],[46.82177835200008,24.56239286400006],[46.821891669427686,24.562446506775576],[46.82218708439361,24.561925596465336],[46.822073354000054,24.561871758000045]]]}},{"type":"Feature","properties":{"warehouse_code":"T/29/1/6","ajlan_block_code":"T/29","block_no":29,"sequence":6,"land_area_m2":1060.0,"built_area_report_m2":1430.0,"generated_polygon_area_m2":1429.33,"side_height_m":12,"mid_height_m":14,"parcel_numbers":["330","323","331","322"],"primary_parcels":["330","323"],"parcel_overlap":[{"parcel_no":"330","area_m2":631.37,"warehouse_pct":44.17},{"parcel_no":"323","area_m2":541.88,"warehouse_pct":37.91},{"parcel_no":"331","area_m2":138.27,"warehouse_pct":9.67},{"parcel_no":"322","area_m2":117.81,"warehouse_pct":8.24}],"geometry_method":"area_slice_inference","cad_layer_support":"","verification_status":"needs_visual_verification","confidence":"medium","source_note":"Ajlan report unit areas + official block/parcels GeoJSON"},"geometry":{"type":"Polygon","coordinates":[[[46.822345109000025,24.562000403000074],[46.82218708439361,24.561925596465336],[46.821891669427686,24.562446506775576],[46.82205010800004,24.562521509000074],[46.822084437759145,24.562537760089253],[46.8223798519531,24.562016849680944],[46.822345109000025,24.562000403000074]]]}},{"type":"Feature","properties":{"warehouse_code":"T/29/2/1","ajlan_block_code":"T/29","block_no":29,"sequence":7,"land_area_m2":1060.0,"built_area_report_m2":1430.0,"generated_polygon_area_m2":1429.33,"side_height_m":12,"mid_height_m":14,"parcel_numbers":["331","322"],"primary_parcels":["331","322"],"parcel_overlap":[{"parcel_no":"331","area_m2":769.63,"warehouse_pct":53.85},{"parcel_no":"322","area_m2":659.69,"warehouse_pct":46.15}],"geometry_method":"area_slice_inference","cad_layer_support":"","verification_status":"needs_visual_verification","confidence":"medium","source_note":"Ajlan report unit areas + official block/parcels GeoJSON"},"geometry":{"type":"Polygon","coordinates":[[[46.8223798519531,24.562016849680944],[46.822084437759145,24.562537760089253],[46.82227720643813,24.562629013077363],[46.82257261999691,24.562108102329766],[46.8223798519531,24.562016849680944]]]}},{"type":"Feature","properties":{"warehouse_code":"T/29/2/2","ajlan_block_code":"T/29","block_no":29,"sequence":8,"land_area_m2":1060.0,"built_area_report_m2":1300.0,"generated_polygon_area_m2":1299.39,"side_height_m":12,"mid_height_m":14,"parcel_numbers":["332","321","331","322"],"primary_parcels":["332","321","331","322"],"parcel_overlap":[{"parcel_no":"332","area_m2":522.57,"warehouse_pct":40.22},{"parcel_no":"321","area_m2":447.21,"warehouse_pct":34.42},{"parcel_no":"331","area_m2":177.09,"warehouse_pct":13.63},{"parcel_no":"322","area_m2":152.5,"warehouse_pct":11.74}],"geometry_method":"area_slice_inference","cad_layer_support":"","verification_status":"needs_visual_verification","confidence":"medium","source_note":"Ajlan report unit areas + official block/parcels GeoJSON"},"geometry":{"type":"Polygon","coordinates":[[[46.82261686500004,24.56212904700004],[46.82257261999691,24.562108102329766],[46.82227720643813,24.562629013077363],[46.82232186600004,24.56265015400004],[46.822452450747804,24.562711970374313],[46.8227478638192,24.56219105915948],[46.82261686500004,24.56212904700004]]]}},{"type":"Feature","properties":{"warehouse_code":"T/29/2/3","ajlan_block_code":"T/29","block_no":29,"sequence":9,"land_area_m2":1060.0,"built_area_report_m2":1300.0,"generated_polygon_area_m2":1299.39,"side_height_m":12,"mid_height_m":14,"parcel_numbers":["332","321","333","320"],"primary_parcels":["332","321","333"],"parcel_overlap":[{"parcel_no":"332","area_m2":562.43,"warehouse_pct":43.28},{"parcel_no":"321","area_m2":482.79,"warehouse_pct":37.16},{"parcel_no":"333","area_m2":137.24,"warehouse_pct":10.56},{"parcel_no":"320","area_m2":116.93,"warehouse_pct":9.0}],"geometry_method":"area_slice_inference","cad_layer_support":"","verification_status":"needs_visual_verification","confidence":"medium","source_note":"Ajlan report unit areas + official block/parcels GeoJSON"},"geometry":{"type":"Polygon","coordinates":[[[46.82288862200005,24.56225769100007],[46.8227478638192,24.56219105915948],[46.822452450747804,24.562711970374313],[46.822593622000056,24.562778798000068],[46.822627695227055,24.56279492740085],[46.82292310773247,24.56227401585735],[46.82288862200005,24.56225769100007]]]}},{"type":"Feature","properties":{"warehouse_code":"T/29/2/4","ajlan_block_code":"T/29","block_no":29,"sequence":10,"land_area_m2":1060.0,"built_area_report_m2":1300.0,"generated_polygon_area_m2":1299.39,"side_height_m":12,"mid_height_m":14,"parcel_numbers":["333","320"],"primary_parcels":["333","320"],"parcel_overlap":[{"parcel_no":"333","area_m2":699.67,"warehouse_pct":53.85},{"parcel_no":"320","area_m2":599.72,"warehouse_pct":46.15}],"geometry_method":"area_slice_inference","cad_layer_support":"","verification_status":"needs_visual_verification","confidence":"medium","source_note":"Ajlan report unit areas + official block/parcels GeoJSON"},"geometry":{"type":"Polygon","coordinates":[[[46.82292310773247,24.56227401585735],[46.822627695227055,24.56279492740085],[46.82280294035172,24.56287788380201],[46.82309835183956,24.562356972726153],[46.82292310773247,24.56227401585735]]]}},{"type":"Feature","properties":{"warehouse_code":"T/29/2/5","ajlan_block_code":"T/29","block_no":29,"sequence":11,"land_area_m2":1060.0,"built_area_report_m2":1300.0,"generated_polygon_area_m2":1299.39,"side_height_m":12,"mid_height_m":14,"parcel_numbers":["334","319","333","320"],"primary_parcels":["334","319","333","320"],"parcel_overlap":[{"parcel_no":"334","area_m2":451.58,"warehouse_pct":34.75},{"parcel_no":"319","area_m2":386.36,"warehouse_pct":29.73},{"parcel_no":"333","area_m2":248.09,"warehouse_pct":19.09},{"parcel_no":"320","area_m2":213.35,"warehouse_pct":16.42}],"geometry_method":"area_slice_inference","cad_layer_support":"","verification_status":"needs_visual_verification","confidence":"medium","source_note":"Ajlan report unit areas + official block/parcels GeoJSON"},"geometry":{"type":"Polygon","coordinates":[[[46.82316037900006,24.56238633500004],[46.82309835183956,24.562356972726153],[46.82280294035172,24.56287788380201],[46.82286538000005,24.562907441000043],[46.82297818574766,24.562960840331],[46.823273596562814,24.562439929114596],[46.82316037900006,24.56238633500004]]]}},{"type":"Feature","properties":{"warehouse_code":"T/29/2/6","ajlan_block_code":"T/29","block_no":29,"sequence":12,"land_area_m2":1060.0,"built_area_report_m2":1430.0,"generated_polygon_area_m2":1429.33,"side_height_m":12,"mid_height_m":14,"parcel_numbers":["334","319","335","318"],"primary_parcels":["334","319"],"parcel_overlap":[{"parcel_no":"334","area_m2":627.79,"warehouse_pct":43.92},{"parcel_no":"319","area_m2":543.64,"warehouse_pct":38.03},{"parcel_no":"335","area_m2":136.65,"warehouse_pct":9.56},{"parcel_no":"318","area_m2":121.25,"warehouse_pct":8.48}],"geometry_method":"area_slice_inference","cad_layer_support":"","verification_status":"needs_visual_verification","confidence":"medium","source_note":"Ajlan report unit areas + official block/parcels GeoJSON"},"geometry":{"type":"Polygon","coordinates":[[[46.82346172200005,24.56252898300005],[46.823451860000034,24.562524314000026],[46.823440514000026,24.562544357000036],[46.82342079000006,24.56253502000004],[46.82340106500004,24.56252568300004],[46.82341241100005,24.56250564000004],[46.823402550000026,24.562500972000063],[46.823273596562814,24.562439929114596],[46.82297818574766,24.562960840331],[46.82313713800005,24.563036084000036],[46.82317247312713,24.563052810628967],[46.823467883083815,24.562531899455486],[46.82346172200005,24.56252898300005]]]}},{"type":"Feature","properties":{"warehouse_code":"T/29/3/1","ajlan_block_code":"T/29","block_no":29,"sequence":13,"land_area_m2":1060.0,"built_area_report_m2":1430.0,"generated_polygon_area_m2":1429.33,"side_height_m":12,"mid_height_m":14,"parcel_numbers":["335","318"],"primary_parcels":["335","318"],"parcel_overlap":[{"parcel_no":"335","area_m2":769.64,"warehouse_pct":53.85},{"parcel_no":"318","area_m2":659.69,"warehouse_pct":46.15}],"geometry_method":"area_slice_inference","cad_layer_support":"","verification_status":"needs_visual_verification","confidence":"medium","source_note":"Ajlan report unit areas + official block/parcels GeoJSON"},"geometry":{"type":"Polygon","coordinates":[[[46.823467883083815,24.562531899455486],[46.82317247312713,24.563052810628967],[46.82336524358715,24.563144062367954],[46.82366065320998,24.56262315032376],[46.823467883083815,24.562531899455486]]]}},{"type":"Feature","properties":{"warehouse_code":"T/29/3/2","ajlan_block_code":"T/29","block_no":29,"sequence":14,"land_area_m2":1060.0,"built_area_report_m2":1300.0,"generated_polygon_area_m2":1299.39,"side_height_m":12,"mid_height_m":14,"parcel_numbers":["336","317","335","318"],"primary_parcels":["336","317","335","318"],"parcel_overlap":[{"parcel_no":"336","area_m2":526.59,"warehouse_pct":40.53},{"parcel_no":"317","area_m2":450.65,"warehouse_pct":34.68},{"parcel_no":"335","area_m2":173.08,"warehouse_pct":13.32},{"parcel_no":"318","area_m2":149.06,"warehouse_pct":11.47}],"geometry_method":"area_slice_inference","cad_layer_support":"","verification_status":"needs_visual_verification","confidence":"medium","source_note":"Ajlan report unit areas + official block/parcels GeoJSON"},"geometry":{"type":"Polygon","coordinates":[[[46.82366065320998,24.56262315032376],[46.82336524358715,24.563144062367954],[46.823408898000025,24.56316472700007],[46.82354048951523,24.563227018302378],[46.82383589861642,24.562706105851245],[46.82370389400006,24.56264361900003],[46.82366065320998,24.56262315032376]]]}},{"type":"Feature","properties":{"warehouse_code":"T/29/3/3","ajlan_block_code":"T/29","block_no":29,"sequence":15,"land_area_m2":1060.0,"built_area_report_m2":1300.0,"generated_polygon_area_m2":1299.39,"side_height_m":12,"mid_height_m":14,"parcel_numbers":["336","317","337","316"],"primary_parcels":["336","317","337"],"parcel_overlap":[{"parcel_no":"336","area_m2":558.41,"warehouse_pct":42.98},{"parcel_no":"317","area_m2":479.35,"warehouse_pct":36.89},{"parcel_no":"337","area_m2":141.25,"warehouse_pct":10.87},{"parcel_no":"316","area_m2":120.37,"warehouse_pct":9.26}],"geometry_method":"area_slice_inference","cad_layer_support":"","verification_status":"needs_visual_verification","confidence":"medium","source_note":"Ajlan report unit areas + official block/parcels GeoJSON"},"geometry":{"type":"Polygon","coordinates":[[[46.82368065700007,24.563293369000064],[46.82371573565545,24.56330997404035],[46.8240111441705,24.56278906129602],[46.82397565300005,24.562772261000077],[46.82383589861642,24.562706105851245],[46.82354048951523,24.563227018302378],[46.82368065700007,24.563293369000064]]]}},{"type":"Feature","properties":{"warehouse_code":"T/29/3/4","ajlan_block_code":"T/29","block_no":29,"sequence":16,"land_area_m2":1060.0,"built_area_report_m2":1300.0,"generated_polygon_area_m2":1299.39,"side_height_m":12,"mid_height_m":14,"parcel_numbers":["337","316"],"primary_parcels":["337","316"],"parcel_overlap":[{"parcel_no":"337","area_m2":699.67,"warehouse_pct":53.85},{"parcel_no":"316","area_m2":599.72,"warehouse_pct":46.15}],"geometry_method":"area_slice_inference","cad_layer_support":"","verification_status":"needs_visual_verification","confidence":"medium","source_note":"Ajlan report unit areas + official block/parcels GeoJSON"},"geometry":{"type":"Polygon","coordinates":[[[46.82389098203711,24.56339292951297],[46.824186389992086,24.56287201642948],[46.8240111441705,24.56278906129602],[46.82371573565545,24.56330997404035],[46.82389098203711,24.56339292951297]]]}},{"type":"Feature","properties":{"warehouse_code":"T/29/3/5","ajlan_block_code":"T/29","block_no":29,"sequence":17,"land_area_m2":1390.32,"built_area_report_m2":2145.61,"generated_polygon_area_m2":2144.6,"side_height_m":12,"mid_height_m":14,"parcel_numbers":["338","316","337"],"primary_parcels":["338","316","337"],"parcel_overlap":[{"parcel_no":"338","area_m2":1179.9,"warehouse_pct":55.02},{"parcel_no":"316","area_m2":720.62,"warehouse_pct":33.6},{"parcel_no":"337","area_m2":244.07,"warehouse_pct":11.38}],"geometry_method":"area_slice_inference","cad_layer_support":"","verification_status":"needs_visual_verification","confidence":"medium","source_note":"Ajlan report unit areas + official block/parcels GeoJSON"},"geometry":{"type":"Polygon","coordinates":[[[46.82403285300006,24.563460086000077],[46.82430660600005,24.563284709000065],[46.82458556000006,24.563106001000044],[46.82458215200006,24.563059355000064],[46.824247412000034,24.56290090200002],[46.824186389992086,24.56287201642948],[46.82389098203711,24.56339292951297],[46.82403285300006,24.563460086000077]]]}},{"type":"Feature","properties":{"warehouse_code":"T/30/1/1","ajlan_block_code":"T/30","block_no":30,"sequence":1,"land_area_m2":1107.7,"built_area_report_m2":1885.4,"generated_polygon_area_m2":1915.39,"side_height_m":9,"mid_height_m":11,"parcel_numbers":["339","371","340"],"primary_parcels":["339","371","340"],"parcel_overlap":[{"parcel_no":"339","area_m2":981.13,"warehouse_pct":51.22},{"parcel_no":"371","area_m2":624.08,"warehouse_pct":32.58},{"parcel_no":"340","area_m2":310.18,"warehouse_pct":16.19}],"geometry_method":"cad_partition_lines","cad_layer_support":"3","verification_status":"cad_supported","confidence":"high","source_note":"Ajlan report unit areas + official block/parcels GeoJSON + AutoCAD warehouse partition lines"},"geometry":{"type":"Polygon","coordinates":[[[46.82207885300005,24.564987415000076],[46.82183949400007,24.565140750000065],[46.82184528500005,24.56522004800007],[46.82211707600004,24.565348707000055],[46.82241391000008,24.56548921900003],[46.82251864155193,24.565422127262963],[46.822150497375596,24.564941519044744],[46.82207885300005,24.564987415000076]]]}},{"type":"Feature","properties":{"warehouse_code":"T/30/1/2","ajlan_block_code":"T/30","block_no":30,"sequence":2,"land_area_m2":1188.0,"built_area_report_m2":1457.27,"generated_polygon_area_m2":1463.55,"side_height_m":9,"mid_height_m":11,"parcel_numbers":["340","371","341","370"],"primary_parcels":["340","371"],"parcel_overlap":[{"parcel_no":"340","area_m2":739.81,"warehouse_pct":50.55},{"parcel_no":"371","area_m2":634.07,"warehouse_pct":43.32},{"parcel_no":"341","area_m2":48.25,"warehouse_pct":3.3},{"parcel_no":"370","area_m2":41.42,"warehouse_pct":2.83}],"geometry_method":"cad_partition_lines","cad_layer_support":"3","verification_status":"cad_supported","confidence":"high","source_note":"Ajlan report unit areas + official block/parcels GeoJSON + AutoCAD warehouse partition lines"},"geometry":{"type":"Polygon","coordinates":[[[46.822321405000025,24.56483203400006],[46.822150497375596,24.564941519044744],[46.82251864155193,24.565422127262963],[46.82268951700007,24.56531266300004],[46.822700686432235,24.56530550768541],[46.8223325417611,24.564824899660955],[46.822321405000025,24.56483203400006]]]}},{"type":"Feature","properties":{"warehouse_code":"T/30/1/3","ajlan_block_code":"T/30","block_no":30,"sequence":3,"land_area_m2":1166.0,"built_area_report_m2":1456.54,"generated_polygon_area_m2":1429.77,"side_height_m":9,"mid_height_m":11,"parcel_numbers":["341","370"],"primary_parcels":["341","370"],"parcel_overlap":[{"parcel_no":"341","area_m2":769.87,"warehouse_pct":53.85},{"parcel_no":"370","area_m2":659.89,"warehouse_pct":46.15}],"geometry_method":"cad_partition_lines","cad_layer_support":"3","verification_status":"cad_supported","confidence":"high","source_note":"Ajlan report unit areas + official block/parcels GeoJSON + AutoCAD warehouse partition lines"},"geometry":{"type":"Polygon","coordinates":[[[46.8223325417611,24.564824899660955],[46.822700686432235,24.56530550768541],[46.82287852861518,24.565191578959837],[46.82251038389933,24.56471097169734],[46.8223325417611,24.564824899660955]]]}},{"type":"Feature","properties":{"warehouse_code":"T/30/1/4","ajlan_block_code":"T/30","block_no":30,"sequence":4,"land_area_m2":1188.0,"built_area_report_m2":1585.9,"generated_polygon_area_m2":1559.34,"side_height_m":9,"mid_height_m":11,"parcel_numbers":["342","369","341","370"],"primary_parcels":["342","369","341","370"],"parcel_overlap":[{"parcel_no":"342","area_m2":607.77,"warehouse_pct":38.98},{"parcel_no":"369","area_m2":521.0,"warehouse_pct":33.41},{"parcel_no":"341","area_m2":231.88,"warehouse_pct":14.87},{"parcel_no":"370","area_m2":198.69,"warehouse_pct":12.74}],"geometry_method":"cad_partition_lines","cad_layer_support":"3","verification_status":"cad_supported","confidence":"high","source_note":"Ajlan report unit areas + official block/parcels GeoJSON + AutoCAD warehouse partition lines"},"geometry":{"type":"Polygon","coordinates":[[[46.82256395700006,24.56467665200006],[46.82251038389933,24.56471097169734],[46.82287852861518,24.565191578959837],[46.822932069000046,24.565157280000047],[46.823072487728936,24.565067325428917],[46.822704342773726,24.564586718748593],[46.82256395700006,24.56467665200006]]]}},{"type":"Feature","properties":{"warehouse_code":"T/30/2/1","ajlan_block_code":"T/30","block_no":30,"sequence":5,"land_area_m2":1166.0,"built_area_report_m2":1585.43,"generated_polygon_area_m2":1559.25,"side_height_m":9,"mid_height_m":11,"parcel_numbers":["342","343","369","368"],"primary_parcels":["342","343","369","368"],"parcel_overlap":[{"parcel_no":"342","area_m2":442.23,"warehouse_pct":28.36},{"parcel_no":"343","area_m2":397.36,"warehouse_pct":25.48},{"parcel_no":"369","area_m2":379.0,"warehouse_pct":24.31},{"parcel_no":"368","area_m2":340.66,"warehouse_pct":21.85}],"geometry_method":"cad_partition_lines","cad_layer_support":"3","verification_status":"cad_supported","confidence":"high","source_note":"Ajlan report unit areas + official block/parcels GeoJSON + AutoCAD warehouse partition lines"},"geometry":{"type":"Polygon","coordinates":[[[46.82280650800004,24.564521270000053],[46.822704342773726,24.564586718748593],[46.823072487728936,24.565067325428917],[46.82317462100008,24.56500189700006],[46.82326643645934,24.564943080806113],[46.8228982898926,24.564462472916556],[46.82280650800004,24.564521270000053]]]}},{"type":"Feature","properties":{"warehouse_code":"T/30/2/2","ajlan_block_code":"T/30","block_no":30,"sequence":6,"land_area_m2":1166.0,"built_area_report_m2":1452.1,"generated_polygon_area_m2":1418.46,"side_height_m":9,"mid_height_m":11,"parcel_numbers":["343","368","344","367"],"primary_parcels":["343","368"],"parcel_overlap":[{"parcel_no":"343","area_m2":652.64,"warehouse_pct":46.01},{"parcel_no":"368","area_m2":553.72,"warehouse_pct":39.04},{"parcel_no":"344","area_m2":117.2,"warehouse_pct":8.26},{"parcel_no":"367","area_m2":94.9,"warehouse_pct":6.69}],"geometry_method":"cad_partition_lines","cad_layer_support":"3","verification_status":"cad_supported","confidence":"high","source_note":"Ajlan report unit areas + official block/parcels GeoJSON + AutoCAD warehouse partition lines"},"geometry":{"type":"Polygon","coordinates":[[[46.823421205000045,24.56481637700006],[46.823435363000044,24.564834862000055],[46.82344426925672,24.56482915655177],[46.82307612290356,24.5643485497613],[46.82304905800004,24.564365888000058],[46.8228982898926,24.564462472916556],[46.82326643645934,24.564943080806113],[46.823389889000055,24.56486399800007],[46.823398981000025,24.564858172000072],[46.82338482500006,24.564839688000056],[46.823403014000064,24.56482803200003],[46.823421205000045,24.56481637700006]]]}},{"type":"Feature","properties":{"warehouse_code":"T/30/2/3","ajlan_block_code":"T/30","block_no":30,"sequence":7,"land_area_m2":1166.0,"built_area_report_m2":1450.87,"generated_polygon_area_m2":1429.84,"side_height_m":9,"mid_height_m":11,"parcel_numbers":["344","367"],"primary_parcels":["344","367"],"parcel_overlap":[{"parcel_no":"344","area_m2":769.92,"warehouse_pct":53.85},{"parcel_no":"367","area_m2":659.93,"warehouse_pct":46.15}],"geometry_method":"cad_partition_lines","cad_layer_support":"3","verification_status":"cad_supported","confidence":"high","source_note":"Ajlan report unit areas + official block/parcels GeoJSON + AutoCAD warehouse partition lines"},"geometry":{"type":"Polygon","coordinates":[[[46.82344445900003,24.56482903500006],[46.82362211919088,24.56471522083819],[46.82325397333093,24.5642346155119],[46.82307612290356,24.5643485497613],[46.82344426925672,24.56482915655177],[46.82344445900003,24.56482903500006]]]}},{"type":"Feature","properties":{"warehouse_code":"T/30/2/4","ajlan_block_code":"T/30","block_no":30,"sequence":8,"land_area_m2":1166.0,"built_area_report_m2":1449.83,"generated_polygon_area_m2":1429.56,"side_height_m":9,"mid_height_m":11,"parcel_numbers":["345","366","344","367"],"primary_parcels":["345","366","344"],"parcel_overlap":[{"parcel_no":"345","area_m2":606.88,"warehouse_pct":42.45},{"parcel_no":"366","area_m2":520.24,"warehouse_pct":36.39},{"parcel_no":"344","area_m2":162.88,"warehouse_pct":11.39},{"parcel_no":"367","area_m2":139.55,"warehouse_pct":9.76}],"geometry_method":"cad_partition_lines","cad_layer_support":"3","verification_status":"cad_supported","confidence":"high","source_note":"Ajlan report unit areas + official block/parcels GeoJSON + AutoCAD warehouse partition lines"},"geometry":{"type":"Polygon","coordinates":[[[46.82365972100007,24.564691132000064],[46.82379993413454,24.56460130781754],[46.8234317878937,24.564120702814137],[46.823291608000034,24.56421050600005],[46.82325397333093,24.5642346155119],[46.82362211919088,24.56471522083819],[46.82365972100007,24.564691132000064]]]}},{"type":"Feature","properties":{"warehouse_code":"T/30/2/5","ajlan_block_code":"T/30","block_no":30,"sequence":9,"land_area_m2":1166.0,"built_area_report_m2":1448.39,"generated_polygon_area_m2":1418.43,"side_height_m":9,"mid_height_m":11,"parcel_numbers":["345","366","346","365"],"primary_parcels":["345","366","346","365"],"parcel_overlap":[{"parcel_no":"345","area_m2":437.5,"warehouse_pct":30.84},{"parcel_no":"366","area_m2":379.76,"warehouse_pct":26.77},{"parcel_no":"346","area_m2":321.08,"warehouse_pct":22.64},{"parcel_no":"365","area_m2":280.09,"warehouse_pct":19.75}],"geometry_method":"cad_partition_lines","cad_layer_support":"3","verification_status":"cad_supported","confidence":"high","source_note":"Ajlan report unit areas + official block/parcels GeoJSON + AutoCAD warehouse partition lines"},"geometry":{"type":"Polygon","coordinates":[[[46.823902271000065,24.564535748000026],[46.823977763664615,24.564487385266485],[46.82360961745109,24.564006781118927],[46.823561443000074,24.564037643000056],[46.823552349000074,24.564043469000065],[46.823566507000066,24.564061955000057],[46.82354831600003,24.564073608000058],[46.82353012400006,24.56408526100006],[46.82351596600006,24.56406677600006],[46.823506870000074,24.564072603000053],[46.8234317878937,24.564120702814137],[46.82379993413454,24.56460130781754],[46.823902271000065,24.564535748000026]]]}},{"type":"Feature","properties":{"warehouse_code":"T/30/2/6","ajlan_block_code":"T/30","block_no":30,"sequence":10,"land_area_m2":1168.0,"built_area_report_m2":1578.56,"generated_polygon_area_m2":1559.65,"side_height_m":9,"mid_height_m":11,"parcel_numbers":["346","365","347","364"],"primary_parcels":["346","365"],"parcel_overlap":[{"parcel_no":"346","area_m2":723.29,"warehouse_pct":46.38},{"parcel_no":"365","area_m2":619.9,"warehouse_pct":39.75},{"parcel_no":"347","area_m2":116.52,"warehouse_pct":7.47},{"parcel_no":"364","area_m2":99.93,"warehouse_pct":6.41}],"geometry_method":"cad_partition_lines","cad_layer_support":"3","verification_status":"cad_supported","confidence":"high","source_note":"Ajlan report unit areas + official block/parcels GeoJSON + AutoCAD warehouse partition lines"},"geometry":{"type":"Polygon","coordinates":[[[46.82414482000007,24.564380364000048],[46.82417175866938,24.56436310615362],[46.82380361210662,24.563882502444887],[46.82377670500006,24.563899740000057],[46.82360961745109,24.564006781118927],[46.823977763664615,24.564487385266485],[46.82414482000007,24.564380364000048]]]}},{"type":"Feature","properties":{"warehouse_code":"T/30/3/1","ajlan_block_code":"T/30","block_no":30,"sequence":11,"land_area_m2":1188.0,"built_area_report_m2":1578.41,"generated_polygon_area_m2":1560.03,"side_height_m":9,"mid_height_m":11,"parcel_numbers":["347","364"],"primary_parcels":["347","364"],"parcel_overlap":[{"parcel_no":"347","area_m2":840.02,"warehouse_pct":53.85},{"parcel_no":"364","area_m2":720.01,"warehouse_pct":46.15}],"geometry_method":"cad_partition_lines","cad_layer_support":"3","verification_status":"cad_supported","confidence":"high","source_note":"Ajlan report unit areas + official block/parcels GeoJSON + AutoCAD warehouse partition lines"},"geometry":{"type":"Polygon","coordinates":[[[46.82436580050128,24.56423879594836],[46.82399765374207,24.56375819287808],[46.82380361210662,24.563882502444887],[46.82417175866938,24.56436310615362],[46.82436580050128,24.56423879594836]]]}},{"type":"Feature","properties":{"warehouse_code":"T/30/3/2","ajlan_block_code":"T/30","block_no":30,"sequence":12,"land_area_m2":1188.0,"built_area_report_m2":1443.95,"generated_polygon_area_m2":1429.54,"side_height_m":9,"mid_height_m":11,"parcel_numbers":["348","363","347","364"],"primary_parcels":["348","363"],"parcel_overlap":[{"parcel_no":"348","area_m2":676.28,"warehouse_pct":47.31},{"parcel_no":"363","area_m2":579.73,"warehouse_pct":40.55},{"parcel_no":"347","area_m2":93.47,"warehouse_pct":6.54},{"parcel_no":"364","area_m2":80.06,"warehouse_pct":5.6}],"geometry_method":"cad_partition_lines","cad_layer_support":"3","verification_status":"cad_supported","confidence":"high","source_note":"Ajlan report unit areas + official block/parcels GeoJSON + AutoCAD warehouse partition lines"},"geometry":{"type":"Polygon","coordinates":[[[46.82438736800003,24.564224979000073],[46.82454361174907,24.564124884347372],[46.82417546438568,24.563644281308438],[46.82401925400006,24.563744355000036],[46.82399765374207,24.56375819287808],[46.82436580050128,24.56423879594836],[46.82438736800003,24.564224979000073]]]}},{"type":"Feature","properties":{"warehouse_code":"T/30/3/3","ajlan_block_code":"T/30","block_no":30,"sequence":13,"land_area_m2":1168.0,"built_area_report_m2":1442.62,"generated_polygon_area_m2":1429.84,"side_height_m":9,"mid_height_m":11,"parcel_numbers":["349","348","362","363"],"primary_parcels":["349","348","362","363"],"parcel_overlap":[{"parcel_no":"349","area_m2":396.2,"warehouse_pct":27.71},{"parcel_no":"348","area_m2":373.72,"warehouse_pct":26.14},{"parcel_no":"362","area_m2":339.66,"warehouse_pct":23.75},{"parcel_no":"363","area_m2":320.27,"warehouse_pct":22.4}],"geometry_method":"cad_partition_lines","cad_layer_support":"3","verification_status":"cad_supported","confidence":"high","source_note":"Ajlan report unit areas + official block/parcels GeoJSON + AutoCAD warehouse partition lines"},"geometry":{"type":"Polygon","coordinates":[[[46.82462991600005,24.56406959500003],[46.82472146028337,24.564010948275673],[46.82435331257531,24.56353034560701],[46.824261801000034,24.56358897100006],[46.82417546438568,24.563644281308438],[46.82454361174907,24.564124884347372],[46.82462991600005,24.56406959500003]]]}},{"type":"Feature","properties":{"warehouse_code":"T/30/3/4","ajlan_block_code":"T/30","block_no":30,"sequence":14,"land_area_m2":1168.0,"built_area_report_m2":1441.7,"generated_polygon_area_m2":1429.56,"side_height_m":9,"mid_height_m":11,"parcel_numbers":["349","362","350","361"],"primary_parcels":["349","362"],"parcel_overlap":[{"parcel_no":"349","area_m2":653.81,"warehouse_pct":45.73},{"parcel_no":"362","area_m2":560.34,"warehouse_pct":39.2},{"parcel_no":"350","area_m2":115.96,"warehouse_pct":8.11},{"parcel_no":"361","area_m2":99.45,"warehouse_pct":6.96}],"geometry_method":"cad_partition_lines","cad_layer_support":"3","verification_status":"cad_supported","confidence":"high","source_note":"Ajlan report unit areas + official block/parcels GeoJSON + AutoCAD warehouse partition lines"},"geometry":{"type":"Polygon","coordinates":[[[46.82487246300008,24.56391421000006],[46.82489927336143,24.563897034281364],[46.824531125515605,24.563416432252907],[46.82450434800006,24.56343358700007],[46.82435331257531,24.56353034560701],[46.82472146028337,24.564010948275673],[46.82487246300008,24.56391421000006]]]}},{"type":"Feature","properties":{"warehouse_code":"T/30/3/5","ajlan_block_code":"T/30","block_no":30,"sequence":15,"land_area_m2":1166.0,"built_area_report_m2":1440.57,"generated_polygon_area_m2":1429.68,"side_height_m":9,"mid_height_m":11,"parcel_numbers":["350","361"],"primary_parcels":["350","361"],"parcel_overlap":[{"parcel_no":"350","area_m2":769.83,"warehouse_pct":53.85},{"parcel_no":"361","area_m2":659.85,"warehouse_pct":46.15}],"geometry_method":"cad_partition_lines","cad_layer_support":"3","verification_status":"cad_supported","confidence":"high","source_note":"Ajlan report unit areas + official block/parcels GeoJSON + AutoCAD warehouse partition lines"},"geometry":{"type":"Polygon","coordinates":[[[46.82507710115522,24.563783110923456],[46.824708952646674,24.563302508849944],[46.824531125515605,24.563416432252907],[46.82489927336143,24.563897034281364],[46.82507710115522,24.563783110923456]]]}},{"type":"Feature","properties":{"warehouse_code":"T/30/3/6","ajlan_block_code":"T/30","block_no":30,"sequence":16,"land_area_m2":1188.0,"built_area_report_m2":1589.18,"generated_polygon_area_m2":1559.23,"side_height_m":9,"mid_height_m":11,"parcel_numbers":["351","360","350","361"],"primary_parcels":["351","360","350"],"parcel_overlap":[{"parcel_no":"351","area_m2":675.37,"warehouse_pct":43.31},{"parcel_no":"360","area_m2":578.95,"warehouse_pct":37.13},{"parcel_no":"350","area_m2":164.21,"warehouse_pct":10.53},{"parcel_no":"361","area_m2":140.69,"warehouse_pct":9.02}],"geometry_method":"cad_partition_lines","cad_layer_support":"3","verification_status":"cad_supported","confidence":"high","source_note":"Ajlan report unit areas + official block/parcels GeoJSON + AutoCAD warehouse partition lines"},"geometry":{"type":"Polygon","coordinates":[[[46.82511501000005,24.56375882500004],[46.825271041880185,24.563658863966584],[46.824902893191165,24.563178262551872],[46.82474689400004,24.56327820200005],[46.824708952646674,24.563302508849944],[46.82507710115522,24.563783110923456],[46.82511501000005,24.56375882500004]]]}},{"type":"Feature","properties":{"warehouse_code":"T/30/4/1","ajlan_block_code":"T/30","block_no":30,"sequence":17,"land_area_m2":1168.0,"built_area_report_m2":1568.75,"generated_polygon_area_m2":1559.41,"side_height_m":9,"mid_height_m":11,"parcel_numbers":["352","359","351","360"],"primary_parcels":["352","359","351","360"],"parcel_overlap":[{"parcel_no":"352","area_m2":465.05,"warehouse_pct":29.82},{"parcel_no":"359","area_m2":398.68,"warehouse_pct":25.57},{"parcel_no":"351","area_m2":374.63,"warehouse_pct":24.02},{"parcel_no":"360","area_m2":321.05,"warehouse_pct":20.59}],"geometry_method":"cad_partition_lines","cad_layer_support":"3","verification_status":"cad_supported","confidence":"high","source_note":"Ajlan report unit areas + official block/parcels GeoJSON + AutoCAD warehouse partition lines"},"geometry":{"type":"Polygon","coordinates":[[[46.82535755600003,24.563603439000076],[46.82546500466697,24.563534602021686],[46.82509685584755,24.563054001331228],[46.82498944000008,24.563122817000078],[46.824902893191165,24.563178262551872],[46.825271041880185,24.563658863966584],[46.82535755600003,24.563603439000076]]]}},{"type":"Feature","properties":{"warehouse_code":"T/30/4/2","ajlan_block_code":"T/30","block_no":30,"sequence":18,"land_area_m2":1166.0,"built_area_report_m2":1436.82,"generated_polygon_area_m2":1429.54,"side_height_m":9,"mid_height_m":11,"parcel_numbers":["352","359","353","358"],"primary_parcels":["352","359","353","358"],"parcel_overlap":[{"parcel_no":"352","area_m2":584.95,"warehouse_pct":40.92},{"parcel_no":"359","area_m2":501.32,"warehouse_pct":35.07},{"parcel_no":"353","area_m2":184.8,"warehouse_pct":12.93},{"parcel_no":"358","area_m2":158.46,"warehouse_pct":11.08}],"geometry_method":"cad_partition_lines","cad_layer_support":"3","verification_status":"cad_supported","confidence":"high","source_note":"Ajlan report unit areas + official block/parcels GeoJSON + AutoCAD warehouse partition lines"},"geometry":{"type":"Polygon","coordinates":[[[46.82560010000003,24.563448053000055],[46.82564281340777,24.563420688613775],[46.825274664324986,24.562940088399472],[46.82523198500007,24.56296743100006],[46.82509685584755,24.563054001331228],[46.82546500466697,24.563534602021686],[46.82560010000003,24.563448053000055]]]}},{"type":"Feature","properties":{"warehouse_code":"T/30/4/3","ajlan_block_code":"T/30","block_no":30,"sequence":19,"land_area_m2":1166.0,"built_area_report_m2":1435.58,"generated_polygon_area_m2":1429.68,"side_height_m":9,"mid_height_m":11,"parcel_numbers":["353","358"],"primary_parcels":["353","358"],"parcel_overlap":[{"parcel_no":"353","area_m2":769.83,"warehouse_pct":53.85},{"parcel_no":"358","area_m2":659.85,"warehouse_pct":46.15}],"geometry_method":"cad_partition_lines","cad_layer_support":"3","verification_status":"cad_supported","confidence":"high","source_note":"Ajlan report unit areas + official block/parcels GeoJSON + AutoCAD warehouse partition lines"},"geometry":{"type":"Polygon","coordinates":[[[46.82582063968502,24.563306763785636],[46.82545249007489,24.562826163702965],[46.825274664324986,24.562940088399472],[46.82564281340777,24.563420688613775],[46.82582063968502,24.563306763785636]]]}},{"type":"Feature","properties":{"warehouse_code":"T/30/4/4","ajlan_block_code":"T/30","block_no":30,"sequence":20,"land_area_m2":1166.0,"built_area_report_m2":1434.34,"generated_polygon_area_m2":1429.72,"side_height_m":9,"mid_height_m":11,"parcel_numbers":["354","357","353","358"],"primary_parcels":["354","357"],"parcel_overlap":[{"parcel_no":"354","area_m2":674.48,"warehouse_pct":47.18},{"parcel_no":"357","area_m2":578.19,"warehouse_pct":40.44},{"parcel_no":"353","area_m2":95.37,"warehouse_pct":6.67},{"parcel_no":"358","area_m2":81.68,"warehouse_pct":5.71}],"geometry_method":"cad_partition_lines","cad_layer_support":"3","verification_status":"cad_supported","confidence":"high","source_note":"Ajlan report unit areas + official block/parcels GeoJSON + AutoCAD warehouse partition lines"},"geometry":{"type":"Polygon","coordinates":[[[46.82584264500008,24.56329266600005],[46.82599847078408,24.56319283594717],[46.82563032085801,24.562712236272116],[46.82547452800003,24.562812045000037],[46.82545249007489,24.562826163702965],[46.82582063968502,24.563306763785636],[46.82584264500008,24.56329266600005]]]}},{"type":"Feature","properties":{"warehouse_code":"T/30/4/5","ajlan_block_code":"T/30","block_no":30,"sequence":21,"land_area_m2":1166.0,"built_area_report_m2":1433.12,"generated_polygon_area_m2":1429.68,"side_height_m":9,"mid_height_m":11,"parcel_numbers":["355","354","356","357"],"primary_parcels":["355","354","356","357"],"parcel_overlap":[{"parcel_no":"355","area_m2":394.31,"warehouse_pct":27.58},{"parcel_no":"354","area_m2":375.52,"warehouse_pct":26.27},{"parcel_no":"356","area_m2":338.04,"warehouse_pct":23.64},{"parcel_no":"357","area_m2":321.81,"warehouse_pct":22.51}],"geometry_method":"cad_partition_lines","cad_layer_support":"3","verification_status":"cad_supported","confidence":"high","source_note":"Ajlan report unit areas + official block/parcels GeoJSON + AutoCAD warehouse partition lines"},"geometry":{"type":"Polygon","coordinates":[[[46.82608519000007,24.563137279000046],[46.82617629634071,24.563078911137982],[46.82580814620411,24.56259831200809],[46.82571707200003,24.562656659000016],[46.82563032085801,24.562712236272116],[46.82599847078408,24.56319283594717],[46.82608519000007,24.563137279000046]]]}},{"type":"Feature","properties":{"warehouse_code":"T/30/4/6","ajlan_block_code":"T/30","block_no":30,"sequence":22,"land_area_m2":1188.0,"built_area_report_m2":1612.77,"generated_polygon_area_m2":1867.65,"side_height_m":9,"mid_height_m":11,"parcel_numbers":["355","356"],"primary_parcels":["355","356"],"parcel_overlap":[{"parcel_no":"355","area_m2":1005.69,"warehouse_pct":53.85},{"parcel_no":"356","area_m2":861.96,"warehouse_pct":46.15}],"geometry_method":"cad_partition_lines","cad_layer_support":"3","verification_status":"cad_supported","confidence":"high","source_note":"Ajlan report unit areas + official block/parcels GeoJSON + AutoCAD warehouse partition lines"},"geometry":{"type":"Polygon","coordinates":[[[46.82640858100007,24.562930096000052],[46.826238680000074,24.562708272000062],[46.82604046300003,24.56244947700003],[46.82580814620411,24.56259831200809],[46.82617629634071,24.563078911137982],[46.82640858100007,24.562930096000052]]]}},{"type":"Feature","properties":{"warehouse_code":"T/44/1/1","ajlan_block_code":"T/44","block_no":44,"sequence":1,"land_area_m2":1384.12,"built_area_report_m2":2092.06,"generated_polygon_area_m2":2090.28,"side_height_m":12,"mid_height_m":14,"parcel_numbers":["641","640"],"primary_parcels":["641","640"],"parcel_overlap":[{"parcel_no":"641","area_m2":1304.83,"warehouse_pct":62.42},{"parcel_no":"640","area_m2":785.45,"warehouse_pct":37.58}],"geometry_method":"area_slice_inference","cad_layer_support":"","verification_status":"needs_visual_verification","confidence":"medium","source_note":"Ajlan report unit areas + official block/parcels GeoJSON"},"geometry":{"type":"Polygon","coordinates":[[[46.82743042900007,24.558692230000073],[46.82731231500003,24.558611555000024],[46.827191216000074,24.558535437000046],[46.82701626500006,24.558808456000065],[46.82686626000003,24.559042546000054],[46.82695692000004,24.559100641000036],[46.827034454354504,24.55915419786497],[46.827533635632,24.558768643820784],[46.82743042900007,24.558692230000073]]]}},{"type":"Feature","properties":{"warehouse_code":"T/44/1/2","ajlan_block_code":"T/44","block_no":44,"sequence":2,"land_area_m2":1299.57,"built_area_report_m2":1590.08,"generated_polygon_area_m2":1588.73,"side_height_m":12,"mid_height_m":14,"parcel_numbers":["642","639","640","641"],"primary_parcels":["642","639","640"],"parcel_overlap":[{"parcel_no":"642","area_m2":695.98,"warehouse_pct":43.81},{"parcel_no":"639","area_m2":431.08,"warehouse_pct":27.13},{"parcel_no":"640","area_m2":303.07,"warehouse_pct":19.08},{"parcel_no":"641","area_m2":158.6,"warehouse_pct":9.98}],"geometry_method":"area_slice_inference","cad_layer_support":"","verification_status":"needs_visual_verification","confidence":"medium","source_note":"Ajlan report unit areas + official block/parcels GeoJSON"},"geometry":{"type":"Polygon","coordinates":[[[46.827648803000045,24.558860032000037],[46.827545385000064,24.558777343000028],[46.827533635632,24.558768643820784],[46.827034454354504,24.55915419786497],[46.827045515000066,24.559161838000026],[46.82713193900003,24.55922606500007],[46.82721771400003,24.55929464600007],[46.82721975130971,24.559296400107545],[46.827713074792385,24.55891536982868],[46.827648803000045,24.558860032000037]]]}},{"type":"Feature","properties":{"warehouse_code":"T/44/1/3","ajlan_block_code":"T/44","block_no":44,"sequence":3,"land_area_m2":1289.66,"built_area_report_m2":1589.39,"generated_polygon_area_m2":1588.04,"side_height_m":12,"mid_height_m":14,"parcel_numbers":["642","639","643","638"],"primary_parcels":["642","639"],"parcel_overlap":[{"parcel_no":"642","area_m2":702.42,"warehouse_pct":44.23},{"parcel_no":"639","area_m2":660.38,"warehouse_pct":41.58},{"parcel_no":"643","area_m2":152.44,"warehouse_pct":9.6},{"parcel_no":"638","area_m2":72.81,"warehouse_pct":4.58}],"geometry_method":"area_slice_inference","cad_layer_support":"","verification_status":"needs_visual_verification","confidence":"medium","source_note":"Ajlan report unit areas + official block/parcels GeoJSON"},"geometry":{"type":"Polygon","coordinates":[[[46.82784628200005,24.559036412000065],[46.82774914600003,24.558946427000016],[46.827713074792385,24.55891536982868],[46.82721975130971,24.559296400107545],[46.827300939000054,24.559366302000054],[46.827381503000026,24.55944093700003],[46.82739175877044,24.559451164895396],[46.82788227278283,24.559072304042104],[46.82784628200005,24.559036412000065]]]}},{"type":"Feature","properties":{"warehouse_code":"T/44/1/4","ajlan_block_code":"T/44","block_no":44,"sequence":4,"land_area_m2":1399.37,"built_area_report_m2":1847.14,"generated_polygon_area_m2":1845.57,"side_height_m":12,"mid_height_m":14,"parcel_numbers":["643","638"],"primary_parcels":["643","638"],"parcel_overlap":[{"parcel_no":"643","area_m2":993.76,"warehouse_pct":53.85},{"parcel_no":"638","area_m2":851.81,"warehouse_pct":46.15}],"geometry_method":"area_slice_inference","cad_layer_support":"","verification_status":"needs_visual_verification","confidence":"medium","source_note":"Ajlan report unit areas + official block/parcels GeoJSON"},"geometry":{"type":"Polygon","coordinates":[[[46.828030734000045,24.559227389000053],[46.82794029900004,24.559130171000042],[46.82788227278283,24.559072304042104],[46.82739175877044,24.559451164895396],[46.82745947900003,24.55951870100006],[46.82753448500006,24.55959933400004],[46.82757435901642,24.55964555907457],[46.82806473402811,24.559266805081954],[46.828030734000045,24.559227389000053]]]}},{"type":"Feature","properties":{"warehouse_code":"T/44/2/1","ajlan_block_code":"T/44","block_no":44,"sequence":5,"land_area_m2":1149.44,"built_area_report_m2":1541.35,"generated_polygon_area_m2":1540.04,"side_height_m":12,"mid_height_m":14,"parcel_numbers":["644","637","643","638"],"primary_parcels":["644","637","643","638"],"parcel_overlap":[{"parcel_no":"644","area_m2":559.18,"warehouse_pct":36.31},{"parcel_no":"637","area_m2":530.25,"warehouse_pct":34.43},{"parcel_no":"643","area_m2":269.94,"warehouse_pct":17.53},{"parcel_no":"638","area_m2":180.67,"warehouse_pct":11.73}],"geometry_method":"area_slice_inference","cad_layer_support":"","verification_status":"needs_visual_verification","confidence":"medium","source_note":"Ajlan report unit areas + official block/parcels GeoJSON"},"geometry":{"type":"Polygon","coordinates":[[[46.82820214100008,24.559434112000076],[46.828117460000044,24.559327930000048],[46.82806473402811,24.559266805081954],[46.82757435901642,24.55964555907457],[46.82760641600004,24.559682722000044],[46.82767664900007,24.559770788000037],[46.82771281998215,24.559818013682136],[46.82820500986602,24.55943785760451],[46.82820214100008,24.559434112000076]]]}},{"type":"Feature","properties":{"warehouse_code":"T/44/2/2","ajlan_block_code":"T/44","block_no":44,"sequence":6,"land_area_m2":1150.97,"built_area_report_m2":1410.27,"generated_polygon_area_m2":1409.07,"side_height_m":12,"mid_height_m":14,"parcel_numbers":["644","637"],"primary_parcels":["644","637"],"parcel_overlap":[{"parcel_no":"644","area_m2":758.73,"warehouse_pct":53.85},{"parcel_no":"637","area_m2":650.23,"warehouse_pct":46.15}],"geometry_method":"area_slice_inference","cad_layer_support":"","verification_status":"needs_visual_verification","confidence":"medium","source_note":"Ajlan report unit areas + official block/parcels GeoJSON"},"geometry":{"type":"Polygon","coordinates":[[[46.82820500986602,24.55943785760451],[46.82771281998215,24.559818013682136],[46.827834763000055,24.559977225000065],[46.82783558895327,24.55997830337616],[46.828327779791735,24.559598146302584],[46.82820500986602,24.55943785760451]]]}},{"type":"Feature","properties":{"warehouse_code":"T/44/2/3","ajlan_block_code":"T/44","block_no":44,"sequence":7,"land_area_m2":1145.56,"built_area_report_m2":1403.99,"generated_polygon_area_m2":1402.8,"side_height_m":12,"mid_height_m":14,"parcel_numbers":["636","645","644","637"],"primary_parcels":["636","645"],"parcel_overlap":[{"parcel_no":"636","area_m2":616.19,"warehouse_pct":43.93},{"parcel_no":"645","area_m2":610.49,"warehouse_pct":43.52},{"parcel_no":"644","area_m2":139.67,"warehouse_pct":9.96},{"parcel_no":"637","area_m2":36.45,"warehouse_pct":2.6}],"geometry_method":"area_slice_inference","cad_layer_support":"","verification_status":"needs_visual_verification","confidence":"medium","source_note":"Ajlan report unit areas + official block/parcels GeoJSON"},"geometry":{"type":"Polygon","coordinates":[[[46.82837937000005,24.559665501000048],[46.82837299800008,24.55965718400006],[46.82835278700003,24.55967013200006],[46.82834004400007,24.559653495000077],[46.82832730300004,24.55963686000007],[46.82834751400003,24.559623910000028],[46.828341142000056,24.559615592000057],[46.828327779791735,24.559598146302584],[46.82783558895327,24.55997830337616],[46.827958791745296,24.560139158393444],[46.82845098333947,24.559759000476614],[46.82837937000005,24.559665501000048]]]}},{"type":"Feature","properties":{"warehouse_code":"T/44/2/4","ajlan_block_code":"T/44","block_no":44,"sequence":8,"land_area_m2":1150.19,"built_area_report_m2":1410.69,"generated_polygon_area_m2":1409.49,"side_height_m":12,"mid_height_m":14,"parcel_numbers":["645","635","646","636"],"primary_parcels":["645","635","646","636"],"parcel_overlap":[{"parcel_no":"645","area_m2":433.88,"warehouse_pct":30.78},{"parcel_no":"635","area_m2":366.84,"warehouse_pct":26.03},{"parcel_no":"646","area_m2":325.07,"warehouse_pct":23.06},{"parcel_no":"636","area_m2":283.7,"warehouse_pct":20.13}],"geometry_method":"area_slice_inference","cad_layer_support":"","verification_status":"needs_visual_verification","confidence":"medium","source_note":"Ajlan report unit areas + official block/parcels GeoJSON"},"geometry":{"type":"Polygon","coordinates":[[[46.82845098333947,24.559759000476614],[46.827958791745296,24.560139158393444],[46.82800466200007,24.560199047000022],[46.828081598369295,24.560299494913938],[46.828573789654705,24.559919336976854],[46.82853015500007,24.559862368000037],[46.82845098333947,24.559759000476614]]]}},{"type":"Feature","properties":{"warehouse_code":"T/44/2/5","ajlan_block_code":"T/44","block_no":44,"sequence":9,"land_area_m2":1149.84,"built_area_report_m2":1410.33,"generated_polygon_area_m2":1409.13,"side_height_m":12,"mid_height_m":14,"parcel_numbers":["646","635","634","647"],"primary_parcels":["646","635"],"parcel_overlap":[{"parcel_no":"646","area_m2":722.83,"warehouse_pct":51.3},{"parcel_no":"635","area_m2":533.16,"warehouse_pct":37.84},{"parcel_no":"634","area_m2":117.21,"warehouse_pct":8.32},{"parcel_no":"647","area_m2":35.94,"warehouse_pct":2.55}],"geometry_method":"area_slice_inference","cad_layer_support":"","verification_status":"needs_visual_verification","confidence":"medium","source_note":"Ajlan report unit areas + official block/parcels GeoJSON"},"geometry":{"type":"Polygon","coordinates":[[[46.82817456300006,24.56042086900004],[46.82820437412516,24.560459790348812],[46.828696565756914,24.560079631885557],[46.828573789654705,24.559919336976854],[46.828081598369295,24.560299494913938],[46.82817456300006,24.56042086900004]]]}},{"type":"Feature","properties":{"warehouse_code":"T/44/2/6","ajlan_block_code":"T/44","block_no":44,"sequence":10,"land_area_m2":1150.0,"built_area_report_m2":1800.49,"generated_polygon_area_m2":1798.96,"side_height_m":12,"mid_height_m":14,"parcel_numbers":["647","634","646"],"primary_parcels":["647","634"],"parcel_overlap":[{"parcel_no":"647","area_m2":1014.07,"warehouse_pct":56.37},{"parcel_no":"634","area_m2":782.79,"warehouse_pct":43.51},{"parcel_no":"646","area_m2":2.1,"warehouse_pct":0.12}],"geometry_method":"area_slice_inference","cad_layer_support":"","verification_status":"needs_visual_verification","confidence":"medium","source_note":"Ajlan report unit areas + official block/parcels GeoJSON"},"geometry":{"type":"Polygon","coordinates":[[[46.828344464000054,24.56064269100005],[46.82858700000003,24.560487301000013],[46.82886995800004,24.56030601100002],[46.82870005700005,24.560084190000055],[46.828696565756914,24.560079631885557],[46.82820437412516,24.560459790348812],[46.828344464000054,24.56064269100005]]]}},{"type":"Feature","properties":{"warehouse_code":"T/46/1/1","ajlan_block_code":"T/46","block_no":46,"sequence":1,"land_area_m2":1130.0,"built_area_report_m2":1773.23,"generated_polygon_area_m2":1773.19,"side_height_m":16,"mid_height_m":18,"parcel_numbers":["661","662"],"primary_parcels":["661","662"],"parcel_overlap":[{"parcel_no":"661","area_m2":914.79,"warehouse_pct":51.59},{"parcel_no":"662","area_m2":858.4,"warehouse_pct":48.41}],"geometry_method":"area_slice_inference","cad_layer_support":"","verification_status":"needs_visual_verification","confidence":"medium","source_note":"Ajlan report unit areas + official block/parcels GeoJSON"},"geometry":{"type":"Polygon","coordinates":[[[46.822664049000025,24.55723507500005],[46.82252793200007,24.557475601000085],[46.82238274000008,24.557732161000043],[46.822633216175625,24.557850735824022],[46.822914985135895,24.557353865722888],[46.822664049000025,24.55723507500005]]]}},{"type":"Feature","properties":{"warehouse_code":"T/46/1/2","ajlan_block_code":"T/46","block_no":46,"sequence":2,"land_area_m2":1125.0,"built_area_report_m2":1395.0,"generated_polygon_area_m2":1394.97,"side_height_m":16,"mid_height_m":18,"parcel_numbers":["660","663","661","662"],"primary_parcels":["660","663","661","662"],"parcel_overlap":[{"parcel_no":"660","area_m2":546.95,"warehouse_pct":39.21},{"parcel_no":"663","area_m2":513.44,"warehouse_pct":36.81},{"parcel_no":"661","area_m2":173.03,"warehouse_pct":12.4},{"parcel_no":"662","area_m2":161.55,"warehouse_pct":11.58}],"geometry_method":"area_slice_inference","cad_layer_support":"","verification_status":"needs_visual_verification","confidence":"medium","source_note":"Ajlan report unit areas + official block/parcels GeoJSON"},"geometry":{"type":"Polygon","coordinates":[[[46.822914985135895,24.557353865722888],[46.822633216175625,24.557850735824022],[46.82268071800007,24.55787322300006],[46.82283044608209,24.55794410445475],[46.82311221481184,24.557447233336138],[46.82296209500004,24.557376167000026],[46.822914985135895,24.557353865722888]]]}},{"type":"Feature","properties":{"warehouse_code":"T/46/1/3","ajlan_block_code":"T/46","block_no":46,"sequence":3,"land_area_m2":1125.0,"built_area_report_m2":1395.0,"generated_polygon_area_m2":1394.97,"side_height_m":16,"mid_height_m":18,"parcel_numbers":["660","663","659","664"],"primary_parcels":["660","663","659","664"],"parcel_overlap":[{"parcel_no":"660","area_m2":477.05,"warehouse_pct":34.2},{"parcel_no":"663","area_m2":446.57,"warehouse_pct":32.01},{"parcel_no":"659","area_m2":242.93,"warehouse_pct":17.41},{"parcel_no":"664","area_m2":228.42,"warehouse_pct":16.37}],"geometry_method":"area_slice_inference","cad_layer_support":"","verification_status":"needs_visual_verification","confidence":"medium","source_note":"Ajlan report unit areas + official block/parcels GeoJSON"},"geometry":{"type":"Polygon","coordinates":[[[46.82296123100008,24.55800601800007],[46.82302767612153,24.55803747264392],[46.82330944422756,24.557540601201225],[46.823242606000065,24.557508960000064],[46.82311221481184,24.557447233336138],[46.82283044608209,24.55794410445475],[46.82296123100008,24.55800601800007]]]}},{"type":"Feature","properties":{"warehouse_code":"T/46/1/4","ajlan_block_code":"T/46","block_no":46,"sequence":4,"land_area_m2":1130.0,"built_area_report_m2":1525.2,"generated_polygon_area_m2":1525.16,"side_height_m":16,"mid_height_m":18,"parcel_numbers":["659","664","665","658"],"primary_parcels":["659","664"],"parcel_overlap":[{"parcel_no":"659","area_m2":781.08,"warehouse_pct":51.21},{"parcel_no":"664","area_m2":731.59,"warehouse_pct":47.97},{"parcel_no":"665","area_m2":6.4,"warehouse_pct":0.42},{"parcel_no":"658","area_m2":6.1,"warehouse_pct":0.4}],"geometry_method":"area_slice_inference","cad_layer_support":"","verification_status":"needs_visual_verification","confidence":"medium","source_note":"Ajlan report unit areas + official block/parcels GeoJSON"},"geometry":{"type":"Polygon","coordinates":[[[46.823241745000075,24.558138811000045],[46.82324331533541,24.558139554386063],[46.82352508207935,24.55764268378838],[46.82352311800003,24.557641754000027],[46.82330944422756,24.557540601201225],[46.82302767612153,24.55803747264392],[46.823241745000075,24.558138811000045]]]}},{"type":"Feature","properties":{"warehouse_code":"T/46/2/1","ajlan_block_code":"T/46","block_no":46,"sequence":5,"land_area_m2":1130.0,"built_area_report_m2":1525.2,"generated_polygon_area_m2":1525.16,"side_height_m":16,"mid_height_m":18,"parcel_numbers":["658","665"],"primary_parcels":["658","665"],"parcel_overlap":[{"parcel_no":"658","area_m2":787.18,"warehouse_pct":51.61},{"parcel_no":"665","area_m2":737.98,"warehouse_pct":48.39}],"geometry_method":"area_slice_inference","cad_layer_support":"","verification_status":"needs_visual_verification","confidence":"medium","source_note":"Ajlan report unit areas + official block/parcels GeoJSON"},"geometry":{"type":"Polygon","coordinates":[[[46.823458954992894,24.558241636480513],[46.82374072071578,24.557744766126447],[46.82352508207935,24.55764268378838],[46.82324331533541,24.558139554386063],[46.823458954992894,24.558241636480513]]]}},{"type":"Feature","properties":{"warehouse_code":"T/46/2/2","ajlan_block_code":"T/46","block_no":46,"sequence":6,"land_area_m2":1125.0,"built_area_report_m2":1395.0,"generated_polygon_area_m2":1394.97,"side_height_m":16,"mid_height_m":18,"parcel_numbers":["657","666","658","665"],"primary_parcels":["657","666","658","665"],"parcel_overlap":[{"parcel_no":"657","area_m2":489.27,"warehouse_pct":35.07},{"parcel_no":"666","area_m2":459.36,"warehouse_pct":32.93},{"parcel_no":"658","area_m2":230.72,"warehouse_pct":16.54},{"parcel_no":"665","area_m2":215.62,"warehouse_pct":15.46}],"geometry_method":"area_slice_inference","cad_layer_support":"","verification_status":"needs_visual_verification","confidence":"medium","source_note":"Ajlan report unit areas + official block/parcels GeoJSON"},"geometry":{"type":"Polygon","coordinates":[[[46.82352225900007,24.558271604000023],[46.82365618704942,24.558335003826983],[46.82393795182745,24.557838133715048],[46.82380363000004,24.557774547000065],[46.82374072071578,24.557744766126447],[46.823458954992894,24.558241636480513],[46.82352225900007,24.558271604000023]]]}},{"type":"Feature","properties":{"warehouse_code":"T/46/2/3","ajlan_block_code":"T/46","block_no":46,"sequence":7,"land_area_m2":1125.0,"built_area_report_m2":1395.0,"generated_polygon_area_m2":1394.97,"side_height_m":16,"mid_height_m":18,"parcel_numbers":["657","666","656","667"],"primary_parcels":["657","666","656","667"],"parcel_overlap":[{"parcel_no":"657","area_m2":534.73,"warehouse_pct":38.33},{"parcel_no":"666","area_m2":500.64,"warehouse_pct":35.89},{"parcel_no":"656","area_m2":185.25,"warehouse_pct":13.28},{"parcel_no":"667","area_m2":174.34,"warehouse_pct":12.5}],"geometry_method":"area_slice_inference","cad_layer_support":"","verification_status":"needs_visual_verification","confidence":"medium","source_note":"Ajlan report unit areas + official block/parcels GeoJSON"},"geometry":{"type":"Polygon","coordinates":[[[46.82380277400006,24.558404396000068],[46.82385341956214,24.55842837106953],[46.8241351835426,24.557931500939993],[46.82408414500003,24.55790734000004],[46.82393795182745,24.557838133715048],[46.82365618704942,24.558335003826983],[46.82380277400006,24.558404396000068]]]}},{"type":"Feature","properties":{"warehouse_code":"T/46/2/4","ajlan_block_code":"T/46","block_no":46,"sequence":8,"land_area_m2":1130.0,"built_area_report_m2":1773.23,"generated_polygon_area_m2":1773.19,"side_height_m":16,"mid_height_m":18,"parcel_numbers":["656","667"],"primary_parcels":["656","667"],"parcel_overlap":[{"parcel_no":"656","area_m2":915.56,"warehouse_pct":51.63},{"parcel_no":"667","area_m2":857.63,"warehouse_pct":48.37}],"geometry_method":"area_slice_inference","cad_layer_support":"","verification_status":"needs_visual_verification","confidence":"medium","source_note":"Ajlan report unit areas + official block/parcels GeoJSON"},"geometry":{"type":"Polygon","coordinates":[[[46.82410433000007,24.55854714900005],[46.82412134800006,24.55851708500006],[46.824249552000026,24.558290602000053],[46.82436867100006,24.558080145000076],[46.82438566500008,24.55805007500004],[46.8241351835426,24.557931500939993],[46.82385341956214,24.55842837106953],[46.82410433000007,24.55854714900005]]]}},{"type":"Feature","properties":{"warehouse_code":"T/47/1/1","ajlan_block_code":"T/47","block_no":47,"sequence":1,"land_area_m2":1115.55,"built_area_report_m2":1758.39,"generated_polygon_area_m2":1758.39,"side_height_m":16,"mid_height_m":18,"parcel_numbers":["680","679"],"primary_parcels":["680","679"],"parcel_overlap":[{"parcel_no":"680","area_m2":947.2,"warehouse_pct":53.87},{"parcel_no":"679","area_m2":811.19,"warehouse_pct":46.13}],"geometry_method":"area_slice_inference","cad_layer_support":"","verification_status":"needs_visual_verification","confidence":"medium","source_note":"Ajlan report unit areas + official block/parcels GeoJSON"},"geometry":{"type":"Polygon","coordinates":[[[46.82304980200007,24.55655362900006],[46.82289096300008,24.55683422400005],[46.822754814000064,24.55707473500007],[46.8229917463843,24.5571868990646],[46.82328714593132,24.556665986940402],[46.82304980200007,24.55655362900006]]]}},{"type":"Feature","properties":{"warehouse_code":"T/47/1/2","ajlan_block_code":"T/47","block_no":47,"sequence":2,"land_area_m2":1110.28,"built_area_report_m2":1361.73,"generated_polygon_area_m2":1361.73,"side_height_m":16,"mid_height_m":18,"parcel_numbers":["681","678","680","679"],"primary_parcels":["681","678"],"parcel_overlap":[{"parcel_no":"681","area_m2":630.44,"warehouse_pct":46.3},{"parcel_no":"678","area_m2":539.68,"warehouse_pct":39.63},{"parcel_no":"680","area_m2":102.79,"warehouse_pct":7.55},{"parcel_no":"679","area_m2":88.82,"warehouse_pct":6.52}],"geometry_method":"area_slice_inference","cad_layer_support":"","verification_status":"needs_visual_verification","confidence":"medium","source_note":"Ajlan report unit areas + official block/parcels GeoJSON"},"geometry":{"type":"Polygon","coordinates":[[[46.82328714593132,24.556665986940402],[46.8229917463843,24.5571868990646],[46.823017794000066,24.557199230000037],[46.823175391065305,24.557273835783683],[46.82347079003772,24.55675292328275],[46.82331278000004,24.556678122000047],[46.82328714593132,24.556665986940402]]]}},{"type":"Feature","properties":{"warehouse_code":"T/47/1/3","ajlan_block_code":"T/47","block_no":47,"sequence":3,"land_area_m2":1110.28,"built_area_report_m2":1361.73,"generated_polygon_area_m2":1361.73,"side_height_m":16,"mid_height_m":18,"parcel_numbers":["681","678","682","677"],"primary_parcels":["681","678","682","677"],"parcel_overlap":[{"parcel_no":"681","area_m2":419.56,"warehouse_pct":30.81},{"parcel_no":"678","area_m2":360.33,"warehouse_pct":26.46},{"parcel_no":"682","area_m2":313.68,"warehouse_pct":23.04},{"parcel_no":"677","area_m2":268.16,"warehouse_pct":19.69}],"geometry_method":"area_slice_inference","cad_layer_support":"","verification_status":"needs_visual_verification","confidence":"medium","source_note":"Ajlan report unit areas + official block/parcels GeoJSON"},"geometry":{"type":"Polygon","coordinates":[[[46.823280773000086,24.557323723000028],[46.82335903592687,24.557360772386772],[46.82365443428478,24.556839859579444],[46.82357575900005,24.556802615000038],[46.82347079003772,24.55675292328275],[46.823175391065305,24.557273835783683],[46.823280773000086,24.557323723000028]]]}},{"type":"Feature","properties":{"warehouse_code":"T/47/1/4","ajlan_block_code":"T/47","block_no":47,"sequence":4,"land_area_m2":1115.61,"built_area_report_m2":1498.23,"generated_polygon_area_m2":1498.23,"side_height_m":16,"mid_height_m":18,"parcel_numbers":["682","677","683","676"],"primary_parcels":["682","677"],"parcel_overlap":[{"parcel_no":"682","area_m2":736.32,"warehouse_pct":49.15},{"parcel_no":"677","area_m2":631.84,"warehouse_pct":42.17},{"parcel_no":"683","area_m2":70.42,"warehouse_pct":4.7},{"parcel_no":"676","area_m2":59.65,"warehouse_pct":3.98}],"geometry_method":"area_slice_inference","cad_layer_support":"","verification_status":"needs_visual_verification","confidence":"medium","source_note":"Ajlan report unit areas + official block/parcels GeoJSON"},"geometry":{"type":"Polygon","coordinates":[[[46.82354375400007,24.557448217000054],[46.82356108951006,24.557456423507464],[46.823856487187214,24.556935510371183],[46.82383873800006,24.55692710800002],[46.82365443428478,24.556839859579444],[46.82335903592687,24.557360772386772],[46.82354375400007,24.557448217000054]]]}},{"type":"Feature","properties":{"warehouse_code":"T/47/2/1","ajlan_block_code":"T/47","block_no":47,"sequence":5,"land_area_m2":1115.61,"built_area_report_m2":1498.23,"generated_polygon_area_m2":1498.23,"side_height_m":16,"mid_height_m":18,"parcel_numbers":["683","676"],"primary_parcels":["683","676"],"parcel_overlap":[{"parcel_no":"683","area_m2":806.74,"warehouse_pct":53.85},{"parcel_no":"676","area_m2":691.49,"warehouse_pct":46.15}],"geometry_method":"area_slice_inference","cad_layer_support":"","verification_status":"needs_visual_verification","confidence":"medium","source_note":"Ajlan report unit areas + official block/parcels GeoJSON"},"geometry":{"type":"Polygon","coordinates":[[[46.823763143543474,24.557552074220286],[46.82405854037466,24.557031161046403],[46.823856487187214,24.556935510371183],[46.82356108951006,24.557456423507464],[46.823763143543474,24.557552074220286]]]}},{"type":"Feature","properties":{"warehouse_code":"T/47/2/2","ajlan_block_code":"T/47","block_no":47,"sequence":6,"land_area_m2":1110.28,"built_area_report_m2":1361.73,"generated_polygon_area_m2":1361.73,"side_height_m":16,"mid_height_m":18,"parcel_numbers":["684","675","683","676"],"primary_parcels":["684","675","683","676"],"parcel_overlap":[{"parcel_no":"684","area_m2":560.4,"warehouse_pct":41.15},{"parcel_no":"675","area_m2":479.64,"warehouse_pct":35.22},{"parcel_no":"683","area_m2":172.84,"warehouse_pct":12.69},{"parcel_no":"676","area_m2":148.86,"warehouse_pct":10.93}],"geometry_method":"area_slice_inference","cad_layer_support":"","verification_status":"needs_visual_verification","confidence":"medium","source_note":"Ajlan report unit areas + official block/parcels GeoJSON"},"geometry":{"type":"Polygon","coordinates":[[[46.82380673500006,24.557572710000045],[46.82394678936349,24.557639010119022],[46.82424218542597,24.557118096910607],[46.82410171800007,24.557051601000072],[46.82405854037466,24.557031161046403],[46.823763143543474,24.557552074220286],[46.82380673500006,24.557572710000045]]]}},{"type":"Feature","properties":{"warehouse_code":"T/47/2/3","ajlan_block_code":"T/47","block_no":47,"sequence":7,"land_area_m2":1110.28,"built_area_report_m2":1361.73,"generated_polygon_area_m2":1361.73,"side_height_m":16,"mid_height_m":18,"parcel_numbers":["684","675","685","674"],"primary_parcels":["684","675","685","674"],"parcel_overlap":[{"parcel_no":"684","area_m2":489.6,"warehouse_pct":35.95},{"parcel_no":"675","area_m2":420.37,"warehouse_pct":30.87},{"parcel_no":"685","area_m2":243.64,"warehouse_pct":17.89},{"parcel_no":"674","area_m2":208.13,"warehouse_pct":15.28}],"geometry_method":"area_slice_inference","cad_layer_support":"","verification_status":"needs_visual_verification","confidence":"medium","source_note":"Ajlan report unit areas + official block/parcels GeoJSON"},"geometry":{"type":"Polygon","coordinates":[[[46.824069716000054,24.55769720200004],[46.824130435635055,24.55772594565946],[46.824425830825255,24.55720503259918],[46.82436469800007,24.557176093000066],[46.82424218542597,24.557118096910607],[46.82394678936349,24.557639010119022],[46.824069716000054,24.55769720200004]]]}},{"type":"Feature","properties":{"warehouse_code":"T/47/2/4","ajlan_block_code":"T/47","block_no":47,"sequence":8,"land_area_m2":1115.61,"built_area_report_m2":1498.23,"generated_polygon_area_m2":1498.23,"side_height_m":16,"mid_height_m":18,"parcel_numbers":["685","674"],"primary_parcels":["685","674"],"parcel_overlap":[{"parcel_no":"685","area_m2":806.36,"warehouse_pct":53.82},{"parcel_no":"674","area_m2":691.49,"warehouse_pct":46.15}],"geometry_method":"area_slice_inference","cad_layer_support":"","verification_status":"needs_visual_verification","confidence":"medium","source_note":"Ajlan report unit areas + official block/parcels GeoJSON"},"geometry":{"type":"Polygon","coordinates":[[[46.82433249137898,24.5578215951896],[46.82462788538033,24.55730068269632],[46.82462767900006,24.557300585000064],[46.824425830825255,24.55720503259918],[46.824130435635055,24.55772594565946],[46.82433249137898,24.5578215951896]]]}},{"type":"Feature","properties":{"warehouse_code":"T/47/3/1","ajlan_block_code":"T/47","block_no":47,"sequence":9,"land_area_m2":1115.61,"built_area_report_m2":1498.23,"generated_polygon_area_m2":1498.23,"side_height_m":16,"mid_height_m":18,"parcel_numbers":["686","673"],"primary_parcels":["686","673"],"parcel_overlap":[{"parcel_no":"686","area_m2":806.74,"warehouse_pct":53.85},{"parcel_no":"673","area_m2":691.11,"warehouse_pct":46.13}],"geometry_method":"area_slice_inference","cad_layer_support":"","verification_status":"needs_visual_verification","confidence":"medium","source_note":"Ajlan report unit areas + official block/parcels GeoJSON"},"geometry":{"type":"Polygon","coordinates":[[[46.824332698000035,24.557821693000044],[46.82453454677331,24.557917245450483],[46.82482994077765,24.557396331422428],[46.82462788538033,24.55730068269632],[46.82433249137898,24.5578215951896],[46.824332698000035,24.557821693000044]]]}},{"type":"Feature","properties":{"warehouse_code":"T/47/3/2","ajlan_block_code":"T/47","block_no":47,"sequence":10,"land_area_m2":1110.28,"built_area_report_m2":1361.73,"generated_polygon_area_m2":1361.73,"side_height_m":16,"mid_height_m":18,"parcel_numbers":["687","672","686","673"],"primary_parcels":["687","672","686","673"],"parcel_overlap":[{"parcel_no":"687","area_m2":490.36,"warehouse_pct":36.01},{"parcel_no":"672","area_m2":419.6,"warehouse_pct":30.81},{"parcel_no":"686","area_m2":242.88,"warehouse_pct":17.84},{"parcel_no":"673","area_m2":208.89,"warehouse_pct":15.34}],"geometry_method":"area_slice_inference","cad_layer_support":"","verification_status":"needs_visual_verification","confidence":"medium","source_note":"Ajlan report unit areas + official block/parcels GeoJSON"},"geometry":{"type":"Polygon","coordinates":[[[46.82459568000007,24.55794618500005],[46.82471819340436,24.55800418075635],[46.82501358699422,24.557483266069063],[46.82489066100004,24.557425075000022],[46.82482994077765,24.557396331422428],[46.82453454677331,24.557917245450483],[46.82459568000007,24.55794618500005]]]}},{"type":"Feature","properties":{"warehouse_code":"T/47/3/3","ajlan_block_code":"T/47","block_no":47,"sequence":11,"land_area_m2":1110.28,"built_area_report_m2":1361.73,"generated_polygon_area_m2":1361.73,"side_height_m":16,"mid_height_m":18,"parcel_numbers":["687","672","688","671"],"primary_parcels":["687","672","688","671"],"parcel_overlap":[{"parcel_no":"687","area_m2":559.64,"warehouse_pct":41.1},{"parcel_no":"672","area_m2":480.4,"warehouse_pct":35.28},{"parcel_no":"688","area_m2":173.6,"warehouse_pct":12.75},{"parcel_no":"671","area_m2":148.09,"warehouse_pct":10.88}],"geometry_method":"area_slice_inference","cad_layer_support":"","verification_status":"needs_visual_verification","confidence":"medium","source_note":"Ajlan report unit areas + official block/parcels GeoJSON"},"geometry":{"type":"Polygon","coordinates":[[[46.824858662000054,24.55807067600006],[46.824901840310105,24.558091115738232],[46.825197233282935,24.557570200748877],[46.82515364300008,24.55754956600003],[46.82501358699422,24.557483266069063],[46.82471819340436,24.55800418075635],[46.824858662000054,24.55807067600006]]]}},{"type":"Feature","properties":{"warehouse_code":"T/47/3/4","ajlan_block_code":"T/47","block_no":47,"sequence":12,"land_area_m2":1115.61,"built_area_report_m2":1498.23,"generated_polygon_area_m2":1498.23,"side_height_m":16,"mid_height_m":18,"parcel_numbers":["688","671"],"primary_parcels":["688","671"],"parcel_overlap":[{"parcel_no":"688","area_m2":806.74,"warehouse_pct":53.85},{"parcel_no":"671","area_m2":691.49,"warehouse_pct":46.15}],"geometry_method":"area_slice_inference","cad_layer_support":"","verification_status":"needs_visual_verification","confidence":"medium","source_note":"Ajlan report unit areas + official block/parcels GeoJSON"},"geometry":{"type":"Polygon","coordinates":[[[46.82510389634657,24.558186764716645],[46.82539928865427,24.55766584937067],[46.825197233282935,24.557570200748877],[46.824901840310105,24.558091115738232],[46.82510389634657,24.558186764716645]]]}},{"type":"Feature","properties":{"warehouse_code":"T/47/4/1","ajlan_block_code":"T/47","block_no":47,"sequence":13,"land_area_m2":1115.61,"built_area_report_m2":1498.23,"generated_polygon_area_m2":1498.23,"side_height_m":16,"mid_height_m":18,"parcel_numbers":["689","670","688","671"],"primary_parcels":["689","670"],"parcel_overlap":[{"parcel_no":"689","area_m2":737.08,"warehouse_pct":49.2},{"parcel_no":"670","area_m2":631.07,"warehouse_pct":42.12},{"parcel_no":"688","area_m2":69.66,"warehouse_pct":4.65},{"parcel_no":"671","area_m2":60.42,"warehouse_pct":4.03}],"geometry_method":"area_slice_inference","cad_layer_support":"","verification_status":"needs_visual_verification","confidence":"medium","source_note":"Ajlan report unit areas + official block/parcels GeoJSON"},"geometry":{"type":"Polygon","coordinates":[[[46.82512164600007,24.558195167000065],[46.825305953125344,24.558282412725067],[46.82560134460344,24.55776149731249],[46.82541662500006,24.557674056000053],[46.82539928865427,24.55766584937067],[46.82510389634657,24.558186764716645],[46.82512164600007,24.558195167000065]]]}},{"type":"Feature","properties":{"warehouse_code":"T/47/4/2","ajlan_block_code":"T/47","block_no":47,"sequence":14,"land_area_m2":1110.28,"built_area_report_m2":1361.73,"generated_polygon_area_m2":1361.73,"side_height_m":16,"mid_height_m":18,"parcel_numbers":["690","669","689","670"],"primary_parcels":["690","669","689","670"],"parcel_overlap":[{"parcel_no":"690","area_m2":420.32,"warehouse_pct":30.87},{"parcel_no":"669","area_m2":359.56,"warehouse_pct":26.4},{"parcel_no":"689","area_m2":312.92,"warehouse_pct":22.98},{"parcel_no":"670","area_m2":268.93,"warehouse_pct":19.75}],"geometry_method":"area_slice_inference","cad_layer_support":"","verification_status":"needs_visual_verification","confidence":"medium","source_note":"Ajlan report unit areas + official block/parcels GeoJSON"},"geometry":{"type":"Polygon","coordinates":[[[46.82538463000003,24.55831965600004],[46.82548960116593,24.558369346582246],[46.82578499204385,24.55784843083784],[46.82567960800003,24.557798545000022],[46.82560134460344,24.55776149731249],[46.825305953125344,24.558282412725067],[46.82538463000003,24.55831965600004]]]}},{"type":"Feature","properties":{"warehouse_code":"T/47/4/3","ajlan_block_code":"T/47","block_no":47,"sequence":15,"land_area_m2":1110.28,"built_area_report_m2":1361.73,"generated_polygon_area_m2":1361.73,"side_height_m":16,"mid_height_m":18,"parcel_numbers":["690","669","691","668"],"primary_parcels":["690","669"],"parcel_overlap":[{"parcel_no":"690","area_m2":629.69,"warehouse_pct":46.24},{"parcel_no":"669","area_m2":540.43,"warehouse_pct":39.69},{"parcel_no":"691","area_m2":103.56,"warehouse_pct":7.6},{"parcel_no":"668","area_m2":88.06,"warehouse_pct":6.47}],"geometry_method":"area_slice_inference","cad_layer_support":"","verification_status":"needs_visual_verification","confidence":"medium","source_note":"Ajlan report unit areas + official block/parcels GeoJSON"},"geometry":{"type":"Polygon","coordinates":[[[46.82564761300006,24.558444145000067],[46.82567324921022,24.55845628047574],[46.82596863959594,24.55793536420907],[46.82594259200005,24.557923034000055],[46.82578499204385,24.55784843083784],[46.82548960116593,24.558369346582246],[46.82564761300006,24.558444145000067]]]}},{"type":"Feature","properties":{"warehouse_code":"T/47/4/4","ajlan_block_code":"T/47","block_no":47,"sequence":16,"land_area_m2":1115.55,"built_area_report_m2":1758.39,"generated_polygon_area_m2":1758.39,"side_height_m":16,"mid_height_m":18,"parcel_numbers":["691","668"],"primary_parcels":["691","668"],"parcel_overlap":[{"parcel_no":"691","area_m2":946.45,"warehouse_pct":53.82},{"parcel_no":"668","area_m2":811.94,"warehouse_pct":46.18}],"geometry_method":"area_slice_inference","cad_layer_support":"","verification_status":"needs_visual_verification","confidence":"medium","source_note":"Ajlan report unit areas + official block/parcels GeoJSON"},"geometry":{"type":"Polygon","coordinates":[[[46.82591059900006,24.558568635000032],[46.826046742000074,24.55832812200003],[46.82620557600006,24.558047523000027],[46.82596863959594,24.55793536420907],[46.82567324921022,24.55845628047574],[46.82591059900006,24.558568635000032]]]}},{"type":"Feature","properties":{"warehouse_code":"T/51/1/1","ajlan_block_code":"T/51","block_no":51,"sequence":1,"land_area_m2":1311.74,"built_area_report_m2":1999.14,"generated_polygon_area_m2":1996.67,"side_height_m":9,"mid_height_m":11,"parcel_numbers":["740","767","741","766"],"primary_parcels":["740","767"],"parcel_overlap":[{"parcel_no":"740","area_m2":1050.0,"warehouse_pct":52.59},{"parcel_no":"767","area_m2":900.0,"warehouse_pct":45.08},{"parcel_no":"741","area_m2":25.51,"warehouse_pct":1.28},{"parcel_no":"766","area_m2":21.15,"warehouse_pct":1.06}],"geometry_method":"area_slice_inference","cad_layer_support":"","verification_status":"needs_visual_verification","confidence":"medium","source_note":"Ajlan report unit areas + official block/parcels GeoJSON"},"geometry":{"type":"Polygon","coordinates":[[[46.819968396000036,24.554535732000033],[46.819832244000054,24.554776240000017],[46.82009521600003,24.554900740000047],[46.82040201800004,24.555045990000053],[46.82053816900003,24.554805481000077],[46.82054153381481,24.554799537078964],[46.81997154695681,24.554530165909387],[46.819968396000036,24.554535732000033]]]}},{"type":"Feature","properties":{"warehouse_code":"T/51/1/2","ajlan_block_code":"T/51","block_no":51,"sequence":2,"land_area_m2":1311.74,"built_area_report_m2":1608.74,"generated_polygon_area_m2":1606.75,"side_height_m":9,"mid_height_m":11,"parcel_numbers":["741","766"],"primary_parcels":["741","766"],"parcel_overlap":[{"parcel_no":"741","area_m2":865.17,"warehouse_pct":53.85},{"parcel_no":"766","area_m2":741.58,"warehouse_pct":46.15}],"geometry_method":"area_slice_inference","cad_layer_support":"","verification_status":"needs_visual_verification","confidence":"medium","source_note":"Ajlan report unit areas + official block/parcels GeoJSON"},"geometry":{"type":"Polygon","coordinates":[[[46.81997154695681,24.554530165909387],[46.82054153381481,24.554799537078964],[46.82065371783125,24.55460136447872],[46.82008373177931,24.554331993731573],[46.81997154695681,24.554530165909387]]]}},{"type":"Feature","properties":{"warehouse_code":"T/51/1/3","ajlan_block_code":"T/51","block_no":51,"sequence":3,"land_area_m2":1311.74,"built_area_report_m2":1608.74,"generated_polygon_area_m2":1606.75,"side_height_m":9,"mid_height_m":11,"parcel_numbers":["742","765","741","766"],"primary_parcels":["742","765"],"parcel_overlap":[{"parcel_no":"742","area_m2":706.28,"warehouse_pct":43.96},{"parcel_no":"765","area_m2":609.5,"warehouse_pct":37.93},{"parcel_no":"741","area_m2":153.7,"warehouse_pct":9.57},{"parcel_no":"766","area_m2":137.27,"warehouse_pct":8.54}],"geometry_method":"area_slice_inference","cad_layer_support":"","verification_status":"needs_visual_verification","confidence":"medium","source_note":"Ajlan report unit areas + official block/parcels GeoJSON"},"geometry":{"type":"Polygon","coordinates":[[[46.82066261600005,24.55453655900004],[46.82068453000005,24.554546934000026],[46.820689636000054,24.55453791500003],[46.820766687263465,24.55440180434744],[46.82019670206273,24.554132434044316],[46.82010454700003,24.554295224000047],[46.82008373177931,24.554331993731573],[46.82065371783125,24.55460136447872],[46.82065900200007,24.554592030000034],[46.820664108000074,24.554583010000044],[46.82064219400007,24.55457263500006],[46.82065240500004,24.55455459700005],[46.82066261600005,24.55453655900004]]]}},{"type":"Feature","properties":{"warehouse_code":"T/51/1/4","ajlan_block_code":"T/51","block_no":51,"sequence":4,"land_area_m2":1311.74,"built_area_report_m2":1738.74,"generated_polygon_area_m2":1736.59,"side_height_m":9,"mid_height_m":11,"parcel_numbers":["743","764","742","765"],"primary_parcels":["743","764","742","765"],"parcel_overlap":[{"parcel_no":"743","area_m2":596.99,"warehouse_pct":34.38},{"parcel_no":"764","area_m2":511.0,"warehouse_pct":29.43},{"parcel_no":"742","area_m2":338.09,"warehouse_pct":19.47},{"parcel_no":"765","area_m2":290.5,"warehouse_pct":16.73}],"geometry_method":"area_slice_inference","cad_layer_support":"","verification_status":"needs_visual_verification","confidence":"medium","source_note":"Ajlan report unit areas + official block/parcels GeoJSON"},"geometry":{"type":"Polygon","coordinates":[[[46.82081046900004,24.554324464000043],[46.82088793610272,24.554187617463633],[46.8203179520862,24.55391824776498],[46.82024069800008,24.554054716000053],[46.82019670206273,24.554132434044316],[46.820766687263465,24.55440180434744],[46.82081046900004,24.554324464000043]]]}},{"type":"Feature","properties":{"warehouse_code":"T/51/2/1","ajlan_block_code":"T/51","block_no":51,"sequence":5,"land_area_m2":1311.74,"built_area_report_m2":1738.74,"generated_polygon_area_m2":1736.59,"side_height_m":9,"mid_height_m":11,"parcel_numbers":["744","743","763","764"],"primary_parcels":["744","743","763","764"],"parcel_overlap":[{"parcel_no":"744","area_m2":482.08,"warehouse_pct":27.76},{"parcel_no":"743","area_m2":453.01,"warehouse_pct":26.09},{"parcel_no":"763","area_m2":412.5,"warehouse_pct":23.75},{"parcel_no":"764","area_m2":389.0,"warehouse_pct":22.4}],"geometry_method":"area_slice_inference","cad_layer_support":"","verification_status":"needs_visual_verification","confidence":"medium","source_note":"Ajlan report unit areas + official block/parcels GeoJSON"},"geometry":{"type":"Polygon","coordinates":[[[46.82094661800005,24.554083955000063],[46.82100918444888,24.55397343020673],[46.82043920159254,24.553704061101172],[46.82037684900007,24.55381420700007],[46.8203179520862,24.55391824776498],[46.82088793610272,24.554187617463633],[46.82094661800005,24.554083955000063]]]}},{"type":"Feature","properties":{"warehouse_code":"T/51/2/2","ajlan_block_code":"T/51","block_no":51,"sequence":6,"land_area_m2":1311.74,"built_area_report_m2":1608.74,"generated_polygon_area_m2":1606.75,"side_height_m":9,"mid_height_m":11,"parcel_numbers":["744","763","745","762"],"primary_parcels":["744","763","745","762"],"parcel_overlap":[{"parcel_no":"744","area_m2":567.92,"warehouse_pct":35.35},{"parcel_no":"763","area_m2":481.87,"warehouse_pct":29.99},{"parcel_no":"745","area_m2":303.31,"warehouse_pct":18.88},{"parcel_no":"762","area_m2":253.65,"warehouse_pct":15.79}],"geometry_method":"area_slice_inference","cad_layer_support":"","verification_status":"needs_visual_verification","confidence":"medium","source_note":"Ajlan report unit areas + official block/parcels GeoJSON"},"geometry":{"type":"Polygon","coordinates":[[[46.821082767000064,24.55384344500004],[46.82112215279198,24.55377386958081],[46.82055216963144,24.553504500373226],[46.82052831300007,24.553546643000065],[46.820523209000044,24.553555660000026],[46.820545123000045,24.553566036000063],[46.82053491200003,24.553584074000074],[46.820524701000075,24.553602112000075],[46.820502787000066,24.55359173700003],[46.82049768100006,24.553600757000023],[46.82043920159254,24.553704061101172],[46.82100918444888,24.55397343020673],[46.821082767000064,24.55384344500004]]]}},{"type":"Feature","properties":{"warehouse_code":"T/51/2/3","ajlan_block_code":"T/51","block_no":51,"sequence":7,"land_area_m2":1311.74,"built_area_report_m2":1608.74,"generated_polygon_area_m2":1606.75,"side_height_m":9,"mid_height_m":11,"parcel_numbers":["745","762","746","761"],"primary_parcels":["745","762"],"parcel_overlap":[{"parcel_no":"745","area_m2":746.7,"warehouse_pct":46.47},{"parcel_no":"762","area_m2":640.73,"warehouse_pct":39.88},{"parcel_no":"746","area_m2":118.48,"warehouse_pct":7.37},{"parcel_no":"761","area_m2":100.85,"warehouse_pct":6.28}],"geometry_method":"area_slice_inference","cad_layer_support":"","verification_status":"needs_visual_verification","confidence":"medium","source_note":"Ajlan report unit areas + official block/parcels GeoJSON"},"geometry":{"type":"Polygon","coordinates":[[[46.82121891600008,24.553602936000058],[46.82123433557501,24.553575696880216],[46.82066435320486,24.553306328087615],[46.82064914700005,24.553333190000046],[46.82055216963144,24.553504500373226],[46.82112215279198,24.55377386958081],[46.82121891600008,24.553602936000058]]]}},{"type":"Feature","properties":{"warehouse_code":"T/51/2/4","ajlan_block_code":"T/51","block_no":51,"sequence":8,"land_area_m2":1311.74,"built_area_report_m2":1738.74,"generated_polygon_area_m2":1736.59,"side_height_m":9,"mid_height_m":11,"parcel_numbers":["746","761","747","760"],"primary_parcels":["746","761"],"parcel_overlap":[{"parcel_no":"746","area_m2":931.52,"warehouse_pct":53.64},{"parcel_no":"761","area_m2":799.15,"warehouse_pct":46.02},{"parcel_no":"747","area_m2":3.56,"warehouse_pct":0.21},{"parcel_no":"760","area_m2":2.35,"warehouse_pct":0.14}],"geometry_method":"area_slice_inference","cad_layer_support":"","verification_status":"needs_visual_verification","confidence":"medium","source_note":"Ajlan report unit areas + official block/parcels GeoJSON"},"geometry":{"type":"Polygon","coordinates":[[[46.821355063000055,24.553362428000067],[46.82135558280792,24.553361509737197],[46.82078560142681,24.553092141456805],[46.820785296000054,24.553092681000063],[46.82066435320486,24.553306328087615],[46.82123433557501,24.553575696880216],[46.821355063000055,24.553362428000067]]]}},{"type":"Feature","properties":{"warehouse_code":"T/51/3/1","ajlan_block_code":"T/51","block_no":51,"sequence":9,"land_area_m2":1311.74,"built_area_report_m2":1738.74,"generated_polygon_area_m2":1736.59,"side_height_m":9,"mid_height_m":11,"parcel_numbers":["747","760"],"primary_parcels":["747","760"],"parcel_overlap":[{"parcel_no":"747","area_m2":935.09,"warehouse_pct":53.85},{"parcel_no":"760","area_m2":801.5,"warehouse_pct":46.15}],"geometry_method":"area_slice_inference","cad_layer_support":"","verification_status":"needs_visual_verification","confidence":"medium","source_note":"Ajlan report unit areas + official block/parcels GeoJSON"},"geometry":{"type":"Polygon","coordinates":[[[46.82147682929775,24.55314732222482],[46.820906848997616,24.552877954500055],[46.82078560142681,24.553092141456805],[46.82135558280792,24.553361509737197],[46.82147682929775,24.55314732222482]]]}},{"type":"Feature","properties":{"warehouse_code":"T/51/3/2","ajlan_block_code":"T/51","block_no":51,"sequence":10,"land_area_m2":1311.74,"built_area_report_m2":1608.74,"generated_polygon_area_m2":1606.75,"side_height_m":9,"mid_height_m":11,"parcel_numbers":["748","759","747","760"],"primary_parcels":["748","759"],"parcel_overlap":[{"parcel_no":"748","area_m2":753.82,"warehouse_pct":46.92},{"parcel_no":"759","area_m2":645.42,"warehouse_pct":40.17},{"parcel_no":"747","area_m2":111.35,"warehouse_pct":6.93},{"parcel_no":"760","area_m2":96.15,"warehouse_pct":5.98}],"geometry_method":"area_slice_inference","cad_layer_support":"","verification_status":"needs_visual_verification","confidence":"medium","source_note":"Ajlan report unit areas + official block/parcels GeoJSON"},"geometry":{"type":"Polygon","coordinates":[[[46.82149121000003,24.553121918000045],[46.82158901087062,24.552949149036202],[46.82101903100369,24.552679781557593],[46.820921444000085,24.55285217200003],[46.820906848997616,24.552877954500055],[46.82147682929775,24.55314732222482],[46.82149121000003,24.553121918000045]]]}},{"type":"Feature","properties":{"warehouse_code":"T/51/3/3","ajlan_block_code":"T/51","block_no":51,"sequence":11,"land_area_m2":1311.74,"built_area_report_m2":1608.74,"generated_polygon_area_m2":1606.75,"side_height_m":9,"mid_height_m":11,"parcel_numbers":["749","758","748","759"],"primary_parcels":["749","758","748","759"],"parcel_overlap":[{"parcel_no":"749","area_m2":568.99,"warehouse_pct":35.41},{"parcel_no":"758","area_m2":487.0,"warehouse_pct":30.31},{"parcel_no":"748","area_m2":296.18,"warehouse_pct":18.43},{"parcel_no":"759","area_m2":254.58,"warehouse_pct":15.84}],"geometry_method":"area_slice_inference","cad_layer_support":"","verification_status":"needs_visual_verification","confidence":"medium","source_note":"Ajlan report unit areas + official block/parcels GeoJSON"},"geometry":{"type":"Polygon","coordinates":[[[46.82162735700007,24.552881409000065],[46.82170119197717,24.552750975788616],[46.8211312130726,24.552481608806236],[46.821057591000056,24.55261166400004],[46.82101903100369,24.552679781557593],[46.82158901087062,24.552949149036202],[46.82162735700007,24.552881409000065]]]}},{"type":"Feature","properties":{"warehouse_code":"T/51/3/4","ajlan_block_code":"T/51","block_no":51,"sequence":12,"land_area_m2":1311.74,"built_area_report_m2":1738.74,"generated_polygon_area_m2":1736.59,"side_height_m":9,"mid_height_m":11,"parcel_numbers":["749","750","758","757"],"primary_parcels":["749","750","758","757"],"parcel_overlap":[{"parcel_no":"749","area_m2":481.01,"warehouse_pct":27.7},{"parcel_no":"750","area_m2":454.08,"warehouse_pct":26.15},{"parcel_no":"758","area_m2":413.0,"warehouse_pct":23.78},{"parcel_no":"757","area_m2":388.5,"warehouse_pct":22.37}],"geometry_method":"area_slice_inference","cad_layer_support":"","verification_status":"needs_visual_verification","confidence":"medium","source_note":"Ajlan report unit areas + official block/parcels GeoJSON"},"geometry":{"type":"Polygon","coordinates":[[[46.821763503000064,24.552640900000025],[46.8218224378742,24.552536788162353],[46.82125245979654,24.552267421615532],[46.82119373900008,24.552371155000056],[46.8211312130726,24.552481608806236],[46.82170119197717,24.552750975788616],[46.821763503000064,24.552640900000025]]]}},{"type":"Feature","properties":{"warehouse_code":"T/51/4/1","ajlan_block_code":"T/51","block_no":51,"sequence":13,"land_area_m2":1311.74,"built_area_report_m2":1738.74,"generated_polygon_area_m2":1736.59,"side_height_m":9,"mid_height_m":11,"parcel_numbers":["750","757","751","756"],"primary_parcels":["750","757","751","756"],"parcel_overlap":[{"parcel_no":"750","area_m2":595.92,"warehouse_pct":34.32},{"parcel_no":"757","area_m2":505.87,"warehouse_pct":29.13},{"parcel_no":"751","area_m2":345.22,"warehouse_pct":19.88},{"parcel_no":"756","area_m2":289.57,"warehouse_pct":16.67}],"geometry_method":"area_slice_inference","cad_layer_support":"","verification_status":"needs_visual_verification","confidence":"medium","source_note":"Ajlan report unit areas + official block/parcels GeoJSON"},"geometry":{"type":"Polygon","coordinates":[[[46.82189964900005,24.552400390000056],[46.82194446894805,24.552321213006163],[46.82137449192871,24.552051847004538],[46.82134520200003,24.552103589000065],[46.821340097000075,24.552112607000026],[46.821362011000076,24.552122982000068],[46.82135180000006,24.552141020000075],[46.82134158800005,24.552159058000022],[46.82131967500004,24.552148683000034],[46.82131456800005,24.55215770400002],[46.82125245979654,24.552267421615532],[46.8218224378742,24.552536788162353],[46.82189964900005,24.552400390000056]]]}},{"type":"Feature","properties":{"warehouse_code":"T/51/4/2","ajlan_block_code":"T/51","block_no":51,"sequence":14,"land_area_m2":1311.74,"built_area_report_m2":1608.74,"generated_polygon_area_m2":1606.75,"side_height_m":9,"mid_height_m":11,"parcel_numbers":["751","756","752","755"],"primary_parcels":["751","756"],"parcel_overlap":[{"parcel_no":"751","area_m2":704.78,"warehouse_pct":43.86},{"parcel_no":"756","area_m2":604.8,"warehouse_pct":37.64},{"parcel_no":"752","area_m2":160.39,"warehouse_pct":9.98},{"parcel_no":"755","area_m2":136.77,"warehouse_pct":8.51}],"geometry_method":"area_slice_inference","cad_layer_support":"","verification_status":"needs_visual_verification","confidence":"medium","source_note":"Ajlan report unit areas + official block/parcels GeoJSON"},"geometry":{"type":"Polygon","coordinates":[[[46.82203579500004,24.552159880000033],[46.82205664928124,24.552123039465712],[46.821486672846135,24.551853673781594],[46.821466032000046,24.551890137000044],[46.82137449192871,24.552051847004538],[46.82194446894805,24.552321213006163],[46.82203579500004,24.552159880000033]]]}},{"type":"Feature","properties":{"warehouse_code":"T/51/4/3","ajlan_block_code":"T/51","block_no":51,"sequence":15,"land_area_m2":1311.74,"built_area_report_m2":1608.74,"generated_polygon_area_m2":1606.75,"side_height_m":9,"mid_height_m":11,"parcel_numbers":["752","755"],"primary_parcels":["752","755"],"parcel_overlap":[{"parcel_no":"752","area_m2":865.18,"warehouse_pct":53.85},{"parcel_no":"755","area_m2":741.57,"warehouse_pct":46.15}],"geometry_method":"area_slice_inference","cad_layer_support":"","verification_status":"needs_visual_verification","confidence":"medium","source_note":"Ajlan report unit areas + official block/parcels GeoJSON"},"geometry":{"type":"Polygon","coordinates":[[[46.82216882902068,24.551924865781228],[46.82159885321772,24.551655500437256],[46.821486672846135,24.551853673781594],[46.82205664928124,24.552123039465712],[46.82216882902068,24.551924865781228]]]}},{"type":"Feature","properties":{"warehouse_code":"T/51/4/4","ajlan_block_code":"T/51","block_no":51,"sequence":16,"land_area_m2":1290.68,"built_area_report_m2":1948.5,"generated_polygon_area_m2":1946.09,"side_height_m":9,"mid_height_m":11,"parcel_numbers":["753","754","752","755"],"primary_parcels":["753","754"],"parcel_overlap":[{"parcel_no":"753","area_m2":1050.0,"warehouse_pct":53.95},{"parcel_no":"754","area_m2":850.0,"warehouse_pct":43.68},{"parcel_no":"752","area_m2":24.44,"warehouse_pct":1.26},{"parcel_no":"755","area_m2":21.65,"warehouse_pct":1.11}],"geometry_method":"area_slice_inference","cad_layer_support":"","verification_status":"needs_visual_verification","confidence":"medium","source_note":"Ajlan report unit areas + official block/parcels GeoJSON"},"geometry":{"type":"Polygon","coordinates":[[[46.82217194000003,24.55191937000006],[46.82230808400004,24.551678861000028],[46.82200128900007,24.55153361400004],[46.82182597900004,24.551450617000054],[46.82169294100004,24.551489288000027],[46.821602178000035,24.55164962700007],[46.82159885321772,24.551655500437256],[46.82216882902068,24.551924865781228],[46.82217194000003,24.55191937000006]]]}},{"type":"Feature","properties":{"warehouse_code":"T/52/1/1","ajlan_block_code":"T/52","block_no":52,"sequence":1,"land_area_m2":1311.75,"built_area_report_m2":2006.75,"generated_polygon_area_m2":2005.78,"side_height_m":9,"mid_height_m":11,"parcel_numbers":["768","793"],"primary_parcels":["768","793"],"parcel_overlap":[{"parcel_no":"768","area_m2":1079.65,"warehouse_pct":53.83},{"parcel_no":"793","area_m2":926.12,"warehouse_pct":46.17}],"geometry_method":"area_slice_inference","cad_layer_support":"","verification_status":"needs_visual_verification","confidence":"medium","source_note":"Ajlan report unit areas + official block/parcels GeoJSON"},"geometry":{"type":"Polygon","coordinates":[[[46.82091615300004,24.55462863600007],[46.82078000400003,24.554869145000055],[46.820621161000076,24.55514973800007],[46.82089145042576,24.555277699637973],[46.82118685433662,24.5547567925992],[46.82091615300004,24.55462863600007]]]}},{"type":"Feature","properties":{"warehouse_code":"T/52/1/2","ajlan_block_code":"T/52","block_no":52,"sequence":2,"land_area_m2":1311.75,"built_area_report_m2":1638.75,"generated_polygon_area_m2":1637.95,"side_height_m":9,"mid_height_m":11,"parcel_numbers":["769","792","768","793"],"primary_parcels":["769","792"],"parcel_overlap":[{"parcel_no":"769","area_m2":736.63,"warehouse_pct":44.97},{"parcel_no":"792","area_m2":632.1,"warehouse_pct":38.59},{"parcel_no":"768","area_m2":145.35,"warehouse_pct":8.87},{"parcel_no":"793","area_m2":123.87,"warehouse_pct":7.56}],"geometry_method":"area_slice_inference","cad_layer_support":"","verification_status":"needs_visual_verification","confidence":"medium","source_note":"Ajlan report unit areas + official block/parcels GeoJSON"},"geometry":{"type":"Polygon","coordinates":[[[46.82122295400006,24.554773883000056],[46.82118685433662,24.5547567925992],[46.82089145042576,24.555277699637973],[46.82092796400008,24.555294986000035],[46.821112342255354,24.555382275298612],[46.82140774528627,24.55486136813984],[46.82122295400006,24.554773883000056]]]}},{"type":"Feature","properties":{"warehouse_code":"T/52/1/3","ajlan_block_code":"T/52","block_no":52,"sequence":3,"land_area_m2":1311.75,"built_area_report_m2":1638.75,"generated_polygon_area_m2":1637.95,"side_height_m":9,"mid_height_m":11,"parcel_numbers":["770","769","791","792"],"primary_parcels":["770","769","791","792"],"parcel_overlap":[{"parcel_no":"770","area_m2":463.6,"warehouse_pct":28.3},{"parcel_no":"769","area_m2":418.37,"warehouse_pct":25.54},{"parcel_no":"791","area_m2":398.08,"warehouse_pct":24.3},{"parcel_no":"792","area_m2":357.9,"warehouse_pct":21.85}],"geometry_method":"area_slice_inference","cad_layer_support":"","verification_status":"needs_visual_verification","confidence":"medium","source_note":"Ajlan report unit areas + official block/parcels GeoJSON"},"geometry":{"type":"Polygon","coordinates":[[[46.82151222400006,24.554910831000026],[46.82140774528627,24.55486136813984],[46.821112342255354,24.555382275298612],[46.82121723500006,24.555431934000072],[46.821333234362534,24.555486850943726],[46.82162863669997,24.55496594333616],[46.82151222400006,24.554910831000026]]]}},{"type":"Feature","properties":{"warehouse_code":"T/52/1/4","ajlan_block_code":"T/52","block_no":52,"sequence":4,"land_area_m2":1311.75,"built_area_report_m2":1740.75,"generated_polygon_area_m2":1739.9,"side_height_m":9,"mid_height_m":11,"parcel_numbers":["770","791","771","790"],"primary_parcels":["770","791","771","790"],"parcel_overlap":[{"parcel_no":"770","area_m2":685.77,"warehouse_pct":39.41},{"parcel_no":"791","area_m2":591.91,"warehouse_pct":34.02},{"parcel_no":"771","area_m2":245.91,"warehouse_pct":14.13},{"parcel_no":"790","area_m2":216.31,"warehouse_pct":12.43}],"geometry_method":"area_slice_inference","cad_layer_support":"","verification_status":"needs_visual_verification","confidence":"medium","source_note":"Ajlan report unit areas + official block/parcels GeoJSON"},"geometry":{"type":"Polygon","coordinates":[[[46.821801495000045,24.555047778000066],[46.82162863669997,24.55496594333616],[46.821333234362534,24.555486850943726],[46.821476922000045,24.55555487600003],[46.821486784000065,24.555559544000054],[46.82149812900008,24.555539502000045],[46.821517852000056,24.555548839000032],[46.821537576000026,24.55555817600003],[46.821526230000075,24.555578219000036],[46.82153609200003,24.555582888000057],[46.82156939298355,24.555598653199805],[46.82186479458045,24.555077745110836],[46.821801495000045,24.555047778000066]]]}},{"type":"Feature","properties":{"warehouse_code":"T/52/2/1","ajlan_block_code":"T/52","block_no":52,"sequence":5,"land_area_m2":1311.75,"built_area_report_m2":1740.75,"generated_polygon_area_m2":1739.9,"side_height_m":9,"mid_height_m":11,"parcel_numbers":["771","790","772","789"],"primary_parcels":["771","790"],"parcel_overlap":[{"parcel_no":"771","area_m2":903.47,"warehouse_pct":51.93},{"parcel_no":"790","area_m2":773.69,"warehouse_pct":44.47},{"parcel_no":"772","area_m2":33.41,"warehouse_pct":1.92},{"parcel_no":"789","area_m2":29.34,"warehouse_pct":1.69}],"geometry_method":"area_slice_inference","cad_layer_support":"","verification_status":"needs_visual_verification","confidence":"medium","source_note":"Ajlan report unit areas + official block/parcels GeoJSON"},"geometry":{"type":"Polygon","coordinates":[[[46.82209076700008,24.55518472400006],[46.82186479458045,24.555077745110836],[46.82156939298355,24.555598653199805],[46.821795780000066,24.55570582800004],[46.82180403528004,24.555709736194043],[46.822099435946036,24.555188827970827],[46.82209076700008,24.55518472400006]]]}},{"type":"Feature","properties":{"warehouse_code":"T/52/2/2","ajlan_block_code":"T/52","block_no":52,"sequence":6,"land_area_m2":1311.75,"built_area_report_m2":1638.75,"generated_polygon_area_m2":1637.95,"side_height_m":9,"mid_height_m":11,"parcel_numbers":["772","789"],"primary_parcels":["772","789"],"parcel_overlap":[{"parcel_no":"772","area_m2":881.98,"warehouse_pct":53.85},{"parcel_no":"789","area_m2":755.98,"warehouse_pct":46.15}],"geometry_method":"area_slice_inference","cad_layer_support":"","verification_status":"needs_visual_verification","confidence":"medium","source_note":"Ajlan report unit areas + official block/parcels GeoJSON"},"geometry":{"type":"Polygon","coordinates":[[[46.822099435946036,24.555188827970827],[46.82180403528004,24.555709736194043],[46.82202492832597,24.555814310561686],[46.82232032892779,24.55529340077986],[46.822099435946036,24.555188827970827]]]}},{"type":"Feature","properties":{"warehouse_code":"T/52/2/3","ajlan_block_code":"T/52","block_no":52,"sequence":7,"land_area_m2":1311.75,"built_area_report_m2":1638.75,"generated_polygon_area_m2":1637.95,"side_height_m":9,"mid_height_m":11,"parcel_numbers":["773","788","772","789"],"primary_parcels":["773","788","772","789"],"parcel_overlap":[{"parcel_no":"773","area_m2":642.36,"warehouse_pct":39.22},{"parcel_no":"788","area_m2":551.3,"warehouse_pct":33.66},{"parcel_no":"772","area_m2":239.62,"warehouse_pct":14.63},{"parcel_no":"789","area_m2":204.68,"warehouse_pct":12.5}],"geometry_method":"area_slice_inference","cad_layer_support":"","verification_status":"needs_visual_verification","confidence":"medium","source_note":"Ajlan report unit areas + official block/parcels GeoJSON"},"geometry":{"type":"Polygon","coordinates":[[[46.82238003900005,24.55532166800003],[46.82232032892779,24.55529340077986],[46.82202492832597,24.555814310561686],[46.822085052000034,24.555842774000038],[46.82224582172653,24.555918883991186],[46.82254122139959,24.555397974175328],[46.82238003900005,24.55532166800003]]]}},{"type":"Feature","properties":{"warehouse_code":"T/52/2/4","ajlan_block_code":"T/52","block_no":52,"sequence":8,"land_area_m2":1311.75,"built_area_report_m2":1740.75,"generated_polygon_area_m2":1739.9,"side_height_m":9,"mid_height_m":11,"parcel_numbers":["773","788","774","787"],"primary_parcels":["773","788","774","787"],"parcel_overlap":[{"parcel_no":"773","area_m2":512.64,"warehouse_pct":29.46},{"parcel_no":"788","area_m2":438.7,"warehouse_pct":25.21},{"parcel_no":"774","area_m2":424.23,"warehouse_pct":24.38},{"parcel_no":"787","area_m2":364.33,"warehouse_pct":20.94}],"geometry_method":"area_slice_inference","cad_layer_support":"","verification_status":"needs_visual_verification","confidence":"medium","source_note":"Ajlan report unit areas + official block/parcels GeoJSON"},"geometry":{"type":"Polygon","coordinates":[[[46.82266931200007,24.55545861400003],[46.82254122139959,24.555397974175328],[46.82224582172653,24.555918883991186],[46.822374326000045,24.555979719000046],[46.82248046491049,24.556029965980535],[46.82277586350763,24.5555090562861],[46.82266931200007,24.55545861400003]]]}},{"type":"Feature","properties":{"warehouse_code":"T/52/3/1","ajlan_block_code":"T/52","block_no":52,"sequence":9,"land_area_m2":1311.75,"built_area_report_m2":1740.75,"generated_polygon_area_m2":1739.9,"side_height_m":9,"mid_height_m":11,"parcel_numbers":["774","787","775","786"],"primary_parcels":["774","787","775","786"],"parcel_overlap":[{"parcel_no":"774","area_m2":660.77,"warehouse_pct":37.98},{"parcel_no":"787","area_m2":565.66,"warehouse_pct":32.51},{"parcel_no":"775","area_m2":276.1,"warehouse_pct":15.87},{"parcel_no":"786","area_m2":237.37,"warehouse_pct":13.64}],"geometry_method":"area_slice_inference","cad_layer_support":"","verification_status":"needs_visual_verification","confidence":"medium","source_note":"Ajlan report unit areas + official block/parcels GeoJSON"},"geometry":{"type":"Polygon","coordinates":[[[46.82277586350763,24.5555090562861],[46.82248046491049,24.556029965980535],[46.82264606900003,24.556108364000064],[46.82271510836463,24.556141047902535],[46.82301050635024,24.555620137510573],[46.82294105300008,24.555587258000063],[46.82277586350763,24.5555090562861]]]}},{"type":"Feature","properties":{"warehouse_code":"T/52/3/2","ajlan_block_code":"T/52","block_no":52,"sequence":10,"land_area_m2":1311.75,"built_area_report_m2":1638.75,"generated_polygon_area_m2":1637.95,"side_height_m":9,"mid_height_m":11,"parcel_numbers":["775","786","776","785"],"primary_parcels":["775","786"],"parcel_overlap":[{"parcel_no":"775","area_m2":808.9,"warehouse_pct":49.38},{"parcel_no":"786","area_m2":692.63,"warehouse_pct":42.29},{"parcel_no":"776","area_m2":73.08,"warehouse_pct":4.46},{"parcel_no":"785","area_m2":63.34,"warehouse_pct":3.87}],"geometry_method":"area_slice_inference","cad_layer_support":"","verification_status":"needs_visual_verification","confidence":"medium","source_note":"Ajlan report unit areas + official block/parcels GeoJSON"},"geometry":{"type":"Polygon","coordinates":[[[46.82291781100008,24.556237009000025],[46.82293600259651,24.556245620885193],[46.82323140026733,24.55572470937644],[46.823212796000064,24.555715902000035],[46.82301050635024,24.555620137510573],[46.82271510836463,24.556141047902535],[46.82291781100008,24.556237009000025]]]}},{"type":"Feature","properties":{"warehouse_code":"T/52/3/3","ajlan_block_code":"T/52","block_no":52,"sequence":11,"land_area_m2":1311.75,"built_area_report_m2":1638.75,"generated_polygon_area_m2":1637.95,"side_height_m":9,"mid_height_m":11,"parcel_numbers":["776","785"],"primary_parcels":["776","785"],"parcel_overlap":[{"parcel_no":"776","area_m2":881.98,"warehouse_pct":53.85},{"parcel_no":"785","area_m2":755.98,"warehouse_pct":46.15}],"geometry_method":"area_slice_inference","cad_layer_support":"","verification_status":"needs_visual_verification","confidence":"medium","source_note":"Ajlan report unit areas + official block/parcels GeoJSON"},"geometry":{"type":"Polygon","coordinates":[[[46.82315689805484,24.556350192316458],[46.82345229427118,24.555829281700696],[46.82323140026733,24.55572470937644],[46.82293600259651,24.556245620885193],[46.82315689805484,24.556350192316458]]]}},{"type":"Feature","properties":{"warehouse_code":"T/52/3/4","ajlan_block_code":"T/52","block_no":52,"sequence":12,"land_area_m2":1311.75,"built_area_report_m2":1740.75,"generated_polygon_area_m2":1739.9,"side_height_m":9,"mid_height_m":11,"parcel_numbers":["777","784","776","785"],"primary_parcels":["777","784"],"parcel_overlap":[{"parcel_no":"777","area_m2":806.93,"warehouse_pct":46.38},{"parcel_no":"784","area_m2":692.35,"warehouse_pct":39.79},{"parcel_no":"776","area_m2":129.95,"warehouse_pct":7.47},{"parcel_no":"785","area_m2":110.68,"warehouse_pct":6.36}],"geometry_method":"area_slice_inference","cad_layer_support":"","verification_status":"needs_visual_verification","confidence":"medium","source_note":"Ajlan report unit areas + official block/parcels GeoJSON"},"geometry":{"type":"Polygon","coordinates":[[[46.823189555000056,24.55636565200007],[46.823391542665604,24.5564612733251],[46.82368693831692,24.55594036192972],[46.82348453800006,24.55584454600006],[46.82345229427118,24.555829281700696],[46.82315689805484,24.556350192316458],[46.823189555000056,24.55636565200007]]]}},{"type":"Feature","properties":{"warehouse_code":"T/52/4/1","ajlan_block_code":"T/52","block_no":52,"sequence":13,"land_area_m2":1311.75,"built_area_report_m2":1740.75,"generated_polygon_area_m2":1739.9,"side_height_m":9,"mid_height_m":11,"parcel_numbers":["778","783","777","784"],"primary_parcels":["778","783","777","784"],"parcel_overlap":[{"parcel_no":"778","area_m2":658.8,"warehouse_pct":37.86},{"parcel_no":"783","area_m2":565.39,"warehouse_pct":32.5},{"parcel_no":"777","area_m2":278.07,"warehouse_pct":15.98},{"parcel_no":"784","area_m2":237.64,"warehouse_pct":13.66}],"geometry_method":"area_slice_inference","cad_layer_support":"","verification_status":"needs_visual_verification","confidence":"medium","source_note":"Ajlan report unit areas + official block/parcels GeoJSON"},"geometry":{"type":"Polygon","coordinates":[[[46.82346129900003,24.556494296000036],[46.823626187518904,24.556572353660275],[46.82392158263446,24.556051441433652],[46.82375628200003,24.555973189000046],[46.82368693831692,24.55594036192972],[46.823391542665604,24.5564612733251],[46.82346129900003,24.556494296000036]]]}},{"type":"Feature","properties":{"warehouse_code":"T/52/4/2","ajlan_block_code":"T/52","block_no":52,"sequence":14,"land_area_m2":1311.75,"built_area_report_m2":1638.75,"generated_polygon_area_m2":1637.95,"side_height_m":9,"mid_height_m":11,"parcel_numbers":["779","778","782","783"],"primary_parcels":["779","778","782","783"],"parcel_overlap":[{"parcel_no":"779","area_m2":455.77,"warehouse_pct":27.83},{"parcel_no":"778","area_m2":426.2,"warehouse_pct":26.02},{"parcel_no":"782","area_m2":391.37,"warehouse_pct":23.89},{"parcel_no":"783","area_m2":364.61,"warehouse_pct":22.26}],"geometry_method":"area_slice_inference","cad_layer_support":"","verification_status":"needs_visual_verification","confidence":"medium","source_note":"Ajlan report unit areas + official block/parcels GeoJSON"},"geometry":{"type":"Polygon","coordinates":[[[46.82373304400005,24.556622939000075],[46.82384708363115,24.556676924581726],[46.8241424780029,24.556156011994787],[46.824028026000065,24.556101831000035],[46.82392158263446,24.556051441433652],[46.823626187518904,24.556572353660275],[46.82373304400005,24.556622939000075]]]}},{"type":"Feature","properties":{"warehouse_code":"T/52/4/3","ajlan_block_code":"T/52","block_no":52,"sequence":15,"land_area_m2":1311.75,"built_area_report_m2":1638.75,"generated_polygon_area_m2":1637.95,"side_height_m":9,"mid_height_m":11,"parcel_numbers":["779","782","780","781"],"primary_parcels":["779","782","780","781"],"parcel_overlap":[{"parcel_no":"779","area_m2":629.23,"warehouse_pct":38.42},{"parcel_no":"782","area_m2":538.63,"warehouse_pct":32.88},{"parcel_no":"780","area_m2":252.75,"warehouse_pct":15.43},{"parcel_no":"781","area_m2":217.35,"warehouse_pct":13.27}],"geometry_method":"area_slice_inference","cad_layer_support":"","verification_status":"needs_visual_verification","confidence":"medium","source_note":"Ajlan report unit areas + official block/parcels GeoJSON"},"geometry":{"type":"Polygon","coordinates":[[[46.82400478900007,24.55675158100007],[46.8240679802345,24.556781495166053],[46.82436337364627,24.55626058259999],[46.82429977000004,24.556230473000024],[46.8241424780029,24.556156011994787],[46.82384708363115,24.556676924581726],[46.82400478900007,24.55675158100007]]]}},{"type":"Feature","properties":{"warehouse_code":"T/52/4/4","ajlan_block_code":"T/52","block_no":52,"sequence":16,"land_area_m2":1311.75,"built_area_report_m2":1740.75,"generated_polygon_area_m2":1739.9,"side_height_m":9,"mid_height_m":11,"parcel_numbers":["780","781"],"primary_parcels":["780","781"],"parcel_overlap":[{"parcel_no":"780","area_m2":937.25,"warehouse_pct":53.87},{"parcel_no":"781","area_m2":802.65,"warehouse_pct":46.13}],"geometry_method":"area_slice_inference","cad_layer_support":"","verification_status":"needs_visual_verification","confidence":"medium","source_note":"Ajlan report unit areas + official block/parcels GeoJSON"},"geometry":{"type":"Polygon","coordinates":[[[46.82430283300005,24.556892672000053],[46.82446166900007,24.556612075000032],[46.824597812000036,24.556371564000074],[46.82436337364627,24.55626058259999],[46.8240679802345,24.556781495166053],[46.82430283300005,24.556892672000053]]]}},{"type":"Feature","properties":{"warehouse_code":"T/54/1/1","ajlan_block_code":"T/54","block_no":54,"sequence":1,"land_area_m2":1871.86,"built_area_report_m2":2700.0,"generated_polygon_area_m2":2700.03,"side_height_m":12,"mid_height_m":14,"parcel_numbers":["827","822","826","823"],"primary_parcels":["827","822","826","823"],"parcel_overlap":[{"parcel_no":"827","area_m2":900.04,"warehouse_pct":33.33},{"parcel_no":"822","area_m2":900.01,"warehouse_pct":33.33},{"parcel_no":"826","area_m2":450.35,"warehouse_pct":16.68},{"parcel_no":"823","area_m2":449.63,"warehouse_pct":16.65}],"geometry_method":"area_slice_inference","cad_layer_support":"","verification_status":"needs_visual_verification","confidence":"medium","source_note":"Ajlan report unit areas + official block/parcels GeoJSON"},"geometry":{"type":"Polygon","coordinates":[[[46.824614276000034,24.556735144000072],[46.82447815300003,24.556975667000067],[46.82474113100005,24.557100163000026],[46.825004103000026,24.557224668000057],[46.825140237000035,24.556984127000085],[46.825208407051015,24.556863677473853],[46.82468222685085,24.556615078633346],[46.824614276000034,24.556735144000072]]]}},{"type":"Feature","properties":{"warehouse_code":"T/54/1/2","ajlan_block_code":"T/54","block_no":54,"sequence":2,"land_area_m2":1871.86,"built_area_report_m2":2700.0,"generated_polygon_area_m2":2700.03,"side_height_m":12,"mid_height_m":14,"parcel_numbers":["825","824","823","826"],"primary_parcels":["825","824","823","826"],"parcel_overlap":[{"parcel_no":"825","area_m2":900.0,"warehouse_pct":33.33},{"parcel_no":"824","area_m2":900.0,"warehouse_pct":33.33},{"parcel_no":"823","area_m2":450.37,"warehouse_pct":16.68},{"parcel_no":"826","area_m2":449.66,"warehouse_pct":16.65}],"geometry_method":"area_slice_inference","cad_layer_support":"","verification_status":"needs_visual_verification","confidence":"medium","source_note":"Ajlan report unit areas + official block/parcels GeoJSON"},"geometry":{"type":"Polygon","coordinates":[[[46.82488652100005,24.556254100000043],[46.82475039900004,24.556494622000052],[46.82468222685085,24.556615078633346],[46.825208407051015,24.556863677473853],[46.82527636300006,24.556743606000055],[46.82541247800003,24.556503080000027],[46.825149500000066,24.556378591000062],[46.82488652100005,24.556254100000043]]]}},{"type":"Feature","properties":{"warehouse_code":"T/76/1/1","ajlan_block_code":"T/76","block_no":76,"sequence":1,"land_area_m2":1409.7,"built_area_report_m2":2124.77,"generated_polygon_area_m2":2124.71,"side_height_m":9,"mid_height_m":11,"parcel_numbers":["1334","1333"],"primary_parcels":["1334","1333"],"parcel_overlap":[{"parcel_no":"1334","area_m2":1093.24,"warehouse_pct":51.45},{"parcel_no":"1333","area_m2":1031.46,"warehouse_pct":48.55}],"geometry_method":"area_slice_inference","cad_layer_support":"","verification_status":"needs_visual_verification","confidence":"medium","source_note":"Ajlan report unit areas + official block/parcels GeoJSON"},"geometry":{"type":"Polygon","coordinates":[[[46.83505300600007,24.554695599000066],[46.834783766000044,24.55488874800005],[46.83451154400007,24.55508403600004],[46.83467308563928,24.555294932886433],[46.83523898254723,24.554932365272084],[46.83523385600006,24.55492567300007],[46.835144151000065,24.554810070000034],[46.83505300600007,24.554695599000066]]]}},{"type":"Feature","properties":{"warehouse_code":"T/76/1/2","ajlan_block_code":"T/76","block_no":76,"sequence":2,"land_area_m2":1301.63,"built_area_report_m2":1574.86,"generated_polygon_area_m2":1574.81,"side_height_m":9,"mid_height_m":11,"parcel_numbers":["1335","1332","1333","1334"],"primary_parcels":["1335","1332"],"parcel_overlap":[{"parcel_no":"1335","area_m2":777.51,"warehouse_pct":49.37},{"parcel_no":"1332","area_m2":777.43,"warehouse_pct":49.37},{"parcel_no":"1333","area_m2":9.97,"warehouse_pct":0.63},{"parcel_no":"1334","area_m2":9.9,"warehouse_pct":0.63}],"geometry_method":"area_slice_inference","cad_layer_support":"","verification_status":"needs_visual_verification","confidence":"medium","source_note":"Ajlan report unit areas + official block/parcels GeoJSON"},"geometry":{"type":"Polygon","coordinates":[[[46.834674705000054,24.555297047000064],[46.834800498445,24.555461274386346],[46.83536639616875,24.55509870595667],[46.835240578000025,24.554934448000033],[46.83523898254723,24.554932365272084],[46.83467308563928,24.555294932886433],[46.834674705000054,24.555297047000064]]]}},{"type":"Feature","properties":{"warehouse_code":"T/76/1/3","ajlan_block_code":"T/76","block_no":76,"sequence":3,"land_area_m2":1301.63,"built_area_report_m2":1574.88,"generated_polygon_area_m2":1574.83,"side_height_m":9,"mid_height_m":11,"parcel_numbers":["1336","1331","1332","1335"],"primary_parcels":["1336","1331","1332","1335"],"parcel_overlap":[{"parcel_no":"1336","area_m2":514.93,"warehouse_pct":32.7},{"parcel_no":"1331","area_m2":514.85,"warehouse_pct":32.69},{"parcel_no":"1332","area_m2":272.56,"warehouse_pct":17.31},{"parcel_no":"1335","area_m2":272.49,"warehouse_pct":17.3}],"geometry_method":"area_slice_inference","cad_layer_support":"","verification_status":"needs_visual_verification","confidence":"medium","source_note":"Ajlan report unit areas + official block/parcels GeoJSON"},"geometry":{"type":"Polygon","coordinates":[[[46.83484460900007,24.555518862000042],[46.83492791282973,24.555627617890973],[46.835493811543444,24.55526504853436],[46.83541048300003,24.555156262000025],[46.83536639616875,24.55509870595667],[46.834800498445,24.555461274386346],[46.83484460900007,24.555518862000042]]]}},{"type":"Feature","properties":{"warehouse_code":"T/76/1/4","ajlan_block_code":"T/76","block_no":76,"sequence":4,"land_area_m2":1301.63,"built_area_report_m2":1574.89,"generated_polygon_area_m2":1574.84,"side_height_m":9,"mid_height_m":11,"parcel_numbers":["1331","1336","1337","1330"],"primary_parcels":["1331","1336","1337","1330"],"parcel_overlap":[{"parcel_no":"1331","area_m2":535.15,"warehouse_pct":33.98},{"parcel_no":"1336","area_m2":535.07,"warehouse_pct":33.98},{"parcel_no":"1337","area_m2":252.35,"warehouse_pct":16.02},{"parcel_no":"1330","area_m2":252.27,"warehouse_pct":16.02}],"geometry_method":"area_slice_inference","cad_layer_support":"","verification_status":"needs_visual_verification","confidence":"medium","source_note":"Ajlan report unit areas + official block/parcels GeoJSON"},"geometry":{"type":"Polygon","coordinates":[[[46.83501451300003,24.55574067700007],[46.83505532822035,24.555793962090455],[46.835621227772805,24.555431391903795],[46.83558038800004,24.555378075000082],[46.835493811543444,24.55526504853436],[46.83492791282973,24.555627617890973],[46.83501451300003,24.55574067700007]]]}},{"type":"Feature","properties":{"warehouse_code":"T/76/1/5","ajlan_block_code":"T/76","block_no":76,"sequence":5,"land_area_m2":1301.63,"built_area_report_m2":1574.91,"generated_polygon_area_m2":1574.86,"side_height_m":9,"mid_height_m":11,"parcel_numbers":["1337","1330"],"primary_parcels":["1337","1330"],"parcel_overlap":[{"parcel_no":"1337","area_m2":787.43,"warehouse_pct":50.0},{"parcel_no":"1330","area_m2":787.43,"warehouse_pct":50.0}],"geometry_method":"area_slice_inference","cad_layer_support":"","verification_status":"needs_visual_verification","confidence":"medium","source_note":"Ajlan report unit areas + official block/parcels GeoJSON"},"geometry":{"type":"Polygon","coordinates":[[[46.83518274587833,24.555960308020452],[46.83574864566579,24.555597737390546],[46.835621227772805,24.555431391903795],[46.83505532822035,24.555793962090455],[46.83518274587833,24.555960308020452]]]}},{"type":"Feature","properties":{"warehouse_code":"T/76/1/6","ajlan_block_code":"T/76","block_no":76,"sequence":6,"land_area_m2":1301.63,"built_area_report_m2":1714.92,"generated_polygon_area_m2":1714.87,"side_height_m":9,"mid_height_m":11,"parcel_numbers":["1338","1329","1330","1337"],"primary_parcels":["1338","1329"],"parcel_overlap":[{"parcel_no":"1338","area_m2":847.22,"warehouse_pct":49.4},{"parcel_no":"1329","area_m2":847.14,"warehouse_pct":49.4},{"parcel_no":"1330","area_m2":10.3,"warehouse_pct":0.6},{"parcel_no":"1337","area_m2":10.22,"warehouse_pct":0.6}],"geometry_method":"area_slice_inference","cad_layer_support":"","verification_status":"needs_visual_verification","confidence":"medium","source_note":"Ajlan report unit areas + official block/parcels GeoJSON"},"geometry":{"type":"Polygon","coordinates":[[[46.83518441800004,24.555962491000063],[46.83532149158182,24.55614144202672],[46.83588739121058,24.55577887117979],[46.835750293000046,24.555599888000074],[46.83574864566579,24.555597737390546],[46.83518274587833,24.555960308020452],[46.83518441800004,24.555962491000063]]]}},{"type":"Feature","properties":{"warehouse_code":"T/76/2/1","ajlan_block_code":"T/76","block_no":76,"sequence":7,"land_area_m2":1298.73,"built_area_report_m2":1711.44,"generated_polygon_area_m2":1711.39,"side_height_m":9,"mid_height_m":11,"parcel_numbers":["1339","1328","1329","1338"],"primary_parcels":["1339","1328","1329","1338"],"parcel_overlap":[{"parcel_no":"1339","area_m2":652.91,"warehouse_pct":38.15},{"parcel_no":"1328","area_m2":652.83,"warehouse_pct":38.15},{"parcel_no":"1329","area_m2":202.86,"warehouse_pct":11.85},{"parcel_no":"1338","area_m2":202.79,"warehouse_pct":11.85}],"geometry_method":"area_slice_inference","cad_layer_support":"","verification_status":"needs_visual_verification","confidence":"medium","source_note":"Ajlan report unit areas + official block/parcels GeoJSON"},"geometry":{"type":"Polygon","coordinates":[[[46.835354324000036,24.55618430500005],[46.83545995664444,24.556322208172773],[46.83602585642942,24.555959636907666],[46.83592019900004,24.55582170200006],[46.83588739121058,24.55577887117979],[46.83532149158182,24.55614144202672],[46.835354324000036,24.55618430500005]]]}},{"type":"Feature","properties":{"warehouse_code":"T/76/2/2","ajlan_block_code":"T/76","block_no":76,"sequence":8,"land_area_m2":1298.73,"built_area_report_m2":1571.46,"generated_polygon_area_m2":1571.41,"side_height_m":9,"mid_height_m":11,"parcel_numbers":["1328","1339","1340","1327"],"primary_parcels":["1328","1339","1340","1327"],"parcel_overlap":[{"parcel_no":"1328","area_m2":397.17,"warehouse_pct":25.27},{"parcel_no":"1339","area_m2":397.09,"warehouse_pct":25.27},{"parcel_no":"1340","area_m2":388.62,"warehouse_pct":24.73},{"parcel_no":"1327","area_m2":388.54,"warehouse_pct":24.73}],"geometry_method":"area_slice_inference","cad_layer_support":"","verification_status":"needs_visual_verification","confidence":"medium","source_note":"Ajlan report unit areas + official block/parcels GeoJSON"},"geometry":{"type":"Polygon","coordinates":[[[46.83552423100008,24.556406118000037],[46.83558709702517,24.55648818912835],[46.836152997160816,24.556125617346506],[46.83609010600003,24.556043514000066],[46.83602585642942,24.555959636907666],[46.83545995664444,24.556322208172773],[46.83552423100008,24.556406118000037]]]}},{"type":"Feature","properties":{"warehouse_code":"T/76/2/3","ajlan_block_code":"T/76","block_no":76,"sequence":9,"land_area_m2":1298.73,"built_area_report_m2":1571.47,"generated_polygon_area_m2":1571.42,"side_height_m":9,"mid_height_m":11,"parcel_numbers":["1327","1340","1341","1326"],"primary_parcels":["1327","1340"],"parcel_overlap":[{"parcel_no":"1327","area_m2":661.46,"warehouse_pct":42.09},{"parcel_no":"1340","area_m2":661.39,"warehouse_pct":42.09},{"parcel_no":"1341","area_m2":124.33,"warehouse_pct":7.91},{"parcel_no":"1326","area_m2":124.25,"warehouse_pct":7.91}],"geometry_method":"area_slice_inference","cad_layer_support":"","verification_status":"needs_visual_verification","confidence":"medium","source_note":"Ajlan report unit areas + official block/parcels GeoJSON"},"geometry":{"type":"Polygon","coordinates":[[[46.835694138000065,24.556627930000047],[46.83571423844497,24.556654171028296],[46.836280139000145,24.55629159868559],[46.83626001500005,24.556265327000062],[46.836152997160816,24.556125617346506],[46.83558709702517,24.55648818912835],[46.835694138000065,24.556627930000047]]]}},{"type":"Feature","properties":{"warehouse_code":"T/76/2/4","ajlan_block_code":"T/76","block_no":76,"sequence":10,"land_area_m2":1298.73,"built_area_report_m2":1978.98,"generated_polygon_area_m2":1978.92,"side_height_m":9,"mid_height_m":11,"parcel_numbers":["1341","1326"],"primary_parcels":["1341","1326"],"parcel_overlap":[{"parcel_no":"1341","area_m2":995.67,"warehouse_pct":50.31},{"parcel_no":"1326","area_m2":983.25,"warehouse_pct":49.69}],"geometry_method":"area_slice_inference","cad_layer_support":"","verification_status":"needs_visual_verification","confidence":"medium","source_note":"Ajlan report unit areas + official block/parcels GeoJSON"},"geometry":{"type":"Polygon","coordinates":[[[46.835847055000045,24.556827562000024],[46.83591579400007,24.556838631000065],[46.836158312000066,24.556683229000047],[46.836441250000064,24.556501927000056],[46.836280139000145,24.55629159868559],[46.83571423844497,24.556654171028296],[46.835847055000045,24.556827562000024]]]}},{"type":"Feature","properties":{"warehouse_code":"T/77/1/1","ajlan_block_code":"T/77","block_no":77,"sequence":1,"land_area_m2":1680.1,"built_area_report_m2":2343.85,"generated_polygon_area_m2":2343.53,"side_height_m":12,"mid_height_m":14,"parcel_numbers":["1347","1346","1348","1345"],"primary_parcels":["1347","1346","1348","1345"],"parcel_overlap":[{"parcel_no":"1347","area_m2":923.66,"warehouse_pct":39.41},{"parcel_no":"1346","area_m2":917.49,"warehouse_pct":39.15},{"parcel_no":"1348","area_m2":254.61,"warehouse_pct":10.86},{"parcel_no":"1345","area_m2":247.77,"warehouse_pct":10.57}],"geometry_method":"area_slice_inference","cad_layer_support":"","verification_status":"needs_visual_verification","confidence":"medium","source_note":"Ajlan report unit areas + official block/parcels GeoJSON"},"geometry":{"type":"Polygon","coordinates":[[[46.83358849700005,24.55482834100008],[46.83334717100007,24.555001462000067],[46.83353606700007,24.555210106000064],[46.833628187000045,24.555316046000026],[46.83371887700008,24.55542321200005],[46.833957645000055,24.55525192600004],[46.83402088392276,24.55520655978097],[46.833655315704426,24.55478040672227],[46.83358849700005,24.55482834100008]]]}},{"type":"Feature","properties":{"warehouse_code":"T/77/1/2","ajlan_block_code":"T/77","block_no":77,"sequence":2,"land_area_m2":1680.1,"built_area_report_m2":2355.86,"generated_polygon_area_m2":2355.54,"side_height_m":12,"mid_height_m":14,"parcel_numbers":["1345","1348","1349","1344"],"primary_parcels":["1345","1348","1349","1344"],"parcel_overlap":[{"parcel_no":"1345","area_m2":682.39,"warehouse_pct":28.97},{"parcel_no":"1348","area_m2":675.29,"warehouse_pct":28.67},{"parcel_no":"1349","area_m2":502.32,"warehouse_pct":21.33},{"parcel_no":"1344","area_m2":495.54,"warehouse_pct":21.04}],"geometry_method":"area_slice_inference","cad_layer_support":"","verification_status":"needs_visual_verification","confidence":"medium","source_note":"Ajlan report unit areas + official block/parcels GeoJSON"},"geometry":{"type":"Polygon","coordinates":[[[46.83382926500008,24.554655619000062],[46.833655315704426,24.55478040672227],[46.83402088392276,24.55520655978097],[46.83419841300008,24.555079204000037],[46.8343257863148,24.554987828733722],[46.83396021808621,24.55456167675621],[46.83382926500008,24.554655619000062]]]}},{"type":"Feature","properties":{"warehouse_code":"T/77/2/1","ajlan_block_code":"T/77","block_no":77,"sequence":3,"land_area_m2":1680.1,"built_area_report_m2":2352.55,"generated_polygon_area_m2":2352.23,"side_height_m":12,"mid_height_m":14,"parcel_numbers":["1350","1343","1344","1349"],"primary_parcels":["1350","1343","1344","1349"],"parcel_overlap":[{"parcel_no":"1350","area_m2":748.38,"warehouse_pct":31.82},{"parcel_no":"1343","area_m2":741.65,"warehouse_pct":31.53},{"parcel_no":"1344","area_m2":434.61,"warehouse_pct":18.48},{"parcel_no":"1349","area_m2":427.59,"warehouse_pct":18.18}],"geometry_method":"area_slice_inference","cad_layer_support":"","verification_status":"needs_visual_verification","confidence":"medium","source_note":"Ajlan report unit areas + official block/parcels GeoJSON"},"geometry":{"type":"Polygon","coordinates":[[[46.83407003200006,24.55448289900005],[46.83396021808621,24.55456167675621],[46.8343257863148,24.554987828733722],[46.83443918000006,24.554906482000035],[46.83463025948801,24.55476940365005],[46.8342646915782,24.554343253135727],[46.83407003200006,24.55448289900005]]]}},{"type":"Feature","properties":{"warehouse_code":"T/77/2/2","ajlan_block_code":"T/77","block_no":77,"sequence":4,"land_area_m2":1680.1,"built_area_report_m2":2345.21,"generated_polygon_area_m2":2344.89,"side_height_m":12,"mid_height_m":14,"parcel_numbers":["1342","1351","1343","1350"],"primary_parcels":["1342","1351"],"parcel_overlap":[{"parcel_no":"1342","area_m2":988.21,"warehouse_pct":42.14},{"parcel_no":"1351","area_m2":986.65,"warehouse_pct":42.08},{"parcel_no":"1343","area_m2":188.49,"warehouse_pct":8.04},{"parcel_no":"1350","area_m2":181.53,"warehouse_pct":7.74}],"geometry_method":"area_slice_inference","cad_layer_support":"","verification_status":"needs_visual_verification","confidence":"medium","source_note":"Ajlan report unit areas + official block/parcels GeoJSON"},"geometry":{"type":"Polygon","coordinates":[[[46.834564717000035,24.55412801800003],[46.83431079800005,24.554310177000048],[46.8342646915782,24.554343253135727],[46.83463025948801,24.55476940365005],[46.83467994600005,24.55473375900004],[46.83493456000008,24.554551101000076],[46.834752337000054,24.554337587000077],[46.834564717000035,24.55412801800003]]]}},{"type":"Feature","properties":{"warehouse_code":"T/80/1/1","ajlan_block_code":"T/80","block_no":80,"sequence":1,"land_area_m2":1339.8,"built_area_report_m2":2037.0,"generated_polygon_area_m2":2034.0,"side_height_m":9,"mid_height_m":11,"parcel_numbers":["1422","1445"],"primary_parcels":["1422","1445"],"parcel_overlap":[{"parcel_no":"1422","area_m2":1017.02,"warehouse_pct":50.0},{"parcel_no":"1445","area_m2":1016.99,"warehouse_pct":50.0}],"geometry_method":"area_slice_inference","cad_layer_support":"","verification_status":"needs_visual_verification","confidence":"medium","source_note":"Ajlan report unit areas + official block/parcels GeoJSON"},"geometry":{"type":"Polygon","coordinates":[[[46.83619026000008,24.555780925000075],[46.83638848600003,24.556039706000035],[46.83658671200004,24.556298487000042],[46.83682161492648,24.55614798170205],[46.83642515069761,24.55563040930371],[46.83619026000008,24.555780925000075]]]}},{"type":"Feature","properties":{"warehouse_code":"T/80/1/2","ajlan_block_code":"T/80","block_no":80,"sequence":2,"land_area_m2":1339.8,"built_area_report_m2":1617.0,"generated_polygon_area_m2":1614.62,"side_height_m":9,"mid_height_m":11,"parcel_numbers":["1422","1445","1423","1444"],"primary_parcels":["1422","1445","1423","1444"],"parcel_overlap":[{"parcel_no":"1422","area_m2":523.04,"warehouse_pct":32.39},{"parcel_no":"1445","area_m2":523.01,"warehouse_pct":32.39},{"parcel_no":"1423","area_m2":284.3,"warehouse_pct":17.61},{"parcel_no":"1444","area_m2":284.27,"warehouse_pct":17.61}],"geometry_method":"area_slice_inference","cad_layer_support":"","verification_status":"needs_visual_verification","confidence":"medium","source_note":"Ajlan report unit areas + official block/parcels GeoJSON"},"geometry":{"type":"Polygon","coordinates":[[[46.83654595000007,24.555553002000067],[46.83642515069761,24.55563040930371],[46.83682161492648,24.55614798170205],[46.836942417000046,24.55607058200008],[46.83700807867528,24.556028511272935],[46.836611606730294,24.5555109297267],[46.83654595000007,24.555553002000067]]]}},{"type":"Feature","properties":{"warehouse_code":"T/80/1/3","ajlan_block_code":"T/80","block_no":80,"sequence":3,"land_area_m2":1339.8,"built_area_report_m2":1617.0,"generated_polygon_area_m2":1614.62,"side_height_m":9,"mid_height_m":11,"parcel_numbers":["1444","1423","1443","1424"],"primary_parcels":["1444","1423"],"parcel_overlap":[{"parcel_no":"1444","area_m2":800.73,"warehouse_pct":49.59},{"parcel_no":"1423","area_m2":795.18,"warehouse_pct":49.25},{"parcel_no":"1443","area_m2":9.7,"warehouse_pct":0.6},{"parcel_no":"1424","area_m2":9.01,"warehouse_pct":0.56}],"geometry_method":"area_slice_inference","cad_layer_support":"","verification_status":"needs_visual_verification","confidence":"medium","source_note":"Ajlan report unit areas + official block/parcels GeoJSON"},"geometry":{"type":"Polygon","coordinates":[[[46.837181108349334,24.55589009000881],[46.83679878878922,24.555390984750968],[46.83679654900004,24.555392420000025],[46.836611606730294,24.5555109297267],[46.83700807867528,24.556028511272935],[46.83716581700003,24.55592744500007],[46.83717483800007,24.55592166500002],[46.83716067800003,24.555903181000073],[46.837178867000034,24.55589152600004],[46.837181108349334,24.55589009000881]]]}},{"type":"Feature","properties":{"warehouse_code":"T/80/1/4","ajlan_block_code":"T/80","block_no":80,"sequence":4,"land_area_m2":1339.8,"built_area_report_m2":1757.0,"generated_polygon_area_m2":1754.41,"side_height_m":9,"mid_height_m":11,"parcel_numbers":["1443","1424"],"primary_parcels":["1443","1424"],"parcel_overlap":[{"parcel_no":"1443","area_m2":879.61,"warehouse_pct":50.14},{"parcel_no":"1424","area_m2":874.8,"warehouse_pct":49.86}],"geometry_method":"area_slice_inference","cad_layer_support":"","verification_status":"needs_visual_verification","confidence":"medium","source_note":"Ajlan report unit areas + official block/parcels GeoJSON"},"geometry":{"type":"Polygon","coordinates":[[[46.837197057000026,24.555879872000048],[46.83721121600007,24.555898356000057],[46.837220384000034,24.555892481000054],[46.8373984372252,24.55577839989018],[46.83700194956779,24.555260799768938],[46.83679878878922,24.555390984750968],[46.837181108349334,24.55589009000881],[46.837197057000026,24.555879872000048]]]}},{"type":"Feature","properties":{"warehouse_code":"T/80/2/1","ajlan_block_code":"T/80","block_no":80,"sequence":5,"land_area_m2":1339.8,"built_area_report_m2":1757.0,"generated_polygon_area_m2":1754.41,"side_height_m":9,"mid_height_m":11,"parcel_numbers":["1425","1442","1424","1443"],"primary_parcels":["1425","1442","1424","1443"],"parcel_overlap":[{"parcel_no":"1425","area_m2":681.57,"warehouse_pct":38.85},{"parcel_no":"1442","area_m2":681.43,"warehouse_pct":38.84},{"parcel_no":"1424","area_m2":195.72,"warehouse_pct":11.16},{"parcel_no":"1443","area_m2":195.69,"warehouse_pct":11.15}],"geometry_method":"area_slice_inference","cad_layer_support":"","verification_status":"needs_visual_verification","confidence":"medium","source_note":"Ajlan report unit areas + official block/parcels GeoJSON"},"geometry":{"type":"Polygon","coordinates":[[[46.83744363500006,24.555749441000046],[46.83760103222116,24.55564859264036],[46.837204535939115,24.555130982265286],[46.83704714900006,24.555231836000075],[46.83700194956779,24.555260799768938],[46.8373984372252,24.55577839989018],[46.83744363500006,24.555749441000046]]]}},{"type":"Feature","properties":{"warehouse_code":"T/80/2/2","ajlan_block_code":"T/80","block_no":80,"sequence":6,"land_area_m2":1339.8,"built_area_report_m2":1617.0,"generated_polygon_area_m2":1614.62,"side_height_m":9,"mid_height_m":11,"parcel_numbers":["1426","1441","1425","1442"],"primary_parcels":["1426","1441","1425","1442"],"parcel_overlap":[{"parcel_no":"1426","area_m2":403.76,"warehouse_pct":25.01},{"parcel_no":"1441","area_m2":403.66,"warehouse_pct":25.0},{"parcel_no":"1425","area_m2":403.64,"warehouse_pct":25.0},{"parcel_no":"1442","area_m2":403.56,"warehouse_pct":24.99}],"geometry_method":"area_slice_inference","cad_layer_support":"","verification_status":"needs_visual_verification","confidence":"medium","source_note":"Ajlan report unit areas + official block/parcels GeoJSON"},"geometry":{"type":"Polygon","coordinates":[[[46.837694243000044,24.555588870000065],[46.83778748004589,24.555529130583448],[46.83739097599128,24.5550115109868],[46.83729774600005,24.555071253000055],[46.837204535939115,24.555130982265286],[46.83760103222116,24.55564859264036],[46.837694243000044,24.555588870000065]]]}},{"type":"Feature","properties":{"warehouse_code":"T/80/2/3","ajlan_block_code":"T/80","block_no":80,"sequence":7,"land_area_m2":1339.8,"built_area_report_m2":1617.0,"generated_polygon_area_m2":1614.62,"side_height_m":9,"mid_height_m":11,"parcel_numbers":["1426","1441","1427","1440"],"primary_parcels":["1426","1441"],"parcel_overlap":[{"parcel_no":"1426","area_m2":681.52,"warehouse_pct":42.21},{"parcel_no":"1441","area_m2":675.72,"warehouse_pct":41.85},{"parcel_no":"1427","area_m2":131.53,"warehouse_pct":8.15},{"parcel_no":"1440","area_m2":125.86,"warehouse_pct":7.79}],"geometry_method":"area_slice_inference","cad_layer_support":"","verification_status":"needs_visual_verification","confidence":"medium","source_note":"Ajlan report unit areas + official block/parcels GeoJSON"},"geometry":{"type":"Polygon","coordinates":[[[46.83794485200008,24.555428298000034],[46.837975223106945,24.555408838293513],[46.83757871100039,24.554891209117],[46.837575626000046,24.55489318600007],[46.83756653300003,24.55489901300007],[46.837580692000074,24.55491749800006],[46.83756250300007,24.554929153000046],[46.83754431500006,24.554940808000023],[46.83753015500008,24.554922324000067],[46.837521061000075,24.55492815200006],[46.83739097599128,24.5550115109868],[46.83778748004589,24.555529130583448],[46.83794485200008,24.555428298000034]]]}},{"type":"Feature","properties":{"warehouse_code":"T/80/2/4","ajlan_block_code":"T/80","block_no":80,"sequence":8,"land_area_m2":1339.8,"built_area_report_m2":1757.0,"generated_polygon_area_m2":1754.41,"side_height_m":9,"mid_height_m":11,"parcel_numbers":["1427","1440"],"primary_parcels":["1427","1440"],"parcel_overlap":[{"parcel_no":"1427","area_m2":877.34,"warehouse_pct":50.01},{"parcel_no":"1440","area_m2":877.07,"warehouse_pct":49.99}],"geometry_method":"area_slice_inference","cad_layer_support":"","verification_status":"needs_visual_verification","confidence":"medium","source_note":"Ajlan report unit areas + official block/parcels GeoJSON"},"geometry":{"type":"Polygon","coordinates":[[[46.83817780482905,24.55527903762395],[46.83778128453022,24.55476139875805],[46.83757871100039,24.554891209117],[46.837975223106945,24.555408838293513],[46.83817780482905,24.55527903762395]]]}},{"type":"Feature","properties":{"warehouse_code":"T/80/3/1","ajlan_block_code":"T/80","block_no":80,"sequence":9,"land_area_m2":1339.8,"built_area_report_m2":1757.0,"generated_polygon_area_m2":1754.41,"side_height_m":9,"mid_height_m":11,"parcel_numbers":["1428","1439","1427","1440"],"primary_parcels":["1428","1439"],"parcel_overlap":[{"parcel_no":"1428","area_m2":800.9,"warehouse_pct":45.65},{"parcel_no":"1439","area_m2":800.62,"warehouse_pct":45.63},{"parcel_no":"1427","area_m2":76.46,"warehouse_pct":4.36},{"parcel_no":"1440","area_m2":76.44,"warehouse_pct":4.36}],"geometry_method":"area_slice_inference","cad_layer_support":"","verification_status":"needs_visual_verification","confidence":"medium","source_note":"Ajlan report unit areas + official block/parcels GeoJSON"},"geometry":{"type":"Polygon","coordinates":[[[46.838195459000076,24.555267726000068],[46.83838038218432,24.555149239347205],[46.83798385372089,24.55463159082805],[46.83779894000003,24.554750085000023],[46.83778128453022,24.55476139875805],[46.83817780482905,24.55527903762395],[46.838195459000076,24.555267726000068]]]}},{"type":"Feature","properties":{"warehouse_code":"T/80/3/2","ajlan_block_code":"T/80","block_no":80,"sequence":10,"land_area_m2":1339.8,"built_area_report_m2":1617.0,"generated_polygon_area_m2":1614.62,"side_height_m":9,"mid_height_m":11,"parcel_numbers":["1429","1438","1428","1439"],"primary_parcels":["1429","1438","1428","1439"],"parcel_overlap":[{"parcel_no":"1429","area_m2":522.98,"warehouse_pct":32.39},{"parcel_no":"1438","area_m2":522.77,"warehouse_pct":32.38},{"parcel_no":"1428","area_m2":284.48,"warehouse_pct":17.62},{"parcel_no":"1439","area_m2":284.38,"warehouse_pct":17.61}],"geometry_method":"area_slice_inference","cad_layer_support":"","verification_status":"needs_visual_verification","confidence":"medium","source_note":"Ajlan report unit areas + official block/parcels GeoJSON"},"geometry":{"type":"Polygon","coordinates":[[[46.83844606500003,24.555107154000034],[46.83856681395471,24.555029785606763],[46.83817027770506,24.55451212784819],[46.83804953600003,24.554589501000063],[46.83798385372089,24.55463159082805],[46.83838038218432,24.555149239347205],[46.83844606500003,24.555107154000034]]]}},{"type":"Feature","properties":{"warehouse_code":"T/80/3/3","ajlan_block_code":"T/80","block_no":80,"sequence":11,"land_area_m2":1339.8,"built_area_report_m2":1617.0,"generated_polygon_area_m2":1614.62,"side_height_m":9,"mid_height_m":11,"parcel_numbers":["1438","1429","1437","1430"],"primary_parcels":["1438","1429","1437","1430"],"parcel_overlap":[{"parcel_no":"1438","area_m2":562.22,"warehouse_pct":34.82},{"parcel_no":"1429","area_m2":556.83,"warehouse_pct":34.49},{"parcel_no":"1437","area_m2":250.54,"warehouse_pct":15.52},{"parcel_no":"1430","area_m2":245.03,"warehouse_pct":15.18}],"geometry_method":"area_slice_inference","cad_layer_support":"","verification_status":"needs_visual_verification","confidence":"medium","source_note":"Ajlan report unit areas + official block/parcels GeoJSON"},"geometry":{"type":"Polygon","coordinates":[[[46.83866946200004,24.554964015000056],[46.838678482000034,24.554958236000065],[46.83866432200006,24.55493975100006],[46.83868251200005,24.554928097000076],[46.83870070000006,24.554916443000025],[46.83871486000004,24.55493492600004],[46.83872402800006,24.554929052000034],[46.83875454058428,24.5549095013939],[46.83835799669706,24.554391834596426],[46.83830013200003,24.554428915000074],[46.83817027770506,24.55451212784819],[46.83856681395471,24.555029785606763],[46.83866946200004,24.554964015000056]]]}},{"type":"Feature","properties":{"warehouse_code":"T/80/3/4","ajlan_block_code":"T/80","block_no":80,"sequence":12,"land_area_m2":1339.8,"built_area_report_m2":1757.0,"generated_polygon_area_m2":1754.41,"side_height_m":9,"mid_height_m":11,"parcel_numbers":["1430","1437","1431","1436"],"primary_parcels":["1430","1437"],"parcel_overlap":[{"parcel_no":"1430","area_m2":834.83,"warehouse_pct":47.58},{"parcel_no":"1437","area_m2":834.46,"warehouse_pct":47.56},{"parcel_no":"1431","area_m2":42.57,"warehouse_pct":2.43},{"parcel_no":"1436","area_m2":42.55,"warehouse_pct":2.43}],"geometry_method":"area_slice_inference","cad_layer_support":"","verification_status":"needs_visual_verification","confidence":"medium","source_note":"Ajlan report unit areas + official block/parcels GeoJSON"},"geometry":{"type":"Polygon","coordinates":[[[46.838947276000056,24.554786008000068],[46.838957105303116,24.554779709948576],[46.83856055324629,24.554262033491298],[46.83855072600005,24.554268331000056],[46.83835799669706,24.554391834596426],[46.83875454058428,24.5549095013939],[46.838947276000056,24.554786008000068]]]}},{"type":"Feature","properties":{"warehouse_code":"T/80/4/1","ajlan_block_code":"T/80","block_no":80,"sequence":13,"land_area_m2":1339.8,"built_area_report_m2":1757.0,"generated_polygon_area_m2":1754.41,"side_height_m":9,"mid_height_m":11,"parcel_numbers":["1431","1436"],"primary_parcels":["1431","1436"],"parcel_overlap":[{"parcel_no":"1431","area_m2":877.43,"warehouse_pct":50.01},{"parcel_no":"1436","area_m2":876.99,"warehouse_pct":49.99}],"geometry_method":"area_slice_inference","cad_layer_support":"","verification_status":"needs_visual_verification","confidence":"medium","source_note":"Ajlan report unit areas + official block/parcels GeoJSON"},"geometry":{"type":"Polygon","coordinates":[[[46.83915966539195,24.55464992083125],[46.83876310460926,24.55413223398802],[46.83856055324629,24.554262033491298],[46.838957105303116,24.554779709948576],[46.83915966539195,24.55464992083125]]]}},{"type":"Feature","properties":{"warehouse_code":"T/80/4/2","ajlan_block_code":"T/80","block_no":80,"sequence":14,"land_area_m2":1339.8,"built_area_report_m2":1617.0,"generated_polygon_area_m2":1614.62,"side_height_m":9,"mid_height_m":11,"parcel_numbers":["1432","1435","1431","1436"],"primary_parcels":["1432","1435","1431","1436"],"parcel_overlap":[{"parcel_no":"1432","area_m2":641.99,"warehouse_pct":39.76},{"parcel_no":"1435","area_m2":641.63,"warehouse_pct":39.74},{"parcel_no":"1431","area_m2":165.54,"warehouse_pct":10.25},{"parcel_no":"1436","area_m2":165.46,"warehouse_pct":10.25}],"geometry_method":"area_slice_inference","cad_layer_support":"","verification_status":"needs_visual_verification","confidence":"medium","source_note":"Ajlan report unit areas + official block/parcels GeoJSON"},"geometry":{"type":"Polygon","coordinates":[[[46.83919788000003,24.55462543500004],[46.83934608121765,24.554530475825867],[46.838949512505216,24.554012779555894],[46.83880132100006,24.554107744000078],[46.83876310460926,24.55413223398802],[46.83915966539195,24.55464992083125],[46.83919788000003,24.55462543500004]]]}},{"type":"Feature","properties":{"warehouse_code":"T/80/4/3","ajlan_block_code":"T/80","block_no":80,"sequence":15,"land_area_m2":1339.8,"built_area_report_m2":1617.0,"generated_polygon_area_m2":1614.62,"side_height_m":9,"mid_height_m":11,"parcel_numbers":["1432","1435","1433","1434"],"primary_parcels":["1432","1435","1433","1434"],"parcel_overlap":[{"parcel_no":"1432","area_m2":513.65,"warehouse_pct":31.81},{"parcel_no":"1435","area_m2":513.37,"warehouse_pct":31.79},{"parcel_no":"1433","area_m2":293.89,"warehouse_pct":18.2},{"parcel_no":"1434","area_m2":293.71,"warehouse_pct":18.19}],"geometry_method":"area_slice_inference","cad_layer_support":"","verification_status":"needs_visual_verification","confidence":"medium","source_note":"Ajlan report unit areas + official block/parcels GeoJSON"},"geometry":{"type":"Polygon","coordinates":[[[46.83946465200006,24.554454502000052],[46.839532493077336,24.55441103285241],[46.83913591640387,24.55389332711484],[46.83906808100005,24.55393679800005],[46.838949512505216,24.554012779555894],[46.83934608121765,24.554530475825867],[46.83946465200006,24.554454502000052]]]}},{"type":"Feature","properties":{"warehouse_code":"T/80/4/4","ajlan_block_code":"T/80","block_no":80,"sequence":16,"land_area_m2":1339.8,"built_area_report_m2":2065.0,"generated_polygon_area_m2":2061.96,"side_height_m":9,"mid_height_m":11,"parcel_numbers":["1433","1434"],"primary_parcels":["1433","1434"],"parcel_overlap":[{"parcel_no":"1433","area_m2":1031.29,"warehouse_pct":50.02},{"parcel_no":"1434","area_m2":1030.66,"warehouse_pct":49.98}],"geometry_method":"area_slice_inference","cad_layer_support":"","verification_status":"needs_visual_verification","confidence":"medium","source_note":"Ajlan report unit areas + official block/parcels GeoJSON"},"geometry":{"type":"Polygon","coordinates":[[[46.83977184300005,24.554257669000037],[46.839592577000076,24.55402364800005],[46.839586230000066,24.554015363000072],[46.83956602100005,24.55402831300006],[46.83955327800004,24.554011678000055],[46.839540535000026,24.55399504200005],[46.83956074400004,24.553982091000023],[46.839554347000046,24.553973740000057],[46.839375259000064,24.55373994900003],[46.83913591640387,24.55389332711484],[46.839532493077336,24.55441103285241],[46.83977184300005,24.554257669000037]]]}},{"type":"Feature","properties":{"warehouse_code":"T/100/1/1","ajlan_block_code":"T/100","block_no":100,"sequence":1,"land_area_m2":1413.76,"built_area_report_m2":2118.61,"generated_polygon_area_m2":2117.85,"side_height_m":9,"mid_height_m":11,"parcel_numbers":["1754","1755"],"primary_parcels":["1754","1755"],"parcel_overlap":[{"parcel_no":"1754","area_m2":1085.25,"warehouse_pct":51.24},{"parcel_no":"1755","area_m2":1032.61,"warehouse_pct":48.76}],"geometry_method":"area_slice_inference","cad_layer_support":"","verification_status":"needs_visual_verification","confidence":"medium","source_note":"Ajlan report unit areas + official block/parcels GeoJSON"},"geometry":{"type":"Polygon","coordinates":[[[46.823248068000055,24.54854563400005],[46.823290341000074,24.548667303000055],[46.823553065000056,24.548791684000037],[46.823903922000056,24.548957790000035],[46.82402702307253,24.548740311773614],[46.82332552696233,24.548408791019863],[46.823248068000055,24.54854563400005]]]}},{"type":"Feature","properties":{"warehouse_code":"T/100/1/2","ajlan_block_code":"T/100","block_no":100,"sequence":2,"land_area_m2":1411.0,"built_area_report_m2":1660.0,"generated_polygon_area_m2":1659.41,"side_height_m":9,"mid_height_m":11,"parcel_numbers":["1753","1756","1755","1754"],"primary_parcels":["1753","1756","1755","1754"],"parcel_overlap":[{"parcel_no":"1753","area_m2":459.71,"warehouse_pct":27.7},{"parcel_no":"1756","area_m2":457.93,"warehouse_pct":27.6},{"parcel_no":"1755","area_m2":371.21,"warehouse_pct":22.37},{"parcel_no":"1754","area_m2":370.56,"warehouse_pct":22.33}],"geometry_method":"area_slice_inference","cad_layer_support":"","verification_status":"needs_visual_verification","confidence":"medium","source_note":"Ajlan report unit areas + official block/parcels GeoJSON"},"geometry":{"type":"Polygon","coordinates":[[[46.82336773500003,24.548334224000026],[46.82332552696233,24.548408791019863],[46.82402702307253,24.548740311773614],[46.82406896800007,24.54866620900002],[46.82412115123697,24.54857401837142],[46.82341965549064,24.54824249783229],[46.82336773500003,24.548334224000026]]]}},{"type":"Feature","properties":{"warehouse_code":"T/100/1/3","ajlan_block_code":"T/100","block_no":100,"sequence":3,"land_area_m2":1411.0,"built_area_report_m2":1660.0,"generated_polygon_area_m2":1659.41,"side_height_m":9,"mid_height_m":11,"parcel_numbers":["1756","1753","1752","1757"],"primary_parcels":["1756","1753"],"parcel_overlap":[{"parcel_no":"1756","area_m2":821.2,"warehouse_pct":49.49},{"parcel_no":"1753","area_m2":821.17,"warehouse_pct":49.49},{"parcel_no":"1752","area_m2":9.1,"warehouse_pct":0.55},{"parcel_no":"1757","area_m2":7.93,"warehouse_pct":0.48}],"geometry_method":"area_slice_inference","cad_layer_support":"","verification_status":"needs_visual_verification","confidence":"medium","source_note":"Ajlan report unit areas + official block/parcels GeoJSON"},"geometry":{"type":"Polygon","coordinates":[[[46.823512949000076,24.54807767900007],[46.82341965549064,24.54824249783229],[46.82412115123697,24.54857401837142],[46.82421418100006,24.548409665000065],[46.824215279083745,24.548407725033446],[46.82351378354932,24.548076204637123],[46.823512949000076,24.54807767900007]]]}},{"type":"Feature","properties":{"warehouse_code":"T/100/1/4","ajlan_block_code":"T/100","block_no":100,"sequence":4,"land_area_m2":1411.0,"built_area_report_m2":1820.0,"generated_polygon_area_m2":1819.35,"side_height_m":9,"mid_height_m":11,"parcel_numbers":["1752","1757"],"primary_parcels":["1752","1757"],"parcel_overlap":[{"parcel_no":"1752","area_m2":910.3,"warehouse_pct":50.03},{"parcel_no":"1757","area_m2":909.05,"warehouse_pct":49.97}],"geometry_method":"area_slice_inference","cad_layer_support":"","verification_status":"needs_visual_verification","confidence":"medium","source_note":"Ajlan report unit areas + official block/parcels GeoJSON"},"geometry":{"type":"Polygon","coordinates":[[[46.82351378354932,24.548076204637123],[46.824215279083745,24.548407725033446],[46.82431847893135,24.548225403255206],[46.82361698457212,24.547893883461015],[46.82351378354932,24.548076204637123]]]}},{"type":"Feature","properties":{"warehouse_code":"T/100/2/1","ajlan_block_code":"T/100","block_no":100,"sequence":5,"land_area_m2":1411.0,"built_area_report_m2":1820.0,"generated_polygon_area_m2":1819.35,"side_height_m":9,"mid_height_m":11,"parcel_numbers":["1751","1758","1757","1752"],"primary_parcels":["1751","1758","1757","1752"],"parcel_overlap":[{"parcel_no":"1751","area_m2":548.82,"warehouse_pct":30.17},{"parcel_no":"1758","area_m2":546.91,"warehouse_pct":30.06},{"parcel_no":"1757","area_m2":362.15,"warehouse_pct":19.91},{"parcel_no":"1752","area_m2":361.48,"warehouse_pct":19.87}],"geometry_method":"area_slice_inference","cad_layer_support":"","verification_status":"needs_visual_verification","confidence":"medium","source_note":"Ajlan report unit areas + official block/parcels GeoJSON"},"geometry":{"type":"Polygon","coordinates":[[[46.82365816300006,24.547821135000046],[46.82361698457212,24.547893883461015],[46.82431847893135,24.548225403255206],[46.824359394000055,24.548153119000066],[46.82442167893489,24.548043081545785],[46.82372018536767,24.547711562172648],[46.82365816300006,24.547821135000046]]]}},{"type":"Feature","properties":{"warehouse_code":"T/100/2/2","ajlan_block_code":"T/100","block_no":100,"sequence":6,"land_area_m2":1411.0,"built_area_report_m2":1660.0,"generated_polygon_area_m2":1659.41,"side_height_m":9,"mid_height_m":11,"parcel_numbers":["1758","1751","1750","1759"],"primary_parcels":["1758","1751"],"parcel_overlap":[{"parcel_no":"1758","area_m2":732.22,"warehouse_pct":44.13},{"parcel_no":"1751","area_m2":732.07,"warehouse_pct":44.12},{"parcel_no":"1750","area_m2":98.21,"warehouse_pct":5.92},{"parcel_no":"1759","area_m2":96.91,"warehouse_pct":5.84}],"geometry_method":"area_slice_inference","cad_layer_support":"","verification_status":"needs_visual_verification","confidence":"medium","source_note":"Ajlan report unit areas + official block/parcels GeoJSON"},"geometry":{"type":"Polygon","coordinates":[[[46.82380337700005,24.547564590000036],[46.82372018536767,24.547711562172648],[46.82442167893489,24.548043081545785],[46.82450460700005,24.54789657400005],[46.8245158062593,24.547876788175138],[46.82381431328083,24.547545269122878],[46.82380337700005,24.547564590000036]]]}},{"type":"Feature","properties":{"warehouse_code":"T/100/2/3","ajlan_block_code":"T/100","block_no":100,"sequence":7,"land_area_m2":1411.0,"built_area_report_m2":1660.0,"generated_polygon_area_m2":1659.41,"side_height_m":9,"mid_height_m":11,"parcel_numbers":["1750","1759"],"primary_parcels":["1750","1759"],"parcel_overlap":[{"parcel_no":"1750","area_m2":830.27,"warehouse_pct":50.03},{"parcel_no":"1759","area_m2":829.13,"warehouse_pct":49.97}],"geometry_method":"area_slice_inference","cad_layer_support":"","verification_status":"needs_visual_verification","confidence":"medium","source_note":"Ajlan report unit areas + official block/parcels GeoJSON"},"geometry":{"type":"Polygon","coordinates":[[[46.82381431328083,24.547545269122878],[46.8245158062593,24.547876788175138],[46.82460993250657,24.547710494286264],[46.823908440821896,24.54737897588808],[46.82381431328083,24.547545269122878]]]}},{"type":"Feature","properties":{"warehouse_code":"T/100/2/4","ajlan_block_code":"T/100","block_no":100,"sequence":8,"land_area_m2":1411.0,"built_area_report_m2":1820.0,"generated_polygon_area_m2":1819.35,"side_height_m":9,"mid_height_m":11,"parcel_numbers":["1749","1760","1759","1750"],"primary_parcels":["1749","1760","1759","1750"],"parcel_overlap":[{"parcel_no":"1749","area_m2":557.9,"warehouse_pct":30.66},{"parcel_no":"1760","area_m2":555.97,"warehouse_pct":30.56},{"parcel_no":"1759","area_m2":353.08,"warehouse_pct":19.41},{"parcel_no":"1750","area_m2":352.4,"warehouse_pct":19.37}],"geometry_method":"area_slice_inference","cad_layer_support":"","verification_status":"needs_visual_verification","confidence":"medium","source_note":"Ajlan report unit areas + official block/parcels GeoJSON"},"geometry":{"type":"Polygon","coordinates":[[[46.82394859000004,24.547308045000023],[46.823908440821896,24.54737897588808],[46.82460993250657,24.547710494286264],[46.82464981800007,24.54764002800005],[46.82471313119242,24.54752817196702],[46.8240116409254,24.54719665428553],[46.82394859000004,24.547308045000023]]]}},{"type":"Feature","properties":{"warehouse_code":"T/100/3/1","ajlan_block_code":"T/100","block_no":100,"sequence":9,"land_area_m2":1411.0,"built_area_report_m2":1820.0,"generated_polygon_area_m2":1819.35,"side_height_m":9,"mid_height_m":11,"parcel_numbers":["1760","1749","1748","1761"],"primary_parcels":["1760","1749","1748","1761"],"parcel_overlap":[{"parcel_no":"1760","area_m2":723.16,"warehouse_pct":39.75},{"parcel_no":"1749","area_m2":722.99,"warehouse_pct":39.74},{"parcel_no":"1748","area_m2":187.31,"warehouse_pct":10.3},{"parcel_no":"1761","area_m2":185.89,"warehouse_pct":10.22}],"geometry_method":"area_slice_inference","cad_layer_support":"","verification_status":"needs_visual_verification","confidence":"medium","source_note":"Ajlan report unit areas + official block/parcels GeoJSON"},"geometry":{"type":"Polygon","coordinates":[[[46.824093803000046,24.547051500000066],[46.8240116409254,24.54719665428553],[46.82471313119242,24.54752817196702],[46.82479502900003,24.54738348200004],[46.82481632977426,24.54734584947938],[46.824114840812015,24.54701433246125],[46.824093803000046,24.547051500000066]]]}},{"type":"Feature","properties":{"warehouse_code":"T/100/3/2","ajlan_block_code":"T/100","block_no":100,"sequence":10,"land_area_m2":1411.0,"built_area_report_m2":1660.0,"generated_polygon_area_m2":1659.41,"side_height_m":9,"mid_height_m":11,"parcel_numbers":["1748","1761"],"primary_parcels":["1748","1761"],"parcel_overlap":[{"parcel_no":"1748","area_m2":830.27,"warehouse_pct":50.03},{"parcel_no":"1761","area_m2":829.13,"warehouse_pct":49.97}],"geometry_method":"area_slice_inference","cad_layer_support":"","verification_status":"needs_visual_verification","confidence":"medium","source_note":"Ajlan report unit areas + official block/parcels GeoJSON"},"geometry":{"type":"Polygon","coordinates":[[[46.824114840812015,24.54701433246125],[46.82481632977426,24.54734584947938],[46.82491045558412,24.547179555167983],[46.82420896740429,24.54684803856223],[46.824114840812015,24.54701433246125]]]}},{"type":"Feature","properties":{"warehouse_code":"T/100/3/3","ajlan_block_code":"T/100","block_no":100,"sequence":11,"land_area_m2":1411.0,"built_area_report_m2":1660.0,"generated_polygon_area_m2":1659.41,"side_height_m":9,"mid_height_m":11,"parcel_numbers":["1747","1762","1761","1748"],"primary_parcels":["1747","1762","1761","1748"],"parcel_overlap":[{"parcel_no":"1747","area_m2":566.97,"warehouse_pct":34.17},{"parcel_no":"1762","area_m2":565.04,"warehouse_pct":34.05},{"parcel_no":"1761","area_m2":264.09,"warehouse_pct":15.92},{"parcel_no":"1748","area_m2":263.3,"warehouse_pct":15.87}],"geometry_method":"area_slice_inference","cad_layer_support":"","verification_status":"needs_visual_verification","confidence":"medium","source_note":"Ajlan report unit areas + official block/parcels GeoJSON"},"geometry":{"type":"Polygon","coordinates":[[[46.82423901400006,24.546794955000053],[46.82420896740429,24.54684803856223],[46.82491045558412,24.547179555167983],[46.82494023900006,24.547126936000037],[46.82500458138927,24.54701326089033],[46.82430309414208,24.54668174476794],[46.82423901400006,24.546794955000053]]]}},{"type":"Feature","properties":{"warehouse_code":"T/100/3/4","ajlan_block_code":"T/100","block_no":100,"sequence":12,"land_area_m2":1411.0,"built_area_report_m2":1820.0,"generated_polygon_area_m2":1819.35,"side_height_m":9,"mid_height_m":11,"parcel_numbers":["1762","1747","1746","1763"],"primary_parcels":["1762","1747","1746","1763"],"parcel_overlap":[{"parcel_no":"1762","area_m2":714.09,"warehouse_pct":39.25},{"parcel_no":"1747","area_m2":713.91,"warehouse_pct":39.24},{"parcel_no":"1746","area_m2":196.39,"warehouse_pct":10.79},{"parcel_no":"1763","area_m2":194.96,"warehouse_pct":10.72}],"geometry_method":"area_slice_inference","cad_layer_support":"","verification_status":"needs_visual_verification","confidence":"medium","source_note":"Ajlan report unit areas + official block/parcels GeoJSON"},"geometry":{"type":"Polygon","coordinates":[[[46.82438422600006,24.54653840900005],[46.82430309414208,24.54668174476794],[46.82500458138927,24.54701326089033],[46.82508544900003,24.546870390000038],[46.825107779396554,24.54683093815196],[46.8244062933868,24.54649942266109],[46.82438422600006,24.54653840900005]]]}},{"type":"Feature","properties":{"warehouse_code":"T/100/4/1","ajlan_block_code":"T/100","block_no":100,"sequence":13,"land_area_m2":1411.0,"built_area_report_m2":1820.0,"generated_polygon_area_m2":1819.35,"side_height_m":9,"mid_height_m":11,"parcel_numbers":["1746","1763"],"primary_parcels":["1746","1763"],"parcel_overlap":[{"parcel_no":"1746","area_m2":910.3,"warehouse_pct":50.03},{"parcel_no":"1763","area_m2":909.05,"warehouse_pct":49.97}],"geometry_method":"area_slice_inference","cad_layer_support":"","verification_status":"needs_visual_verification","confidence":"medium","source_note":"Ajlan report unit areas + official block/parcels GeoJSON"},"geometry":{"type":"Polygon","coordinates":[[[46.8244062933868,24.54649942266109],[46.825107779396554,24.54683093815196],[46.82521097706309,24.546648615089346],[46.82450949278924,24.54631710046555],[46.8244062933868,24.54649942266109]]]}},{"type":"Feature","properties":{"warehouse_code":"T/100/4/2","ajlan_block_code":"T/100","block_no":100,"sequence":14,"land_area_m2":1411.0,"built_area_report_m2":1660.0,"generated_polygon_area_m2":1659.41,"side_height_m":9,"mid_height_m":11,"parcel_numbers":["1745","1764","1763","1746"],"primary_parcels":["1745","1764","1763","1746"],"parcel_overlap":[{"parcel_no":"1745","area_m2":656.09,"warehouse_pct":39.54},{"parcel_no":"1764","area_m2":654.03,"warehouse_pct":39.41},{"parcel_no":"1763","area_m2":175.1,"warehouse_pct":10.55},{"parcel_no":"1746","area_m2":174.19,"warehouse_pct":10.5}],"geometry_method":"area_slice_inference","cad_layer_support":"","verification_status":"needs_visual_verification","confidence":"medium","source_note":"Ajlan report unit areas + official block/parcels GeoJSON"},"geometry":{"type":"Polygon","coordinates":[[[46.82452943700008,24.546281865000022],[46.82450949278924,24.54631710046555],[46.82521097706309,24.546648615089346],[46.825230658000066,24.54661384400003],[46.82530510264666,24.546482320478244],[46.82460361881037,24.546150806103835],[46.82452943700008,24.546281865000022]]]}},{"type":"Feature","properties":{"warehouse_code":"T/100/4/3","ajlan_block_code":"T/100","block_no":100,"sequence":15,"land_area_m2":1411.0,"built_area_report_m2":1660.0,"generated_polygon_area_m2":1659.41,"side_height_m":9,"mid_height_m":11,"parcel_numbers":["1745","1764","1744","1765"],"primary_parcels":["1745","1764","1744","1765"],"parcel_overlap":[{"parcel_no":"1745","area_m2":624.8,"warehouse_pct":37.65},{"parcel_no":"1764","area_m2":619.47,"warehouse_pct":37.33},{"parcel_no":"1744","area_m2":211.11,"warehouse_pct":12.72},{"parcel_no":"1765","area_m2":204.03,"warehouse_pct":12.3}],"geometry_method":"area_slice_inference","cad_layer_support":"","verification_status":"needs_visual_verification","confidence":"medium","source_note":"Ajlan report unit areas + official block/parcels GeoJSON"},"geometry":{"type":"Polygon","coordinates":[[[46.824689962000036,24.54599826100002],[46.82468485700008,24.546007279000033],[46.82470677100008,24.546017654000025],[46.82469656000006,24.54603569200003],[46.824686350000036,24.546053731000033],[46.82466443800007,24.546043356000038],[46.82465933200007,24.54605237600003],[46.82460361881037,24.546150806103835],[46.82530510264666,24.546482320478244],[46.82537586800004,24.546357297000043],[46.82539986604952,24.54631489856142],[46.824698382500884,24.545983384365833],[46.824689962000036,24.54599826100002]]]}},{"type":"Feature","properties":{"warehouse_code":"T/100/4/4","ajlan_block_code":"T/100","block_no":100,"sequence":16,"land_area_m2":1411.0,"built_area_report_m2":2140.0,"generated_polygon_area_m2":2139.23,"side_height_m":9,"mid_height_m":11,"parcel_numbers":["1744","1765"],"primary_parcels":["1744","1765"],"parcel_overlap":[{"parcel_no":"1744","area_m2":1069.77,"warehouse_pct":50.01},{"parcel_no":"1765","area_m2":1069.46,"warehouse_pct":49.99}],"geometry_method":"area_slice_inference","cad_layer_support":"","verification_status":"needs_visual_verification","confidence":"medium","source_note":"Ajlan report unit areas + official block/parcels GeoJSON"},"geometry":{"type":"Polygon","coordinates":[[[46.825170225000086,24.545934648000074],[46.82481985700008,24.545768773000074],[46.824698382500884,24.545983384365833],[46.82539986604952,24.54631489856142],[46.82552107600003,24.546100751000044],[46.825170225000086,24.545934648000074]]]}},{"type":"Feature","properties":{"warehouse_code":"T/102/1/1","ajlan_block_code":"T/102","block_no":102,"sequence":1,"land_area_m2":1440.0,"built_area_report_m2":2160.0,"generated_polygon_area_m2":2158.68,"side_height_m":9,"mid_height_m":11,"parcel_numbers":["1780","1795"],"primary_parcels":["1780","1795"],"parcel_overlap":[{"parcel_no":"1780","area_m2":1114.56,"warehouse_pct":51.63},{"parcel_no":"1795","area_m2":1044.13,"warehouse_pct":48.37}],"geometry_method":"area_slice_inference","cad_layer_support":"","verification_status":"needs_visual_verification","confidence":"medium","source_note":"Ajlan report unit areas + official block/parcels GeoJSON"},"geometry":{"type":"Polygon","coordinates":[[[46.82829977700004,24.546399696000034],[46.82828005400006,24.546390360000025],[46.82826871300006,24.546410403000035],[46.82822926800003,24.546391731000025],[46.828223598000086,24.546401753000048],[46.828081832000066,24.546652305000062],[46.82791398000006,24.54694895700004],[46.82817788457702,24.547073889403446],[46.82850504785317,24.54649687177962],[46.82829977700004,24.546399696000034]]]}},{"type":"Feature","properties":{"warehouse_code":"T/102/1/2","ajlan_block_code":"T/102","block_no":102,"sequence":2,"land_area_m2":1440.0,"built_area_report_m2":1728.0,"generated_polygon_area_m2":1726.95,"side_height_m":9,"mid_height_m":11,"parcel_numbers":["1781","1794","1780","1795"],"primary_parcels":["1781","1794"],"parcel_overlap":[{"parcel_no":"1781","area_m2":855.02,"warehouse_pct":49.51},{"parcel_no":"1794","area_m2":809.87,"warehouse_pct":46.9},{"parcel_no":"1780","area_m2":32.44,"warehouse_pct":1.88},{"parcel_no":"1795","area_m2":29.62,"warehouse_pct":1.72}],"geometry_method":"area_slice_inference","cad_layer_support":"","verification_status":"needs_visual_verification","confidence":"medium","source_note":"Ajlan report unit areas + official block/parcels GeoJSON"},"geometry":{"type":"Polygon","coordinates":[[[46.82850504785317,24.54649687177962],[46.82817788457702,24.547073889403446],[46.828185708000035,24.54707759300004],[46.828388126062904,24.547173418111075],[46.82871528903241,24.546596399265656],[46.828512336000074,24.546500322000032],[46.82850504785317,24.54649687177962]]]}},{"type":"Feature","properties":{"warehouse_code":"T/102/1/3","ajlan_block_code":"T/102","block_no":102,"sequence":3,"land_area_m2":1440.0,"built_area_report_m2":1728.0,"generated_polygon_area_m2":1726.95,"side_height_m":9,"mid_height_m":11,"parcel_numbers":["1782","1793","1781","1794"],"primary_parcels":["1782","1793","1781","1794"],"parcel_overlap":[{"parcel_no":"1782","area_m2":595.48,"warehouse_pct":34.48},{"parcel_no":"1793","area_m2":564.36,"warehouse_pct":32.68},{"parcel_no":"1781","area_m2":291.98,"warehouse_pct":16.91},{"parcel_no":"1794","area_m2":275.13,"warehouse_pct":15.93}],"geometry_method":"area_slice_inference","cad_layer_support":"","verification_status":"needs_visual_verification","confidence":"medium","source_note":"Ajlan report unit areas + official block/parcels GeoJSON"},"geometry":{"type":"Polygon","coordinates":[[[46.828457435000075,24.54720622900004],[46.828598368026114,24.547272945735806],[46.828925530266325,24.546695926414166],[46.82878406400005,24.54662895700005],[46.82871528903241,24.546596399265656],[46.828388126062904,24.547173418111075],[46.828457435000075,24.54720622900004]]]}},{"type":"Feature","properties":{"warehouse_code":"T/102/1/4","ajlan_block_code":"T/102","block_no":102,"sequence":4,"land_area_m2":1440.0,"built_area_report_m2":1728.0,"generated_polygon_area_m2":1726.95,"side_height_m":9,"mid_height_m":11,"parcel_numbers":["1782","1793","1783","1792"],"primary_parcels":["1782","1793","1783","1792"],"parcel_overlap":[{"parcel_no":"1782","area_m2":551.52,"warehouse_pct":31.94},{"parcel_no":"1793","area_m2":520.65,"warehouse_pct":30.15},{"parcel_no":"1783","area_m2":335.93,"warehouse_pct":19.45},{"parcel_no":"1792","area_m2":318.84,"warehouse_pct":18.46}],"geometry_method":"area_slice_inference","cad_layer_support":"","verification_status":"needs_visual_verification","confidence":"medium","source_note":"Ajlan report unit areas + official block/parcels GeoJSON"},"geometry":{"type":"Polygon","coordinates":[[[46.82872916300005,24.547334863000064],[46.82880861040827,24.547372473042234],[46.829135771827865,24.546795453405426],[46.82905579100003,24.546757591000073],[46.828925530266325,24.546695926414166],[46.828598368026114,24.547272945735806],[46.82872916300005,24.547334863000064]]]}},{"type":"Feature","properties":{"warehouse_code":"T/102/1/5","ajlan_block_code":"T/102","block_no":102,"sequence":5,"land_area_m2":1440.0,"built_area_report_m2":1728.0,"generated_polygon_area_m2":1726.95,"side_height_m":9,"mid_height_m":11,"parcel_numbers":["1783","1792","1784","1791"],"primary_parcels":["1783","1792"],"parcel_overlap":[{"parcel_no":"1783","area_m2":811.06,"warehouse_pct":46.97},{"parcel_no":"1792","area_m2":766.16,"warehouse_pct":44.36},{"parcel_no":"1784","area_m2":76.39,"warehouse_pct":4.42},{"parcel_no":"1791","area_m2":73.33,"warehouse_pct":4.25}],"geometry_method":"area_slice_inference","cad_layer_support":"","verification_status":"needs_visual_verification","confidence":"medium","source_note":"Ajlan report unit areas + official block/parcels GeoJSON"},"geometry":{"type":"Polygon","coordinates":[[[46.82900089200007,24.547463498000067],[46.82901885278689,24.547472000463376],[46.82934601358753,24.546894980155752],[46.82932751900006,24.546886225000037],[46.829135771827865,24.546795453405426],[46.82880861040827,24.547372473042234],[46.82900089200007,24.547463498000067]]]}},{"type":"Feature","properties":{"warehouse_code":"T/102/1/6","ajlan_block_code":"T/102","block_no":102,"sequence":6,"land_area_m2":1440.0,"built_area_report_m2":1872.0,"generated_polygon_area_m2":1870.86,"side_height_m":9,"mid_height_m":11,"parcel_numbers":["1784","1791"],"primary_parcels":["1784","1791"],"parcel_overlap":[{"parcel_no":"1784","area_m2":961.41,"warehouse_pct":51.39},{"parcel_no":"1791","area_m2":909.45,"warehouse_pct":48.61}],"geometry_method":"area_slice_inference","cad_layer_support":"","verification_status":"needs_visual_verification","confidence":"medium","source_note":"Ajlan report unit areas + official block/parcels GeoJSON"},"geometry":{"type":"Polygon","coordinates":[[[46.82924661591369,24.547579821037687],[46.829573775881286,24.54700280028989],[46.82934601358753,24.546894980155752],[46.82901885278689,24.547472000463376],[46.82924661591369,24.547579821037687]]]}},{"type":"Feature","properties":{"warehouse_code":"T/102/2/1","ajlan_block_code":"T/102","block_no":102,"sequence":7,"land_area_m2":1440.0,"built_area_report_m2":1871.0,"generated_polygon_area_m2":1869.86,"side_height_m":9,"mid_height_m":11,"parcel_numbers":["1785","1790","1784","1791"],"primary_parcels":["1785","1790"],"parcel_overlap":[{"parcel_no":"1785","area_m2":851.71,"warehouse_pct":45.55},{"parcel_no":"1790","area_m2":806.74,"warehouse_pct":43.14},{"parcel_no":"1784","area_m2":109.19,"warehouse_pct":5.84},{"parcel_no":"1791","area_m2":102.22,"warehouse_pct":5.47}],"geometry_method":"area_slice_inference","cad_layer_support":"","verification_status":"needs_visual_verification","confidence":"medium","source_note":"Ajlan report unit areas + official block/parcels GeoJSON"},"geometry":{"type":"Polygon","coordinates":[[[46.829272622000076,24.547592132000027],[46.829474257493395,24.547687584104033],[46.829801416610074,24.54711056294862],[46.82959924700003,24.547014858000065],[46.829573775881286,24.54700280028989],[46.82924661591369,24.547579821037687],[46.829272622000076,24.547592132000027]]]}},{"type":"Feature","properties":{"warehouse_code":"T/102/2/2","ajlan_block_code":"T/102","block_no":102,"sequence":8,"land_area_m2":1440.0,"built_area_report_m2":1728.0,"generated_polygon_area_m2":1726.95,"side_height_m":9,"mid_height_m":11,"parcel_numbers":["1786","1789","1785","1790"],"primary_parcels":["1786","1789","1785","1790"],"parcel_overlap":[{"parcel_no":"1786","area_m2":592.16,"warehouse_pct":34.29},{"parcel_no":"1789","area_m2":561.22,"warehouse_pct":32.5},{"parcel_no":"1785","area_m2":295.3,"warehouse_pct":17.1},{"parcel_no":"1790","area_m2":278.27,"warehouse_pct":16.11}],"geometry_method":"area_slice_inference","cad_layer_support":"","verification_status":"needs_visual_verification","confidence":"medium","source_note":"Ajlan report unit areas + official block/parcels GeoJSON"},"geometry":{"type":"Polygon","coordinates":[[[46.82954435200003,24.547720766000054],[46.82968450110958,24.547787110115785],[46.830011659330424,24.547210088777803],[46.82987097700004,24.547143492000025],[46.829801416610074,24.54711056294862],[46.829474257493395,24.547687584104033],[46.82954435200003,24.547720766000054]]]}},{"type":"Feature","properties":{"warehouse_code":"T/102/2/3","ajlan_block_code":"T/102","block_no":102,"sequence":9,"land_area_m2":1440.0,"built_area_report_m2":1728.0,"generated_polygon_area_m2":1726.95,"side_height_m":9,"mid_height_m":11,"parcel_numbers":["1786","1789","1787","1788"],"primary_parcels":["1786","1789","1787","1788"],"parcel_overlap":[{"parcel_no":"1786","area_m2":554.84,"warehouse_pct":32.13},{"parcel_no":"1789","area_m2":523.78,"warehouse_pct":30.33},{"parcel_no":"1787","area_m2":332.62,"warehouse_pct":19.26},{"parcel_no":"1788","area_m2":315.71,"warehouse_pct":18.28}],"geometry_method":"area_slice_inference","cad_layer_support":"","verification_status":"needs_visual_verification","confidence":"medium","source_note":"Ajlan report unit areas + official block/parcels GeoJSON"},"geometry":{"type":"Polygon","coordinates":[[[46.829816082000036,24.54784939800004],[46.8298947452441,24.54788663570708],[46.83022190251889,24.54730961427506],[46.83014270600006,24.54727212400007],[46.830011659330424,24.547210088777803],[46.82968450110958,24.547787110115785],[46.829816082000036,24.54784939800004]]]}},{"type":"Feature","properties":{"warehouse_code":"T/102/2/4","ajlan_block_code":"T/102","block_no":102,"sequence":10,"land_area_m2":1462.0,"built_area_report_m2":2169.07,"generated_polygon_area_m2":2167.75,"side_height_m":9,"mid_height_m":11,"parcel_numbers":["1787","1788"],"primary_parcels":["1787","1788"],"parcel_overlap":[{"parcel_no":"1787","area_m2":1128.9,"warehouse_pct":52.08},{"parcel_no":"1788","area_m2":1038.85,"warehouse_pct":47.92}],"geometry_method":"area_slice_inference","cad_layer_support":"","verification_status":"needs_visual_verification","confidence":"medium","source_note":"Ajlan report unit areas + official block/parcels GeoJSON"},"geometry":{"type":"Polygon","coordinates":[[[46.830162305000044,24.548013293000054],[46.830330195000045,24.54771665800007],[46.830454976000055,24.547496185000053],[46.830423266000025,24.547404936000074],[46.83022190251889,24.54730961427506],[46.8298947452441,24.54788663570708],[46.830162305000044,24.548013293000054]]]}},{"type":"Feature","properties":{"warehouse_code":"T/104/1/1","ajlan_block_code":"T/104","block_no":104,"sequence":1,"land_area_m2":1344.0,"built_area_report_m2":2044.8,"generated_polygon_area_m2":2043.47,"side_height_m":9,"mid_height_m":11,"parcel_numbers":["1800","1815"],"primary_parcels":["1800","1815"],"parcel_overlap":[{"parcel_no":"1800","area_m2":1049.57,"warehouse_pct":51.36},{"parcel_no":"1815","area_m2":993.9,"warehouse_pct":48.64}],"geometry_method":"area_slice_inference","cad_layer_support":"","verification_status":"needs_visual_verification","confidence":"medium","source_note":"Ajlan report unit areas + official block/parcels GeoJSON"},"geometry":{"type":"Polygon","coordinates":[[[46.831496979000065,24.547913203000064],[46.831338207000044,24.548193823000076],[46.831170360000044,24.54849048000005],[46.83141887413756,24.54860811805791],[46.83174602580386,24.548031093152662],[46.831496979000065,24.547913203000064]]]}},{"type":"Feature","properties":{"warehouse_code":"T/104/1/2","ajlan_block_code":"T/104","block_no":104,"sequence":2,"land_area_m2":1344.0,"built_area_report_m2":1612.8,"generated_polygon_area_m2":1611.75,"side_height_m":9,"mid_height_m":11,"parcel_numbers":["1801","1814","1800","1815"],"primary_parcels":["1801","1814"],"parcel_overlap":[{"parcel_no":"1801","area_m2":767.83,"warehouse_pct":47.64},{"parcel_no":"1814","area_m2":727.39,"warehouse_pct":45.13},{"parcel_no":"1800","area_m2":60.43,"warehouse_pct":3.75},{"parcel_no":"1815","area_m2":56.1,"warehouse_pct":3.48}],"geometry_method":"area_slice_inference","cad_layer_support":"","verification_status":"needs_visual_verification","confidence":"medium","source_note":"Ajlan report unit areas + official block/parcels GeoJSON"},"geometry":{"type":"Polygon","coordinates":[[[46.831759945000044,24.54803768200002],[46.83174602580386,24.548031093152662],[46.83141887413756,24.54860811805791],[46.83143332800006,24.548614960000062],[46.831615095901775,24.5487010024187],[46.8319422466875,24.548123977421366],[46.831759945000044,24.54803768200002]]]}},{"type":"Feature","properties":{"warehouse_code":"T/104/1/3","ajlan_block_code":"T/104","block_no":104,"sequence":3,"land_area_m2":1344.0,"built_area_report_m2":1612.8,"generated_polygon_area_m2":1611.75,"side_height_m":9,"mid_height_m":11,"parcel_numbers":["1802","1813","1801","1814"],"primary_parcels":["1802","1813","1801","1814"],"parcel_overlap":[{"parcel_no":"1802","area_m2":486.09,"warehouse_pct":30.16},{"parcel_no":"1813","area_m2":460.88,"warehouse_pct":28.59},{"parcel_no":"1801","area_m2":342.17,"warehouse_pct":21.23},{"parcel_no":"1814","area_m2":322.61,"warehouse_pct":20.02}],"geometry_method":"area_slice_inference","cad_layer_support":"","verification_status":"needs_visual_verification","confidence":"medium","source_note":"Ajlan report unit areas + official block/parcels GeoJSON"},"geometry":{"type":"Polygon","coordinates":[[[46.83202291300006,24.548162162000036],[46.8319422466875,24.548123977421366],[46.831615095901775,24.5487010024187],[46.831696297000065,24.548739440000073],[46.83181131809468,24.5487938864722],[46.832138467987825,24.54821686140394],[46.83202291300006,24.548162162000036]]]}},{"type":"Feature","properties":{"warehouse_code":"T/104/1/4","ajlan_block_code":"T/104","block_no":104,"sequence":4,"land_area_m2":1344.0,"built_area_report_m2":1756.8,"generated_polygon_area_m2":1755.65,"side_height_m":9,"mid_height_m":11,"parcel_numbers":["1802","1813","1803","1812"],"primary_parcels":["1802","1813","1803","1812"],"parcel_overlap":[{"parcel_no":"1802","area_m2":623.91,"warehouse_pct":35.54},{"parcel_no":"1813","area_m2":589.12,"warehouse_pct":33.56},{"parcel_no":"1803","area_m2":278.3,"warehouse_pct":15.85},{"parcel_no":"1812","area_m2":264.32,"warehouse_pct":15.06}],"geometry_method":"area_slice_inference","cad_layer_support":"","verification_status":"needs_visual_verification","confidence":"medium","source_note":"Ajlan report unit areas + official block/parcels GeoJSON"},"geometry":{"type":"Polygon","coordinates":[[[46.832285881000075,24.54828664100006],[46.832138467987825,24.54821686140394],[46.83181131809468,24.5487938864722],[46.83195926600007,24.54886391900004],[46.83202506051782,24.54889506353104],[46.83235220959111,24.548318038116683],[46.832285881000075,24.54828664100006]]]}},{"type":"Feature","properties":{"warehouse_code":"T/104/2/1","ajlan_block_code":"T/104","block_no":104,"sequence":5,"land_area_m2":1344.0,"built_area_report_m2":1756.8,"generated_polygon_area_m2":1755.65,"side_height_m":9,"mid_height_m":11,"parcel_numbers":["1803","1812","1811","1804"],"primary_parcels":["1803","1812"],"parcel_overlap":[{"parcel_no":"1803","area_m2":826.07,"warehouse_pct":47.05},{"parcel_no":"1812","area_m2":785.68,"warehouse_pct":44.75},{"parcel_no":"1811","area_m2":72.98,"warehouse_pct":4.16},{"parcel_no":"1804","area_m2":70.92,"warehouse_pct":4.04}],"geometry_method":"area_slice_inference","cad_layer_support":"","verification_status":"needs_visual_verification","confidence":"medium","source_note":"Ajlan report unit areas + official block/parcels GeoJSON"},"geometry":{"type":"Polygon","coordinates":[[[46.83254885000008,24.548411119000036],[46.83235220959111,24.548318038116683],[46.83202506051782,24.54889506353104],[46.83219265300005,24.548974395000073],[46.83220251300003,24.548979062000054],[46.83221385400003,24.548959018000062],[46.83223357600008,24.548968354000063],[46.83225146810026,24.548976822903484],[46.83256725728317,24.548419832224788],[46.83254885000008,24.548411119000036]]]}},{"type":"Feature","properties":{"warehouse_code":"T/104/2/2","ajlan_block_code":"T/104","block_no":104,"sequence":6,"land_area_m2":1344.0,"built_area_report_m2":1612.8,"generated_polygon_area_m2":1611.75,"side_height_m":9,"mid_height_m":11,"parcel_numbers":["1804","1811"],"primary_parcels":["1804","1811"],"parcel_overlap":[{"parcel_no":"1804","area_m2":828.0,"warehouse_pct":51.37},{"parcel_no":"1811","area_m2":783.74,"warehouse_pct":48.63}],"geometry_method":"area_slice_inference","cad_layer_support":"","verification_status":"needs_visual_verification","confidence":"medium","source_note":"Ajlan report unit areas + official block/parcels GeoJSON"},"geometry":{"type":"Polygon","coordinates":[[[46.83256725728317,24.548419832224788],[46.83225146810026,24.548976822903484],[46.83225330000005,24.54897769000007],[46.832241958000054,24.548997734000068],[46.832251822000046,24.54900240300003],[46.83243639524124,24.54908977249688],[46.83276354328623,24.548512745447233],[46.83256725728317,24.548419832224788]]]}},{"type":"Feature","properties":{"warehouse_code":"T/104/2/3","ajlan_block_code":"T/104","block_no":104,"sequence":7,"land_area_m2":1344.0,"built_area_report_m2":1612.8,"generated_polygon_area_m2":1611.75,"side_height_m":9,"mid_height_m":11,"parcel_numbers":["1805","1810","1804","1811"],"primary_parcels":["1805","1810","1804","1811"],"parcel_overlap":[{"parcel_no":"1805","area_m2":622.81,"warehouse_pct":38.64},{"parcel_no":"1810","area_m2":590.21,"warehouse_pct":36.62},{"parcel_no":"1804","area_m2":205.45,"warehouse_pct":12.75},{"parcel_no":"1811","area_m2":193.28,"warehouse_pct":11.99}],"geometry_method":"area_slice_inference","cad_layer_support":"","verification_status":"needs_visual_verification","confidence":"medium","source_note":"Ajlan report unit areas + official block/parcels GeoJSON"},"geometry":{"type":"Polygon","coordinates":[[[46.83281181900003,24.54853559700006],[46.83276354328623,24.548512745447233],[46.83243639524124,24.54908977249688],[46.83248520500007,24.54911287700003],[46.83263261849885,24.549182655088163],[46.83295976576126,24.548605627773487],[46.83281181900003,24.54853559700006]]]}},{"type":"Feature","properties":{"warehouse_code":"T/104/2/4","ajlan_block_code":"T/104","block_no":104,"sequence":8,"land_area_m2":1344.0,"built_area_report_m2":1612.8,"generated_polygon_area_m2":1611.75,"side_height_m":9,"mid_height_m":11,"parcel_numbers":["1805","1810","1806","1809"],"primary_parcels":["1805","1810","1806","1809"],"parcel_overlap":[{"parcel_no":"1805","area_m2":487.19,"warehouse_pct":30.23},{"parcel_no":"1810","area_m2":459.79,"warehouse_pct":28.53},{"parcel_no":"1806","area_m2":341.07,"warehouse_pct":21.16},{"parcel_no":"1809","area_m2":323.7,"warehouse_pct":20.08}],"geometry_method":"area_slice_inference","cad_layer_support":"","verification_status":"needs_visual_verification","confidence":"medium","source_note":"Ajlan report unit areas + official block/parcels GeoJSON"},"geometry":{"type":"Polygon","coordinates":[[[46.83307478900008,24.548660074000054],[46.83295976576126,24.548605627773487],[46.83263261849885,24.549182655088163],[46.83274817600005,24.549237354000063],[46.832828842065126,24.54927553756689],[46.83315598843312,24.54869851018443],[46.83307478900008,24.548660074000054]]]}},{"type":"Feature","properties":{"warehouse_code":"T/104/2/5","ajlan_block_code":"T/104","block_no":104,"sequence":9,"land_area_m2":1344.0,"built_area_report_m2":1612.8,"generated_polygon_area_m2":1611.75,"side_height_m":9,"mid_height_m":11,"parcel_numbers":["1806","1809","1807","1808"],"primary_parcels":["1806","1809"],"parcel_overlap":[{"parcel_no":"1806","area_m2":768.93,"warehouse_pct":47.71},{"parcel_no":"1809","area_m2":726.3,"warehouse_pct":45.06},{"parcel_no":"1807","area_m2":59.33,"warehouse_pct":3.68},{"parcel_no":"1808","area_m2":57.19,"warehouse_pct":3.55}],"geometry_method":"area_slice_inference","cad_layer_support":"","verification_status":"needs_visual_verification","confidence":"medium","source_note":"Ajlan report unit areas + official block/parcels GeoJSON"},"geometry":{"type":"Polygon","coordinates":[[[46.833337759000074,24.54878455200003],[46.83315598843312,24.54869851018443],[46.832828842065126,24.54927553756689],[46.833011147000036,24.54936183200004],[46.83302506568051,24.54936842040855],[46.83335221117984,24.548791392912893],[46.833337759000074,24.54878455200003]]]}},{"type":"Feature","properties":{"warehouse_code":"T/104/2/6","ajlan_block_code":"T/104","block_no":104,"sequence":10,"land_area_m2":1344.0,"built_area_report_m2":2020.3,"generated_polygon_area_m2":2018.98,"side_height_m":9,"mid_height_m":11,"parcel_numbers":["1807","1808"],"primary_parcels":["1807","1808"],"parcel_overlap":[{"parcel_no":"1807","area_m2":1050.67,"warehouse_pct":52.04},{"parcel_no":"1808","area_m2":968.31,"warehouse_pct":47.96}],"geometry_method":"area_slice_inference","cad_layer_support":"","verification_status":"needs_visual_verification","confidence":"medium","source_note":"Ajlan report unit areas + official block/parcels GeoJSON"},"geometry":{"type":"Polygon","coordinates":[[[46.83353937000004,24.54887998400005],[46.83335221117984,24.548791392912893],[46.83302506568051,24.54936842040855],[46.83327411800008,24.549486309000024],[46.83344196100006,24.549189651000063],[46.83356897600004,24.54896515200005],[46.83353937000004,24.54887998400005]]]}},{"type":"Feature","properties":{"warehouse_code":"T/108/1/1","ajlan_block_code":"T/108","block_no":108,"sequence":1,"land_area_m2":1320.0,"built_area_report_m2":2016.0,"generated_polygon_area_m2":2016.21,"side_height_m":9,"mid_height_m":11,"parcel_numbers":["1846","1867"],"primary_parcels":["1846","1867"],"parcel_overlap":[{"parcel_no":"1846","area_m2":1035.56,"warehouse_pct":51.36},{"parcel_no":"1867","area_m2":980.64,"warehouse_pct":48.64}],"geometry_method":"area_slice_inference","cad_layer_support":"","verification_status":"needs_visual_verification","confidence":"medium","source_note":"Ajlan report unit areas + official block/parcels GeoJSON"},"geometry":{"type":"Polygon","coordinates":[[[46.83789598600004,24.550942073000044],[46.83773722500007,24.551222699000046],[46.837569390000056,24.55151936300006],[46.83781459606449,24.55163541864855],[46.838141724754,24.55105838121129],[46.83789598600004,24.550942073000044]]]}},{"type":"Feature","properties":{"warehouse_code":"T/108/1/2","ajlan_block_code":"T/108","block_no":108,"sequence":2,"land_area_m2":1320.0,"built_area_report_m2":1584.0,"generated_polygon_area_m2":1584.16,"side_height_m":9,"mid_height_m":11,"parcel_numbers":["1847","1866","1846","1867"],"primary_parcels":["1847","1866"],"parcel_overlap":[{"parcel_no":"1847","area_m2":739.64,"warehouse_pct":46.69},{"parcel_no":"1866","area_m2":700.72,"warehouse_pct":44.23},{"parcel_no":"1846","area_m2":74.44,"warehouse_pct":4.7},{"parcel_no":"1867","area_m2":69.35,"warehouse_pct":4.38}],"geometry_method":"area_slice_inference","cad_layer_support":"","verification_status":"needs_visual_verification","confidence":"medium","source_note":"Ajlan report unit areas + official block/parcels GeoJSON"},"geometry":{"type":"Polygon","coordinates":[[[46.838141724754,24.55105838121129],[46.83781459606449,24.55163541864855],[46.83783237000006,24.551643831000035],[46.83800746796652,24.551726704344283],[46.83833459607654,24.55114966631141],[46.83815896500005,24.551066541000072],[46.838141724754,24.55105838121129]]]}},{"type":"Feature","properties":{"warehouse_code":"T/108/1/3","ajlan_block_code":"T/108","block_no":108,"sequence":3,"land_area_m2":1320.0,"built_area_report_m2":1584.0,"generated_polygon_area_m2":1584.16,"side_height_m":9,"mid_height_m":11,"parcel_numbers":["1848","1865","1847","1866"],"primary_parcels":["1848","1865","1847","1866"],"parcel_overlap":[{"parcel_no":"1848","area_m2":443.72,"warehouse_pct":28.01},{"parcel_no":"1865","area_m2":420.8,"warehouse_pct":26.56},{"parcel_no":"1847","area_m2":370.36,"warehouse_pct":23.38},{"parcel_no":"1866","area_m2":349.28,"warehouse_pct":22.05}],"geometry_method":"area_slice_inference","cad_layer_support":"","verification_status":"needs_visual_verification","confidence":"medium","source_note":"Ajlan report unit areas + official block/parcels GeoJSON"},"geometry":{"type":"Polygon","coordinates":[[[46.83809535100006,24.551768299000063],[46.83820034011474,24.551817989673683],[46.8385274674957,24.551240951309072],[46.83842194500005,24.551191008000046],[46.83833459607654,24.55114966631141],[46.83800746796652,24.551726704344283],[46.83809535100006,24.551768299000063]]]}},{"type":"Feature","properties":{"warehouse_code":"T/108/1/4","ajlan_block_code":"T/108","block_no":108,"sequence":4,"land_area_m2":1320.0,"built_area_report_m2":1584.0,"generated_polygon_area_m2":1584.16,"side_height_m":9,"mid_height_m":11,"parcel_numbers":["1848","1865","1849","1864"],"primary_parcels":["1848","1865"],"parcel_overlap":[{"parcel_no":"1848","area_m2":666.28,"warehouse_pct":42.06},{"parcel_no":"1865","area_m2":629.2,"warehouse_pct":39.72},{"parcel_no":"1849","area_m2":147.8,"warehouse_pct":9.33},{"parcel_no":"1864","area_m2":140.88,"warehouse_pct":8.89}],"geometry_method":"area_slice_inference","cad_layer_support":"","verification_status":"needs_visual_verification","confidence":"medium","source_note":"Ajlan report unit areas + official block/parcels GeoJSON"},"geometry":{"type":"Polygon","coordinates":[[[46.83835833200004,24.55189276600003],[46.83839321263438,24.551909274730296],[46.83872033919751,24.551332236190486],[46.83868492500006,24.551315475000024],[46.8385274674957,24.551240951309072],[46.83820034011474,24.551817989673683],[46.83835833200004,24.55189276600003]]]}},{"type":"Feature","properties":{"warehouse_code":"T/108/1/5","ajlan_block_code":"T/108","block_no":108,"sequence":5,"land_area_m2":1320.0,"built_area_report_m2":1584.0,"generated_polygon_area_m2":1584.16,"side_height_m":9,"mid_height_m":11,"parcel_numbers":["1849","1864"],"primary_parcels":["1849","1864"],"parcel_overlap":[{"parcel_no":"1849","area_m2":814.08,"warehouse_pct":51.39},{"parcel_no":"1864","area_m2":770.08,"warehouse_pct":48.61}],"geometry_method":"area_slice_inference","cad_layer_support":"","verification_status":"needs_visual_verification","confidence":"medium","source_note":"Ajlan report unit areas + official block/parcels GeoJSON"},"geometry":{"type":"Polygon","coordinates":[[[46.838586085325964,24.552000559629636],[46.83891321133908,24.551423520442167],[46.83872033919751,24.551332236190486],[46.83839321263438,24.551909274730296],[46.838586085325964,24.552000559629636]]]}},{"type":"Feature","properties":{"warehouse_code":"T/108/1/6","ajlan_block_code":"T/108","block_no":108,"sequence":6,"land_area_m2":1320.0,"built_area_report_m2":1728.0,"generated_polygon_area_m2":1728.18,"side_height_m":9,"mid_height_m":11,"parcel_numbers":["1850","1863","1849","1864"],"primary_parcels":["1850","1863"],"parcel_overlap":[{"parcel_no":"1850","area_m2":739.97,"warehouse_pct":42.82},{"parcel_no":"1863","area_m2":701.04,"warehouse_pct":40.57},{"parcel_no":"1849","area_m2":148.12,"warehouse_pct":8.57},{"parcel_no":"1864","area_m2":139.04,"warehouse_pct":8.05}],"geometry_method":"area_slice_inference","cad_layer_support":"","verification_status":"needs_visual_verification","confidence":"medium","source_note":"Ajlan report unit areas + official block/parcels GeoJSON"},"geometry":{"type":"Polygon","coordinates":[[[46.83862131400008,24.552017233000072],[46.83879649234037,24.552100142737405],[46.83912361715646,24.551523103896542],[46.838947906000044,24.55143994100007],[46.83891321133908,24.551423520442167],[46.838586085325964,24.552000559629636],[46.83862131400008,24.552017233000072]]]}},{"type":"Feature","properties":{"warehouse_code":"T/108/2/1","ajlan_block_code":"T/108","block_no":108,"sequence":7,"land_area_m2":1350.0,"built_area_report_m2":1764.0,"generated_polygon_area_m2":1764.18,"side_height_m":9,"mid_height_m":11,"parcel_numbers":["1851","1862","1850","1863"],"primary_parcels":["1851","1862","1850","1863"],"parcel_overlap":[{"parcel_no":"1851","area_m2":536.57,"warehouse_pct":30.41},{"parcel_no":"1862","area_m2":508.63,"warehouse_pct":28.83},{"parcel_no":"1850","area_m2":370.02,"warehouse_pct":20.97},{"parcel_no":"1863","area_m2":348.96,"warehouse_pct":19.78}],"geometry_method":"area_slice_inference","cad_layer_support":"","verification_status":"needs_visual_verification","confidence":"medium","source_note":"Ajlan report unit areas + official block/parcels GeoJSON"},"geometry":{"type":"Polygon","coordinates":[[[46.83888429600006,24.55214169900006],[46.83901128339533,24.55220180036399],[46.83933840730203,24.55162476132552],[46.839210887000036,24.55156440800004],[46.83912361715646,24.551523103896542],[46.83879649234037,24.552100142737405],[46.83888429600006,24.55214169900006]]]}},{"type":"Feature","properties":{"warehouse_code":"T/108/2/2","ajlan_block_code":"T/108","block_no":108,"sequence":8,"land_area_m2":1350.0,"built_area_report_m2":1620.0,"generated_polygon_area_m2":1620.17,"side_height_m":9,"mid_height_m":11,"parcel_numbers":["1851","1862","1852","1861"],"primary_parcels":["1851","1862","1852","1861"],"parcel_overlap":[{"parcel_no":"1851","area_m2":573.43,"warehouse_pct":35.39},{"parcel_no":"1862","area_m2":541.37,"warehouse_pct":33.41},{"parcel_no":"1852","area_m2":259.15,"warehouse_pct":16.0},{"parcel_no":"1861","area_m2":246.21,"warehouse_pct":15.2}],"geometry_method":"area_slice_inference","cad_layer_support":"","verification_status":"needs_visual_verification","confidence":"medium","source_note":"Ajlan report unit areas + official block/parcels GeoJSON"},"geometry":{"type":"Polygon","coordinates":[[[46.83914727900003,24.55226616500005],[46.83920854071305,24.552295159103],[46.83953566400778,24.55171811948936],[46.83947386900008,24.551688873000042],[46.83933840730203,24.55162476132552],[46.83901128339533,24.55220180036399],[46.83914727900003,24.55226616500005]]]}},{"type":"Feature","properties":{"warehouse_code":"T/108/2/3","ajlan_block_code":"T/108","block_no":108,"sequence":9,"land_area_m2":1350.0,"built_area_report_m2":1620.0,"generated_polygon_area_m2":1620.17,"side_height_m":9,"mid_height_m":11,"parcel_numbers":["1852","1861"],"primary_parcels":["1852","1861"],"parcel_overlap":[{"parcel_no":"1852","area_m2":832.58,"warehouse_pct":51.39},{"parcel_no":"1861","area_m2":787.58,"warehouse_pct":48.61}],"geometry_method":"area_slice_inference","cad_layer_support":"","verification_status":"needs_visual_verification","confidence":"medium","source_note":"Ajlan report unit areas + official block/parcels GeoJSON"},"geometry":{"type":"Polygon","coordinates":[[[46.83940579835048,24.55238851744314],[46.839732920923986,24.551811477447018],[46.83953566400778,24.55171811948936],[46.83920854071305,24.552295159103],[46.83940579835048,24.55238851744314]]]}},{"type":"Feature","properties":{"warehouse_code":"T/108/2/4","ajlan_block_code":"T/108","block_no":108,"sequence":10,"land_area_m2":1350.0,"built_area_report_m2":1764.0,"generated_polygon_area_m2":1764.18,"side_height_m":9,"mid_height_m":11,"parcel_numbers":["1853","1860","1852","1861"],"primary_parcels":["1853","1860"],"parcel_overlap":[{"parcel_no":"1853","area_m2":888.33,"warehouse_pct":50.35},{"parcel_no":"1860","area_m2":841.38,"warehouse_pct":47.69},{"parcel_no":"1852","area_m2":18.26,"warehouse_pct":1.04},{"parcel_no":"1861","area_m2":16.21,"warehouse_pct":0.92}],"geometry_method":"area_slice_inference","cad_layer_support":"","verification_status":"needs_visual_verification","confidence":"medium","source_note":"Ajlan report unit areas + official block/parcels GeoJSON"},"geometry":{"type":"Polygon","coordinates":[[[46.83941026200006,24.552390630000048],[46.83962058981566,24.552490174752528],[46.83994771177233,24.551913134042692],[46.839736850000065,24.551813337000056],[46.839732920923986,24.551811477447018],[46.83940579835048,24.55238851744314],[46.83941026200006,24.552390630000048]]]}},{"type":"Feature","properties":{"warehouse_code":"T/108/3/1","ajlan_block_code":"T/108","block_no":108,"sequence":11,"land_area_m2":1322.68,"built_area_report_m2":1728.0,"generated_polygon_area_m2":1728.18,"side_height_m":9,"mid_height_m":11,"parcel_numbers":["1854","1859","1853","1860"],"primary_parcels":["1854","1859","1853","1860"],"parcel_overlap":[{"parcel_no":"1854","area_m2":666.42,"warehouse_pct":38.56},{"parcel_no":"1859","area_m2":631.47,"warehouse_pct":36.54},{"parcel_no":"1853","area_m2":221.67,"warehouse_pct":12.83},{"parcel_no":"1860","area_m2":208.62,"warehouse_pct":12.07}],"geometry_method":"area_slice_inference","cad_layer_support":"","verification_status":"needs_visual_verification","confidence":"medium","source_note":"Ajlan report unit areas + official block/parcels GeoJSON"},"geometry":{"type":"Polygon","coordinates":[[[46.839673246000075,24.55251509600003],[46.83982842700004,24.552588539000055],[46.83983097556084,24.552589796691763],[46.840158119444524,24.552012715537856],[46.839999833000036,24.551937802000054],[46.83994771177233,24.551913134042692],[46.83962058981566,24.552490174752528],[46.839673246000075,24.55251509600003]]]}},{"type":"Feature","properties":{"warehouse_code":"T/108/3/2","ajlan_block_code":"T/108","block_no":108,"sequence":12,"land_area_m2":1334.67,"built_area_report_m2":1595.56,"generated_polygon_area_m2":1595.72,"side_height_m":9,"mid_height_m":11,"parcel_numbers":["1854","1859","1855","1858"],"primary_parcels":["1854","1859","1855","1858"],"parcel_overlap":[{"parcel_no":"1854","area_m2":445.54,"warehouse_pct":27.92},{"parcel_no":"1859","area_m2":418.54,"warehouse_pct":26.23},{"parcel_no":"1855","area_m2":379.88,"warehouse_pct":23.81},{"parcel_no":"1858","area_m2":351.77,"warehouse_pct":22.04}],"geometry_method":"area_slice_inference","cad_layer_support":"","verification_status":"needs_visual_verification","confidence":"medium","source_note":"Ajlan report unit areas + official block/parcels GeoJSON"},"geometry":{"type":"Polygon","coordinates":[[[46.839881812000044,24.552614884000032],[46.83993430000004,24.552642972000054],[46.84001756673274,24.552692291181483],[46.840351050225316,24.55210402537579],[46.84026281600006,24.55206226600006],[46.840158119444524,24.552012715537856],[46.83983097556084,24.552589796691763],[46.839881812000044,24.552614884000032]]]}},{"type":"Feature","properties":{"warehouse_code":"T/108/3/3","ajlan_block_code":"T/108","block_no":108,"sequence":13,"land_area_m2":1396.16,"built_area_report_m2":1656.07,"generated_polygon_area_m2":1656.24,"side_height_m":9,"mid_height_m":11,"parcel_numbers":["1855","1858","1856","1857"],"primary_parcels":["1855","1858"],"parcel_overlap":[{"parcel_no":"1855","area_m2":801.28,"warehouse_pct":48.38},{"parcel_no":"1858","area_m2":698.23,"warehouse_pct":42.16},{"parcel_no":"1856","area_m2":85.2,"warehouse_pct":5.14},{"parcel_no":"1857","area_m2":71.53,"warehouse_pct":4.32}],"geometry_method":"area_slice_inference","cad_layer_support":"","verification_status":"needs_visual_verification","confidence":"medium","source_note":"Ajlan report unit areas + official block/parcels GeoJSON"},"geometry":{"type":"Polygon","coordinates":[[[46.840017845000034,24.55269245600004],[46.84009852300006,24.552746489000068],[46.84017608600004,24.552804906000066],[46.84019112319022,24.552817473852752],[46.840543844752496,24.5521952704731],[46.84052579900004,24.552186730000074],[46.840351050225316,24.55210402537579],[46.84001756673274,24.552692291181483],[46.840017845000034,24.55269245600004]]]}},{"type":"Feature","properties":{"warehouse_code":"T/108/3/4","ajlan_block_code":"T/108","block_no":108,"sequence":14,"land_area_m2":1500.71,"built_area_report_m2":2248.6,"generated_polygon_area_m2":2248.83,"side_height_m":9,"mid_height_m":11,"parcel_numbers":["1856","1857"],"primary_parcels":["1856","1857"],"parcel_overlap":[{"parcel_no":"1856","area_m2":1294.85,"warehouse_pct":57.58},{"parcel_no":"1857","area_m2":953.97,"warehouse_pct":42.42}],"geometry_method":"area_slice_inference","cad_layer_support":"","verification_status":"needs_visual_verification","confidence":"medium","source_note":"Ajlan report unit areas + official block/parcels GeoJSON"},"geometry":{"type":"Polygon","coordinates":[[[46.84023592800003,24.552854921000062],[46.84029339700004,24.55290764500006],[46.84034837200005,24.55296296500007],[46.84042435300006,24.552955388000047],[46.84063002800008,24.55259182300006],[46.840757033000045,24.552367318000055],[46.840727421000054,24.552282151000043],[46.840543844752496,24.5521952704731],[46.84019112319022,24.552817473852752],[46.84023592800003,24.552854921000062]]]}}]}