{"type":"FeatureCollection","name":"plan_buildings","features":[{"type":"Feature","properties":{"height":-1,"confidence":-1},"geometry":{"type":"Polygon","coordinates":[[[46.82484225711793,24.55824049259374],[46.82482896785836,24.558288692566038],[46.82471386913764,24.55826244027584],[46.824727154907606,24.558214239497502],[46.82484225711793,24.55824049259374]]]}},{"type":"Feature","properties":{"height":-1,"confidence":-1},"geometry":{"type":"Polygon","coordinates":[[[46.839999340163956,24.568754537055185],[46.84003320502312,24.568807301284878],[46.83989434948353,24.568881014021997],[46.83986048765311,24.56882824821551],[46.839999340163956,24.568754537055185]]]}},{"type":"Feature","properties":{"height":-1,"confidence":-1},"geometry":{"type":"Polygon","coordinates":[[[46.84240770848573,24.568041364951966],[46.84249682395365,24.568171332254252],[46.842418397096644,24.568215816556815],[46.84241237529467,24.568207035265672],[46.84223471544571,24.56830780521547],[46.84215161457889,24.568186623432283],[46.84240770848573,24.568041364951966]]]}},{"type":"Feature","properties":{"height":-1,"confidence":-1},"geometry":{"type":"Polygon","coordinates":[[[46.82803268310469,24.543233670252647],[46.827990067733055,24.543246139730044],[46.82796192558337,24.54316653906345],[46.82800453540476,24.54315407120218],[46.82803268310469,24.543233670252647]]]}},{"type":"Feature","properties":{"height":-1,"confidence":-1},"geometry":{"type":"Polygon","coordinates":[[[46.81221623309739,24.557880845628162],[46.81215824816757,24.558006646090618],[46.81218790458437,24.55801795436409],[46.81211486285819,24.55817642091246],[46.811948326515626,24.55811292969122],[46.811955977750436,24.558096330073965],[46.811883851530794,24.558068832267978],[46.812011035247274,24.55779285636227],[46.81205352237225,24.55780905442934],[46.81204969675483,24.557817354257267],[46.81221623309739,24.557880845628162]]]}},{"type":"Feature","properties":{"height":-1,"confidence":-1},"geometry":{"type":"Polygon","coordinates":[[[46.81459800818794,24.5562941837686],[46.81461134331802,24.55628866764833],[46.81459213860273,24.55625025910038],[46.81468907909783,24.556210159327193],[46.81471697180086,24.556265934881793],[46.81475560055318,24.55624995350844],[46.81482332065778,24.556385390553274],[46.814674415632474,24.556446995022966],[46.81459800818794,24.5562941837686]]]}},{"type":"Feature","properties":{"height":-1,"confidence":-1},"geometry":{"type":"Polygon","coordinates":[[[46.83183329384429,24.566602145269925],[46.833370184828965,24.565686274218194],[46.833719385200105,24.56617097343991],[46.83218249421539,24.56708684094987],[46.83183329384429,24.566602145269925]]]}},{"type":"Feature","properties":{"height":-1,"confidence":-1},"geometry":{"type":"Polygon","coordinates":[[[46.83235828454285,24.56486368164299],[46.83253013615511,24.564762352931567],[46.83261216512236,24.564877429177002],[46.83249775865886,24.56494488650422],[46.83252836415592,24.564987826723424],[46.8324709213337,24.565021696631177],[46.83235828454285,24.56486368164299]]]}},{"type":"Feature","properties":{"height":-1,"confidence":-1},"geometry":{"type":"Polygon","coordinates":[[[46.84150705019538,24.561590419064373],[46.843037042364216,24.56069995196208],[46.84335852266372,24.56115688149636],[46.843402291096396,24.561131407934752],[46.84351188665307,24.561287179017896],[46.84193812605151,24.56220311529826],[46.84150705019538,24.561590419064373]]]}},{"type":"Feature","properties":{"height":-1,"confidence":-1},"geometry":{"type":"Polygon","coordinates":[[[46.84216579294477,24.56667025643692],[46.84189594092832,24.566814508521475],[46.8418455525598,24.566736549560247],[46.842032937012796,24.56663638128886],[46.84199661051454,24.56658017824182],[46.84207908575151,24.566536090217184],[46.84216579294477,24.56667025643692]]]}},{"type":"Feature","properties":{"height":-1,"confidence":-1},"geometry":{"type":"Polygon","coordinates":[[[46.81477816243758,24.556258421674457],[46.81492290112897,24.556193712732266],[46.81494626171572,24.55623694031881],[46.81497434534238,24.556224384852868],[46.815025313895276,24.556318699544846],[46.81485249157723,24.556395963872532],[46.81477816243758,24.556258421674457]]]}},{"type":"Feature","properties":{"height":-1,"confidence":-1},"geometry":{"type":"Polygon","coordinates":[[[46.8420567001439,24.567013078250085],[46.84212683505062,24.56696726108079],[46.842162422527544,24.56701231609601],[46.84209228533369,24.56705813474298],[46.8420567001439,24.567013078250085]]]}},{"type":"Feature","properties":{"height":-1,"confidence":-1},"geometry":{"type":"Polygon","coordinates":[[[46.81377257494614,24.556666106906818],[46.813824534198645,24.556790598879104],[46.8136580845481,24.556848071037024],[46.81360612916087,24.556723588382823],[46.81377257494614,24.556666106906818]]]}},{"type":"Feature","properties":{"height":-1,"confidence":-1},"geometry":{"type":"Polygon","coordinates":[[[46.81438563969547,24.557669449077224],[46.81431414112509,24.557799383801537],[46.814176862007734,24.55773690075891],[46.81424836442356,24.55760695898148],[46.81438563969547,24.557669449077224]]]}},{"type":"Feature","properties":{"height":-1,"confidence":-1},"geometry":{"type":"Polygon","coordinates":[[[46.815109393365226,24.558107560894527],[46.81528492341664,24.55817465970935],[46.81522018828902,24.558314777153413],[46.81523386629727,24.558320004885132],[46.81517255777805,24.558452705377448],[46.81510872707297,24.558428309320078],[46.81509435788876,24.558459410983716],[46.815153629257814,24.558482064460065],[46.81511299466565,24.55857001674545],[46.81509703738826,24.558563916873908],[46.815062951823776,24.558637693952733],[46.81507662983198,24.55864292167098],[46.81499233061813,24.5588253843418],[46.81489658456045,24.55878879036274],[46.81498375761119,24.55860010731385],[46.814972359270996,24.5585957508805],[46.8149326871315,24.55868161989052],[46.81485745996656,24.558652863376253],[46.815109393365226,24.558107560894527]]]}},{"type":"Feature","properties":{"height":-1,"confidence":-1},"geometry":{"type":"Polygon","coordinates":[[[46.8192348623132,24.543542267046845],[46.81909136569849,24.543538649303485],[46.81909233379961,24.54350695552148],[46.81923582797767,24.54351057320433],[46.8192348623132,24.543542267046845]]]}},{"type":"Feature","properties":{"height":-1,"confidence":-1},"geometry":{"type":"Polygon","coordinates":[[[46.8405080576126,24.56283840864134],[46.840481624477206,24.5628017413498],[46.84062328169272,24.562717267956117],[46.840594364709396,24.562677159383753],[46.84078568640784,24.562563057632858],[46.84084103395347,24.562639826108665],[46.8405080576126,24.56283840864134]]]}},{"type":"Feature","properties":{"height":-1,"confidence":-1},"geometry":{"type":"Polygon","coordinates":[[[46.834145840830274,24.568128225600276],[46.83489585727666,24.567666049413234],[46.83496187115855,24.567754657863404],[46.83478723497619,24.56786227249289],[46.834789726066084,24.567865616203903],[46.834558103339965,24.56800834703982],[46.834549384525374,24.56799664406425],[46.83446850039882,24.56804648654476],[46.83447721921341,24.568058189515654],[46.83421434580205,24.568220177425246],[46.834145840830274,24.568128225600276]]]}},{"type":"Feature","properties":{"height":-1,"confidence":-1},"geometry":{"type":"Polygon","coordinates":[[[46.841245829611175,24.561625128062218],[46.8413940221493,24.561852681171203],[46.84130466785985,24.56190081227747],[46.84115647532173,24.561673259255898],[46.841245829611175,24.561625128062218]]]}},{"type":"Feature","properties":{"height":-1,"confidence":-1},"geometry":{"type":"Polygon","coordinates":[[[46.84288930881662,24.559929741903545],[46.84362566242727,24.559482423999512],[46.84378175417428,24.559694984832802],[46.84304540056363,24.56014230197846],[46.84288930881662,24.559929741903545]]]}},{"type":"Feature","properties":{"height":-1,"confidence":-1},"geometry":{"type":"Polygon","coordinates":[[[46.84506383141525,24.567016640820796],[46.84453041045653,24.56702886422478],[46.844519536842,24.566636368831382],[46.84505295780068,24.56662414538914],[46.84506383141525,24.567016640820796]]]}},{"type":"Feature","properties":{"height":-1,"confidence":-1},"geometry":{"type":"Polygon","coordinates":[[[46.81449223522276,24.556874078146535],[46.81461823860576,24.556768295099403],[46.81472330095227,24.556871825042165],[46.814597301964426,24.556977612333014],[46.81449223522276,24.556874078146535]]]}},{"type":"Feature","properties":{"height":-1,"confidence":-1},"geometry":{"type":"Polygon","coordinates":[[[46.81751718493515,24.568599804916957],[46.81757348254964,24.56849250727234],[46.817619363243004,24.5685124157351],[46.81758132807099,24.568584906982366],[46.817623710966586,24.56860330037172],[46.81760545185884,24.56863810549619],[46.81751718493515,24.568599804916957]]]}},{"type":"Feature","properties":{"height":-1,"confidence":-1},"geometry":{"type":"Polygon","coordinates":[[[46.820387916808926,24.550432360832843],[46.820422827703545,24.550361123149386],[46.820531243900085,24.550405074724694],[46.82049633757849,24.550476314237073],[46.820387916808926,24.550432360832843]]]}},{"type":"Feature","properties":{"height":-1,"confidence":-1},"geometry":{"type":"Polygon","coordinates":[[[46.841160607432144,24.563441807220315],[46.841282423992624,24.563370057367422],[46.841433587485504,24.563582374995477],[46.84131177854621,24.563654112484258],[46.841160607432144,24.563441807220315]]]}},{"type":"Feature","properties":{"height":-1,"confidence":-1},"geometry":{"type":"Polygon","coordinates":[[[46.843969897176095,24.561017242802208],[46.84454623560228,24.560662034044583],[46.844768706307136,24.560960666222684],[46.843991999368455,24.561439315234807],[46.843850501680606,24.561249397111595],[46.844050860697024,24.561125912234445],[46.843969897176095,24.561017242802208]]]}},{"type":"Feature","properties":{"height":-1,"confidence":-1},"geometry":{"type":"Polygon","coordinates":[[[46.84428985436512,24.559192021599245],[46.84444932408935,24.559092558367098],[46.84449186193271,24.55914897193368],[46.84452652283278,24.559127353502475],[46.84457830141429,24.55919602208722],[46.844167856787,24.559452047215828],[46.844126571404445,24.559397294791964],[46.84419512317403,24.559354533924363],[46.84416710517587,24.559317372806518],[46.844226247276204,24.5592804851958],[46.84424876731092,24.55931035116005],[46.84433739336074,24.559255074062563],[46.84428985436512,24.559192021599245]]]}},{"type":"Feature","properties":{"height":-1,"confidence":-1},"geometry":{"type":"Polygon","coordinates":[[[46.82014573447118,24.55782050976586],[46.82047022524148,24.557182642013444],[46.820986367354244,24.55739988984041],[46.82096898815493,24.55743404785882],[46.82102421617173,24.557457293688927],[46.821032394618484,24.55744121933145],[46.82130190734055,24.557554658935103],[46.82098659932745,24.55817438014701],[46.82014573447118,24.55782050976586]]]}},{"type":"Feature","properties":{"height":-1,"confidence":-1},"geometry":{"type":"Polygon","coordinates":[[[46.83470850125245,24.563444217376585],[46.83547274900357,24.56299300515292],[46.8356875847907,24.563294006626123],[46.83492331261059,24.563745183539595],[46.83470850125245,24.563444217376585]]]}},{"type":"Feature","properties":{"height":-1,"confidence":-1},"geometry":{"type":"Polygon","coordinates":[[[46.834472534706386,24.566568526932187],[46.83462352184542,24.5664764070455],[46.83471411397042,24.566599212363528],[46.8345964160156,24.56667102187383],[46.83467583353456,24.56677869013565],[46.834694331146565,24.566767404442558],[46.83473031720985,24.566816191597624],[46.8346470779558,24.56686697718888],[46.83452050628494,24.566695380973698],[46.83455195222535,24.566676195282056],[46.834472534706386,24.566568526932187]]]}},{"type":"Feature","properties":{"height":-1,"confidence":-1},"geometry":{"type":"Polygon","coordinates":[[[46.813728980306564,24.557294742857025],[46.81386431794314,24.55735100955941],[46.81379535656881,24.557488230996626],[46.81366001893223,24.557431964355814],[46.813728980306564,24.557294742857025]]]}},{"type":"Feature","properties":{"height":-1,"confidence":-1},"geometry":{"type":"Polygon","coordinates":[[[46.830556883332484,24.56945662208524],[46.8301433864854,24.5696967114976],[46.82972791756945,24.56910487369727],[46.83014140129075,24.56886476445321],[46.830556883332484,24.56945662208524]]]}},{"type":"Feature","properties":{"height":-1,"confidence":-1},"geometry":{"type":"Polygon","coordinates":[[[46.83613085449667,24.568753292960835],[46.83614772935111,24.568784862022724],[46.836101290751984,24.56880539383741],[46.83608441786266,24.56877382391187],[46.83613085449667,24.568753292960835]]]}},{"type":"Feature","properties":{"height":-1,"confidence":-1},"geometry":{"type":"Polygon","coordinates":[[[46.812438805353615,24.56262482116047],[46.81240127048224,24.56262411392919],[46.812403741226014,24.56251527516828],[46.81244127615158,24.562515980011895],[46.812438805353615,24.56262482116047]]]}},{"type":"Feature","properties":{"height":-1,"confidence":-1},"geometry":{"type":"Polygon","coordinates":[[[46.81364747931924,24.55459947496523],[46.81375274550393,24.554647207485715],[46.81376559735108,24.554623759367814],[46.81379352511434,24.55463642309708],[46.81359217950919,24.555003776403055],[46.81345898556125,24.554943380321333],[46.81364747931924,24.55459947496523]]]}},{"type":"Feature","properties":{"height":-1,"confidence":-1},"geometry":{"type":"Polygon","coordinates":[[[46.83439002453973,24.56381557626638],[46.83333447494192,24.564433259105016],[46.833390617896285,24.56451262050284],[46.833320431436604,24.564553691837034],[46.83319838153578,24.564381167051565],[46.83325042532949,24.564350712304233],[46.83321088913717,24.564294819403244],[46.83434825447536,24.563629331451153],[46.8343609065093,24.56364721597106],[46.8343191740198,24.563671636934558],[46.83435212749303,24.563718218913706],[46.834330224689296,24.563731035961],[46.83439002453973,24.56381557626638]]]}},{"type":"Feature","properties":{"height":-1,"confidence":-1},"geometry":{"type":"Polygon","coordinates":[[[46.84366039218578,24.56647003741847],[46.84368949461297,24.56646692712468],[46.84369571254222,24.566515050867153],[46.84366661011503,24.566518161159806],[46.84366039218578,24.56647003741847]]]}},{"type":"Feature","properties":{"height":-1,"confidence":-1},"geometry":{"type":"Polygon","coordinates":[[[46.8132675401056,24.555800775052504],[46.81322744521627,24.555630492859976],[46.81338644914801,24.555599519494564],[46.81342654403734,24.55576980172914],[46.8132675401056,24.555800775052504]]]}},{"type":"Feature","properties":{"height":-1,"confidence":-1},"geometry":{"type":"Polygon","coordinates":[[[46.813904185465105,24.55474714623773],[46.81381159215277,24.55469858202875],[46.81382944970221,24.554670414251945],[46.81392204581903,24.554718974048143],[46.813904185465105,24.55474714623773]]]}},{"type":"Feature","properties":{"height":-1,"confidence":-1},"geometry":{"type":"Polygon","coordinates":[[[46.81914715039619,24.54345570280414],[46.8191015704726,24.543456518223678],[46.81910072678912,24.543417495519137],[46.81914630671275,24.543416680099327],[46.81914715039619,24.54345570280414]]]}},{"type":"Feature","properties":{"height":-1,"confidence":-1},"geometry":{"type":"Polygon","coordinates":[[[46.832522892979526,24.564948472554235],[46.83260715016695,24.56487537047731],[46.832635832622124,24.56490271625836],[46.83255157837982,24.564975821127234],[46.832522892979526,24.564948472554235]]]}},{"type":"Feature","properties":{"height":-1,"confidence":-1},"geometry":{"type":"Polygon","coordinates":[[[46.83320625140701,24.564928193433246],[46.83345666392737,24.56477324253555],[46.83374858568278,24.565163436398947],[46.83382084837757,24.565118721608044],[46.83397600010971,24.56532612430277],[46.83365331487238,24.565525815920353],[46.83320625140701,24.564928193433246]]]}},{"type":"Feature","properties":{"height":-1,"confidence":-1},"geometry":{"type":"Polygon","coordinates":[[[46.84042648741952,24.556927088295154],[46.84046357042279,24.55697030955308],[46.84040022370432,24.55701527235057],[46.840363142851295,24.556972053614302],[46.84042648741952,24.556927088295154]]]}},{"type":"Feature","properties":{"height":-1,"confidence":-1},"geometry":{"type":"Polygon","coordinates":[[[46.84316982655214,24.562504227360705],[46.843271299858024,24.56244389726227],[46.84330621324157,24.562492468237025],[46.84320474318849,24.56255280283726],[46.84316982655214,24.562504227360705]]]}},{"type":"Feature","properties":{"height":-1,"confidence":-1},"geometry":{"type":"Polygon","coordinates":[[[46.84417991613436,24.56822083643611],[46.84418231434475,24.56830371793866],[46.844237553946726,24.568302395871427],[46.84424631969885,24.568606145272398],[46.84404797286141,24.568610879734507],[46.84403681563675,24.5682242613087],[46.84417991613436,24.56822083643611]]]}},{"type":"Feature","properties":{"height":-1,"confidence":-1},"geometry":{"type":"Polygon","coordinates":[[[46.836787048835824,24.56867899787558],[46.836814806577806,24.56861885185171],[46.83680340424972,24.568614499322976],[46.83690773507307,24.568388432967296],[46.83706598826549,24.568448841916307],[46.83703576262203,24.568514346448225],[46.83707225189451,24.5685282729239],[46.836970406788645,24.568748989734488],[46.836787048835824,24.56867899787558]]]}},{"type":"Feature","properties":{"height":-1,"confidence":-1},"geometry":{"type":"Polygon","coordinates":[[[46.81375326430965,24.55648109682808],[46.81381179386897,24.556462016485398],[46.81385269226792,24.55656578500212],[46.813794155632664,24.556584867635706],[46.81375326430965,24.55648109682808]]]}},{"type":"Feature","properties":{"height":-1,"confidence":-1},"geometry":{"type":"Polygon","coordinates":[[[46.820566878019335,24.555682405637626],[46.82055242523697,24.55572194772043],[46.82050170560607,24.555706607914047],[46.8205161583884,24.555667065826427],[46.820566878019335,24.555682405637626]]]}},{"type":"Feature","properties":{"height":-1,"confidence":-1},"geometry":{"type":"Polygon","coordinates":[[[46.831979938430166,24.565781386553326],[46.83208614098168,24.565931443213856],[46.83190408196769,24.566038024647554],[46.83179787941618,24.565887968114623],[46.831979938430166,24.565781386553326]]]}},{"type":"Feature","properties":{"height":-1,"confidence":-1},"geometry":{"type":"Polygon","coordinates":[[[46.83504753029673,24.564547240897667],[46.83489532718206,24.564636935999346],[46.83482678077295,24.56454072196246],[46.834978978673114,24.564451029864856],[46.83504753029673,24.564547240897667]]]}},{"type":"Feature","properties":{"height":-1,"confidence":-1},"geometry":{"type":"Polygon","coordinates":[[[46.843223861279036,24.568676679204046],[46.84325378051321,24.568625198400056],[46.84329655086171,24.56864575819459],[46.8432666347243,24.568697240478755],[46.843223861279036,24.568676679204046]]]}},{"type":"Feature","properties":{"height":-1,"confidence":-1},"geometry":{"type":"Polygon","coordinates":[[[46.81256095364813,24.5555418879201],[46.81272889372326,24.55550853235104],[46.81276243634462,24.555648247829268],[46.81259448600778,24.555681605399315],[46.81256095364813,24.5555418879201]]]}},{"type":"Feature","properties":{"height":-1,"confidence":-1},"geometry":{"type":"Polygon","coordinates":[[[46.8225113386367,24.56894938277408],[46.822616081485016,24.56888662529947],[46.822768878424355,24.56909755718921],[46.82266413557604,24.569160314558204],[46.8225113386367,24.56894938277408]]]}},{"type":"Feature","properties":{"height":-1,"confidence":-1},"geometry":{"type":"Polygon","coordinates":[[[46.811624862656174,24.56775529080852],[46.81226574735684,24.56801396569024],[46.811661709470854,24.569251802284953],[46.81102080813881,24.568993164040123],[46.811624862656174,24.56775529080852]]]}},{"type":"Feature","properties":{"height":-1,"confidence":-1},"geometry":{"type":"Polygon","coordinates":[[[46.8133453647582,24.556771348429365],[46.81336781225886,24.55661949000998],[46.813446849815115,24.556629155335386],[46.81344600856017,24.55663484646837],[46.813528655211655,24.556644958401805],[46.813507037187605,24.556791129255018],[46.8133453647582,24.556771348429365]]]}},{"type":"Feature","properties":{"height":-1,"confidence":-1},"geometry":{"type":"Polygon","coordinates":[[[46.812636728536575,24.55488206590492],[46.812706379935584,24.55498818295213],[46.8125264341685,24.55508589582321],[46.812537058958185,24.555102083148896],[46.81238281972928,24.55518583696697],[46.81233795950618,24.555117490512202],[46.81236168861834,24.555104605306028],[46.81232627265273,24.555050647546736],[46.812636728536575,24.55488206590492]]]}},{"type":"Feature","properties":{"height":-1,"confidence":-1},"geometry":{"type":"Polygon","coordinates":[[[46.836225439862936,24.56826129480352],[46.83646865368142,24.568113790209395],[46.83657215053926,24.568254941177983],[46.83632894457777,24.568402456321493],[46.836225439862936,24.56826129480352]]]}},{"type":"Feature","properties":{"height":-1,"confidence":-1},"geometry":{"type":"Polygon","coordinates":[[[46.83771901056317,24.56201296130341],[46.837880735363164,24.561931036077993],[46.83804150392894,24.562193564821698],[46.83798418374666,24.562222601555774],[46.83804917529453,24.562328730016233],[46.83794477067681,24.562381618291226],[46.83771901056317,24.56201296130341]]]}},{"type":"Feature","properties":{"height":-1,"confidence":-1},"geometry":{"type":"Polygon","coordinates":[[[46.81219997445296,24.55795891291305],[46.812238457336115,24.557891775652607],[46.812278528008136,24.557910776623302],[46.81224004512498,24.557977913873557],[46.81219997445296,24.55795891291305]]]}},{"type":"Feature","properties":{"height":-1,"confidence":-1},"geometry":{"type":"Polygon","coordinates":[[[46.81662232876283,24.55329031499589],[46.81666077589782,24.55328277654918],[46.81667458454014,24.553341060805067],[46.8166361374051,24.553348599248267],[46.81662232876283,24.55329031499589]]]}},{"type":"Feature","properties":{"height":-1,"confidence":-1},"geometry":{"type":"Polygon","coordinates":[[[46.8266331115976,24.568627938811815],[46.82734050669042,24.568217649228615],[46.827808663270844,24.568885277309832],[46.82710126817802,24.569295564707332],[46.8266331115976,24.568627938811815]]]}},{"type":"Feature","properties":{"height":-1,"confidence":-1},"geometry":{"type":"Polygon","coordinates":[[[46.829157515250714,24.542950659184484],[46.82909446629378,24.54294910575399],[46.8290957036151,24.542907658411252],[46.82915874938543,24.542909211763742],[46.829157515250714,24.542950659184484]]]}},{"type":"Feature","properties":{"height":-1,"confidence":-1},"geometry":{"type":"Polygon","coordinates":[[[46.830486901896876,24.566599861885067],[46.83058299606139,24.566541141431202],[46.83078289907397,24.5668117314529],[46.83068680490946,24.566870451779977],[46.830486901896876,24.566599861885067]]]}},{"type":"Feature","properties":{"height":-1,"confidence":-1},"geometry":{"type":"Polygon","coordinates":[[[46.81214644400468,24.561787734826808],[46.812248408323114,24.56184499503206],[46.81212894488449,24.56202094890793],[46.81202699355859,24.56196368958946],[46.81214644400468,24.561787734826808]]]}},{"type":"Feature","properties":{"height":-1,"confidence":-1},"geometry":{"type":"Polygon","coordinates":[[[46.81417846345063,24.558426765008036],[46.81426343212241,24.558240180130042],[46.81434813933257,24.558272096881197],[46.81426317275676,24.55845867710903],[46.81417846345063,24.558426765008036]]]}},{"type":"Feature","properties":{"height":-1,"confidence":-1},"geometry":{"type":"Polygon","coordinates":[[[46.840721377651676,24.556706176433465],[46.84078426988898,24.556691459141703],[46.84079462562756,24.556728069482773],[46.840731733390264,24.556742786770243],[46.840721377651676,24.556706176433465]]]}},{"type":"Feature","properties":{"height":-1,"confidence":-1},"geometry":{"type":"Polygon","coordinates":[[[46.84301828937514,24.567420633528982],[46.84293581054485,24.56746394091104],[46.84289399950207,24.567398076509136],[46.842976478332346,24.567354769104313],[46.84301828937514,24.567420633528982]]]}},{"type":"Feature","properties":{"height":-1,"confidence":-1},"geometry":{"type":"Polygon","coordinates":[[[46.84304073808267,24.569257863393716],[46.843015246226045,24.569221361985214],[46.84306875992999,24.569190450229797],[46.843037198583694,24.569145257983877],[46.84323023015866,24.569033754762515],[46.843282937381964,24.569109225549],[46.84322751422982,24.569141243830032],[46.843284565625666,24.56922293490851],[46.84314505217375,24.569303532561662],[46.843092340582906,24.569228055638362],[46.84304073808267,24.569257863393716]]]}},{"type":"Feature","properties":{"height":-1,"confidence":-1},"geometry":{"type":"Polygon","coordinates":[[[46.8124774646981,24.56193287046692],[46.812422422541985,24.5618970972114],[46.81248839936331,24.56181312298314],[46.81254344151939,24.56184889626263],[46.8124774646981,24.56193287046692]]]}},{"type":"Feature","properties":{"height":-1,"confidence":-1},"geometry":{"type":"Polygon","coordinates":[[[46.820273989356615,24.56868572973073],[46.82027517223989,24.568662475756483],[46.8203367314957,24.568665061891522],[46.82033554841351,24.56868831977532],[46.820273989356615,24.56868572973073]]]}},{"type":"Feature","properties":{"height":-1,"confidence":-1},"geometry":{"type":"Polygon","coordinates":[[[46.83130801065015,24.56701037162196],[46.8314906383444,24.566930078958904],[46.831550545709746,24.567042786600254],[46.83136791801546,24.56712307919112],[46.83130801065015,24.56701037162196]]]}},{"type":"Feature","properties":{"height":-1,"confidence":-1},"geometry":{"type":"Polygon","coordinates":[[[46.816046023245164,24.556508924628517],[46.81584331282867,24.55642837640245],[46.81615425022806,24.555781010991367],[46.81627587647797,24.55582934018271],[46.81627882841531,24.555823194294902],[46.81635991258189,24.55585541374704],[46.816046023245164,24.556508924628517]]]}},{"type":"Feature","properties":{"height":-1,"confidence":-1},"geometry":{"type":"Polygon","coordinates":[[[46.83937279271576,24.563951600276624],[46.84000382095054,24.563591293783787],[46.84045558947069,24.564245701385943],[46.83982456123591,24.56460600599779],[46.83937279271576,24.563951600276624]]]}},{"type":"Feature","properties":{"height":-1,"confidence":-1},"geometry":{"type":"Polygon","coordinates":[[[46.84493009131242,24.56591678859175],[46.84473160825367,24.565917041275256],[46.84473128893478,24.565719448097042],[46.84472056012082,24.56571946175565],[46.84472030781948,24.565563338530367],[46.84484100697683,24.565563184871067],[46.844841197697505,24.565681202225562],[46.84484924430717,24.565681191469423],[46.84484928767148,24.565708025134597],[46.844929753768106,24.565707917573235],[46.84493009131242,24.56591678859175]]]}},{"type":"Feature","properties":{"height":-1,"confidence":-1},"geometry":{"type":"Polygon","coordinates":[[[46.81800775756623,24.55453426960453],[46.81807412295222,24.554376883251877],[46.81804972160847,24.55436837229378],[46.81807482884072,24.554308819251943],[46.818197442905586,24.554351585893485],[46.818105966292464,24.55456852383132],[46.81800775756623,24.55453426960453]]]}},{"type":"Feature","properties":{"height":-1,"confidence":-1},"geometry":{"type":"Polygon","coordinates":[[[46.82118980030601,24.568689242765515],[46.82097290745389,24.56883805453043],[46.82096221009078,24.5688391221981],[46.82089186082708,24.568887393779647],[46.82087752494476,24.568768664536407],[46.82086776879403,24.568756904296478],[46.820807099130384,24.568762963396182],[46.8208114645867,24.568799117956274],[46.82079026258462,24.568801235406667],[46.8207814882749,24.568728566863882],[46.82074695767333,24.568686939174512],[46.820730347643334,24.568549375294836],[46.820776577790205,24.568517653453625],[46.82080881748013,24.5685565158269],[46.82086522246245,24.5685178122976],[46.820887063804825,24.56854414029405],[46.82092060848158,24.568540792305285],[46.82095489766028,24.56851726402354],[46.820972970296225,24.56853905116654],[46.82101111023635,24.56853524211111],[46.821042880445574,24.56857353855763],[46.8210775582721,24.568570075266237],[46.8211317545114,24.568635404473326],[46.821182685481524,24.568630317975035],[46.82118980030601,24.568689242765515]]]}},{"type":"Feature","properties":{"height":-1,"confidence":-1},"geometry":{"type":"Polygon","coordinates":[[[46.81496166628382,24.555507259990137],[46.81491630196468,24.555492765895323],[46.814897011868794,24.55554271405795],[46.81475136852837,24.55549618039238],[46.81480252921745,24.555363709085697],[46.814993536877026,24.555424736904783],[46.81496166628382,24.555507259990137]]]}},{"type":"Feature","properties":{"height":-1,"confidence":-1},"geometry":{"type":"Polygon","coordinates":[[[46.82158126177645,24.546623561413284],[46.821535292611976,24.546634773049092],[46.82152818842146,24.546610678310174],[46.82157415851067,24.54659946352004],[46.82158126177645,24.546623561413284]]]}},{"type":"Feature","properties":{"height":-1,"confidence":-1},"geometry":{"type":"Polygon","coordinates":[[[46.84240847508667,24.560192049211125],[46.84258672745126,24.560080361283767],[46.84261680348956,24.560120065394983],[46.84243855112497,24.56023175328697],[46.84240847508667,24.560192049211125]]]}},{"type":"Feature","properties":{"height":-1,"confidence":-1},"geometry":{"type":"Polygon","coordinates":[[[46.84277316840138,24.566099964902193],[46.84285714951085,24.566051340426725],[46.84282191194186,24.566000999476145],[46.84297535112179,24.56591215917888],[46.84300451096637,24.565953822007188],[46.843125921335165,24.565883526164086],[46.84319275120736,24.565979000453012],[46.84283392283071,24.566186759563436],[46.84277316840138,24.566099964902193]]]}},{"type":"Feature","properties":{"height":-1,"confidence":-1},"geometry":{"type":"Polygon","coordinates":[[[46.844588248638374,24.568806535981707],[46.8447026443637,24.568517050931632],[46.84506845532311,24.56863661794013],[46.84509150520807,24.568578288837585],[46.84530529083367,24.568648165640425],[46.84516784522338,24.568995979322935],[46.845177346806736,24.568999084949084],[46.845085147266936,24.569232400412986],[46.844987756037455,24.56920056780048],[46.84500568372579,24.5691552009272],[46.844953425017266,24.569138120003643],[46.84497562120279,24.569081951463488],[46.84492336249431,24.569064870529957],[46.84494299758151,24.569015182947453],[46.84489311426887,24.56899887841135],[46.84492555484769,24.56891678582987],[46.844588248638374,24.568806535981707]]]}},{"type":"Feature","properties":{"height":-1,"confidence":-1},"geometry":{"type":"Polygon","coordinates":[[[46.81209675375781,24.561430975672152],[46.81202359152326,24.56138925636826],[46.81218218745568,24.56115921025726],[46.812255347385594,24.561200932980626],[46.81209675375781,24.561430975672152]]]}},{"type":"Feature","properties":{"height":-1,"confidence":-1},"geometry":{"type":"Polygon","coordinates":[[[46.812713874547114,24.558964627691054],[46.81241438296838,24.559562662445202],[46.81208118061479,24.559424623612742],[46.81222789101654,24.55913166743261],[46.81179028525879,24.558950375778196],[46.81179332064641,24.55894431459984],[46.811495659877174,24.558820999308608],[46.81166564158401,24.558481572520137],[46.81199084641491,24.55861629915971],[46.81196454306997,24.558668830886617],[46.812088047394134,24.558719996495725],[46.81210423612813,24.5586876701485],[46.81225084516372,24.558748407610494],[46.8122366800215,24.55877669315109],[46.812309984539276,24.558807061864186],[46.812314031722785,24.55879898028377],[46.812713874547114,24.558964627691054]]]}},{"type":"Feature","properties":{"height":-1,"confidence":-1},"geometry":{"type":"Polygon","coordinates":[[[46.81338993752452,24.557816968222568],[46.81328236587657,24.558015034339874],[46.813181029798116,24.557969504447826],[46.81328860144611,24.557771438258627],[46.81338993752452,24.557816968222568]]]}},{"type":"Feature","properties":{"height":-1,"confidence":-1},"geometry":{"type":"Polygon","coordinates":[[[46.8141714555855,24.56340321011146],[46.81418266841197,24.563372437086954],[46.81424196832355,24.56339031044824],[46.814230757630895,24.563421084111482],[46.8141714555855,24.56340321011146]]]}},{"type":"Feature","properties":{"height":-1,"confidence":-1},"geometry":{"type":"Polygon","coordinates":[[[46.81927963817203,24.54341764574474],[46.81927831312971,24.543471295634518],[46.81924346200324,24.54347058340001],[46.81924478704556,24.543416933509945],[46.81927963817203,24.54341764574474]]]}},{"type":"Feature","properties":{"height":-1,"confidence":-1},"geometry":{"type":"Polygon","coordinates":[[[46.84121474445553,24.568969904591697],[46.84128585866477,24.568844774481633],[46.84154621555885,24.56896716073622],[46.8415035470333,24.56904223874396],[46.841473912915305,24.569028308615515],[46.84144546723157,24.56907836060124],[46.84121474445553,24.568969904591697]]]}},{"type":"Feature","properties":{"height":-1,"confidence":-1},"geometry":{"type":"Polygon","coordinates":[[[46.81404152046508,24.557431795615784],[46.81396330314946,24.557605078730475],[46.81393660883022,24.557595112312498],[46.81391116835529,24.557651482857267],[46.81382853271892,24.557620630560564],[46.81385774215307,24.557555908805895],[46.81383019694096,24.557545624699983],[46.81390463388609,24.557380688450948],[46.81404152046508,24.557431795615784]]]}},{"type":"Feature","properties":{"height":-1,"confidence":-1},"geometry":{"type":"Polygon","coordinates":[[[46.833180430188925,24.566848976771382],[46.83394835380958,24.56639550886169],[46.83429092193373,24.566875356328524],[46.83352297376443,24.56732878811617],[46.833180430188925,24.566848976771382]]]}},{"type":"Feature","properties":{"height":-1,"confidence":-1},"geometry":{"type":"Polygon","coordinates":[[[46.83588200099479,24.568987556846466],[46.83590085084927,24.569018621170883],[46.83580953640974,24.569064451581482],[46.83579068568448,24.569033381893092],[46.83588200099479,24.568987556846466]]]}},{"type":"Feature","properties":{"height":-1,"confidence":-1},"geometry":{"type":"Polygon","coordinates":[[[46.840883630866784,24.563439060360736],[46.84066063735524,24.563592206184865],[46.84059422525367,24.56351220788052],[46.840817222350175,24.563359073691416],[46.840883630866784,24.563439060360736]]]}},{"type":"Feature","properties":{"height":-1,"confidence":-1},"geometry":{"type":"Polygon","coordinates":[[[46.81285044475694,24.556086259849224],[46.8128566193979,24.556227534254035],[46.81269326280884,24.55623344091397],[46.812687088167884,24.556092166515796],[46.81285044475694,24.556086259849224]]]}},{"type":"Feature","properties":{"height":-1,"confidence":-1},"geometry":{"type":"Polygon","coordinates":[[[46.814145062187194,24.56723430418387],[46.81448687121136,24.566428192788308],[46.81462623065391,24.566477079224143],[46.81455566373971,24.56652452184653],[46.814989383404054,24.566676640251515],[46.81483422792875,24.566695404944483],[46.81491506679555,24.56672375751826],[46.81484274838757,24.5668942800053],[46.81487172365428,24.56692993211668],[46.8148226850527,24.56693586289346],[46.81481138228173,24.566858560269907],[46.81470014729467,24.566933337001558],[46.8147534707307,24.566998947864718],[46.8147392688906,24.567008495821312],[46.814926031008646,24.567073998628672],[46.81488838842256,24.566816551180423],[46.81494194990133,24.566780544924285],[46.81505446105233,24.566820013035013],[46.81495598688175,24.56683192260833],[46.814979380897235,24.566992004667895],[46.81504125351986,24.566950411372105],[46.81499381605542,24.56689204277592],[46.815044635025416,24.56685788016921],[46.81505372819319,24.566920070739357],[46.81517663099037,24.566837450414695],[46.8151186796335,24.566817125184485],[46.815487276446575,24.566772546673818],[46.81508363038719,24.567043894123955],[46.815067700864454,24.567038307185513],[46.815035148597175,24.5671150772541],[46.8151171371711,24.567105161489252],[46.81494361880779,24.567514380047285],[46.814145062187194,24.56723430418387]]]}},{"type":"Feature","properties":{"height":-1,"confidence":-1},"geometry":{"type":"Polygon","coordinates":[[[46.81454537989254,24.557202580474453],[46.814645931995784,24.557084707842677],[46.814766479633455,24.557169780000237],[46.814665923444124,24.557287657342002],[46.81454537989254,24.557202580474453]]]}},{"type":"Feature","properties":{"height":-1,"confidence":-1},"geometry":{"type":"Polygon","coordinates":[[[46.83145054629344,24.56721828451974],[46.831503095687395,24.567181246139455],[46.831534265810035,24.567217822109328],[46.83148171465757,24.56725486171827],[46.83145054629344,24.56721828451974]]]}},{"type":"Feature","properties":{"height":-1,"confidence":-1},"geometry":{"type":"Polygon","coordinates":[[[46.84192171070719,24.56782245433648],[46.84199750249911,24.567797367703307],[46.84202939626654,24.56787706840197],[46.84195360447462,24.567902155019198],[46.84192171070719,24.56782245433648]]]}},{"type":"Feature","properties":{"height":-1,"confidence":-1},"geometry":{"type":"Polygon","coordinates":[[[46.84213161784494,24.5672301849487],[46.84201609336708,24.56729728543084],[46.84195646937381,24.567212386492002],[46.841939323545695,24.567222345366346],[46.84190945758791,24.567179819043105],[46.84206757520455,24.567087968880998],[46.84210474707989,24.567140898182345],[46.84222218525847,24.567072686073374],[46.842252603295556,24.5671160032892],[46.84210971685823,24.567198996583244],[46.84213161784494,24.5672301849487]]]}},{"type":"Feature","properties":{"height":-1,"confidence":-1},"geometry":{"type":"Polygon","coordinates":[[[46.843981559773106,24.569320661242514],[46.844045740499915,24.56927603420833],[46.84405755747751,24.569318069235223],[46.84410555851346,24.569284695544553],[46.844137295929954,24.569277315941434],[46.84412145052481,24.569220951081405],[46.84416563601723,24.569190227388532],[46.844211724698425,24.56917951081249],[46.84419753066807,24.56912902014149],[46.844268346195676,24.56907977962932],[46.844334584198315,24.569158571378736],[46.84434974341907,24.569212495388967],[46.844239803567014,24.569288933324657],[46.84424955539924,24.569323622270844],[46.8442130724939,24.569348987741265],[46.84420461701874,24.569350953274125],[46.84407813714281,24.569438898949926],[46.84405675933872,24.56944386836267],[46.8440224360836,24.569403040097285],[46.8440081803064,24.569352329872245],[46.843981559773106,24.569320661242514]]]}},{"type":"Feature","properties":{"height":-1,"confidence":-1},"geometry":{"type":"Polygon","coordinates":[[[46.81370911276144,24.555452983509895],[46.81371217252844,24.555530952264178],[46.81365056022026,24.555532952573017],[46.813647500453264,24.555454983819956],[46.81370911276144,24.555452983509895]]]}},{"type":"Feature","properties":{"height":-1,"confidence":-1},"geometry":{"type":"Polygon","coordinates":[[[46.814763082331254,24.557828101122595],[46.814749486699995,24.557822800998835],[46.814664020471625,24.55800416595946],[46.81452353228206,24.557949398080183],[46.814616768167554,24.55775154529644],[46.814648491307146,24.557763912258537],[46.81475241047118,24.55754338849718],[46.81486117552119,24.557585789575356],[46.81483358237618,24.557644344184155],[46.81484717766288,24.557649645046567],[46.814763082331254,24.557828101122595]]]}},{"type":"Feature","properties":{"height":-1,"confidence":-1},"geometry":{"type":"Polygon","coordinates":[[[46.820834907490315,24.549194114041455],[46.82079742663334,24.549209979300144],[46.82077690672209,24.549169870157144],[46.82081438757906,24.54915400489338],[46.820834907490315,24.549194114041455]]]}},{"type":"Feature","properties":{"height":-1,"confidence":-1},"geometry":{"type":"Polygon","coordinates":[[[46.8214700686326,24.548722738993547],[46.82145146701447,24.54875869312582],[46.821416331854294,24.548743655200525],[46.821434933472375,24.54870770106392],[46.8214700686326,24.548722738993547]]]}},{"type":"Feature","properties":{"height":-1,"confidence":-1},"geometry":{"type":"Polygon","coordinates":[[[46.82163894965928,24.546958185470487],[46.82168152039482,24.546945265979332],[46.82173420061952,24.54708886224057],[46.82169162083666,24.547101787173418],[46.82163894965928,24.546958185470487]]]}},{"type":"Feature","properties":{"height":-1,"confidence":-1},"geometry":{"type":"Polygon","coordinates":[[[46.8309731752601,24.565966354276327],[46.83098699379245,24.565958827539802],[46.831054925338044,24.566061976580414],[46.83102926314112,24.566075955995757],[46.83109311081526,24.566172903890603],[46.831018098239674,24.566213766756448],[46.83083665507957,24.565938258847282],[46.830889955132946,24.565909227140267],[46.830905865641654,24.565933386091146],[46.83093942389915,24.565915105296142],[46.8309731752601,24.565966354276327]]]}},{"type":"Feature","properties":{"height":-1,"confidence":-1},"geometry":{"type":"Polygon","coordinates":[[[46.835976406950486,24.56893558393422],[46.83605121696787,24.568898898889458],[46.8360769878879,24.56894236687802],[46.83600217787052,24.56897905191005],[46.835976406950486,24.56893558393422]]]}},{"type":"Feature","properties":{"height":-1,"confidence":-1},"geometry":{"type":"Polygon","coordinates":[[[46.842753493922174,24.566087222871047],[46.84276340385433,24.566124047696547],[46.84273050582683,24.56613137068217],[46.84272059589467,24.56609454585883],[46.842753493922174,24.566087222871047]]]}},{"type":"Feature","properties":{"height":-1,"confidence":-1},"geometry":{"type":"Polygon","coordinates":[[[46.812105472234784,24.5614471380387],[46.81213097601599,24.56141065747886],[46.81221692570376,24.561460363406226],[46.812191421922556,24.56149684395163],[46.812105472234784,24.5614471380387]]]}},{"type":"Feature","properties":{"height":-1,"confidence":-1},"geometry":{"type":"Polygon","coordinates":[[[46.83026828138615,24.566737040397626],[46.8303697888718,24.566684723392058],[46.83054406915161,24.566964385504832],[46.83044256471356,24.56701670728401],[46.83026828138615,24.566737040397626]]]}},{"type":"Feature","properties":{"height":-1,"confidence":-1},"geometry":{"type":"Polygon","coordinates":[[[46.82533040609321,24.558717984988263],[46.82534848716605,24.558675571328635],[46.82545713435489,24.558713893939043],[46.825439050445006,24.558756306584982],[46.82533040609321,24.558717984988263]]]}},{"type":"Feature","properties":{"height":-1,"confidence":-1},"geometry":{"type":"Polygon","coordinates":[[[46.842272688974674,24.56635706855795],[46.84235762843906,24.566317442925822],[46.84237941320021,24.566356068320417],[46.84234331392784,24.566372909210415],[46.842345492403965,24.566376771748693],[46.84246440765413,24.56632129586893],[46.84252758346143,24.566433309477077],[46.842359828019255,24.566511570016104],[46.842272688974674,24.56635706855795]]]}},{"type":"Feature","properties":{"height":-1,"confidence":-1},"geometry":{"type":"Polygon","coordinates":[[[46.84317690072871,24.568659365027443],[46.8430976814413,24.568704253245045],[46.84305244872884,24.56863822620923],[46.843131665527885,24.568593334335617],[46.84317690072871,24.568659365027443]]]}},{"type":"Feature","properties":{"height":-1,"confidence":-1},"geometry":{"type":"Polygon","coordinates":[[[46.81218150289495,24.554573015476606],[46.81287295004645,24.553810392241814],[46.81286589328004,24.553812258802537],[46.81275543343685,24.553934089453946],[46.81274804624343,24.553910978342643],[46.81289108032545,24.5536129877394],[46.81335065163769,24.553795488216835],[46.81326640368536,24.55397100634167],[46.813202082530275,24.55394545970894],[46.81317616768489,24.553999440757266],[46.813122163278976,24.553977995102912],[46.81316347588448,24.554008983790638],[46.81314635962779,24.554027860382064],[46.81319194623355,24.55406205499395],[46.812864270961995,24.55442346030638],[46.812806583890996,24.55445527002638],[46.812768747777795,24.5544402450072],[46.81273442420797,24.554511741279455],[46.81250364304319,24.554766256053185],[46.81191305049629,24.555091918456327],[46.81189425055436,24.55506371566831],[46.811853913620126,24.55507438237555],[46.81180547490357,24.55492284133686],[46.81225280616512,24.554676146821095],[46.812197750012125,24.55459355387997],[46.81222736839399,24.554560886745946],[46.81218150289495,24.554573015476606]]]}},{"type":"Feature","properties":{"height":-1,"confidence":-1},"geometry":{"type":"Polygon","coordinates":[[[46.81262290829842,24.56190864425632],[46.81268322962224,24.56194432363725],[46.81251362766376,24.562181541865797],[46.81245330441049,24.56214586525107],[46.81262290829842,24.56190864425632]]]}},{"type":"Feature","properties":{"height":-1,"confidence":-1},"geometry":{"type":"Polygon","coordinates":[[[46.81327034322058,24.556800358981647],[46.81335549060848,24.556825157023354],[46.81332793682218,24.55690342567462],[46.81324279116498,24.556878622732214],[46.81327034322058,24.556800358981647]]]}},{"type":"Feature","properties":{"height":-1,"confidence":-1},"geometry":{"type":"Polygon","coordinates":[[[46.81383457034024,24.558817259774116],[46.813751024594,24.55896841010872],[46.813633261936936,24.55891457066275],[46.813629623906856,24.558921152558028],[46.81356840540935,24.558893160409283],[46.81359894867467,24.558837894057703],[46.813675160261106,24.558872736957056],[46.813727493009324,24.558778056892365],[46.81367483027871,24.55875397683961],[46.81369850808954,24.5587111331033],[46.81376830208452,24.558743046442785],[46.81374892717696,24.558778099416486],[46.81383457034024,24.558817259774116]]]}},{"type":"Feature","properties":{"height":-1,"confidence":-1},"geometry":{"type":"Polygon","coordinates":[[[46.814663284462924,24.556702410006196],[46.81442891096224,24.556809981927557],[46.814359868371675,24.55668553623181],[46.81453089481656,24.556607039049524],[46.81453089481656,24.556607039049524],[46.81459423424015,24.5565779677067],[46.814663284462924,24.556702410006196]]]}},{"type":"Feature","properties":{"height":-1,"confidence":-1},"geometry":{"type":"Polygon","coordinates":[[[46.83963960668351,24.562670458260314],[46.8397383257914,24.56262558423788],[46.83983005512957,24.562792487886753],[46.83973133878491,24.562837366877204],[46.83963960668351,24.562670458260314]]]}},{"type":"Feature","properties":{"height":-1,"confidence":-1},"geometry":{"type":"Polygon","coordinates":[[[46.82156143980598,24.54752893160878],[46.82166640674944,24.547723652285185],[46.82159721271658,24.547754514362467],[46.82149224577308,24.547559793733953],[46.82156143980598,24.54752893160878]]]}},{"type":"Feature","properties":{"height":-1,"confidence":-1},"geometry":{"type":"Polygon","coordinates":[[[46.82777271412562,24.55235064817954],[46.82775492430097,24.552373186535206],[46.82771598617373,24.552347758773593],[46.827733775998425,24.552325220413337],[46.82777271412562,24.55235064817954]]]}},{"type":"Feature","properties":{"height":-1,"confidence":-1},"geometry":{"type":"Polygon","coordinates":[[[46.83614879360575,24.567637851187797],[46.83622038592571,24.56773624438486],[46.83615953192003,24.56777287242545],[46.83616200080229,24.567776265182644],[46.83585796693365,24.56795926307568],[46.83578390046589,24.567857480468135],[46.83614879360575,24.567637851187797]]]}},{"type":"Feature","properties":{"height":-1,"confidence":-1},"geometry":{"type":"Polygon","coordinates":[[[46.84385640718761,24.565759696422433],[46.84386991196954,24.565794378399488],[46.843816033549615,24.565811728553925],[46.8438025311393,24.565777045817967],[46.84385640718761,24.565759696422433]]]}},{"type":"Feature","properties":{"height":-1,"confidence":-1},"geometry":{"type":"Polygon","coordinates":[[[46.81220191249181,24.55675174465847],[46.81200388551307,24.55674309689782],[46.812006583653904,24.55669198303933],[46.812006583653904,24.55669198303933],[46.812014597864355,24.55654016088448],[46.81214037133459,24.55654566137818],[46.81213891017349,24.55657334180067],[46.812211163260315,24.556576497069045],[46.81220191249181,24.55675174465847]]]}},{"type":"Feature","properties":{"height":-1,"confidence":-1},"geometry":{"type":"Polygon","coordinates":[[[46.81465996839579,24.555770545809708],[46.81465764025291,24.555853438851273],[46.81449681266706,24.555849701949384],[46.81449914080998,24.555766808905375],[46.81465996839579,24.555770545809708]]]}},{"type":"Feature","properties":{"height":-1,"confidence":-1},"geometry":{"type":"Polygon","coordinates":[[[46.83900160577365,24.56177814494481],[46.83954903428661,24.56146372023045],[46.84000918383472,24.562126438015866],[46.839797292363784,24.56224814087328],[46.83982756296174,24.562291741940115],[46.83951691777792,24.562470165110824],[46.839496916654724,24.56244135599981],[46.839471987549864,24.56245567276636],[46.83900160577365,24.56177814494481]]]}},{"type":"Feature","properties":{"height":-1,"confidence":-1},"geometry":{"type":"Polygon","coordinates":[[[46.814772034238075,24.562577529859226],[46.81470571658123,24.562711349835027],[46.81451845439119,24.562634583532272],[46.81458477204808,24.562500763474517],[46.814772034238075,24.562577529859226]]]}},{"type":"Feature","properties":{"height":-1,"confidence":-1},"geometry":{"type":"Polygon","coordinates":[[[46.820217872939025,24.549339511341103],[46.820251014752436,24.549332628922656],[46.82026556104377,24.549390601836066],[46.82023241923035,24.549397484251315],[46.820217872939025,24.549339511341103]]]}},{"type":"Feature","properties":{"height":-1,"confidence":-1},"geometry":{"type":"Polygon","coordinates":[[[46.843362572038956,24.561603462122363],[46.84310140333282,24.56172999430642],[46.84302349580115,24.561596973749346],[46.84328466450729,24.56147044143104],[46.843362572038956,24.561603462122363]]]}},{"type":"Feature","properties":{"height":-1,"confidence":-1},"geometry":{"type":"Polygon","coordinates":[[[46.8130580410586,24.56535848217274],[46.81334392932355,24.564801752451984],[46.813903217407315,24.565039318057103],[46.813617329142375,24.565596046722703],[46.8130580410586,24.56535848217274]]]}},{"type":"Feature","properties":{"height":-1,"confidence":-1},"geometry":{"type":"Polygon","coordinates":[[[46.831077911933946,24.56702530678426],[46.83111214731772,24.567068964740713],[46.83107125548931,24.56709548819576],[46.83103702010555,24.567051830248545],[46.831077911933946,24.56702530678426]]]}},{"type":"Feature","properties":{"height":-1,"confidence":-1},"geometry":{"type":"Polygon","coordinates":[[[46.83154599536217,24.566757234137242],[46.831595597286935,24.566814219172286],[46.83149666532487,24.566885448330552],[46.831447063400105,24.566828463327894],[46.83154599536217,24.566757234137242]]]}},{"type":"Feature","properties":{"height":-1,"confidence":-1},"geometry":{"type":"Polygon","coordinates":[[[46.812616727121295,24.55519416462502],[46.81275633603488,24.555144537489667],[46.81281362571728,24.55527786948946],[46.81267401680369,24.555327496572033],[46.812616727121295,24.55519416462502]]]}},{"type":"Feature","properties":{"height":-1,"confidence":-1},"geometry":{"type":"Polygon","coordinates":[[[46.84378684280935,24.568250085425746],[46.8435937631202,24.56824757826547],[46.84359709417726,24.568035395307007],[46.84369363402186,24.56803664888926],[46.84369340429379,24.56805128220813],[46.84394011722995,24.568054485806826],[46.84393889201354,24.568132530143274],[46.84396302697469,24.568132843538578],[46.843963831022954,24.5680816269484],[46.84399332930881,24.568082009987307],[46.84399187436433,24.568174687611062],[46.843881926207985,24.56817325992172],[46.84388108387174,24.568226915357386],[46.84381299986943,24.568226031279238],[46.84381515450638,24.568089453896903],[46.8437893698182,24.56808911907956],[46.84378684280935,24.568250085425746]]]}},{"type":"Feature","properties":{"height":-1,"confidence":-1},"geometry":{"type":"Polygon","coordinates":[[[46.81370385168786,24.556452589432126],[46.813548589269615,24.556458855741027],[46.81353433524794,24.556166677594263],[46.813689597666176,24.556160411270767],[46.81370385168786,24.556452589432126]]]}},{"type":"Feature","properties":{"height":-1,"confidence":-1},"geometry":{"type":"Polygon","coordinates":[[[46.82183338329611,24.547555433003808],[46.821796885877625,24.547561074545897],[46.821782715467336,24.5474851918666],[46.82181921288583,24.547479550321086],[46.82183338329611,24.547555433003808]]]}},{"type":"Feature","properties":{"height":-1,"confidence":-1},"geometry":{"type":"Polygon","coordinates":[[[46.84182754420651,24.56243911865471],[46.84194408270076,24.562610008286114],[46.84157604613886,24.562817622569312],[46.841598873266605,24.56285109571337],[46.84128507367174,24.56302811388865],[46.84130309508838,24.56305454001135],[46.84036169630369,24.563585592925392],[46.84031123633713,24.563511600081185],[46.840284117853585,24.563526897877438],[46.84020842790372,24.563415908542765],[46.84031690183775,24.563354717292356],[46.8402712475823,24.563287771264257],[46.840393280758065,24.56321893103504],[46.84046595911304,24.5633255044321],[46.84108099643239,24.56297851582339],[46.84102274974592,24.56289311400718],[46.84182754420651,24.56243911865471]]]}},{"type":"Feature","properties":{"height":-1,"confidence":-1},"geometry":{"type":"Polygon","coordinates":[[[46.815159553735725,24.55706682809219],[46.81513644051099,24.557123480409885],[46.81509400425628,24.557109157519193],[46.81511711651227,24.557052507569523],[46.815159553735725,24.55706682809219]]]}},{"type":"Feature","properties":{"height":-1,"confidence":-1},"geometry":{"type":"Polygon","coordinates":[[[46.81786419469472,24.553691314635856],[46.81806776247675,24.5536844463131],[46.81807009694033,24.553741688973503],[46.817866528630525,24.553748544351777],[46.81786419469472,24.553691314635856]]]}},{"type":"Feature","properties":{"height":-1,"confidence":-1},"geometry":{"type":"Polygon","coordinates":[[[46.8203296616117,24.567958094537744],[46.820666447488726,24.56752393102569],[46.8211750715992,24.56785024199617],[46.82083826895402,24.56828442599428],[46.8203296616117,24.567958094537744]]]}},{"type":"Feature","properties":{"height":-1,"confidence":-1},"geometry":{"type":"Polygon","coordinates":[[[46.84308379102936,24.567306832434184],[46.843187667448746,24.567253651772603],[46.84323811569792,24.567335157768824],[46.84310090679061,24.567405403309323],[46.843047023976,24.56731833752815],[46.843080351375995,24.567301275207612],[46.84308379102936,24.567306832434184]]]}},{"type":"Feature","properties":{"height":-1,"confidence":-1},"geometry":{"type":"Polygon","coordinates":[[[46.81499207361751,24.568624910836462],[46.815388350914446,24.567814235376233],[46.815500332619635,24.567859504903183],[46.815471032177285,24.567919445788803],[46.81588397576561,24.568086407700463],[46.815875452536325,24.56810384666987],[46.816368184838645,24.568303037180243],[46.81600979018237,24.569036327880767],[46.81499207361751,24.568624910836462]]]}},{"type":"Feature","properties":{"height":-1,"confidence":-1},"geometry":{"type":"Polygon","coordinates":[[[46.81502589716967,24.556620607676066],[46.815081976750726,24.556533379465307],[46.81518849295926,24.556447061702002],[46.815243802427744,24.556503525500517],[46.815288598593085,24.55652735106952],[46.81530606160972,24.55654517853742],[46.81524144703019,24.55664567035133],[46.81520577718335,24.55667457616076],[46.815110820866146,24.55682227445253],[46.81505846877864,24.55686469900398],[46.81501838243679,24.556823776165032],[46.81493130691768,24.556777458196464],[46.81499311232906,24.556727372920363],[46.81507171650579,24.55660512385684],[46.81498564445946,24.556674874158205],[46.81496272396912,24.556710525485855],[46.81492115350477,24.55674421296652],[46.81490543352057,24.556735852052256],[46.81485055523957,24.556679828544148],[46.81481695811557,24.556661959389544],[46.81479474589007,24.556639283617983],[46.81493380527192,24.556526593858422],[46.81502589716967,24.556620607676066]]]}},{"type":"Feature","properties":{"height":-1,"confidence":-1},"geometry":{"type":"Polygon","coordinates":[[[46.83838786032011,24.56259313358028],[46.83869139618595,24.56301928481335],[46.83851002108693,24.56312614951625],[46.83815507995349,24.562627827791204],[46.83824101899697,24.562577193030165],[46.83829242035246,24.56264936621956],[46.83838786032011,24.56259313358028]]]}},{"type":"Feature","properties":{"height":-1,"confidence":-1},"geometry":{"type":"Polygon","coordinates":[[[46.84359656704972,24.55930466266308],[46.843801293476574,24.5591694397053],[46.84385154594588,24.55923237829596],[46.84364682950256,24.559367607623315],[46.84359656704972,24.55930466266308]]]}},{"type":"Feature","properties":{"height":-1,"confidence":-1},"geometry":{"type":"Polygon","coordinates":[[[46.839310827628616,24.56804778379866],[46.839116102486244,24.56776657076334],[46.839564293610096,24.567509870274378],[46.839759034247514,24.567791075010973],[46.839310827628616,24.56804778379866]]]}},{"type":"Feature","properties":{"height":-1,"confidence":-1},"geometry":{"type":"Polygon","coordinates":[[[46.84371602607292,24.565671171545063],[46.84366073933729,24.565713933462064],[46.84363286961452,24.565708655773605],[46.843572215288,24.565755569277],[46.843565708660876,24.565783990041766],[46.8434065739643,24.565907063619534],[46.84333167835587,24.565826961030893],[46.84328965157237,24.565859466904982],[46.84326267390211,24.565830613656473],[46.84327734532343,24.565766529314104],[46.84329570521312,24.565752328735044],[46.84333958940484,24.565799260066427],[46.84334697496648,24.56576700014361],[46.84331617243084,24.565734058798583],[46.84334730230632,24.565709981181712],[46.84337582046787,24.56574047954068],[46.84341210299885,24.565747350360553],[46.84343575445556,24.565644006661998],[46.843509567946604,24.565586915059768],[46.84354135320207,24.565620910198362],[46.843532820474024,24.56565818095396],[46.84355563557867,24.56564053589598],[46.84356722891372,24.565589896470954],[46.843606491246504,24.565597329085378],[46.843629985890296,24.565579156971708],[46.84371602607292,24.565671171545063]]]}},{"type":"Feature","properties":{"height":-1,"confidence":-1},"geometry":{"type":"Polygon","coordinates":[[[46.81183104057495,24.563555825336223],[46.81192472038102,24.563336084343348],[46.811813887054626,24.56329699912324],[46.81188204615795,24.563137149588954],[46.812142089205565,24.56322887006273],[46.81205982032417,24.563421845089337],[46.812044577623354,24.563416468805983],[46.81196500841989,24.563603077341085],[46.81183104057495,24.563555825336223]]]}},{"type":"Feature","properties":{"height":-1,"confidence":-1},"geometry":{"type":"Polygon","coordinates":[[[46.81399669164906,24.557649409114404],[46.81405991198227,24.55750961262183],[46.81419899986064,24.557561656699804],[46.81413482660294,24.557703536153227],[46.81410815517883,24.55769355621905],[46.81408833985053,24.55773737298263],[46.81400719197483,24.557707009013228],[46.81402795391116,24.557661106855946],[46.81399669164906,24.557649409114404]]]}},{"type":"Feature","properties":{"height":-1,"confidence":-1},"geometry":{"type":"Polygon","coordinates":[[[46.8143293261528,24.555840248951128],[46.8143293261528,24.55593295451972],[46.81428104639053,24.55593295451972],[46.81428104639053,24.555840248951128],[46.8143293261528,24.555840248951128]]]}},{"type":"Feature","properties":{"height":-1,"confidence":-1},"geometry":{"type":"Polygon","coordinates":[[[46.820445056003585,24.568115588602893],[46.82077874496616,24.568368664771825],[46.82071763828625,24.568435307433404],[46.82071158352591,24.56832226396078],[46.82066192843712,24.568437898435477],[46.820728692224336,24.56846161161596],[46.82062914939576,24.56846602156743],[46.820626987447575,24.568425715535994],[46.820573470621405,24.56842808984834],[46.82058012904318,24.56855222532316],[46.82052844371488,24.568513026260504],[46.82041897153304,24.56851788306888],[46.82042214622307,24.5685771550273],[46.820481027864794,24.568598068602142],[46.820317438603894,24.568605326346812],[46.82031751095598,24.56860667523314],[46.820154516752524,24.568613896202223],[46.82012200083761,24.568689617597187],[46.820130424663645,24.568689243868903],[46.820134376084354,24.56876301740529],[46.82001187390763,24.56867010973474],[46.81997846059559,24.568671592137378],[46.82000611706039,24.568607198714304],[46.820029181742235,24.56862469136331],[46.82010525863258,24.568447527239357],[46.820327397115435,24.568526426423958],[46.82022321726157,24.56844741456034],[46.82028621345871,24.56844462369922],[46.82037929731849,24.568227854234962],[46.820373454132834,24.56811876072142],[46.820445056003585,24.568115588602893]]]}},{"type":"Feature","properties":{"height":-1,"confidence":-1},"geometry":{"type":"Polygon","coordinates":[[[46.84164416134933,24.567326010730966],[46.84169976932987,24.567430917913683],[46.84164100641622,24.567456681990734],[46.84165989214548,24.567492310817926],[46.84158589440234,24.567524754453743],[46.84156386105156,24.567483187498453],[46.84151815656317,24.56750322621714],[46.84148248351901,24.567435927318698],[46.84157606890005,24.56739489563111],[46.841559281585155,24.567363225538386],[46.84164416134933,24.567326010730966]]]}},{"type":"Feature","properties":{"height":-1,"confidence":-1},"geometry":{"type":"Polygon","coordinates":[[[46.84209739770302,24.55971130007609],[46.84149293576879,24.560073994336065],[46.84099981071536,24.55939406554448],[46.84160423619467,24.559031391191752],[46.84209739770302,24.55971130007609]]]}},{"type":"Feature","properties":{"height":-1,"confidence":-1},"geometry":{"type":"Polygon","coordinates":[[[46.83026011219794,24.567679069780667],[46.830099388526165,24.567761548101444],[46.83008094365857,24.567731818251886],[46.830038367249536,24.567713454577216],[46.829966747866834,24.567598031089886],[46.82997119327907,24.567589505996594],[46.829940766539664,24.56754046342735],[46.83007504201224,24.567471557370652],[46.8300968531192,24.567506713072206],[46.83014536397629,24.567481818784955],[46.8301932635773,24.567389960244995],[46.8302501963948,24.5674145160597],[46.830200634997254,24.567509561458294],[46.8301823241007,24.567518958048538],[46.83016513481442,24.567551922446],[46.83020156950912,24.567610648778157],[46.830223542585,24.567620126016166],[46.83026011219794,24.567679069780667]]]}},{"type":"Feature","properties":{"height":-1,"confidence":-1},"geometry":{"type":"Polygon","coordinates":[[[46.83145900658838,24.56729740855596],[46.83140738138711,24.567318140540976],[46.83137863912102,24.56725894049707],[46.83143026432229,24.56723820850229],[46.83145900658838,24.56729740855596]]]}},{"type":"Feature","properties":{"height":-1,"confidence":-1},"geometry":{"type":"Polygon","coordinates":[[[46.834740324877664,24.56604770393581],[46.8348824288005,24.566228565324636],[46.834707752255824,24.566342087963562],[46.83456563911989,24.566161232726145],[46.834740324877664,24.56604770393581]]]}},{"type":"Feature","properties":{"height":-1,"confidence":-1},"geometry":{"type":"Polygon","coordinates":[[[46.844612269227724,24.56645318079255],[46.84460978080722,24.56653850040115],[46.84451496935345,24.56653621914593],[46.844517451212766,24.566450899377898],[46.844612269227724,24.56645318079255]]]}},{"type":"Feature","properties":{"height":-1,"confidence":-1},"geometry":{"type":"Polygon","coordinates":[[[46.814047955413535,24.556026425426367],[46.81388618526222,24.5560316362525],[46.81388030334315,24.555880569346684],[46.81404208510433,24.555875358140327],[46.814047955413535,24.556026425426367]]]}},{"type":"Feature","properties":{"height":-1,"confidence":-1},"geometry":{"type":"Polygon","coordinates":[[[46.82108883764358,24.549039535181834],[46.82120236326029,24.54906007515079],[46.82117772925317,24.549172726262398],[46.82106420363647,24.549152186311872],[46.82108883764358,24.549039535181834]]]}},{"type":"Feature","properties":{"height":-1,"confidence":-1},"geometry":{"type":"Polygon","coordinates":[[[46.833423631777634,24.568384419152153],[46.833367401801,24.568445635404686],[46.833271999379996,24.568373146861262],[46.83332822884572,24.568311936257786],[46.833423631777634,24.568384419152153]]]}},{"type":"Feature","properties":{"height":-1,"confidence":-1},"geometry":{"type":"Polygon","coordinates":[[[46.83960686327213,24.564507775193746],[46.83949844691124,24.564578132667336],[46.83938557892257,24.564434267800934],[46.8394939952835,24.5643639102466],[46.83960686327213,24.564507775193746]]]}},{"type":"Feature","properties":{"height":-1,"confidence":-1},"geometry":{"type":"Polygon","coordinates":[[[46.8419211873902,24.567740136030963],[46.841960354732166,24.567785093227045],[46.841879615321254,24.56784327503503],[46.84184044797928,24.567798317859797],[46.8419211873902,24.567740136030963]]]}},{"type":"Feature","properties":{"height":-1,"confidence":-1},"geometry":{"type":"Polygon","coordinates":[[[46.81234951240262,24.56198963195135],[46.812302389707476,24.56205522367962],[46.812262916481345,24.56203176517603],[46.81231004044152,24.561966171674626],[46.81234951240262,24.56198963195135]]]}},{"type":"Feature","properties":{"height":-1,"confidence":-1},"geometry":{"type":"Polygon","coordinates":[[[46.829545256723804,24.569080772296914],[46.829641855711216,24.56915958662212],[46.829596525581685,24.569205540448607],[46.82949992659427,24.56912672615229],[46.829545256723804,24.569080772296914]]]}},{"type":"Feature","properties":{"height":-1,"confidence":-1},"geometry":{"type":"Polygon","coordinates":[[[46.82781006033747,24.542627555509114],[46.8278597032819,24.542620194605917],[46.82787205422093,24.54268911969706],[46.82782241127646,24.54269648059622],[46.82781006033747,24.542627555509114]]]}},{"type":"Feature","properties":{"height":-1,"confidence":-1},"geometry":{"type":"Polygon","coordinates":[[[46.83067072458371,24.56784243898467],[46.83031173425593,24.56806064012251],[46.83024423513555,24.56796878587282],[46.83025094482052,24.56796470802645],[46.83021377266585,24.567914118033343],[46.83048448520211,24.567749590887885],[46.83051917921314,24.56779680827742],[46.83060076381314,24.56774722473044],[46.83067072458371,24.56784243898467]]]}},{"type":"Feature","properties":{"height":-1,"confidence":-1},"geometry":{"type":"Polygon","coordinates":[[[46.840410958924636,24.56214860430802],[46.84044186088371,24.562188613647194],[46.840361045704476,24.56224025247552],[46.840330141084934,24.56220023970826],[46.840410958924636,24.56214860430802]]]}},{"type":"Feature","properties":{"height":-1,"confidence":-1},"geometry":{"type":"Polygon","coordinates":[[[46.843003433080426,24.566196169886226],[46.84310365920322,24.56613355266441],[46.84314747242072,24.56619155964978],[46.843134716368745,24.56619952911241],[46.8431572488806,24.56622936126395],[46.84320280620915,24.566200898901826],[46.843227842333405,24.566234045736053],[46.84317864041858,24.566264785078758],[46.84318990667451,24.56627970114768],[46.843106081189994,24.566332071856067],[46.843003433080426,24.566196169886226]]]}},{"type":"Feature","properties":{"height":-1,"confidence":-1},"geometry":{"type":"Polygon","coordinates":[[[46.84318594175188,24.558305576636357],[46.84305157854284,24.55811778172422],[46.843177101626566,24.558043486019102],[46.84338625313376,24.558335841499883],[46.84299807123625,24.558565576621504],[46.842799967039724,24.55828866378107],[46.842914910428895,24.558220630172883],[46.84296588171061,24.558291878646585],[46.84301487554232,24.55826288291155],[46.84307179940878,24.558342451974013],[46.84302543130406,24.558369896674705],[46.843040849277,24.558391445824867],[46.84318594175188,24.558305576636357]]]}},{"type":"Feature","properties":{"height":-1,"confidence":-1},"geometry":{"type":"Polygon","coordinates":[[[46.843789417317595,24.56636581576484],[46.843982115168075,24.56635762215629],[46.84398424231905,24.566399001782003],[46.8441689110924,24.566391149575907],[46.844176668937166,24.566542063398643],[46.84398664744571,24.566550143195172],[46.84398452029473,24.566508763619353],[46.84379717516232,24.566516729618087],[46.843789417317595,24.56636581576484]]]}},{"type":"Feature","properties":{"height":-1,"confidence":-1},"geometry":{"type":"Polygon","coordinates":[[[46.81204067185952,24.5577767501493],[46.81209861870456,24.55762975595006],[46.81212000868947,24.557636731636464],[46.81210924866731,24.557664026677415],[46.81219243009226,24.557691159029233],[46.81214524511901,24.557810853461532],[46.81204067185952,24.5577767501493]]]}},{"type":"Feature","properties":{"height":-1,"confidence":-1},"geometry":{"type":"Polygon","coordinates":[[[46.816588273606015,24.55294784336425],[46.81663106611723,24.552945759365016],[46.816633868132925,24.55299329868275],[46.81659107578183,24.552995385397566],[46.816588273606015,24.55294784336425]]]}},{"type":"Feature","properties":{"height":-1,"confidence":-1},"geometry":{"type":"Polygon","coordinates":[[[46.82877306844141,24.568260069606637],[46.82808838338947,24.568666470153445],[46.82778204397064,24.56823958450059],[46.827930647959235,24.56815138862916],[46.82775877450333,24.56791188122456],[46.82829487750012,24.567593705121467],[46.82877306844141,24.568260069606637]]]}},{"type":"Feature","properties":{"height":-1,"confidence":-1},"geometry":{"type":"Polygon","coordinates":[[[46.82980092772126,24.566592185377687],[46.82989633054326,24.566536917662418],[46.830093220654476,24.56681804200818],[46.82999781783247,24.566873309599515],[46.82980092772126,24.566592185377687]]]}},{"type":"Feature","properties":{"height":-1,"confidence":-1},"geometry":{"type":"Polygon","coordinates":[[[46.81309690985623,24.557656219319796],[46.81300479174557,24.557614156540765],[46.81309513281799,24.557450482516714],[46.81318725092865,24.55749254535064],[46.81309690985623,24.557656219319796]]]}},{"type":"Feature","properties":{"height":-1,"confidence":-1},"geometry":{"type":"Polygon","coordinates":[[[46.820296399860226,24.550747798699504],[46.820329040056535,24.550676046155345],[46.820384001586184,24.55069673531561],[46.82035136274891,24.550768484860484],[46.820296399860226,24.550747798699504]]]}},{"type":"Feature","properties":{"height":-1,"confidence":-1},"geometry":{"type":"Polygon","coordinates":[[[46.82584690881016,24.557011929472665],[46.825870899107514,24.557023268775083],[46.825831389922435,24.557092419797627],[46.82580740381485,24.55708108248183],[46.82584690881016,24.557011929472665]]]}},{"type":"Feature","properties":{"height":-1,"confidence":-1},"geometry":{"type":"Polygon","coordinates":[[[46.843227732122806,24.567212501907193],[46.84306214748952,24.56731440219872],[46.84303849393996,24.567282609953736],[46.84307713035439,24.567258833220436],[46.84303978264454,24.567208634912916],[46.84299746657162,24.56723467610722],[46.842952649319784,24.56717443812417],[46.84312191361157,24.56707027326445],[46.843227732122806,24.567212501907193]]]}},{"type":"Feature","properties":{"height":-1,"confidence":-1},"geometry":{"type":"Polygon","coordinates":[[[46.81206983160918,24.56684821575527],[46.812119879234416,24.56687338271277],[46.812062373258236,24.566967961500566],[46.81208628217125,24.566979985851717],[46.81206427741255,24.56701618114296],[46.81199032573997,24.56697899383265],[46.81206983160918,24.56684821575527]]]}},{"type":"Feature","properties":{"height":-1,"confidence":-1},"geometry":{"type":"Polygon","coordinates":[[[46.81346431524178,24.55810678033879],[46.81366806352071,24.557677914527716],[46.813772029487026,24.557718782213655],[46.81356828385762,24.558147642308043],[46.81346431524178,24.55810678033879]]]}},{"type":"Feature","properties":{"height":-1,"confidence":-1},"geometry":{"type":"Polygon","coordinates":[[[46.814000070871124,24.55852251963715],[46.81384750230306,24.558815384867103],[46.81375769443956,24.558776681288506],[46.813782603593495,24.55872886658905],[46.8136871044278,24.558687710259207],[46.813578532748956,24.558896151200457],[46.813461543385074,24.55884574096534],[46.813582585908,24.558613392129473],[46.81354972937255,24.55859923226221],[46.81367738878663,24.558354181387955],[46.81370805488637,24.558367397289942],[46.81366342598552,24.55845306552719],[46.813674378163995,24.558457785488613],[46.81371070401353,24.558388055535133],[46.81387717712642,24.558459798966922],[46.81387302560074,24.55846776810189],[46.814000070871124,24.55852251963715]]]}},{"type":"Feature","properties":{"height":-1,"confidence":-1},"geometry":{"type":"Polygon","coordinates":[[[46.822338849672185,24.543103685454327],[46.82223292472913,24.543106612236414],[46.822228701809436,24.542979855677288],[46.82228906148729,24.542978187894448],[46.82229065734522,24.54302597933878],[46.82233621296349,24.543024723503933],[46.822338849672185,24.543103685454327]]]}},{"type":"Feature","properties":{"height":-1,"confidence":-1},"geometry":{"type":"Polygon","coordinates":[[[46.82507453684802,24.558694735245766],[46.82512579566441,24.558718316941295],[46.82505881713085,24.55883875634953],[46.82500755831442,24.55881517467664],[46.82507453684802,24.558694735245766]]]}},{"type":"Feature","properties":{"height":-1,"confidence":-1},"geometry":{"type":"Polygon","coordinates":[[[46.831251911844866,24.56677642516847],[46.831338248526954,24.566726887742533],[46.83141450373362,24.566836817496224],[46.83142601529121,24.56683021251041],[46.83146595849471,24.566887794726895],[46.831293285130585,24.566986869432],[46.831272708328804,24.566957205892678],[46.83123817365596,24.566977020828986],[46.83113407924687,24.56682695813447],[46.83124343904413,24.566764210750264],[46.831251911844866,24.56677642516847]]]}},{"type":"Feature","properties":{"height":-1,"confidence":-1},"geometry":{"type":"Polygon","coordinates":[[[46.84106843410797,24.567684660645952],[46.84123761043312,24.56758046419614],[46.84133474432289,24.567710911537944],[46.841165567997706,24.567815107879355],[46.84106843410797,24.567684660645952]]]}},{"type":"Feature","properties":{"height":-1,"confidence":-1},"geometry":{"type":"Polygon","coordinates":[[[46.81299349894639,24.55714268719872],[46.81300321107509,24.55706563281292],[46.8130482171269,24.55707032568685],[46.8130385049982,24.557147380069765],[46.81299349894639,24.55714268719872]]]}},{"type":"Feature","properties":{"height":-1,"confidence":-1},"geometry":{"type":"Polygon","coordinates":[[[46.81403137659601,24.567268341665937],[46.81500803751164,24.567657446676264],[46.81465117891824,24.568398330642736],[46.81367451800262,24.568009227932563],[46.81403137659601,24.567268341665937]]]}},{"type":"Feature","properties":{"height":-1,"confidence":-1},"geometry":{"type":"Polygon","coordinates":[[[46.81323574296724,24.55697663316667],[46.81330670012994,24.557000261620914],[46.81327726376687,24.55707340575917],[46.81320630660413,24.557049777318696],[46.81323574296724,24.55697663316667]]]}},{"type":"Feature","properties":{"height":-1,"confidence":-1},"geometry":{"type":"Polygon","coordinates":[[[46.840285288738535,24.56330579159564],[46.840311826672746,24.563351632304176],[46.84020359465983,24.56340345515295],[46.84017705948766,24.563357613140823],[46.840285288738535,24.56330579159564]]]}},{"type":"Feature","properties":{"height":-1,"confidence":-1},"geometry":{"type":"Polygon","coordinates":[[[46.8392081819642,24.56906157871046],[46.83926732357613,24.56902367409569],[46.83922119247076,24.568964140356428],[46.839357401884065,24.56887685058797],[46.83946541418473,24.569016244138723],[46.839270067648386,24.569141444193704],[46.8392081819642,24.56906157871046]]]}},{"type":"Feature","properties":{"height":-1,"confidence":-1},"geometry":{"type":"Polygon","coordinates":[[[46.84222634138495,24.566989422543188],[46.842168549174495,24.567003074029586],[46.84215484413543,24.566955083897454],[46.84221263634589,24.566941432405827],[46.84222634138495,24.566989422543188]]]}},{"type":"Feature","properties":{"height":-1,"confidence":-1},"geometry":{"type":"Polygon","coordinates":[[[46.844163725506405,24.567279623442502],[46.84421362141437,24.5672776289001],[46.84421491365844,24.567304410625226],[46.84416501980747,24.56730640508499],[46.844163725506405,24.567279623442502]]]}},{"type":"Feature","properties":{"height":-1,"confidence":-1},"geometry":{"type":"Polygon","coordinates":[[[46.81299456642126,24.557265291695302],[46.81296487148547,24.55734104814141],[46.81291727697734,24.55732561448106],[46.81294697191316,24.557249858025614],[46.81299456642126,24.557265291695302]]]}},{"type":"Feature","properties":{"height":-1,"confidence":-1},"geometry":{"type":"Polygon","coordinates":[[[46.81390047184698,24.557218053085307],[46.81381559226677,24.557123862858475],[46.813808893631126,24.55710579459749],[46.81396520317827,24.556989265701745],[46.81400859848226,24.557037421202224],[46.81404549913871,24.557009911727334],[46.81401656893604,24.556977808055365],[46.814071117732475,24.55693714185361],[46.814190783570794,24.557069934304707],[46.814148103691004,24.557101752180373],[46.81420475323914,24.557084377483648],[46.81432286128252,24.557215429915715],[46.81433191075022,24.557208683539002],[46.81442869461398,24.55731608378072],[46.81420088098706,24.55748593305003],[46.81410671932463,24.557381442785882],[46.814240000347766,24.55728208189892],[46.81423149567916,24.55725914700551],[46.8140802011714,24.55737193694418],[46.81407169650275,24.5573490020672],[46.81405269783443,24.557363165555174],[46.81397996375847,24.55728245320016],[46.81396388334143,24.557239088467668],[46.81412586466455,24.55711833138463],[46.81415922320427,24.557108100157066],[46.81418146223078,24.557091520951474],[46.81399243050558,24.557149497904305],[46.81390047184698,24.557218053085307]]]}},{"type":"Feature","properties":{"height":-1,"confidence":-1},"geometry":{"type":"Polygon","coordinates":[[[46.82563329761971,24.56926792441321],[46.826375060292236,24.568845447004776],[46.82683713161388,24.56951654597161],[46.82609536894132,24.56993902111769],[46.82563329761971,24.56926792441321]]]}},{"type":"Feature","properties":{"height":-1,"confidence":-1},"geometry":{"type":"Polygon","coordinates":[[[46.831232326709994,24.566525036179883],[46.83113018231869,24.566580438290117],[46.83094611159818,24.56629972780327],[46.831048240055274,24.566244334211532],[46.831232326709994,24.566525036179883]]]}},{"type":"Feature","properties":{"height":-1,"confidence":-1},"geometry":{"type":"Polygon","coordinates":[[[46.84023350581171,24.562317778156086],[46.84031514085168,24.562272999745957],[46.84036377433208,24.562346342642655],[46.84028213515339,24.562391123296734],[46.84023350581171,24.562317778156086]]]}},{"type":"Feature","properties":{"height":-1,"confidence":-1},"geometry":{"type":"Polygon","coordinates":[[[46.84424640423698,24.569000567787825],[46.844270083075074,24.56903789090933],[46.84423386298051,24.56905689962666],[46.84421018304502,24.569019574781166],[46.84424640423698,24.569000567787825]]]}},{"type":"Feature","properties":{"height":-1,"confidence":-1},"geometry":{"type":"Polygon","coordinates":[[[46.81169300938495,24.565291191007134],[46.81146503170022,24.565197343886936],[46.812162288215426,24.563796270307336],[46.81239035538318,24.56389015531265],[46.81169300938495,24.565291191007134]]]}},{"type":"Feature","properties":{"height":-1,"confidence":-1},"geometry":{"type":"Polygon","coordinates":[[[46.81451778877527,24.55693424215835],[46.81463324429194,24.55703367612189],[46.81449209914848,24.557169256575975],[46.81437664216567,24.557069814107464],[46.81451778877527,24.55693424215835]]]}},{"type":"Feature","properties":{"height":-1,"confidence":-1},"geometry":{"type":"Polygon","coordinates":[[[46.814913741438886,24.544225055650074],[46.81491067109795,24.54427715102544],[46.81484648257125,24.544274020735656],[46.814849552672065,24.54422192943383],[46.814913741438886,24.544225055650074]]]}},{"type":"Feature","properties":{"height":-1,"confidence":-1},"geometry":{"type":"Polygon","coordinates":[[[46.81924809282481,24.56675789432653],[46.81864058699601,24.567969600495573],[46.81804548553798,24.56772281355768],[46.818652991366775,24.566511105002732],[46.81924809282481,24.56675789432653]]]}},{"type":"Feature","properties":{"height":-1,"confidence":-1},"geometry":{"type":"Polygon","coordinates":[[[46.82009989698026,24.550602563960254],[46.82016349280267,24.55063581107288],[46.820127566672156,24.550692660717388],[46.82006397413792,24.550659415338828],[46.82009989698026,24.550602563960254]]]}},{"type":"Feature","properties":{"height":-1,"confidence":-1},"geometry":{"type":"Polygon","coordinates":[[[46.831516127333956,24.56564194307643],[46.83161702107236,24.565783605543757],[46.831450755254885,24.565881565826544],[46.83134985620669,24.565739896014563],[46.831516127333956,24.56564194307643]]]}},{"type":"Feature","properties":{"height":-1,"confidence":-1},"geometry":{"type":"Polygon","coordinates":[[[46.838186068691904,24.5671569964138],[46.83804040016646,24.56725328862977],[46.837939625868316,24.567127191508376],[46.83808529439372,24.567030899195544],[46.838186068691904,24.5671569964138]]]}},{"type":"Feature","properties":{"height":-1,"confidence":-1},"geometry":{"type":"Polygon","coordinates":[[[46.842636235362114,24.56731338741659],[46.842820121881644,24.567222065592347],[46.84284945564195,24.56727092222029],[46.84266556912241,24.567362244008933],[46.842636235362114,24.56731338741659]]]}},{"type":"Feature","properties":{"height":-1,"confidence":-1},"geometry":{"type":"Polygon","coordinates":[[[46.84324755890698,24.565849118589895],[46.84314757960382,24.565904294913793],[46.843119030082754,24.56586150453306],[46.84321900938591,24.56580632819032],[46.84324755890698,24.565849118589895]]]}},{"type":"Feature","properties":{"height":-1,"confidence":-1},"geometry":{"type":"Polygon","coordinates":[[[46.81427885954862,24.558490762134483],[46.814381062828346,24.55828979665752],[46.8144968240928,24.558338491509986],[46.81439463355249,24.558539462267717],[46.81427885954862,24.558490762134483]]]}},{"type":"Feature","properties":{"height":-1,"confidence":-1},"geometry":{"type":"Polygon","coordinates":[[[46.81532921172582,24.547412427068252],[46.81539573390523,24.547407010496116],[46.81539940822919,24.547444347309437],[46.81533288563636,24.5474497596786],[46.81532921172582,24.547412427068252]]]}},{"type":"Feature","properties":{"height":-1,"confidence":-1},"geometry":{"type":"Polygon","coordinates":[[[46.84381601673171,24.568581796064194],[46.843868886680326,24.56853755589505],[46.84398302753933,24.568650372103733],[46.84384504356844,24.56876584207295],[46.84375149044432,24.56867337476298],[46.84383660546227,24.568602147402586],[46.84381601673171,24.568581796064194]]]}},{"type":"Feature","properties":{"height":-1,"confidence":-1},"geometry":{"type":"Polygon","coordinates":[[[46.84095751404644,24.563660547765068],[46.8410572056574,24.563784505797003],[46.8408762660286,24.563904876872925],[46.840776580632024,24.563780914825855],[46.84095751404644,24.563660547765068]]]}},{"type":"Feature","properties":{"height":-1,"confidence":-1},"geometry":{"type":"Polygon","coordinates":[[[46.84198864548683,24.567717132968383],[46.842022491596026,24.56775646877871],[46.841972586206204,24.56779198649913],[46.841938740096964,24.56775265069996],[46.84198864548683,24.567717132968383]]]}},{"type":"Feature","properties":{"height":-1,"confidence":-1},"geometry":{"type":"Polygon","coordinates":[[[46.815077969876256,24.557123416046153],[46.815155706535045,24.55716060454712],[46.81496895318798,24.557483554694073],[46.814891216529226,24.557446366288858],[46.815077969876256,24.557123416046153]]]}},{"type":"Feature","properties":{"height":-1,"confidence":-1},"geometry":{"type":"Polygon","coordinates":[[[46.82058366975586,24.549889168919123],[46.8205049963155,24.55000657253298],[46.8204521942244,24.549977297459733],[46.8205308676648,24.549859893818507],[46.82058366975586,24.549889168919123]]]}},{"type":"Feature","properties":{"height":-1,"confidence":-1},"geometry":{"type":"Polygon","coordinates":[[[46.83950540235458,24.5688659751861],[46.839532061170615,24.568899847793446],[46.8394806280652,24.568933329225786],[46.83945396924913,24.56889945662749],[46.83950540235458,24.5688659751861]]]}},{"type":"Feature","properties":{"height":-1,"confidence":-1},"geometry":{"type":"Polygon","coordinates":[[[46.814720920797434,24.553006805298793],[46.814847288297216,24.55299605773557],[46.81486709063303,24.55318854222493],[46.814740709270495,24.553199298996134],[46.814720920797434,24.553006805298793]]]}},{"type":"Feature","properties":{"height":-1,"confidence":-1},"geometry":{"type":"Polygon","coordinates":[[[46.83001011705923,24.566909215591508],[46.83020785527195,24.56718014830996],[46.8301110377725,24.56723859559584],[46.82991329955977,24.566967663003737],[46.83001011705923,24.566909215591508]]]}},{"type":"Feature","properties":{"height":-1,"confidence":-1},"geometry":{"type":"Polygon","coordinates":[[[46.832928312811354,24.567232358354644],[46.833032365602975,24.567175822091073],[46.833076059860744,24.567242338958124],[46.83297201084139,24.567298873142036],[46.832928312811354,24.567232358354644]]]}},{"type":"Feature","properties":{"height":-1,"confidence":-1},"geometry":{"type":"Polygon","coordinates":[[[46.844833175380536,24.56501786747812],[46.84490127462175,24.56511340189597],[46.84486539236958,24.56513455677947],[46.84484335403254,24.56510363985933],[46.844783701054745,24.56513880910728],[46.844825325860384,24.565197209576993],[46.84462436353928,24.565315689598208],[46.844536684137424,24.565192686935262],[46.844833175380536,24.56501786747812]]]}},{"type":"Feature","properties":{"height":-1,"confidence":-1},"geometry":{"type":"Polygon","coordinates":[[[46.81257783195013,24.557083926018947],[46.812554055733216,24.55715813027352],[46.81251202775911,24.557146989817767],[46.81253580397599,24.5570727855566],[46.81257783195013,24.557083926018947]]]}},{"type":"Feature","properties":{"height":-1,"confidence":-1},"geometry":{"type":"Polygon","coordinates":[[[46.81401932493151,24.56083221413654],[46.814086870028184,24.56085099508239],[46.814076825736464,24.560880870987674],[46.81400928406397,24.56086208669892],[46.81401932493151,24.56083221413654]]]}},{"type":"Feature","properties":{"height":-1,"confidence":-1},"geometry":{"type":"Polygon","coordinates":[[[46.81483959305314,24.55618608427781],[46.81474076563309,24.556199088220282],[46.81470807940724,24.555993582164945],[46.81478061934742,24.55598403717488],[46.814787844144895,24.556029439257642],[46.81481411613572,24.55602598232325],[46.81483959305314,24.55618608427781]]]}},{"type":"Feature","properties":{"height":-1,"confidence":-1},"geometry":{"type":"Polygon","coordinates":[[[46.814666045708236,24.555684585465357],[46.81466212153865,24.5557541592172],[46.81450590199587,24.55574687965803],[46.81450982138464,24.5556772957343],[46.814666045708236,24.555684585465357]]]}},{"type":"Feature","properties":{"height":-1,"confidence":-1},"geometry":{"type":"Polygon","coordinates":[[[46.81646782825556,24.563285731342546],[46.81645856338377,24.563333019931193],[46.81635076576662,24.56331555650914],[46.81636002711131,24.563268267342508],[46.81646782825556,24.563285731342546]]]}},{"type":"Feature","properties":{"height":-1,"confidence":-1},"geometry":{"type":"Polygon","coordinates":[[[46.817580553073846,24.553766079187184],[46.81758503172138,24.55387326943169],[46.817523429885426,24.5538753988384],[46.81751895123789,24.553768208595713],[46.817580553073846,24.553766079187184]]]}},{"type":"Feature","properties":{"height":-1,"confidence":-1},"geometry":{"type":"Polygon","coordinates":[[[46.81953312242737,24.543554093618056],[46.8195363591453,24.543517734335452],[46.81968147924712,24.543528433185614],[46.819678239749926,24.543564792260227],[46.81953312242737,24.543554093618056]]]}},{"type":"Feature","properties":{"height":-1,"confidence":-1},"geometry":{"type":"Polygon","coordinates":[[[46.835411105647914,24.56744099139354],[46.83528823119482,24.56752049502792],[46.83521047337544,24.567421102236835],[46.83533334376622,24.567341593346782],[46.835411105647914,24.56744099139354]]]}},{"type":"Feature","properties":{"height":-1,"confidence":-1},"geometry":{"type":"Polygon","coordinates":[[[46.83986128585637,24.56934073677654],[46.8400242335848,24.569239682954446],[46.840017991213905,24.56923135742865],[46.840219387282765,24.569106459325397],[46.84031801674296,24.569238002699294],[46.83995367294567,24.56946395439418],[46.83986128585637,24.56934073677654]]]}},{"type":"Feature","properties":{"height":-1,"confidence":-1},"geometry":{"type":"Polygon","coordinates":[[[46.844784998424274,24.56604653896042],[46.84478732943122,24.566123030623473],[46.84457559797182,24.56612838117553],[46.8445701754051,24.5659504403517],[46.84475778555899,24.56594569934947],[46.844760877072,24.566047146983138],[46.844784998424274,24.56604653896042]]]}},{"type":"Feature","properties":{"height":-1,"confidence":-1},"geometry":{"type":"Polygon","coordinates":[[[46.81409038211613,24.555795498651477],[46.814096505700846,24.555620979716835],[46.81425834437235,24.555625687945863],[46.81425220773435,24.555800196192592],[46.81409038211613,24.555795498651477]]]}},{"type":"Feature","properties":{"height":-1,"confidence":-1},"geometry":{"type":"Polygon","coordinates":[[[46.81513026221855,24.556916148036535],[46.815282351794,24.55657741570066],[46.81544012245378,24.556636009051942],[46.815288055218815,24.556974749526375],[46.81513026221855,24.556916148036535]]]}},{"type":"Feature","properties":{"height":-1,"confidence":-1},"geometry":{"type":"Polygon","coordinates":[[[46.82172577872721,24.54758937776063],[46.82163973619644,24.547612992222525],[46.821623414130656,24.547563796634805],[46.82170945666148,24.547540182163658],[46.82172577872721,24.54758937776063]]]}},{"type":"Feature","properties":{"height":-1,"confidence":-1},"geometry":{"type":"Polygon","coordinates":[[[46.84246484142395,24.562879853494195],[46.84256165816749,24.562816129195824],[46.84262917510705,24.562900982568465],[46.842532358363506,24.562964706823706],[46.84246484142395,24.562879853494195]]]}},{"type":"Feature","properties":{"height":-1,"confidence":-1},"geometry":{"type":"Polygon","coordinates":[[[46.84302875129619,24.568328194373393],[46.843097683124796,24.56848752036501],[46.8428946907066,24.56856016190548],[46.842825764655615,24.568400821018045],[46.84302875129619,24.568328194373393]]]}},{"type":"Feature","properties":{"height":-1,"confidence":-1},"geometry":{"type":"Polygon","coordinates":[[[46.81970731346796,24.562661306227994],[46.81943243031077,24.563215895485612],[46.81861208659465,24.56287955239101],[46.81894523491454,24.56220740840213],[46.819087907128065,24.562265895683822],[46.81908637744908,24.562268981897148],[46.81917108685457,24.562303713188513],[46.81911433208049,24.562418219051196],[46.81970731346796,24.562661306227994]]]}},{"type":"Feature","properties":{"height":-1,"confidence":-1},"geometry":{"type":"Polygon","coordinates":[[[46.83292352154493,24.564577668583496],[46.83300152609443,24.564646641943824],[46.83297069293309,24.564675485924667],[46.832892687242534,24.5646065115713],[46.83292352154493,24.564577668583496]]]}},{"type":"Feature","properties":{"height":-1,"confidence":-1},"geometry":{"type":"Polygon","coordinates":[[[46.812307187084926,24.561960385943024],[46.812253684256085,24.562032405316074],[46.81221501269257,24.562008640418583],[46.81226851552142,24.561936621031904],[46.812307187084926,24.561960385943024]]]}},{"type":"Feature","properties":{"height":-1,"confidence":-1},"geometry":{"type":"Polygon","coordinates":[[[46.81436854172847,24.556752021170055],[46.81420635343231,24.556844757001514],[46.81418049565516,24.556807348734978],[46.81416581904823,24.556815741441298],[46.814108284921126,24.55673249791812],[46.81428515235022,24.5566313687755],[46.81436854172847,24.556752021170055]]]}},{"type":"Feature","properties":{"height":-1,"confidence":-1},"geometry":{"type":"Polygon","coordinates":[[[46.82056558069625,24.569692374907916],[46.81995795262391,24.570091980790153],[46.819445967026674,24.569448069117655],[46.82005359509897,24.56904846118222],[46.82056558069625,24.569692374907916]]]}},{"type":"Feature","properties":{"height":-1,"confidence":-1},"geometry":{"type":"Polygon","coordinates":[[[46.81318487664552,24.566563542016084],[46.81323225097022,24.56658227149562],[46.81351430856638,24.565992150194646],[46.814121996852634,24.56623243983927],[46.81353195096472,24.56746673041347],[46.81287695269246,24.567207777869328],[46.81318487664552,24.566563542016084]]]}},{"type":"Feature","properties":{"height":-1,"confidence":-1},"geometry":{"type":"Polygon","coordinates":[[[46.8133600183248,24.55822549525675],[46.81352585607729,24.558276864773944],[46.81348574807273,24.55838398008072],[46.813497765301186,24.558387702505513],[46.81352723240658,24.558309005556694],[46.81363298401685,24.5583417629106],[46.81353639739359,24.558599713768857],[46.813537356927924,24.55860001099117],[46.8135160790487,24.55865684876342],[46.81340215364791,24.558621559604973],[46.813423435446275,24.558564723030685],[46.81336575274973,24.558546855415898],[46.81337803071034,24.558514065068195],[46.81326506876299,24.558479074306106],[46.8133600183248,24.55822549525675]]]}},{"type":"Feature","properties":{"height":-1,"confidence":-1},"geometry":{"type":"Polygon","coordinates":[[[46.8148033493905,24.56261720551018],[46.81482070374282,24.56258122009544],[46.814930923679675,24.56262519693817],[46.814913572165054,24.562661176456217],[46.8148033493905,24.56261720551018]]]}},{"type":"Feature","properties":{"height":-1,"confidence":-1},"geometry":{"type":"Polygon","coordinates":[[[46.8419327545912,24.566893806721737],[46.84202811785576,24.56703432228936],[46.841849424501646,24.5671346215819],[46.84175406682693,24.56699411436321],[46.8419327545912,24.566893806721737]]]}},{"type":"Feature","properties":{"height":-1,"confidence":-1},"geometry":{"type":"Polygon","coordinates":[[[46.842392100336916,24.566716124827295],[46.84239327981631,24.56671792502516],[46.84245141163243,24.566686420841094],[46.84248915170158,24.566744028946815],[46.84232089961964,24.566835212075347],[46.842281980173325,24.566775803759114],[46.842392100336916,24.566716124827295]]]}},{"type":"Feature","properties":{"height":-1,"confidence":-1},"geometry":{"type":"Polygon","coordinates":[[[46.813921127692566,24.56509327170727],[46.81502995909914,24.565572096690317],[46.81474108545813,24.56612551387086],[46.81363221929836,24.565646675994557],[46.813921127692566,24.56509327170727]]]}},{"type":"Feature","properties":{"height":-1,"confidence":-1},"geometry":{"type":"Polygon","coordinates":[[[46.81488694907524,24.555351696594656],[46.81497695452389,24.555186275400402],[46.81508899000706,24.555236706325246],[46.81502243842913,24.555359021575384],[46.8149931537092,24.555345837692286],[46.81496969405686,24.55538894810364],[46.81488694907524,24.555351696594656]]]}},{"type":"Feature","properties":{"height":-1,"confidence":-1},"geometry":{"type":"Polygon","coordinates":[[[46.82164484979602,24.561210670833134],[46.82161694526238,24.56125806654954],[46.821518976898076,24.561210346546588],[46.82154688143168,24.561162950812147],[46.82164484979602,24.561210670833134]]]}},{"type":"Feature","properties":{"height":-1,"confidence":-1},"geometry":{"type":"Polygon","coordinates":[[[46.836348238181166,24.568093931098588],[46.83621724950562,24.568159465910895],[46.836178736817466,24.568095795166116],[46.836309729254644,24.568030258438554],[46.836348238181166,24.568093931098588]]]}},{"type":"Feature","properties":{"height":-1,"confidence":-1},"geometry":{"type":"Polygon","coordinates":[[[46.8413905983967,24.568028208587748],[46.84156718807082,24.567914219733197],[46.84166592763966,24.568040755247537],[46.84148933796558,24.56815474398701],[46.8413905983967,24.568028208587748]]]}},{"type":"Feature","properties":{"height":-1,"confidence":-1},"geometry":{"type":"Polygon","coordinates":[[[46.84381161391612,24.568856757614967],[46.843830377053884,24.568889270699543],[46.843788318471546,24.56890934641673],[46.84376955533378,24.56887683333734],[46.84381161391612,24.568856757614967]]]}},{"type":"Feature","properties":{"height":-1,"confidence":-1},"geometry":{"type":"Polygon","coordinates":[[[46.81482084182185,24.555540773986763],[46.814814206919536,24.555571296358295],[46.81487874026481,24.55558289769705],[46.81484841795926,24.55572238851674],[46.814705420718056,24.55569667242952],[46.81474236343182,24.55552666570368],[46.81482084182185,24.555540773986763]]]}},{"type":"Feature","properties":{"height":-1,"confidence":-1},"geometry":{"type":"Polygon","coordinates":[[[46.82300292213497,24.558385043656784],[46.82315575148626,24.55844333821105],[46.82313601881948,24.558486134498636],[46.82308127534369,24.55846524991388],[46.82304492528752,24.558544086037713],[46.823717813844,24.558800791989086],[46.82374904028483,24.55873306812107],[46.823827955171936,24.558763168987696],[46.82354414925677,24.559378582723483],[46.8226943059944,24.55905437023023],[46.82300292213497,24.558385043656784]]]}},{"type":"Feature","properties":{"height":-1,"confidence":-1},"geometry":{"type":"Polygon","coordinates":[[[46.83246870563288,24.56553259277331],[46.83262423089978,24.565403875719184],[46.832725703176,24.56550529140827],[46.8325701779091,24.56563400835823],[46.83246870563288,24.56553259277331]]]}},{"type":"Feature","properties":{"height":-1,"confidence":-1},"geometry":{"type":"Polygon","coordinates":[[[46.842211379725484,24.563127936296837],[46.84148580769922,24.56354199621323],[46.841272088837215,24.56323217148791],[46.84156270256657,24.563066327615203],[46.84157960688336,24.563090833586003],[46.841648892275785,24.563051294624813],[46.841621120898225,24.563011034800425],[46.841986793802704,24.562802356676073],[46.842211379725484,24.563127936296837]]]}},{"type":"Feature","properties":{"height":-1,"confidence":-1},"geometry":{"type":"Polygon","coordinates":[[[46.813672159992635,24.556064839623716],[46.8135582367374,24.556080032987452],[46.81356208679399,24.55610391568743],[46.813506945897664,24.556111269545568],[46.81348577058648,24.555979914647196],[46.81365484283384,24.55595736632486],[46.813672159992635,24.556064839623716]]]}},{"type":"Feature","properties":{"height":-1,"confidence":-1},"geometry":{"type":"Polygon","coordinates":[[[46.82576906649909,24.557053900153292],[46.82579570283535,24.55701321902012],[46.825822153041294,24.5570275479203],[46.82579551520819,24.55706822655425],[46.82576906649909,24.557053900153292]]]}},{"type":"Feature","properties":{"height":-1,"confidence":-1},"geometry":{"type":"Polygon","coordinates":[[[46.83846021192734,24.563077167458758],[46.83773012690222,24.56352401072118],[46.83755618332464,24.563288945193577],[46.83828628080044,24.562842093472838],[46.83846021192734,24.563077167458758]]]}},{"type":"Feature","properties":{"height":-1,"confidence":-1},"geometry":{"type":"Polygon","coordinates":[[[46.840536738269535,24.560396326296456],[46.84059421089499,24.56036138757446],[46.840667321989415,24.56046087433529],[46.840609849363915,24.56049581302956],[46.840536738269535,24.560396326296456]]]}},{"type":"Feature","properties":{"height":-1,"confidence":-1},"geometry":{"type":"Polygon","coordinates":[[[46.81369571746576,24.555259238154548],[46.813755411036254,24.555272534485425],[46.813721091550036,24.555400002079963],[46.8136613896919,24.555386700116003],[46.81369571746576,24.555259238154548]]]}},{"type":"Feature","properties":{"height":-1,"confidence":-1},"geometry":{"type":"Polygon","coordinates":[[[46.81450201690786,24.556898160421312],[46.814324372914825,24.55701855070626],[46.814230562472765,24.556904035793295],[46.81440820646584,24.556783645398383],[46.81450201690786,24.556898160421312]]]}},{"type":"Feature","properties":{"height":-1,"confidence":-1},"geometry":{"type":"Polygon","coordinates":[[[46.815433392315335,24.564841333291852],[46.8151479667442,24.56541709289536],[46.81403249531405,24.564959683462888],[46.81431788406245,24.564383906658705],[46.815433392315335,24.564841333291852]]]}},{"type":"Feature","properties":{"height":-1,"confidence":-1},"geometry":{"type":"Polygon","coordinates":[[[46.814886156603194,24.55342201405776],[46.81495047096171,24.553420245340575],[46.814952168508775,24.55347143167799],[46.81488785415026,24.55347320039445],[46.814886156603194,24.55342201405776]]]}},{"type":"Feature","properties":{"height":-1,"confidence":-1},"geometry":{"type":"Polygon","coordinates":[[[46.82026769549422,24.563673777671013],[46.82053673615877,24.56309694650497],[46.82117445376393,24.563342945761647],[46.821210128002654,24.563266446464752],[46.8213203037557,24.56330894668504],[46.82131644654187,24.563317216670683],[46.82140177290237,24.56335013124297],[46.821100952294785,24.563995204501623],[46.82026769549422,24.563673777671013]]]}},{"type":"Feature","properties":{"height":-1,"confidence":-1},"geometry":{"type":"Polygon","coordinates":[[[46.825719789113116,24.55697820043325],[46.82575062628965,24.556995753929357],[46.825721677588014,24.557037825774515],[46.82569084041148,24.557020272284277],[46.825719789113116,24.55697820043325]]]}},{"type":"Feature","properties":{"height":-1,"confidence":-1},"geometry":{"type":"Polygon","coordinates":[[[46.83278586503366,24.564845725755717],[46.8328833394398,24.56494310130394],[46.832740216251985,24.56506160004325],[46.83264274594344,24.564964221194487],[46.83278586503366,24.564845725755717]]]}},{"type":"Feature","properties":{"height":-1,"confidence":-1},"geometry":{"type":"Polygon","coordinates":[[[46.834932607458,24.56383469988961],[46.83561625236764,24.563427029839247],[46.83564699969565,24.5634696814419],[46.83572203262864,24.563424937856567],[46.83592373510032,24.56370473211001],[46.835165074610416,24.564157134249513],[46.834932607458,24.56383469988961]]]}},{"type":"Feature","properties":{"height":-1,"confidence":-1},"geometry":{"type":"Polygon","coordinates":[[[46.835383449650784,24.567155738816595],[46.835544831585636,24.567368037616433],[46.83546250209697,24.567419803394017],[46.83530112852167,24.56720749418571],[46.835383449650784,24.567155738816595]]]}},{"type":"Feature","properties":{"height":-1,"confidence":-1},"geometry":{"type":"Polygon","coordinates":[[[46.83659762355456,24.56774736275065],[46.836711538836965,24.56792279204919],[46.83660093769345,24.567982203064034],[46.83648701240229,24.567806779224966],[46.83659762355456,24.56774736275065]]]}},{"type":"Feature","properties":{"height":-1,"confidence":-1},"geometry":{"type":"Polygon","coordinates":[[[46.84057190293771,24.550811676533257],[46.840644865834875,24.55063889119417],[46.84066512751345,24.550679965363983],[46.84076709947664,24.5506383407171],[46.84069790071936,24.55061416447593],[46.84072745625058,24.550602101874134],[46.84073896879626,24.550574838684852],[46.84108957467071,24.550697331224455],[46.84105299180721,24.5507839640467],[46.84099141792686,24.550809094370976],[46.840973991288486,24.550850362813293],[46.84092862106087,24.550868879885016],[46.84089752536258,24.550942518312922],[46.84084844054017,24.5509253693981],[46.84086998729311,24.550874344041674],[46.84079989569622,24.550849855911665],[46.84082752378604,24.550905863061914],[46.84075298698351,24.55087982190227],[46.84075007876353,24.550873926412734],[46.84057190293771,24.550811676533257]]]}},{"type":"Feature","properties":{"height":-1,"confidence":-1},"geometry":{"type":"Polygon","coordinates":[[[46.813725374245436,24.55648811290989],[46.813764221669715,24.556621776763635],[46.813602192335765,24.55666073472152],[46.81356335172396,24.556527058957215],[46.813725374245436,24.55648811290989]]]}},{"type":"Feature","properties":{"height":-1,"confidence":-1},"geometry":{"type":"Polygon","coordinates":[[[46.8126032647197,24.555290717640062],[46.81245298130878,24.555338925244186],[46.812401652708175,24.5552065727706],[46.81255193611909,24.555158365115616],[46.8126032647197,24.555290717640062]]]}},{"type":"Feature","properties":{"height":-1,"confidence":-1},"geometry":{"type":"Polygon","coordinates":[[[46.81408303186731,24.555849917258854],[46.81424638936313,24.555844020947205],[46.81425244689496,24.5559828606267],[46.814089089399154,24.55598875693181],[46.81408303186731,24.555849917258854]]]}},{"type":"Feature","properties":{"height":-1,"confidence":-1},"geometry":{"type":"Polygon","coordinates":[[[46.84102714379652,24.560786837305756],[46.84133269564866,24.560608186251372],[46.841493755752715,24.560836034573384],[46.84118820390057,24.561014685303093],[46.84102714379652,24.560786837305756]]]}},{"type":"Feature","properties":{"height":-1,"confidence":-1},"geometry":{"type":"Polygon","coordinates":[[[46.812255352741595,24.55656809402329],[46.812260012728785,24.556482918666802],[46.812388440740335,24.556488731467738],[46.81238990530772,24.55646196205926],[46.81226415287977,24.55645627035716],[46.812268812867,24.5563710949247],[46.81246948163497,24.55638017743412],[46.81245869709315,24.55657729761839],[46.812255352741595,24.55656809402329]]]}},{"type":"Feature","properties":{"height":-1,"confidence":-1},"geometry":{"type":"Polygon","coordinates":[[[46.842246761805065,24.568979972481984],[46.842199284844384,24.569019334139554],[46.84213251577503,24.56895272201902],[46.842179989936156,24.568913362661533],[46.842246761805065,24.568979972481984]]]}},{"type":"Feature","properties":{"height":-1,"confidence":-1},"geometry":{"type":"Polygon","coordinates":[[[46.84385999860373,24.56887521964717],[46.8442316492673,24.568642937546898],[46.84424667313705,24.568662820064333],[46.84429877650495,24.5686302553691],[46.84432882216583,24.56867002170401],[46.844333197202836,24.568667287298766],[46.84437026679588,24.568716345005868],[46.84426459795903,24.568782381431802],[46.844247069538355,24.568759184425417],[46.84416690697249,24.568809281010445],[46.844184931545406,24.56883313461215],[46.843994716436505,24.568952019151496],[46.844019252973304,24.568984493912737],[46.84396716641999,24.56901704469142],[46.84385999860373,24.56887521964717]]]}},{"type":"Feature","properties":{"height":-1,"confidence":-1},"geometry":{"type":"Polygon","coordinates":[[[46.841471501896436,24.561133625588894],[46.84140511724478,24.561147194592408],[46.84139566724012,24.561108949597198],[46.841462052885745,24.561095384612244],[46.841471501896436,24.561133625588894]]]}},{"type":"Feature","properties":{"height":-1,"confidence":-1},"geometry":{"type":"Polygon","coordinates":[[[46.84381994877348,24.565815710833405],[46.843720292701725,24.5658722375657],[46.84363237439334,24.565744028256617],[46.84372506648845,24.56569145156527],[46.84375637985855,24.56573711518901],[46.84376333926196,24.56573316768568],[46.84381994877348,24.565815710833405]]]}},{"type":"Feature","properties":{"height":-1,"confidence":-1},"geometry":{"type":"Polygon","coordinates":[[[46.84396085421192,24.567416954235327],[46.844167110061,24.56741011413878],[46.84417316588884,24.567561155768715],[46.84402851892975,24.567565952713778],[46.84402715148475,24.56753184655649],[46.84396554259476,24.567533889700258],[46.84396085421192,24.567416954235327]]]}},{"type":"Feature","properties":{"height":-1,"confidence":-1},"geometry":{"type":"Polygon","coordinates":[[[46.81425463888703,24.556509655736576],[46.814410647440305,24.556448409631912],[46.81447115275378,24.556575912058207],[46.81431514420047,24.55663715810057],[46.81425463888703,24.556509655736576]]]}},{"type":"Feature","properties":{"height":-1,"confidence":-1},"geometry":{"type":"Polygon","coordinates":[[[46.814892674381944,24.555768981541576],[46.81489500364205,24.555906574601778],[46.81469656722108,24.55590935368889],[46.81469423817476,24.555771773260958],[46.814892674381944,24.555768981541576]]]}},{"type":"Feature","properties":{"height":-1,"confidence":-1},"geometry":{"type":"Polygon","coordinates":[[[46.842621065348624,24.56621848996174],[46.842684739494786,24.566360805760354],[46.84252365687978,24.566420419377977],[46.84248245596166,24.566328332747005],[46.84256759962962,24.566296822672356],[46.84254512640153,24.566246593559782],[46.842621065348624,24.56621848996174]]]}},{"type":"Feature","properties":{"height":-1,"confidence":-1},"geometry":{"type":"Polygon","coordinates":[[[46.82263172531157,24.544866096866386],[46.82271243643979,24.544553989044942],[46.82284713980589,24.544582812385613],[46.82276642867763,24.54489492013535],[46.82263172531157,24.544866096866386]]]}},{"type":"Feature","properties":{"height":-1,"confidence":-1},"geometry":{"type":"Polygon","coordinates":[[[46.84141215549608,24.550311439535392],[46.841392485558806,24.550342664250564],[46.841324734040526,24.550307356650634],[46.84134440216897,24.550276130984017],[46.84141215549608,24.550311439535392]]]}},{"type":"Feature","properties":{"height":-1,"confidence":-1},"geometry":{"type":"Polygon","coordinates":[[[46.828412569629286,24.567480739940052],[46.82914873711158,24.567059709552012],[46.83011812784582,24.568461685933073],[46.82938196036353,24.568882711611366],[46.828412569629286,24.567480739940052]]]}},{"type":"Feature","properties":{"height":-1,"confidence":-1},"geometry":{"type":"Polygon","coordinates":[[[46.837451316027874,24.561983613081466],[46.83753403579891,24.561925881228404],[46.83762138919566,24.56202941707079],[46.837589313098164,24.562051801590925],[46.83757450434426,24.562034249485706],[46.837523859586476,24.56206959549081],[46.837451316027874,24.561983613081466]]]}},{"type":"Feature","properties":{"height":-1,"confidence":-1},"geometry":{"type":"Polygon","coordinates":[[[46.84066417299027,24.550605802573585],[46.84075252193771,24.550433450550543],[46.84079097378665,24.550449756034084],[46.84070263573318,24.550622112654267],[46.84066417299027,24.550605802573585]]]}},{"type":"Feature","properties":{"height":-1,"confidence":-1},"geometry":{"type":"Polygon","coordinates":[[[46.8130934257963,24.55513020609196],[46.81329757181092,24.555042731599087],[46.81332135277276,24.555088653329406],[46.81333800267202,24.555081519016667],[46.81337458132221,24.55515214293338],[46.813359215493115,24.555158726053193],[46.81341402324345,24.55526454556947],[46.81310979309502,24.555394885476844],[46.81302707447427,24.555235153727267],[46.81312585746905,24.55519283254924],[46.8130934257963,24.55513020609196]]]}},{"type":"Feature","properties":{"height":-1,"confidence":-1},"geometry":{"type":"Polygon","coordinates":[[[46.81504368054492,24.562837900911646],[46.81500548325587,24.562923882963617],[46.814853301530405,24.562867958999533],[46.81489149881946,24.56278197690922],[46.81504368054492,24.562837900911646]]]}},{"type":"Feature","properties":{"height":-1,"confidence":-1},"geometry":{"type":"Polygon","coordinates":[[[46.82187691940839,24.546777265316962],[46.82181419887506,24.546807612123075],[46.82179751788215,24.54677908612554],[46.82186023841548,24.546748739312562],[46.82187691940839,24.546777265316962]]]}},{"type":"Feature","properties":{"height":-1,"confidence":-1},"geometry":{"type":"Polygon","coordinates":[[[46.81935176636824,24.568353536064222],[46.81996811104477,24.56714643766628],[46.82056165080348,24.56739707398812],[46.81994529025823,24.56860420105042],[46.81935176636824,24.568353536064222]]]}},{"type":"Feature","properties":{"height":-1,"confidence":-1},"geometry":{"type":"Polygon","coordinates":[[[46.82099552439753,24.558225753503763],[46.821308358405986,24.557601644808315],[46.82214998292127,24.557950638641685],[46.82183714891277,24.558574745600012],[46.82099552439753,24.558225753503763]]]}},{"type":"Feature","properties":{"height":-1,"confidence":-1},"geometry":{"type":"Polygon","coordinates":[[[46.83076818966983,24.56796077055614],[46.830801688209135,24.56801762744186],[46.83051330581285,24.568158163111832],[46.83047981067307,24.568101304633217],[46.83076818966983,24.56796077055614]]]}},{"type":"Feature","properties":{"height":-1,"confidence":-1},"geometry":{"type":"Polygon","coordinates":[[[46.83454574929818,24.5545845637742],[46.83458846656294,24.55456597697261],[46.83460270917935,24.55459305748238],[46.83455998905503,24.554611642804645],[46.83454574929818,24.5545845637742]]]}},{"type":"Feature","properties":{"height":-1,"confidence":-1},"geometry":{"type":"Polygon","coordinates":[[[46.81413124268549,24.55488862467142],[46.81409822706062,24.55496745358758],[46.81405606484654,24.554952847183174],[46.814089080471376,24.55487401825785],[46.81413124268549,24.55488862467142]]]}},{"type":"Feature","properties":{"height":-1,"confidence":-1},"geometry":{"type":"Polygon","coordinates":[[[46.830891129836644,24.56674162052235],[46.83079258567629,24.566797459691685],[46.830604804231974,24.56652331641388],[46.830703348392326,24.566467477122387],[46.830891129836644,24.56674162052235]]]}},{"type":"Feature","properties":{"height":-1,"confidence":-1},"geometry":{"type":"Polygon","coordinates":[[[46.83578296029239,24.566839518570177],[46.835963671041235,24.567102835733436],[46.835845245358335,24.567170068542353],[46.835798256772435,24.56710160832222],[46.83566314876585,24.56717831204317],[46.83571375185841,24.567252038387423],[46.835588294423765,24.567323263187205],[46.83544537162045,24.567115031339455],[46.83575875788407,24.566937135004267],[46.835717334340316,24.56687677591829],[46.83578296029239,24.566839518570177]]]}},{"type":"Feature","properties":{"height":-1,"confidence":-1},"geometry":{"type":"Polygon","coordinates":[[[46.81985379835754,24.55111419987749],[46.81988388088277,24.551066446163148],[46.81984444352795,24.551045891637358],[46.81991101659813,24.550940198974388],[46.81995248056555,24.550961807137654],[46.81990735541533,24.55103343992478],[46.82001330890007,24.551088655533135],[46.81996177262135,24.55117047541306],[46.81985379835754,24.55111419987749]]]}},{"type":"Feature","properties":{"height":-1,"confidence":-1},"geometry":{"type":"Polygon","coordinates":[[[46.82294749710128,24.55155449343721],[46.82292902159592,24.551638980100208],[46.82284645751107,24.55162404224842],[46.8228649330164,24.551539555575346],[46.82294749710128,24.55155449343721]]]}},{"type":"Feature","properties":{"height":-1,"confidence":-1},"geometry":{"type":"Polygon","coordinates":[[[46.84151279300697,24.56686235111873],[46.84160229224786,24.566983132775633],[46.84145288828087,24.567074704814246],[46.841387006895204,24.566985796170854],[46.84147000909911,24.56693492278822],[46.84144639124384,24.56690304985004],[46.84151279300697,24.56686235111873]]]}},{"type":"Feature","properties":{"height":-1,"confidence":-1},"geometry":{"type":"Polygon","coordinates":[[[46.81420218118541,24.56087248305647],[46.81418793016073,24.56089612902744],[46.81413128530876,24.560867888422962],[46.814145539403704,24.560844240371765],[46.81420218118541,24.56087248305647]]]}},{"type":"Feature","properties":{"height":-1,"confidence":-1},"geometry":{"type":"Polygon","coordinates":[[[46.81449739617734,24.555942544179572],[46.81449899336844,24.55587426563271],[46.81466253432794,24.555877420109766],[46.814660937136836,24.55594569865491],[46.81449739617734,24.555942544179572]]]}},{"type":"Feature","properties":{"height":-1,"confidence":-1},"geometry":{"type":"Polygon","coordinates":[[[46.84174829042729,24.56761700970776],[46.84181053271022,24.567567957467006],[46.84183575328209,24.56759442995873],[46.84177351216271,24.567643481272142],[46.84174829042729,24.56761700970776]]]}},{"type":"Feature","properties":{"height":-1,"confidence":-1},"geometry":{"type":"Polygon","coordinates":[[[46.813499436989694,24.556130826277055],[46.81330802866614,24.556164297897723],[46.81327172594515,24.555992554162927],[46.813276899143105,24.555991649523406],[46.81324407750493,24.55583637416234],[46.81343031263057,24.555803807095018],[46.813499436989694,24.556130826277055]]]}},{"type":"Feature","properties":{"height":-1,"confidence":-1},"geometry":{"type":"Polygon","coordinates":[[[46.8361527984839,24.5687888382529],[46.83619595011589,24.568848325796793],[46.83614251518573,24.56888038597178],[46.83609936036413,24.568820900356798],[46.8361527984839,24.5687888382529]]]}},{"type":"Feature","properties":{"height":-1,"confidence":-1},"geometry":{"type":"Polygon","coordinates":[[[46.8436062518379,24.558206794759712],[46.84359326598386,24.55818701074014],[46.8435339432035,24.558219222961213],[46.84355519278287,24.55825159680154],[46.84342072781407,24.558324611119858],[46.843329140484954,24.558185077387975],[46.84345843112374,24.558114864417036],[46.84340245107459,24.558029588418606],[46.8435388892665,24.557955502467877],[46.84356180837287,24.557990415821024],[46.843646832452805,24.55794424231607],[46.843763230803205,24.558121555283805],[46.8436062518379,24.558206794759712]]]}},{"type":"Feature","properties":{"height":-1,"confidence":-1},"geometry":{"type":"Polygon","coordinates":[[[46.819440944971625,24.5632712038924],[46.819773142630204,24.56259499585306],[46.819873755832894,24.562635882614316],[46.81985477490247,24.562674519509784],[46.81990172773037,24.562693599987924],[46.81991517044315,24.562666236493428],[46.820214766392525,24.562788003971207],[46.82017935357005,24.562860088934727],[46.82023184668778,24.562881420819053],[46.82024783271624,24.562848885388632],[46.82031043485492,24.56287432532696],[46.82027890913488,24.562938487763304],[46.82053825409091,24.563043895445603],[46.82026250228916,24.563605114932187],[46.819440944971625,24.5632712038924]]]}},{"type":"Feature","properties":{"height":-1,"confidence":-1},"geometry":{"type":"Polygon","coordinates":[[[46.8207485474693,24.569344390608023],[46.821384887434625,24.568917353426883],[46.8214830269256,24.56903831162012],[46.82140589418108,24.569090069241682],[46.821359763254804,24.569033206922455],[46.82121112280106,24.569132947638792],[46.82121935279119,24.569143091195215],[46.82096681119811,24.56931256753252],[46.821011111268604,24.569367172964533],[46.82094858815396,24.569409127122412],[46.82096396512937,24.569428081174834],[46.820908389027494,24.56946537374216],[46.82093456783913,24.56949764239748],[46.820894623851494,24.56952444806278],[46.8207485474693,24.569344390608023]]]}},{"type":"Feature","properties":{"height":-1,"confidence":-1},"geometry":{"type":"Polygon","coordinates":[[[46.830712349199906,24.566456974542106],[46.83080683005316,24.566397676224312],[46.83100870006691,24.566663723658024],[46.83091421921365,24.566723021849924],[46.830712349199906,24.566456974542106]]]}},{"type":"Feature","properties":{"height":-1,"confidence":-1},"geometry":{"type":"Polygon","coordinates":[[[46.81223957187966,24.55670314728171],[46.81236669012978,24.556730264030918],[46.81236847893125,24.556723326804757],[46.81243458042133,24.5567374275128],[46.8124160961395,24.55680911215667],[46.812222876399254,24.556767894721474],[46.81223957187966,24.55670314728171]]]}},{"type":"Feature","properties":{"height":-1,"confidence":-1},"geometry":{"type":"Polygon","coordinates":[[[46.813348393834985,24.556627349649943],[46.81334366086905,24.556706714833197],[46.81328215079825,24.55670368413621],[46.81328688399701,24.556624315046875],[46.813348393834985,24.556627349649943]]]}},{"type":"Feature","properties":{"height":-1,"confidence":-1},"geometry":{"type":"Polygon","coordinates":[[[46.813450325816724,24.557580253024128],[46.813533648001595,24.55761606110086],[46.81342797260384,24.5578194843047],[46.813344650418934,24.557783676286064],[46.813450325816724,24.557580253024128]]]}},{"type":"Feature","properties":{"height":-1,"confidence":-1},"geometry":{"type":"Polygon","coordinates":[[[46.81393890577513,24.55808387196383],[46.814033094510066,24.558124463745884],[46.81394176094551,24.558299785066524],[46.81373585999011,24.55821104965004],[46.813947587798836,24.557804622289993],[46.81405930001931,24.55785276613726],[46.81393890577513,24.55808387196383]]]}},{"type":"Feature","properties":{"height":-1,"confidence":-1},"geometry":{"type":"Polygon","coordinates":[[[46.81439001807541,24.557382704410642],[46.81452122356928,24.55746288626551],[46.814404510009105,24.557620882013623],[46.814273304515275,24.55754070025978],[46.81439001807541,24.557382704410642]]]}},{"type":"Feature","properties":{"height":-1,"confidence":-1},"geometry":{"type":"Polygon","coordinates":[[[46.84322489541006,24.56859063378613],[46.843164989339954,24.5686300084662],[46.84313060851001,24.568586743017434],[46.84319051458007,24.56854736832375],[46.84322489541006,24.56859063378613]]]}},{"type":"Feature","properties":{"height":-1,"confidence":-1},"geometry":{"type":"Polygon","coordinates":[[[46.81368830094025,24.55562919933078],[46.81369630089831,24.555716418760866],[46.81363609313881,24.555720987406445],[46.81364150639193,24.555780054838905],[46.813468365844194,24.55579318194698],[46.81345149101666,24.555609049946085],[46.81353939314092,24.55560238540467],[46.81354286191615,24.55564023544649],[46.81368830094025,24.55562919933078]]]}},{"type":"Feature","properties":{"height":-1,"confidence":-1},"geometry":{"type":"Polygon","coordinates":[[[46.81396344336006,24.556774191639292],[46.813876618248436,24.556823521351447],[46.81383202976713,24.55675858901425],[46.81391885487871,24.556709259276545],[46.81396344336006,24.556774191639292]]]}},{"type":"Feature","properties":{"height":-1,"confidence":-1},"geometry":{"type":"Polygon","coordinates":[[[46.822251597025556,24.54445913625885],[46.82250018104577,24.544505458928597],[46.82244831308044,24.544735849629504],[46.82249574337126,24.544744685042787],[46.822476436889126,24.544830412492217],[46.82218040621815,24.544775248463722],[46.822251597025556,24.54445913625885]]]}},{"type":"Feature","properties":{"height":-1,"confidence":-1},"geometry":{"type":"Polygon","coordinates":[[[46.82279545985761,24.545502221111136],[46.82276755874415,24.545557339759327],[46.822710020557736,24.545533240148615],[46.822737923201046,24.54547811846757],[46.82279545985761,24.545502221111136]]]}},{"type":"Feature","properties":{"height":-1,"confidence":-1},"geometry":{"type":"Polygon","coordinates":[[[46.81274164870445,24.568083480206354],[46.812740168534745,24.568163957297912],[46.812678494983835,24.568163019061046],[46.812679975153586,24.568082541968906],[46.81274164870445,24.568083480206354]]]}},{"type":"Feature","properties":{"height":-1,"confidence":-1},"geometry":{"type":"Polygon","coordinates":[[[46.81288934811096,24.55530497053674],[46.81293175047506,24.55543673821009],[46.81274052453345,24.555487658903417],[46.81269810922135,24.555355882557336],[46.81288934811096,24.55530497053674]]]}},{"type":"Feature","properties":{"height":-1,"confidence":-1},"geometry":{"type":"Polygon","coordinates":[[[46.81345270215137,24.555465976239958],[46.81361090130003,24.555463388045553],[46.81361360215857,24.555599962977908],[46.81345540300991,24.555602551169486],[46.81345270215137,24.555465976239958]]]}},{"type":"Feature","properties":{"height":-1,"confidence":-1},"geometry":{"type":"Polygon","coordinates":[[[46.82155314371705,24.54624152814914],[46.82156678454619,24.546281601903004],[46.821492428674375,24.54630254881134],[46.82147878503172,24.54626247585678],[46.82155314371705,24.54624152814914]]]}},{"type":"Feature","properties":{"height":-1,"confidence":-1},"geometry":{"type":"Polygon","coordinates":[[[46.83328449220589,24.56453824473118],[46.83324525286927,24.564557752196947],[46.833187239750444,24.564461213380326],[46.833226480242814,24.56444170782281],[46.83328449220589,24.56453824473118]]]}},{"type":"Feature","properties":{"height":-1,"confidence":-1},"geometry":{"type":"Polygon","coordinates":[[[46.81377644082908,24.556610314614986],[46.81385780255983,24.55657562327771],[46.81387738856017,24.55661362464393],[46.81379602682938,24.55664831597069],[46.81377644082908,24.556610314614986]]]}},{"type":"Feature","properties":{"height":-1,"confidence":-1},"geometry":{"type":"Polygon","coordinates":[[[46.81469016446143,24.556497581313238],[46.81482952738939,24.556392008898285],[46.81488096783438,24.55644818569307],[46.81505042048536,24.55631981917176],[46.815159896304216,24.556439374953158],[46.815020533376256,24.556544947328234],[46.814992834675124,24.556514698311346],[46.81495858492717,24.556540643706327],[46.81492561191909,24.556504631730448],[46.81479040737988,24.556607053926143],[46.81469016446143,24.556497581313238]]]}},{"type":"Feature","properties":{"height":-1,"confidence":-1},"geometry":{"type":"Polygon","coordinates":[[[46.842909683329225,24.56758156608349],[46.84299315161282,24.567702067193537],[46.84291562241309,24.56774648171306],[46.84295968562485,24.567810101687954],[46.84253221154024,24.568055017592357],[46.84245184077207,24.567938988618067],[46.84275067532366,24.567767794030843],[46.84270350135061,24.56769968260801],[46.842909683329225,24.56758156608349]]]}},{"type":"Feature","properties":{"height":-1,"confidence":-1},"geometry":{"type":"Polygon","coordinates":[[[46.81388937860193,24.55662277059527],[46.813925164040384,24.556698010106928],[46.81385286570079,24.556726462095853],[46.81381707841841,24.55665121872437],[46.81388937860193,24.55662277059527]]]}},{"type":"Feature","properties":{"height":-1,"confidence":-1},"geometry":{"type":"Polygon","coordinates":[[[46.81913244376816,24.543319351781193],[46.81913709998797,24.543364146066082],[46.81909722311297,24.543367573399863],[46.819092567154705,24.543322781632455],[46.81913244376816,24.543319351781193]]]}},{"type":"Feature","properties":{"height":-1,"confidence":-1},"geometry":{"type":"Polygon","coordinates":[[[46.83035837851906,24.56625143899946],[46.8305526522267,24.566519093725873],[46.830459243062656,24.566575168620574],[46.83030508656157,24.56636278430429],[46.83032190021108,24.56635269080799],[46.83028178546932,24.56629742390892],[46.83035837851906,24.56625143899946]]]}},{"type":"Feature","properties":{"height":-1,"confidence":-1},"geometry":{"type":"Polygon","coordinates":[[[46.841935841599046,24.56769087253096],[46.84178732864547,24.567788628655805],[46.84182103458048,24.56783098354836],[46.84163798117572,24.56795148684367],[46.841523330114796,24.567807416350618],[46.841565573208214,24.567779607876176],[46.84161015973189,24.567835635322254],[46.84166538639205,24.567799279820065],[46.841627851072204,24.56775211746863],[46.841700016356754,24.567704615893604],[46.84171148257157,24.567719022962194],[46.841873414429614,24.567612434008865],[46.841935841599046,24.56769087253096]]]}},{"type":"Feature","properties":{"height":-1,"confidence":-1},"geometry":{"type":"Polygon","coordinates":[[[46.843400749035396,24.569211119904978],[46.843599793404785,24.56908093999766],[46.84370351956065,24.569212130934602],[46.84350447524254,24.569342298002553],[46.843400749035396,24.569211119904978]]]}},{"type":"Feature","properties":{"height":-1,"confidence":-1},"geometry":{"type":"Polygon","coordinates":[[[46.83474541843668,24.56450334825594],[46.83487788577186,24.564692532954737],[46.834622970494614,24.56484016111338],[46.834490513517906,24.56465097063851],[46.83474541843668,24.56450334825594]]]}},{"type":"Feature","properties":{"height":-1,"confidence":-1},"geometry":{"type":"Polygon","coordinates":[[[46.8447150848316,24.565636161547047],[46.84466790109916,24.565635152396467],[46.844669414073586,24.565576638409013],[46.84471659330563,24.56557764746377],[46.8447150848316,24.565636161547047]]]}},{"type":"Feature","properties":{"height":-1,"confidence":-1},"geometry":{"type":"Polygon","coordinates":[[[46.817031409346995,24.5525804643824],[46.816991183781354,24.552579962470105],[46.81699175278576,24.552542233745967],[46.817031978390006,24.552542733098136],[46.817031409346995,24.5525804643824]]]}},{"type":"Feature","properties":{"height":-1,"confidence":-1},"geometry":{"type":"Polygon","coordinates":[[[46.819621412969646,24.55057818969813],[46.81967566181742,24.55059646593888],[46.819644681209745,24.550672549237433],[46.81959043112532,24.550654276044753],[46.819621412969646,24.55057818969813]]]}},{"type":"Feature","properties":{"height":-1,"confidence":-1},"geometry":{"type":"Polygon","coordinates":[[[46.83689696620927,24.56828621942215],[46.836961216309504,24.568382471988627],[46.83625486270146,24.568772464067933],[46.83619061801385,24.568676208812562],[46.83689696620927,24.56828621942215]]]}},{"type":"Feature","properties":{"height":-1,"confidence":-1},"geometry":{"type":"Polygon","coordinates":[[[46.8382720542732,24.568365704274285],[46.83835731752274,24.568310330414377],[46.83839283790921,24.568355564432125],[46.83830757465967,24.568410938272052],[46.8382720542732,24.568365704274285]]]}},{"type":"Feature","properties":{"height":-1,"confidence":-1},"geometry":{"type":"Polygon","coordinates":[[[46.84167575618328,24.56724539787602],[46.84153881403266,24.56733754289715],[46.84146383730164,24.567245367916684],[46.84146792926145,24.567242614796527],[46.841436467161046,24.56720393952098],[46.841597672146165,24.567095468509706],[46.84162845092549,24.567133303835092],[46.84156258222192,24.567177625321534],[46.841588231204696,24.567209154739487],[46.84159454171561,24.567204908548305],[46.841609930164445,24.567223826828993],[46.84164113217342,24.567202831747807],[46.84167575618328,24.56724539787602]]]}},{"type":"Feature","properties":{"height":-1,"confidence":-1},"geometry":{"type":"Polygon","coordinates":[[[46.84211896017439,24.56744078683859],[46.842485455002034,24.567206755552817],[46.84255104794367,24.567291718833047],[46.842579792636016,24.56727336343205],[46.842632771550434,24.567341987587923],[46.84238844166531,24.567498008325316],[46.842496922299546,24.56763852416185],[46.84240642406924,24.567696313133297],[46.84251111350488,24.567831931506518],[46.84233034069136,24.56794736643154],[46.84227610037428,24.567877108706085],[46.842279013170966,24.567875248700176],[46.8422235151569,24.567803354665912],[46.842321205077695,24.56774097338723],[46.84228967000961,24.56770012580995],[46.84228540551953,24.567702848961858],[46.84220972640948,24.567604811497347],[46.84223374782221,24.567589472263535],[46.84211896017439,24.56744078683859]]]}},{"type":"Feature","properties":{"height":-1,"confidence":-1},"geometry":{"type":"Polygon","coordinates":[[[46.84325133296065,24.565855525456215],[46.84330075186002,24.565882377111407],[46.84326601171754,24.565935269648747],[46.84321659129538,24.56590842032331],[46.84325133296065,24.565855525456215]]]}},{"type":"Feature","properties":{"height":-1,"confidence":-1},"geometry":{"type":"Polygon","coordinates":[[[46.8315597854038,24.567156208267818],[46.83161170709994,24.567102905976185],[46.83164627065851,24.567130754540074],[46.83159434896241,24.56718405681984],[46.8315597854038,24.567156208267818]]]}},{"type":"Feature","properties":{"height":-1,"confidence":-1},"geometry":{"type":"Polygon","coordinates":[[[46.83164434205104,24.567277508840547],[46.831696517629254,24.567352293585202],[46.83176153560722,24.56731477316572],[46.83179134485117,24.567357499598202],[46.831651743007846,24.567438051769273],[46.83152486734072,24.56725619730301],[46.831754342557105,24.567123772141386],[46.831751915786,24.56712029377583],[46.83181119688359,24.567086083918724],[46.83185851891964,24.56715391204841],[46.83164434205104,24.567277508840547]]]}},{"type":"Feature","properties":{"height":-1,"confidence":-1},"geometry":{"type":"Polygon","coordinates":[[[46.83324965168251,24.56839920443548],[46.833283561207494,24.56836534846292],[46.83335392397539,24.568423639518883],[46.833320016902114,24.568457493027864],[46.83324965168251,24.56839920443548]]]}},{"type":"Feature","properties":{"height":-1,"confidence":-1},"geometry":{"type":"Polygon","coordinates":[[[46.84081070724236,24.55042057064921],[46.840851091806776,24.55043681129692],[46.84083470614854,24.55047051705752],[46.84079432262958,24.55045427426373],[46.84081070724236,24.55042057064921]]]}},{"type":"Feature","properties":{"height":-1,"confidence":-1},"geometry":{"type":"Polygon","coordinates":[[[46.814797992148854,24.556906466503875],[46.814826036391864,24.556862824686263],[46.81493599471978,24.556921279636384],[46.814907950476815,24.55696492143369],[46.814797992148854,24.556906466503875]]]}},{"type":"Feature","properties":{"height":-1,"confidence":-1},"geometry":{"type":"Polygon","coordinates":[[[46.840126286047244,24.562330026640183],[46.840260801659255,24.562467678365877],[46.8401641678246,24.56254579328221],[46.8401561764466,24.56253761624545],[46.84016516706149,24.56253034859455],[46.84003863690985,24.56240087876745],[46.840126286047244,24.562330026640183]]]}},{"type":"Feature","properties":{"height":-1,"confidence":-1},"geometry":{"type":"Polygon","coordinates":[[[46.84296878489414,24.56865153252791],[46.84306560491518,24.568789408595478],[46.84287508361665,24.568900056217373],[46.842778269644405,24.56876218888533],[46.84296878489414,24.56865153252791]]]}},{"type":"Feature","properties":{"height":-1,"confidence":-1},"geometry":{"type":"Polygon","coordinates":[[[46.84324328985962,24.560419460316396],[46.84399473066676,24.559961400523676],[46.844480231052934,24.560620257633133],[46.8437288145677,24.561078348024978],[46.84324328985962,24.560419460316396]]]}},{"type":"Feature","properties":{"height":-1,"confidence":-1},"geometry":{"type":"Polygon","coordinates":[[[46.84376627800241,24.557974309125328],[46.84371317876685,24.5579990689058],[46.84368160092498,24.557943045611083],[46.84373470016055,24.55791828581954],[46.84376627800241,24.557974309125328]]]}},{"type":"Feature","properties":{"height":-1,"confidence":-1},"geometry":{"type":"Polygon","coordinates":[[[46.8130486427896,24.55907922448904],[46.81296475104357,24.559214167806573],[46.812891584471615,24.559176539296573],[46.81297547621768,24.559041595938552],[46.8130486427896,24.55907922448904]]]}},{"type":"Feature","properties":{"height":-1,"confidence":-1},"geometry":{"type":"Polygon","coordinates":[[[46.81436188598148,24.555478182716982],[46.81435484318565,24.55556308681517],[46.81430843317473,24.555559904914148],[46.81431546947428,24.555475000368403],[46.81436188598148,24.555478182716982]]]}},{"type":"Feature","properties":{"height":-1,"confidence":-1},"geometry":{"type":"Polygon","coordinates":[[[46.825522212404245,24.558752909557953],[46.825562291089255,24.558766436555203],[46.82554654381725,24.558805033827497],[46.825506465132236,24.55879150683441],[46.825522212404245,24.558752909557953]]]}},{"type":"Feature","properties":{"height":-1,"confidence":-1},"geometry":{"type":"Polygon","coordinates":[[[46.82980584909189,24.56703448385244],[46.82990743741444,24.566980094853676],[46.83008684517921,24.567257270929233],[46.82998525685665,24.567311659807743],[46.82980584909189,24.56703448385244]]]}},{"type":"Feature","properties":{"height":-1,"confidence":-1},"geometry":{"type":"Polygon","coordinates":[[[46.81233276569912,24.561850392141324],[46.81236099678958,24.561807058033807],[46.812442390987165,24.561850922140877],[46.8124141598967,24.56189425623323],[46.81233276569912,24.561850392141324]]]}},{"type":"Feature","properties":{"height":-1,"confidence":-1},"geometry":{"type":"Polygon","coordinates":[[[46.81621112161338,24.55443031731683],[46.816173587622664,24.554431043692915],[46.81617219161395,24.554371167841538],[46.81620972566034,24.5543704438534],[46.81621112161338,24.55443031731683]]]}},{"type":"Feature","properties":{"height":-1,"confidence":-1},"geometry":{"type":"Polygon","coordinates":[[[46.8415628062416,24.562094759995404],[46.84139548274502,24.562192281234076],[46.84123099165811,24.561958819235954],[46.84139831515469,24.56186129781571],[46.8415628062416,24.562094759995404]]]}},{"type":"Feature","properties":{"height":-1,"confidence":-1},"geometry":{"type":"Polygon","coordinates":[[[46.841930356890714,24.567714541656102],[46.84198465822826,24.56767854639284],[46.842001255561655,24.567699256431396],[46.841946954224106,24.567735251688717],[46.841930356890714,24.567714541656102]]]}},{"type":"Feature","properties":{"height":-1,"confidence":-1},"geometry":{"type":"Polygon","coordinates":[[[46.81237277685047,24.557569721283116],[46.812624266364566,24.557052837609476],[46.81268034006405,24.55707540786517],[46.81267105081855,24.55709449998524],[46.812716710725525,24.55711287566716],[46.81272599755999,24.55709378548606],[46.81275515663894,24.557105522319674],[46.81274686304645,24.557122570773572],[46.8127684926978,24.557131275555207],[46.81252530126349,24.557631103996727],[46.81237277685047,24.557569721283116]]]}},{"type":"Feature","properties":{"height":-1,"confidence":-1},"geometry":{"type":"Polygon","coordinates":[[[46.81239439809254,24.561210463266264],[46.812370908239686,24.561242622457613],[46.81220057714853,24.56113971527357],[46.812275986426634,24.561036463898915],[46.812419286080576,24.561123039854408],[46.81236736493827,24.561194130924875],[46.81239439809254,24.561210463266264]]]}},{"type":"Feature","properties":{"height":-1,"confidence":-1},"geometry":{"type":"Polygon","coordinates":[[[46.81472125624518,24.55620793037086],[46.81456751087027,24.55621254014885],[46.81456600939105,24.55617111172512],[46.814521489478814,24.556172446574863],[46.81451681832439,24.556043286987318],[46.814566686903774,24.556041791765836],[46.814565097102246,24.555997926315825],[46.814635800559735,24.555995806396467],[46.81463712258454,24.556032361024066],[46.81467627313415,24.55603118716371],[46.814678392869496,24.556089674411453],[46.81471693763071,24.556088518715114],[46.81472125624518,24.55620793037086]]]}},{"type":"Feature","properties":{"height":-1,"confidence":-1},"geometry":{"type":"Polygon","coordinates":[[[46.814329248199236,24.554946397467162],[46.814551890035645,24.555015180032555],[46.81453555711571,24.555058926907208],[46.814534151959556,24.55505849280108],[46.81450474727123,24.555137235458957],[46.81443500867066,24.555115690567163],[46.81437946648157,24.555264426589375],[46.81432415655701,24.55524733927902],[46.81431272140043,24.555277961383524],[46.81435841220769,24.55529207698443],[46.814301560939676,24.555444318363215],[46.81431501715374,24.55544847462957],[46.81425099402438,24.555619956564527],[46.8140980490656,24.55557270625812],[46.81416339281749,24.555397723114424],[46.814160988038154,24.555396980188732],[46.814329248199236,24.554946397467162]]]}},{"type":"Feature","properties":{"height":-1,"confidence":-1},"geometry":{"type":"Polygon","coordinates":[[[46.814379069751965,24.556206214730707],[46.81433179759661,24.556212492086658],[46.81431032602721,24.556078724886618],[46.814357598182596,24.55607244752396],[46.814379069751965,24.556206214730707]]]}},{"type":"Feature","properties":{"height":-1,"confidence":-1},"geometry":{"type":"Polygon","coordinates":[[[46.81656686872107,24.55369331113954],[46.81652113612956,24.553703128147035],[46.81651214196786,24.553668463898106],[46.81655787455937,24.553658646887882],[46.81656686872107,24.55369331113954]]]}},{"type":"Feature","properties":{"height":-1,"confidence":-1},"geometry":{"type":"Polygon","coordinates":[[[46.83132082663654,24.567086897324515],[46.83125891458118,24.56713365600531],[46.83120163754075,24.567070926043556],[46.83126355172589,24.567024169671924],[46.83132082663654,24.567086897324515]]]}},{"type":"Feature","properties":{"height":-1,"confidence":-1},"geometry":{"type":"Polygon","coordinates":[[[46.84131192305925,24.567495280879996],[46.841460358114816,24.567382449034227],[46.84145111938448,24.56737239601607],[46.84147796402219,24.567351990244248],[46.841512279306286,24.567389330027964],[46.84142069171881,24.567458949685673],[46.84147418791161,24.567517160901133],[46.84142365508856,24.567555569818694],[46.84138009957409,24.567508175445028],[46.84134693740899,24.567533381300294],[46.84131192305925,24.567495280879996]]]}},{"type":"Feature","properties":{"height":-1,"confidence":-1},"geometry":{"type":"Polygon","coordinates":[[[46.81804453774685,24.56814821839761],[46.81902334914582,24.56854110569938],[46.818732094065886,24.56914137286462],[46.817753282666914,24.568748487444637],[46.81804453774685,24.56814821839761]]]}},{"type":"Feature","properties":{"height":-1,"confidence":-1},"geometry":{"type":"Polygon","coordinates":[[[46.842696030518695,24.56621261713481],[46.84276164841198,24.566139084609347],[46.84280592814694,24.56617177147392],[46.842740306842344,24.56624530146199],[46.842696030518695,24.56621261713481]]]}},{"type":"Feature","properties":{"height":-1,"confidence":-1},"geometry":{"type":"Polygon","coordinates":[[[46.82183939377727,24.558632282880538],[46.822162041344285,24.557995054450302],[46.82278166687657,24.55825455579061],[46.822772883735475,24.558271902487206],[46.82299282827094,24.55836402988723],[46.822678986724554,24.55898395887361],[46.82183939377727,24.558632282880538]]]}},{"type":"Feature","properties":{"height":-1,"confidence":-1},"geometry":{"type":"Polygon","coordinates":[[[46.84429896568318,24.558847635471295],[46.8443438023988,24.558809937426346],[46.84440931139047,24.55887439701786],[46.84436447467485,24.558912095043425],[46.84429896568318,24.558847635471295]]]}},{"type":"Feature","properties":{"height":-1,"confidence":-1},"geometry":{"type":"Polygon","coordinates":[[[46.834905909182616,24.5643437797399],[46.834992375539805,24.56429056184571],[46.83502474479984,24.564334065233027],[46.83493827844265,24.564387283108744],[46.834905909182616,24.5643437797399]]]}},{"type":"Feature","properties":{"height":-1,"confidence":-1},"geometry":{"type":"Polygon","coordinates":[[[46.83951519423609,24.56911282543625],[46.839607304178486,24.569253060937484],[46.8392771655861,24.569432394048633],[46.83920040730077,24.569315531309073],[46.839299251190724,24.56926183873766],[46.839276252476395,24.56922682368318],[46.8393367104515,24.56919397869342],[46.839344358711166,24.56920562437506],[46.83951519423609,24.56911282543625]]]}},{"type":"Feature","properties":{"height":-1,"confidence":-1},"geometry":{"type":"Polygon","coordinates":[[[46.843548196748316,24.567522686006058],[46.843558374104354,24.56741022846586],[46.843598336517616,24.567413219884997],[46.84360109690402,24.567382718207497],[46.84372994927963,24.56739235535754],[46.843715140349346,24.567556130025892],[46.84362091028395,24.567549076365196],[46.84362748864313,24.567476386973496],[46.84359383269814,24.567473867631463],[46.843589141507984,24.567525748350548],[46.843548196748316,24.567522686006058]]]}},{"type":"Feature","properties":{"height":-1,"confidence":-1},"geometry":{"type":"Polygon","coordinates":[[[46.833103152790365,24.56437753641113],[46.8331634413157,24.564341846421243],[46.8331990039716,24.56439153801351],[46.83313871544627,24.564427227989228],[46.833103152790365,24.56437753641113]]]}},{"type":"Feature","properties":{"height":-1,"confidence":-1},"geometry":{"type":"Polygon","coordinates":[[[46.81452816702397,24.555567868129586],[46.814678694359245,24.55558501105574],[46.8146684496819,24.555659472719313],[46.814517922346624,24.555642329803334],[46.81452816702397,24.555567868129586]]]}},{"type":"Feature","properties":{"height":-1,"confidence":-1},"geometry":{"type":"Polygon","coordinates":[[[46.81456094206765,24.557484852798623],[46.81459420457316,24.557501150601055],[46.81461884270094,24.55745955171075],[46.81472486693729,24.557511500959066],[46.81459495680911,24.55773084031614],[46.81445567006721,24.55766259337939],[46.81456094206765,24.557484852798623]]]}},{"type":"Feature","properties":{"height":-1,"confidence":-1},"geometry":{"type":"Polygon","coordinates":[[[46.84327927424861,24.566867942258682],[46.8430783244833,24.566983739962538],[46.843110370277,24.567029733103496],[46.84297640800597,24.567106937569207],[46.84288250829704,24.566972169759822],[46.843033699072855,24.566885045775052],[46.84301429525294,24.56685719676625],[46.84305065759145,24.566836242882786],[46.84302570734326,24.56680043344032],[46.84317306584134,24.566715508317714],[46.84327927424861,24.566867942258682]]]}},{"type":"Feature","properties":{"height":-1,"confidence":-1},"geometry":{"type":"Polygon","coordinates":[[[46.84358032603103,24.56817175240714],[46.8434106627658,24.568164700337036],[46.843418981113885,24.567999168052083],[46.843588631666975,24.568006219603134],[46.84358032603103,24.56817175240714]]]}},{"type":"Feature","properties":{"height":-1,"confidence":-1},"geometry":{"type":"Polygon","coordinates":[[[46.81223928747775,24.5563714014353],[46.812228656997334,24.55654561371837],[46.81202376020261,24.556535257252733],[46.812034403252724,24.556361058633243],[46.81223928747775,24.5563714014353]]]}},{"type":"Feature","properties":{"height":-1,"confidence":-1},"geometry":{"type":"Polygon","coordinates":[[[46.81346505956591,24.56593236276595],[46.813183259792666,24.5665026625812],[46.81247947415758,24.566215012197958],[46.812445381805915,24.566284018234214],[46.813111226981434,24.56655616150732],[46.812816390208035,24.567152842267376],[46.812111226141496,24.56686462998782],[46.81274402207351,24.56558399239381],[46.81282882028405,24.565618651221683],[46.81280675766835,24.56566330123465],[46.81346505956591,24.56593236276595]]]}},{"type":"Feature","properties":{"height":-1,"confidence":-1},"geometry":{"type":"Polygon","coordinates":[[[46.84280934643287,24.55818587215404],[46.84283404167029,24.55823392230593],[46.842776810146326,24.558258255367093],[46.84275211490891,24.558210205224512],[46.84280934643287,24.55818587215404]]]}},{"type":"Feature","properties":{"height":-1,"confidence":-1},"geometry":{"type":"Polygon","coordinates":[[[46.81368762402988,24.556914665350618],[46.81385089779315,24.556832814779824],[46.81389964994567,24.55691327774214],[46.81391536227898,24.556905401013765],[46.813873408666154,24.556836167488754],[46.81397496753028,24.55678525511307],[46.81404003518882,24.55689264602229],[46.813759493014764,24.55703326631793],[46.81368762402988,24.556914665350618]]]}},{"type":"Feature","properties":{"height":-1,"confidence":-1},"geometry":{"type":"Polygon","coordinates":[[[46.81475709808624,24.55529504299922],[46.81476028567591,24.555287903170438],[46.814656671868775,24.555249633417205],[46.81472773183441,24.555090467235146],[46.814952026715915,24.555173310626074],[46.814877765231074,24.55533961906592],[46.81475709808624,24.55529504299922]]]}},{"type":"Feature","properties":{"height":-1,"confidence":-1},"geometry":{"type":"Polygon","coordinates":[[[46.8149687401647,24.558344902564514],[46.81477142673115,24.55872332348349],[46.814665006456515,24.558677426716443],[46.81466977576798,24.558668278471472],[46.81456816997728,24.558624451600565],[46.81465790008754,24.558452361190874],[46.81467628380777,24.55846028970801],[46.814779082104046,24.558263106878698],[46.8149687401647,24.558344902564514]]]}},{"type":"Feature","properties":{"height":-1,"confidence":-1},"geometry":{"type":"Polygon","coordinates":[[[46.830660866223305,24.566452552330546],[46.830565394102415,24.566503812865307],[46.83038456442842,24.566225233230583],[46.83048003654931,24.566173972581893],[46.830660866223305,24.566452552330546]]]}},{"type":"Feature","properties":{"height":-1,"confidence":-1},"geometry":{"type":"Polygon","coordinates":[[[46.844068255894264,24.568112961461097],[46.844070928768666,24.56800959059622],[46.84411113960057,24.56801045315585],[46.844112627472036,24.567952911112812],[46.84420811239705,24.567954953276015],[46.84420598766222,24.56803688157497],[46.84418186120287,24.568036364040154],[46.84417981284211,24.5681153473582],[46.844068255894264,24.568112961461097]]]}},{"type":"Feature","properties":{"height":-1,"confidence":-1},"geometry":{"type":"Polygon","coordinates":[[[46.813784600691385,24.561062291678226],[46.81381237508581,24.560999224400675],[46.81387124284076,24.561020670170436],[46.81381014837395,24.561159421467366],[46.813746648661386,24.561136288281475],[46.81375775841918,24.561111061389155],[46.81364450088039,24.561069801219745],[46.8136667203959,24.56101934740326],[46.813784600691385,24.561062291678226]]]}},{"type":"Feature","properties":{"height":-1,"confidence":-1},"geometry":{"type":"Polygon","coordinates":[[[46.84401470395451,24.566726261791473],[46.8440177637215,24.566804223535087],[46.84399365455744,24.566805006194258],[46.84399671432444,24.5668829678889],[46.84386180211096,24.566887347560126],[46.8438582003045,24.566795754499367],[46.84389936159456,24.566794415654485],[46.84389792733237,24.566757871181522],[46.84395150311886,24.566756128532347],[46.843950412850305,24.566728348883856],[46.84401470395451,24.566726261791473]]]}},{"type":"Feature","properties":{"height":-1,"confidence":-1},"geometry":{"type":"Polygon","coordinates":[[[46.81265294883184,24.556794734620084],[46.812614798741116,24.556788838052398],[46.81262986083149,24.556708219567767],[46.812668004892764,24.556714115207313],[46.81265294883184,24.556794734620084]]]}},{"type":"Feature","properties":{"height":-1,"confidence":-1},"geometry":{"type":"Polygon","coordinates":[[[46.843645815215346,24.567038189137392],[46.84358687850296,24.567036317136754],[46.84358903039347,24.566980279199427],[46.84364796710582,24.56698215120089],[46.843645815215346,24.567038189137392]]]}},{"type":"Feature","properties":{"height":-1,"confidence":-1},"geometry":{"type":"Polygon","coordinates":[[[46.84369850906859,24.565917529099295],[46.84382411640252,24.565846370310794],[46.843866246091224,24.565907882995873],[46.84384498946548,24.565919925249318],[46.8438606376356,24.56594277280817],[46.843934069615415,24.56590117229895],[46.84397138448257,24.56595565494058],[46.843793601794566,24.56605637189537],[46.84369850906859,24.565917529099295]]]}},{"type":"Feature","properties":{"height":-1,"confidence":-1},"geometry":{"type":"Polygon","coordinates":[[[46.812655397056425,24.555326605970848],[46.81270881740509,24.55545737254765],[46.8125414796462,24.555513916272815],[46.812488059297536,24.555383149754988],[46.812655397056425,24.555326605970848]]]}},{"type":"Feature","properties":{"height":-1,"confidence":-1},"geometry":{"type":"Polygon","coordinates":[[[46.81482724817541,24.55717383433752],[46.81491421281299,24.55703489175893],[46.815017523519536,24.55708838557696],[46.81503828127481,24.557055221099148],[46.81495725326967,24.557013265154254],[46.814983777068065,24.556970888294572],[46.81509519057512,24.557028577734684],[46.81496094036093,24.557243067977907],[46.81482724817541,24.55717383433752]]]}},{"type":"Feature","properties":{"height":-1,"confidence":-1},"geometry":{"type":"Polygon","coordinates":[[[46.812085651388664,24.55453494660337],[46.81201846942547,24.554578154767654],[46.81198812583891,24.55453911877784],[46.81205530579958,24.554495911887997],[46.812085651388664,24.55453494660337]]]}},{"type":"Feature","properties":{"height":-1,"confidence":-1},"geometry":{"type":"Polygon","coordinates":[[[46.815448633778146,24.564905272144514],[46.81636389263913,24.565289671377684],[46.81607191438739,24.565864721463782],[46.81515665552641,24.565480323994166],[46.815448633778146,24.564905272144514]]]}},{"type":"Feature","properties":{"height":-1,"confidence":-1},"geometry":{"type":"Polygon","coordinates":[[[46.836622935942145,24.567992740327213],[46.836703248953945,24.567938229641726],[46.83677962602314,24.56803131544457],[46.83677618032533,24.568033653915364],[46.83682760533906,24.568096328952237],[46.83675074302974,24.568148492591718],[46.836622935942145,24.567992740327213]]]}},{"type":"Feature","properties":{"height":-1,"confidence":-1},"geometry":{"type":"Polygon","coordinates":[[[46.843620692266825,24.568782349763865],[46.843724359700545,24.568674469798808],[46.843829292235725,24.568757866182082],[46.84370490301636,24.568887309866298],[46.8436386095351,24.56883461817293],[46.843659328080854,24.56881305601766],[46.843620692266825,24.568782349763865]]]}},{"type":"Feature","properties":{"height":-1,"confidence":-1},"geometry":{"type":"Polygon","coordinates":[[[46.813655579513124,24.557543276762047],[46.81367939026649,24.557463791944443],[46.813764283103495,24.557484830122107],[46.81375245734064,24.55752430676438],[46.81379989661331,24.55753606619902],[46.81378791246488,24.557576071546052],[46.813655579513124,24.557543276762047]]]}},{"type":"Feature","properties":{"height":-1,"confidence":-1},"geometry":{"type":"Polygon","coordinates":[[[46.82158658906778,24.546893476394814],[46.82153521613743,24.546910303483898],[46.821505291814006,24.546834712287094],[46.82155665959588,24.546817886874223],[46.82158658906778,24.546893476394814]]]}},{"type":"Feature","properties":{"height":-1,"confidence":-1},"geometry":{"type":"Polygon","coordinates":[[[46.83336234059219,24.564784679374995],[46.83337798819056,24.564818716481966],[46.833292193146214,24.564851341787673],[46.833276545640686,24.564817299193052],[46.83336234059219,24.564784679374995]]]}},{"type":"Feature","properties":{"height":-1,"confidence":-1},"geometry":{"type":"Polygon","coordinates":[[[46.81236435605205,24.562192829028007],[46.81242827629419,24.56222118910874],[46.812412422434726,24.56225074753327],[46.81234850035529,24.562222386644024],[46.81236435605205,24.562192829028007]]]}},{"type":"Feature","properties":{"height":-1,"confidence":-1},"geometry":{"type":"Polygon","coordinates":[[[46.813498636327715,24.556249315347486],[46.81350029093733,24.556396594822658],[46.81351805251861,24.556396429744026],[46.81352006677949,24.55657450244918],[46.81334842344742,24.556576097724246],[46.81334781640988,24.55652243200477],[46.813297861986165,24.55652289628776],[46.81329701243334,24.556447276317584],[46.81335333294195,24.556446752867046],[46.813352784843346,24.5563979657651],[46.81333937519847,24.556398090396215],[46.81333874488507,24.55634198520559],[46.81330018179631,24.556342343616507],[46.813299150628715,24.55625118209683],[46.813498636327715,24.556249315347486]]]}},{"type":"Feature","properties":{"height":-1,"confidence":-1},"geometry":{"type":"Polygon","coordinates":[[[46.814833647351286,24.563131546769654],[46.81472234398892,24.563348461113137],[46.81471595474926,24.563402515764835],[46.81460458900799,24.563391627091278],[46.81460938510719,24.56335105082674],[46.81456596589492,24.563332621482914],[46.81456150775327,24.563370338543464],[46.81448991549103,24.563363338680205],[46.814493336099304,24.563334399426523],[46.81448113332943,24.56333320631235],[46.81430459795507,24.56325827560444],[46.814328239200236,24.56321220219519],[46.814258792423345,24.56318272538212],[46.81438423382365,24.562938294330877],[46.81441392549202,24.562941197414546],[46.814555808704355,24.56300142011547],[46.814518471016896,24.562997769448984],[46.814833647351286,24.563131546769654]]]}},{"type":"Feature","properties":{"height":-1,"confidence":-1},"geometry":{"type":"Polygon","coordinates":[[[46.83400269796768,24.56438630505096],[46.83353852550968,24.56464997898307],[46.833517300679674,24.564619072086018],[46.833475957632764,24.564642559682696],[46.83344897370835,24.564603270981365],[46.83340928091114,24.564625818523083],[46.83345266566261,24.56468899395496],[46.83325392637998,24.564801887928283],[46.83321054162851,24.564738712553307],[46.833318594054,24.564677333287364],[46.83326677337865,24.564601873733025],[46.83337096678895,24.564542686519587],[46.83337578731688,24.564549706018255],[46.83340858894606,24.564531073001902],[46.833449563433575,24.564590738733486],[46.83347464703233,24.564576489961155],[46.83340956990513,24.56448172671635],[46.83388338028386,24.564212577580292],[46.83400269796768,24.56438630505096]]]}},{"type":"Feature","properties":{"height":-1,"confidence":-1},"geometry":{"type":"Polygon","coordinates":[[[46.814860160022306,24.553255451991262],[46.81489637890556,24.55362579062887],[46.81481122207405,24.553632680816165],[46.81479559824206,24.553472927036964],[46.81478761478908,24.553473572992814],[46.81477672545165,24.553362229329977],[46.81483260962234,24.553357707634845],[46.81482976892562,24.553328661444624],[46.814779207056894,24.553332752503067],[46.81477234203982,24.55326255751787],[46.814860160022306,24.553255451991262]]]}},{"type":"Feature","properties":{"height":-1,"confidence":-1},"geometry":{"type":"Polygon","coordinates":[[[46.8416490336672,24.568294454697394],[46.84159637658954,24.568218713029793],[46.84155805320056,24.568240750381335],[46.84151201417181,24.568174528055096],[46.84174961918356,24.568037896340897],[46.84184830899008,24.568179851414456],[46.8416490336672,24.568294454697394]]]}},{"type":"Feature","properties":{"height":-1,"confidence":-1},"geometry":{"type":"Polygon","coordinates":[[[46.81420402634168,24.557757412305634],[46.81428265305741,24.55778600203017],[46.81426785843169,24.557819655834976],[46.81418923171595,24.557791066118114],[46.81420402634168,24.557757412305634]]]}},{"type":"Feature","properties":{"height":-1,"confidence":-1},"geometry":{"type":"Polygon","coordinates":[[[46.83397700708617,24.564405371376495],[46.83471803087434,24.563986458796265],[46.83493766126658,24.564307863261675],[46.83419661422664,24.564726740741563],[46.83397700708617,24.564405371376495]]]}},{"type":"Feature","properties":{"height":-1,"confidence":-1},"geometry":{"type":"Polygon","coordinates":[[[46.83447046413895,24.56649486753021],[46.834373080931655,24.56655309255909],[46.83426887495025,24.566408945282788],[46.83436625502885,24.566350715858988],[46.83447046413895,24.56649486753021]]]}},{"type":"Feature","properties":{"height":-1,"confidence":-1},"geometry":{"type":"Polygon","coordinates":[[[46.842706580672846,24.568613580821406],[46.84268752467179,24.568586848473217],[46.8427789194955,24.56853295521904],[46.842886137096976,24.568683347144287],[46.84270786115904,24.56878846053506],[46.84261971062709,24.568664800364658],[46.842706580672846,24.568613580821406]]]}},{"type":"Feature","properties":{"height":-1,"confidence":-1},"geometry":{"type":"Polygon","coordinates":[[[46.84376125053309,24.56690672797029],[46.843838995597636,24.5669051443801],[46.84384166176584,24.567013412415776],[46.84376391682308,24.567015000950803],[46.84376125053309,24.56690672797029]]]}},{"type":"Feature","properties":{"height":-1,"confidence":-1},"geometry":{"type":"Polygon","coordinates":[[[46.81417487999422,24.555845215165732],[46.814099848973385,24.55584731199795],[46.814098860972905,24.55581806415354],[46.81417389199374,24.55581596732081],[46.81417487999422,24.555845215165732]]]}},{"type":"Feature","properties":{"height":-1,"confidence":-1},"geometry":{"type":"Polygon","coordinates":[[[46.84224280286297,24.56692752347763],[46.842279729966066,24.566906114880155],[46.84231309680768,24.56695372013239],[46.84227617348084,24.56697512888269],[46.84224280286297,24.56692752347763]]]}},{"type":"Feature","properties":{"height":-1,"confidence":-1},"geometry":{"type":"Polygon","coordinates":[[[46.84279240644921,24.56878255409464],[46.842864089747195,24.5689135456943],[46.84279529838386,24.568944682752416],[46.84272361508593,24.56881369118534],[46.84279240644921,24.56878255409464]]]}},{"type":"Feature","properties":{"height":-1,"confidence":-1},"geometry":{"type":"Polygon","coordinates":[[[46.812683513555996,24.556714367904377],[46.812845309879336,24.55673891205157],[46.812784811413735,24.557068839040483],[46.81261779585415,24.55704350321315],[46.81264391029972,24.55690108876327],[46.81274141191878,24.5569158795235],[46.81274881403258,24.55687552919632],[46.8126565286289,24.5568615297189],[46.812683513555996,24.556714367904377]]]}},{"type":"Feature","properties":{"height":-1,"confidence":-1},"geometry":{"type":"Polygon","coordinates":[[[46.81411867220448,24.558160858082815],[46.81404432321923,24.558363713815268],[46.81396560843898,24.558339847438262],[46.81403994172254,24.558136991918218],[46.81411867220448,24.558160858082815]]]}},{"type":"Feature","properties":{"height":-1,"confidence":-1},"geometry":{"type":"Polygon","coordinates":[[[46.81470506964017,24.55672441210551],[46.81479240376965,24.556817994206824],[46.814751304068174,24.556849727748798],[46.81466396575351,24.55675614890255],[46.81470506964017,24.55672441210551]]]}},{"type":"Feature","properties":{"height":-1,"confidence":-1},"geometry":{"type":"Polygon","coordinates":[[[46.814875966543035,24.55335782340299],[46.81494568940971,24.55334535104697],[46.81495584666443,24.55339232745358],[46.81488612379775,24.553404799804923],[46.814875966543035,24.55335782340299]]]}},{"type":"Feature","properties":{"height":-1,"confidence":-1},"geometry":{"type":"Polygon","coordinates":[[[46.819227087497936,24.568625686298816],[46.81927587893982,24.568644326630917],[46.819262019538435,24.568674337436008],[46.81921322491401,24.568655698998427],[46.819227087497936,24.568625686298816]]]}},{"type":"Feature","properties":{"height":-1,"confidence":-1},"geometry":{"type":"Polygon","coordinates":[[[46.83913608349645,24.568275313486254],[46.839259282031264,24.56845589971192],[46.838036439184364,24.569145921515656],[46.83791321234491,24.56896527441755],[46.83913608349645,24.568275313486254]]]}},{"type":"Feature","properties":{"height":-1,"confidence":-1},"geometry":{"type":"Polygon","coordinates":[[[46.843539038680376,24.568439448371777],[46.84339641442393,24.56850793560686],[46.84335432665742,24.568435449614952],[46.84334510879754,24.568439875972246],[46.843301917935136,24.568365480263466],[46.84345375557448,24.568292568738002],[46.843539038680376,24.568439448371777]]]}},{"type":"Feature","properties":{"height":-1,"confidence":-1},"geometry":{"type":"Polygon","coordinates":[[[46.81285668634371,24.56176815636465],[46.812858789365784,24.56181687123629],[46.812806544382,24.56181874027604],[46.81280443761704,24.561770025539005],[46.81285668634371,24.56176815636465]]]}},{"type":"Feature","properties":{"height":-1,"confidence":-1},"geometry":{"type":"Polygon","coordinates":[[[46.81505741519114,24.560242939996385],[46.814962502786805,24.56045231245362],[46.814690964483525,24.560350468238312],[46.81473350386214,24.56025664419309],[46.8148114449114,24.560285877097414],[46.814863826931756,24.560170344238998],[46.81505741519114,24.560242939996385]]]}},{"type":"Feature","properties":{"height":-1,"confidence":-1},"geometry":{"type":"Polygon","coordinates":[[[46.8293687581301,24.542652735244275],[46.82945892265459,24.542595475067486],[46.82949543209306,24.542643045733527],[46.82940526756853,24.542700305888616],[46.8293687581301,24.542652735244275]]]}},{"type":"Feature","properties":{"height":-1,"confidence":-1},"geometry":{"type":"Polygon","coordinates":[[[46.83785197145815,24.562350366909115],[46.83708849036436,24.562794324868364],[46.836758607075716,24.562325047404727],[46.83705752610744,24.562151227989716],[46.83703561504032,24.562120058163444],[46.836713848694075,24.56230716317546],[46.8365945551063,24.562137460905333],[46.837160026140864,24.56180864259055],[46.837188023615525,24.56184847079946],[46.83727179710211,24.561799756917168],[46.83753594718931,24.562175526932975],[46.83767303107648,24.562095813505522],[46.83785197145815,24.562350366909115]]]}},{"type":"Feature","properties":{"height":-1,"confidence":-1},"geometry":{"type":"Polygon","coordinates":[[[46.81325550387099,24.557170718408642],[46.8132394615446,24.557230591968263],[46.81325465259921,24.55723395917822],[46.81323984429795,24.557289227052536],[46.813148697970306,24.557269023800345],[46.81317954859796,24.557153882349468],[46.81325550387099,24.557170718408642]]]}},{"type":"Feature","properties":{"height":-1,"confidence":-1},"geometry":{"type":"Polygon","coordinates":[[[46.83434642673456,24.563584353639058],[46.83437447876934,24.563626598920848],[46.83431944843453,24.563656825842983],[46.83429139810407,24.563614583138076],[46.83434642673456,24.563584353639058]]]}},{"type":"Feature","properties":{"height":-1,"confidence":-1},"geometry":{"type":"Polygon","coordinates":[[[46.814369385147884,24.55642559946402],[46.81419999509202,24.556443434733865],[46.81417688128099,24.55626193625278],[46.81439756785857,24.556238685831616],[46.81439922230882,24.55625168507312],[46.81434792500874,24.556257086231398],[46.814369385147884,24.55642559946402]]]}},{"type":"Feature","properties":{"height":-1,"confidence":-1},"geometry":{"type":"Polygon","coordinates":[[[46.83314286689053,24.564468931632717],[46.83304876455597,24.564538104454158],[46.833020703592496,24.564506525005186],[46.83311480914681,24.564437355789764],[46.83314286689053,24.564468931632717]]]}},{"type":"Feature","properties":{"height":-1,"confidence":-1},"geometry":{"type":"Polygon","coordinates":[[[46.81478541465613,24.55533395151123],[46.81474913644513,24.555403736026022],[46.81460315947538,24.555340954201597],[46.814639442074785,24.55527117153926],[46.81478541465613,24.55533395151123]]]}},{"type":"Feature","properties":{"height":-1,"confidence":-1},"geometry":{"type":"Polygon","coordinates":[[[46.831575639762264,24.56603614634193],[46.83163475479489,24.56611336600696],[46.83152636535023,24.566182000967473],[46.8314672503176,24.566104781344748],[46.831575639762264,24.56603614634193]]]}},{"type":"Feature","properties":{"height":-1,"confidence":-1},"geometry":{"type":"Polygon","coordinates":[[[46.84387559562417,24.567488524852394],[46.843878431621285,24.56751264296112],[46.84380683086017,24.567519606962875],[46.84378981487734,24.56737489824883],[46.843943623919806,24.567359938523595],[46.84395780390547,24.567480529144646],[46.84387559562417,24.567488524852394]]]}},{"type":"Feature","properties":{"height":-1,"confidence":-1},"geometry":{"type":"Polygon","coordinates":[[[46.81353782252288,24.556877158495183],[46.81349084125309,24.557007035388764],[46.813333527285074,24.556959958050072],[46.81338050855487,24.556830081107734],[46.81353782252288,24.556877158495183]]]}},{"type":"Feature","properties":{"height":-1,"confidence":-1},"geometry":{"type":"Polygon","coordinates":[[[46.81381881167347,24.560995419661594],[46.81391332068649,24.56081419411865],[46.81398002389956,24.560842969778307],[46.8138855262712,24.561024200190985],[46.81381881167347,24.560995419661594]]]}},{"type":"Feature","properties":{"height":-1,"confidence":-1},"geometry":{"type":"Polygon","coordinates":[[[46.814877829318206,24.56244611410645],[46.81484713861739,24.56253492002783],[46.814705558198156,24.562494445531158],[46.81473624889894,24.562405639581115],[46.814877829318206,24.56244611410645]]]}},{"type":"Feature","properties":{"height":-1,"confidence":-1},"geometry":{"type":"Polygon","coordinates":[[[46.84339835598121,24.568889000627507],[46.84318030876724,24.56901203945678],[46.843077472962406,24.568861318909114],[46.8432955217145,24.568738265184663],[46.84339835598121,24.568889000627507]]]}},{"type":"Feature","properties":{"height":-1,"confidence":-1},"geometry":{"type":"Polygon","coordinates":[[[46.81324918219133,24.556934906601256],[46.8132573050699,24.556899871102274],[46.81332920840622,24.556913666903327],[46.81332108552769,24.556948702398444],[46.81324918219133,24.556934906601256]]]}},{"type":"Feature","properties":{"height":-1,"confidence":-1},"geometry":{"type":"Polygon","coordinates":[[[46.821017238985775,24.54897601740197],[46.82097080014093,24.54900416234689],[46.82094357127289,24.548966990205187],[46.82099001011774,24.54893884525194],[46.821017238985775,24.54897601740197]]]}},{"type":"Feature","properties":{"height":-1,"confidence":-1},"geometry":{"type":"Polygon","coordinates":[[[46.84333849031558,24.55793516285034],[46.84342326022675,24.558046001901516],[46.843274342670384,24.55814022103708],[46.84318957362164,24.558029372043876],[46.84333849031558,24.55793516285034]]]}},{"type":"Feature","properties":{"height":-1,"confidence":-1},"geometry":{"type":"Polygon","coordinates":[[[46.84359433736317,24.566298978586957],[46.843542583161124,24.566223396596342],[46.84350199723167,24.566246384015557],[46.84345987171839,24.566184863768285],[46.84368019533546,24.5660600748092],[46.84377407505078,24.566197177169727],[46.84359433736317,24.566298978586957]]]}},{"type":"Feature","properties":{"height":-1,"confidence":-1},"geometry":{"type":"Polygon","coordinates":[[[46.81604254803081,24.55651523186124],[46.81637273105157,24.555918519062786],[46.81646261343095,24.55595967023619],[46.81639524491126,24.556081420048628],[46.816384544327285,24.55607652164838],[46.816378081737746,24.55608820097102],[46.81648805101783,24.556138541532064],[46.81638679254782,24.55632151222882],[46.816384652491166,24.556320532578198],[46.81622953313285,24.55660082759809],[46.81604254803081,24.55651523186124]]]}},{"type":"Feature","properties":{"height":-1,"confidence":-1},"geometry":{"type":"Polygon","coordinates":[[[46.82240922518292,24.545097523616846],[46.8219759826159,24.545016128941924],[46.82201445028875,24.54484670854893],[46.822439982142306,24.54492668178692],[46.822415534237805,24.545034319409595],[46.82246440988238,24.545043504947117],[46.82245271740631,24.545094983773765],[46.82248101383211,24.545100301714058],[46.82247091578459,24.545144760681765],[46.82244261935879,24.545139442743377],[46.822450060025396,24.545106683504116],[46.822408901587856,24.545098948318554],[46.82240922518292,24.545097523616846]]]}},{"type":"Feature","properties":{"height":-1,"confidence":-1},"geometry":{"type":"Polygon","coordinates":[[[46.83900023128117,24.56908601410248],[46.839157831156804,24.5689947369397],[46.83927027233053,24.569155315317175],[46.83909360446951,24.56925764719989],[46.839030408110645,24.569167405857343],[46.83912009245144,24.569115457686607],[46.83909578615954,24.569080749446243],[46.839025183593385,24.56912164482783],[46.83900023128117,24.56908601410248]]]}},{"type":"Feature","properties":{"height":-1,"confidence":-1},"geometry":{"type":"Polygon","coordinates":[[[46.840417049040845,24.559947127767487],[46.841057625593486,24.559603295736096],[46.84138635030574,24.56010992357983],[46.84124510516527,24.56018573724961],[46.8412779776365,24.560236399890755],[46.84088607210583,24.56044675580442],[46.84087667997116,24.56043228079048],[46.84081898829409,24.560463246863208],[46.84073211104869,24.560329352938027],[46.84068237684429,24.56035604785069],[46.840417049040845,24.559947127767487]]]}},{"type":"Feature","properties":{"height":-1,"confidence":-1},"geometry":{"type":"Polygon","coordinates":[[[46.84192771032759,24.55923597458127],[46.842001999181896,24.55918347783104],[46.842071463031246,24.55926478842106],[46.84199717279433,24.55931729084331],[46.84192771032759,24.55923597458127]]]}},{"type":"Feature","properties":{"height":-1,"confidence":-1},"geometry":{"type":"Polygon","coordinates":[[[46.84347458444874,24.567068886634033],[46.843512026350524,24.567067049115565],[46.84351433539759,24.56710596623219],[46.843476893495776,24.567107803750076],[46.84347458444874,24.567068886634033]]]}},{"type":"Feature","properties":{"height":-1,"confidence":-1},"geometry":{"type":"Polygon","coordinates":[[[46.81286815587279,24.556677829626324],[46.81269427869178,24.556669638761676],[46.81270471880579,24.556486292450515],[46.812710068892244,24.55648654413781],[46.81271736246399,24.556358456348192],[46.812872514410124,24.556365765137883],[46.81286508285423,24.556496276160445],[46.812878458070365,24.556496905378665],[46.81286815587279,24.556677829626324]]]}},{"type":"Feature","properties":{"height":-1,"confidence":-1},"geometry":{"type":"Polygon","coordinates":[[[46.82057474258198,24.563081891598387],[46.82062345790871,24.56298995786733],[46.82082921106495,24.563080145487888],[46.82078050711115,24.56317207103993],[46.82057474258198,24.563081891598387]]]}},{"type":"Feature","properties":{"height":-1,"confidence":-1},"geometry":{"type":"Polygon","coordinates":[[[46.8327365260745,24.56533188280551],[46.83288529821775,24.565231491968518],[46.83295127403264,24.565312365510934],[46.83280250687184,24.565412762390622],[46.8327365260745,24.56533188280551]]]}},{"type":"Feature","properties":{"height":-1,"confidence":-1},"geometry":{"type":"Polygon","coordinates":[[[46.83969342988617,24.568751416317284],[46.83972161280857,24.568804545622413],[46.83976335080958,24.568786232880697],[46.83978954042701,24.568762726130856],[46.839766302305385,24.568718912194868],[46.839788839689184,24.56869868496736],[46.83975661974903,24.568637945186552],[46.839848419405385,24.568597667604124],[46.83990690406498,24.568545174035123],[46.839919976462184,24.568539438448596],[46.83994419187354,24.568561755145524],[46.83996728001014,24.568605280034134],[46.83999351779781,24.56862946052125],[46.840019446424336,24.568678340167352],[46.83994150042684,24.5687483014015],[46.839823778496715,24.56879994496032],[46.83986630116762,24.56888010693946],[46.839694232575525,24.568955602759218],[46.83963316954329,24.569010410395776],[46.839574038276254,24.569036350702646],[46.83953659063374,24.569001839434065],[46.839512965524754,24.568957302406062],[46.83955657517013,24.568918160189043],[46.83953830167337,24.56888371176602],[46.83955342879753,24.56887707563743],[46.83962511434143,24.568812733605554],[46.83962511434143,24.568812733605554],[46.83969342988617,24.568751416317284]]]}},{"type":"Feature","properties":{"height":-1,"confidence":-1},"geometry":{"type":"Polygon","coordinates":[[[46.84248455743398,24.562176645641472],[46.84252661282174,24.562234143104504],[46.84242156921673,24.56229769928774],[46.842338689320385,24.562184399152642],[46.842445598323195,24.562119714259694],[46.842393647550075,24.562048687913176],[46.84257958293412,24.561936188260134],[46.84267235217185,24.562063021107377],[46.84248455743398,24.562176645641472]]]}},{"type":"Feature","properties":{"height":-1,"confidence":-1},"geometry":{"type":"Polygon","coordinates":[[[46.844221795192865,24.568027784594122],[46.84421778806863,24.567943528084726],[46.84431314856285,24.5679397768575],[46.84431714950279,24.568024039682257],[46.844221795192865,24.568027784594122]]]}},{"type":"Feature","properties":{"height":-1,"confidence":-1},"geometry":{"type":"Polygon","coordinates":[[[46.83492201322863,24.56504098254456],[46.8353461391887,24.56479581927131],[46.83539835145821,24.564870534469605],[46.83497422549814,24.565115697596724],[46.83492201322863,24.56504098254456]]]}},{"type":"Feature","properties":{"height":-1,"confidence":-1},"geometry":{"type":"Polygon","coordinates":[[[46.84211860898175,24.567960817825607],[46.84208026068302,24.567888785922392],[46.84217721961098,24.567846096307008],[46.84223659919331,24.56795764867354],[46.84217441511679,24.567985031359683],[46.842153374217204,24.567945508992224],[46.84211860898175,24.567960817825607]]]}},{"type":"Feature","properties":{"height":-1,"confidence":-1},"geometry":{"type":"Polygon","coordinates":[[[46.81365045670526,24.55595586886777],[46.813479607304,24.55596658178129],[46.813467898236006,24.555812096489788],[46.81363340938827,24.555801728828442],[46.813634881668044,24.555821153577966],[46.813681315283475,24.5558182449646],[46.813686944507964,24.555892590454405],[46.813645855853004,24.55589516687222],[46.81365045670526,24.55595586886777]]]}},{"type":"Feature","properties":{"height":-1,"confidence":-1},"geometry":{"type":"Polygon","coordinates":[[[46.83114785328498,24.567132732194224],[46.83139882085023,24.567482985912363],[46.831194785515365,24.567603898871553],[46.830943843401634,24.56725364339438],[46.83114785328498,24.567132732194224]]]}},{"type":"Feature","properties":{"height":-1,"confidence":-1},"geometry":{"type":"Polygon","coordinates":[[[46.83192861373651,24.567218832484514],[46.83194852744815,24.567262558405915],[46.831854660379236,24.567297917970947],[46.83183474666755,24.56725419206188],[46.83192861373651,24.567218832484514]]]}},{"type":"Feature","properties":{"height":-1,"confidence":-1},"geometry":{"type":"Polygon","coordinates":[[[46.832133028535,24.565026080908325],[46.83222847308766,24.56517941030802],[46.832157381583215,24.565216015142894],[46.83218153020496,24.565254809287296],[46.832124657001415,24.565284093138416],[46.83210740798587,24.56525638304298],[46.83206069071155,24.565280437635195],[46.83195834655272,24.56511602430777],[46.832133028535,24.565026080908325]]]}},{"type":"Feature","properties":{"height":-1,"confidence":-1},"geometry":{"type":"Polygon","coordinates":[[[46.814494288726046,24.556425344278665],[46.81454162116497,24.55653419531565],[46.814495233241786,24.556550882617856],[46.814447899692425,24.556442029041733],[46.814494288726046,24.556425344278665]]]}},{"type":"Feature","properties":{"height":-1,"confidence":-1},"geometry":{"type":"Polygon","coordinates":[[[46.82862974013758,24.569374417628524],[46.828159331678755,24.568707096112874],[46.82889002681407,24.568281060229495],[46.829360471667506,24.568948362793662],[46.82862974013758,24.569374417628524]]]}},{"type":"Feature","properties":{"height":-1,"confidence":-1},"geometry":{"type":"Polygon","coordinates":[[[46.83305575674932,24.564541262220672],[46.83314824989782,24.564471794496498],[46.83317458805136,24.56450080206882],[46.833082094902856,24.564570269776922],[46.83305575674932,24.564541262220672]]]}},{"type":"Feature","properties":{"height":-1,"confidence":-1},"geometry":{"type":"Polygon","coordinates":[[[46.833566139993344,24.56734005029871],[46.83430646731907,24.566906697124594],[46.83478177545895,24.567578266333044],[46.83404143517124,24.568011671897025],[46.833566139993344,24.56734005029871]]]}},{"type":"Feature","properties":{"height":-1,"confidence":-1},"geometry":{"type":"Polygon","coordinates":[[[46.81646827744488,24.553722221102205],[46.816505144489184,24.55371765393589],[46.81651248085558,24.553766648359527],[46.81647561346624,24.553771213219804],[46.81646827744488,24.553722221102205]]]}},{"type":"Feature","properties":{"height":-1,"confidence":-1},"geometry":{"type":"Polygon","coordinates":[[[46.8279201606985,24.542640225624197],[46.82793287992968,24.54270265509912],[46.82788101709949,24.542711398451672],[46.8278682985187,24.542648972173268],[46.8279201606985,24.542640225624197]]]}},{"type":"Feature","properties":{"height":-1,"confidence":-1},"geometry":{"type":"Polygon","coordinates":[[[46.811970959957506,24.554626559632098],[46.81212947458593,24.554531109338768],[46.812180092944956,24.554600654746764],[46.812183022893,24.554598890465712],[46.81223117560286,24.554665041248853],[46.81207345724329,24.554760011964078],[46.812022067885756,24.55468940735784],[46.812018338249956,24.554691653410174],[46.811970959957506,24.554626559632098]]]}},{"type":"Feature","properties":{"height":-1,"confidence":-1},"geometry":{"type":"Polygon","coordinates":[[[46.820981720227046,24.56756055887827],[46.82104207305925,24.567486697795474],[46.8212528816711,24.5676291761213],[46.82119252883889,24.56770303712014],[46.820981720227046,24.56756055887827]]]}},{"type":"Feature","properties":{"height":-1,"confidence":-1},"geometry":{"type":"Polygon","coordinates":[[[46.83032839873964,24.56727443806686],[46.83068134806325,24.56711512960976],[46.83069523312775,24.567140574613788],[46.83074826828177,24.56711663646611],[46.830798462449955,24.56720863248063],[46.83070239037594,24.567251995900037],[46.83077929227175,24.567392921857362],[46.830544710099346,24.56749880348562],[46.83049023792317,24.56739898103322],[46.830414913372415,24.56743297972932],[46.83032839873964,24.56727443806686]]]}},{"type":"Feature","properties":{"height":-1,"confidence":-1},"geometry":{"type":"Polygon","coordinates":[[[46.83083549225866,24.566373724650788],[46.830934235648996,24.566319978561253],[46.831117431314276,24.566598374381783],[46.83101868792393,24.566652120351932],[46.83083549225866,24.566373724650788]]]}},{"type":"Feature","properties":{"height":-1,"confidence":-1},"geometry":{"type":"Polygon","coordinates":[[[46.834805519009,24.56584153327107],[46.834867227207994,24.565808452025962],[46.83491650761243,24.565884489130994],[46.834737354776664,24.565980531373057],[46.834642313996696,24.565833888455884],[46.83475975863347,24.565770927365165],[46.834805519009,24.56584153327107]]]}},{"type":"Feature","properties":{"height":-1,"confidence":-1},"geometry":{"type":"Polygon","coordinates":[[[46.813991673275545,24.55643438604632],[46.81396277051244,24.556443247033215],[46.813929484864886,24.556353427703712],[46.81413088819082,24.556291681569533],[46.81418091191834,24.556426639626267],[46.81400840568456,24.55647953743035],[46.813991673275545,24.55643438604632]]]}},{"type":"Feature","properties":{"height":-1,"confidence":-1},"geometry":{"type":"Polygon","coordinates":[[[46.83029209531537,24.56658955907524],[46.83023600797312,24.566449586968773],[46.83020522725695,24.566459789028357],[46.830177615026884,24.56639087963181],[46.8302154989853,24.566378323243796],[46.830225399574886,24.56640303127503],[46.83023161013523,24.566400972430742],[46.830263996402216,24.56648178043895],[46.83035012236114,24.566453234577054],[46.83040103241028,24.566580286184234],[46.83035841295707,24.566594412097928],[46.8303726246427,24.566629878889998],[46.83034421231361,24.56663929775874],[46.83032050828419,24.56658014179925],[46.83029209531537,24.56658955907524]]]}},{"type":"Feature","properties":{"height":-1,"confidence":-1},"geometry":{"type":"Polygon","coordinates":[[[46.83298143707278,24.564462882973558],[46.833076193761954,24.564398573178536],[46.8331019062688,24.564429911609736],[46.833007149579664,24.56449422138867],[46.83298143707278,24.564462882973558]]]}},{"type":"Feature","properties":{"height":-1,"confidence":-1},"geometry":{"type":"Polygon","coordinates":[[[46.819669726809934,24.54343230694731],[46.81970909287222,24.543437620183397],[46.819697585330424,24.543508135899586],[46.819658219668334,24.543502820214286],[46.819669726809934,24.54343230694731]]]}},{"type":"Feature","properties":{"height":-1,"confidence":-1},"geometry":{"type":"Polygon","coordinates":[[[46.821751772544836,24.5472810990521],[46.82158325494076,24.54735886889185],[46.82154059962081,24.547282392777603],[46.82170912198395,24.54720463142283],[46.821751772544836,24.5472810990521]]]}},{"type":"Feature","properties":{"height":-1,"confidence":-1},"geometry":{"type":"Polygon","coordinates":[[[46.8359100690621,24.56840323676279],[46.83613077725818,24.5687074345482],[46.83604482146949,24.56875901775821],[46.83574273483239,24.5683426576459],[46.83591464640976,24.568239490861927],[46.835996024850786,24.568351653406353],[46.8359100690621,24.56840323676279]]]}},{"type":"Feature","properties":{"height":-1,"confidence":-1},"geometry":{"type":"Polygon","coordinates":[[[46.839361111388726,24.563961079835764],[46.83952457778243,24.56419652963831],[46.83874026979136,24.564646950049948],[46.838576803397615,24.564411501093446],[46.839361111388726,24.563961079835764]]]}},{"type":"Feature","properties":{"height":-1,"confidence":-1},"geometry":{"type":"Polygon","coordinates":[[[46.84120200247722,24.567521694037964],[46.84108400318504,24.56752301597244],[46.8410826487699,24.567423015960443],[46.841047785342674,24.5674234065323],[46.84104692644524,24.5673599918494],[46.84102815383058,24.567360202157445],[46.84102693155346,24.567269958130453],[46.84105911317858,24.567269597602163],[46.84105752752182,24.5671525241727],[46.841210390241216,24.56715081166162],[46.84121306603704,24.56734837301309],[46.84119965702658,24.56734852323312],[46.84120200247722,24.567521694037964]]]}},{"type":"Feature","properties":{"height":-1,"confidence":-1},"geometry":{"type":"Polygon","coordinates":[[[46.84431459840746,24.55875610076079],[46.84427732918431,24.5587835406092],[46.84425765369647,24.558761433427776],[46.84429492291957,24.55873399357455],[46.84431459840746,24.55875610076079]]]}},{"type":"Feature","properties":{"height":-1,"confidence":-1},"geometry":{"type":"Polygon","coordinates":[[[46.84162906420452,24.56847652552051],[46.84180795685377,24.56836685784978],[46.84177496282774,24.568322341266835],[46.841961226451424,24.568208142923254],[46.84195625404514,24.568201433988023],[46.842124075725934,24.568098542316505],[46.84216758428089,24.5681572455358],[46.84213438878362,24.568177597731747],[46.842181626643324,24.56824133261408],[46.841850400119476,24.568444407676125],[46.84187718279499,24.568480539922973],[46.841784239704566,24.568537517362643],[46.84180661625866,24.568567708466716],[46.84173100183989,24.568614062780426],[46.84162906420452,24.56847652552051]]]}},{"type":"Feature","properties":{"height":-1,"confidence":-1},"geometry":{"type":"Polygon","coordinates":[[[46.842192471151094,24.566489327772075],[46.84223333051523,24.566462794035942],[46.84220231912793,24.566423293739447],[46.84225273282615,24.566390558688042],[46.842280638113785,24.56642610613021],[46.8422462152035,24.56644845790173],[46.84228173333018,24.566493698580828],[46.84222488363755,24.566530612675862],[46.842192471151094,24.566489327772075]]]}},{"type":"Feature","properties":{"height":-1,"confidence":-1},"geometry":{"type":"Polygon","coordinates":[[[46.83396409710149,24.565008808865144],[46.834212165825775,24.56485949288067],[46.834431127487974,24.565160366519024],[46.83418306675454,24.5653096931253],[46.83396409710149,24.565008808865144]]]}},{"type":"Feature","properties":{"height":-1,"confidence":-1},"geometry":{"type":"Polygon","coordinates":[[[46.81216967091108,24.55782565189091],[46.81224745180697,24.55771720803432],[46.81233705384595,24.557770379511368],[46.81225926996666,24.55787881584793],[46.81216967091108,24.55782565189091]]]}},{"type":"Feature","properties":{"height":-1,"confidence":-1},"geometry":{"type":"Polygon","coordinates":[[[46.82252131727266,24.54287490662047],[46.8225291187727,24.54301361624502],[46.82246631972754,24.54301653887039],[46.82245850758305,24.542877829744427],[46.82252131727266,24.54287490662047]]]}},{"type":"Feature","properties":{"height":-1,"confidence":-1},"geometry":{"type":"Polygon","coordinates":[[[46.83730696351985,24.562696151722122],[46.83735119026439,24.562747715331113],[46.83731870606506,24.56277076292355],[46.83727447685381,24.562719201074174],[46.83730696351985,24.562696151722122]]]}},{"type":"Feature","properties":{"height":-1,"confidence":-1},"geometry":{"type":"Polygon","coordinates":[[[46.8431394844191,24.566461118672805],[46.84299275604297,24.566513085078185],[46.84304173200789,24.566627467666322],[46.84277009283302,24.566723673258096],[46.8427211245115,24.566609288050685],[46.84264426497169,24.566636509163487],[46.84259580651524,24.56652331487271],[46.84265170568506,24.5665035207722],[46.84262903462938,24.566450563324537],[46.84272365213377,24.56641705889882],[46.84278934741243,24.56657048927231],[46.84290346948274,24.566530070977393],[46.84287353972643,24.56646017046495],[46.84302580373811,24.56640624349481],[46.84300728010341,24.566362973999432],[46.84308558821608,24.566335244773953],[46.8431394844191,24.566461118672805]]]}},{"type":"Feature","properties":{"height":-1,"confidence":-1},"geometry":{"type":"Polygon","coordinates":[[[46.816766195735724,24.560490761776364],[46.81683034279383,24.560505996836923],[46.816819196058894,24.56054482147411],[46.81696985544554,24.560580603375428],[46.81692199005441,24.56074732075092],[46.81676128670866,24.560709153439916],[46.816798005364895,24.56058126063958],[46.81674390785974,24.56056841237674],[46.816766195735724,24.560490761776364]]]}},{"type":"Feature","properties":{"height":-1,"confidence":-1},"geometry":{"type":"Polygon","coordinates":[[[46.84140882159017,24.567050660925958],[46.84144628653416,24.567138617779463],[46.841304024787256,24.56718874842751],[46.84126655648943,24.5671007837354],[46.84140882159017,24.567050660925958]]]}},{"type":"Feature","properties":{"height":-1,"confidence":-1},"geometry":{"type":"Polygon","coordinates":[[[46.84355301459444,24.569000728334842],[46.843515932130224,24.56902730617375],[46.84346638481237,24.568970121986254],[46.843503464561884,24.568943546080902],[46.84355301459444,24.569000728334842]]]}},{"type":"Feature","properties":{"height":-1,"confidence":-1},"geometry":{"type":"Polygon","coordinates":[[[46.81308626920523,24.556965896654518],[46.81303591134682,24.556954195881218],[46.813057780783524,24.556876330893644],[46.81310813864193,24.55688803167422],[46.81308626920523,24.556965896654518]]]}},{"type":"Feature","properties":{"height":-1,"confidence":-1},"geometry":{"type":"Polygon","coordinates":[[[46.82071844539515,24.550108366819913],[46.82062653257835,24.550259841519136],[46.82043327631444,24.550162819977672],[46.82052518913124,24.550011345161266],[46.82071844539515,24.550108366819913]]]}},{"type":"Feature","properties":{"height":-1,"confidence":-1},"geometry":{"type":"Polygon","coordinates":[[[46.83381973437995,24.568200057283306],[46.83297023142465,24.567003559471473],[46.833159525961776,24.56689239362521],[46.83411048034913,24.568231782967118],[46.833396839944285,24.568650873213954],[46.83329538851219,24.568507983222972],[46.83381973437995,24.568200057283306]]]}},{"type":"Feature","properties":{"height":-1,"confidence":-1},"geometry":{"type":"Polygon","coordinates":[[[46.84376592003216,24.567104273884738],[46.84377155547963,24.567284643860972],[46.843519631245435,24.567291154365606],[46.843514985809,24.567142471033307],[46.84362754770089,24.56713956208104],[46.84362655768985,24.567107875445686],[46.84376592003216,24.567104273884738]]]}},{"type":"Feature","properties":{"height":-1,"confidence":-1},"geometry":{"type":"Polygon","coordinates":[[[46.814305751549014,24.564336030471324],[46.814011625335425,24.56489621249858],[46.81343938036354,24.564647679108518],[46.813438989453,24.56464842362226],[46.81340841230958,24.564635141613365],[46.8134150603925,24.56462247991911],[46.81334516787685,24.56459212465603],[46.81338051911698,24.56452479594627],[46.81341438052294,24.564516497553754],[46.8134590321256,24.564431455648233],[46.813524536413674,24.564415398373285],[46.81354458853727,24.564483062462912],[46.813570685457734,24.56443335916026],[46.81362764517628,24.564419396443185],[46.813637080717704,24.564451235833445],[46.81404573158241,24.56435106192643],[46.8141004422843,24.56424686166133],[46.814305751549014,24.564336030471324]]]}},{"type":"Feature","properties":{"height":-1,"confidence":-1},"geometry":{"type":"Polygon","coordinates":[[[46.82791872819454,24.568139996819426],[46.82776210895052,24.568236149834192],[46.82760538782813,24.568025003311334],[46.82776200707218,24.567928850134564],[46.82791872819454,24.568139996819426]]]}},{"type":"Feature","properties":{"height":-1,"confidence":-1},"geometry":{"type":"Polygon","coordinates":[[[46.830219484919716,24.566741109969527],[46.83010687579449,24.566802359971902],[46.82991783334444,24.56651487774299],[46.83013317360147,24.56639775025066],[46.830297961865895,24.566648348720975],[46.83019523390121,24.566704230774988],[46.830219484919716,24.566741109969527]]]}},{"type":"Feature","properties":{"height":-1,"confidence":-1},"geometry":{"type":"Polygon","coordinates":[[[46.81272382918115,24.561965192037704],[46.812763029260736,24.561895648074966],[46.81278851689378,24.56190753239852],[46.81275476126972,24.56196741747418],[46.81279086874993,24.561984253589216],[46.81275711312583,24.562044138628224],[46.81272312961511,24.562028292880512],[46.81275144078368,24.561978066714346],[46.81272382918115,24.561965192037704]]]}},{"type":"Feature","properties":{"height":-1,"confidence":-1},"geometry":{"type":"Polygon","coordinates":[[[46.813449840509406,24.561900372030777],[46.813495023513944,24.561918155302237],[46.81346569472227,24.561979797054335],[46.81342051171774,24.56196201379163],[46.813449840509406,24.561900372030777]]]}},{"type":"Feature","properties":{"height":-1,"confidence":-1},"geometry":{"type":"Polygon","coordinates":[[[46.81389622964926,24.556242519187123],[46.813873324645286,24.55614349497793],[46.814086511815326,24.556102699935636],[46.81412163661563,24.55625455347713],[46.81393927168703,24.556289450399575],[46.813927052325354,24.55623662299317],[46.81389622964926,24.556242519187123]]]}},{"type":"Feature","properties":{"height":-1,"confidence":-1},"geometry":{"type":"Polygon","coordinates":[[[46.81442216348418,24.556386913582585],[46.81439931081379,24.55639184669677],[46.814367974050406,24.55627175143985],[46.81442637531922,24.55625914457997],[46.81446855942375,24.556420811261447],[46.81443301082537,24.55642848499251],[46.81442216348418,24.556386913582585]]]}},{"type":"Feature","properties":{"height":-1,"confidence":-1},"geometry":{"type":"Polygon","coordinates":[[[46.81471805135151,24.557330590860133],[46.81481281202282,24.557195160129922],[46.81494262158624,24.55727030773471],[46.81484786091493,24.557405738383764],[46.81471805135151,24.557330590860133]]]}},{"type":"Feature","properties":{"height":-1,"confidence":-1},"geometry":{"type":"Polygon","coordinates":[[[46.816704090429226,24.552634368873072],[46.81671501914164,24.5526718934117],[46.81666109158722,24.552684884069095],[46.816650166506896,24.552647362092216],[46.816704090429226,24.552634368873072]]]}},{"type":"Feature","properties":{"height":-1,"confidence":-1},"geometry":{"type":"Polygon","coordinates":[[[46.83035864005801,24.568686724319562],[46.83061282408024,24.56905315072696],[46.83037108137047,24.569191852895727],[46.83011689734824,24.568825426893923],[46.83035864005801,24.568686724319562]]]}},{"type":"Feature","properties":{"height":-1,"confidence":-1},"geometry":{"type":"Polygon","coordinates":[[[46.83456275358284,24.563808655180935],[46.83442432603837,24.563605095566118],[46.83449894036813,24.56356312841858],[46.83470214444437,24.56386197662178],[46.834726492720364,24.56384828030997],[46.834764463581664,24.56390411691015],[46.833986470638756,24.56434170047355],[46.83388372863449,24.564190617612212],[46.83456275358284,24.563808655180935]]]}},{"type":"Feature","properties":{"height":-1,"confidence":-1},"geometry":{"type":"Polygon","coordinates":[[[46.83685450100687,24.563835032276202],[46.83697089695139,24.564035185042258],[46.83681068085392,24.56411225504553],[46.83669427287415,24.563912108191957],[46.83685450100687,24.563835032276202]]]}},{"type":"Feature","properties":{"height":-1,"confidence":-1},"geometry":{"type":"Polygon","coordinates":[[[46.81454104408139,24.557387317672024],[46.81450174304317,24.557442030033215],[46.81442655112643,24.557397347443683],[46.81446585216466,24.55734263506301],[46.81454104408139,24.557387317672024]]]}},{"type":"Feature","properties":{"height":-1,"confidence":-1},"geometry":{"type":"Polygon","coordinates":[[[46.815148602641734,24.553704022433166],[46.8151447850829,24.55365547754188],[46.81519281908716,24.55365235242992],[46.815196636645986,24.553700897322372],[46.815148602641734,24.553704022433166]]]}},{"type":"Feature","properties":{"height":-1,"confidence":-1},"geometry":{"type":"Polygon","coordinates":[[[46.81921906506174,24.54332535352033],[46.819221560110186,24.543442422962997],[46.81917866088969,24.543443179500414],[46.81917616584124,24.54332611005846],[46.81921906506174,24.54332535352033]]]}},{"type":"Feature","properties":{"height":-1,"confidence":-1},"geometry":{"type":"Polygon","coordinates":[[[46.84449968021034,24.56528389525863],[46.84432718984767,24.565350783569286],[46.84429138503379,24.565274408798018],[46.84422556634277,24.565299931975346],[46.84425072648223,24.565353600727477],[46.84418490779121,24.565379123888675],[46.84415877995407,24.565323390964664],[46.84422686825511,24.565296987682615],[46.844194934231965,24.565228869616377],[46.84433565005416,24.565174302786247],[46.84434667412194,24.565197818102078],[46.8444419953365,24.56516084833443],[46.84449968021034,24.56528389525863]]]}},{"type":"Feature","properties":{"height":-1,"confidence":-1},"geometry":{"type":"Polygon","coordinates":[[[46.81235595950079,24.56126078984397],[46.81226283765504,24.561393800932294],[46.812253295860046,24.56138827427101],[46.81222125163625,24.561434044779475],[46.81215064011414,24.56139315069143],[46.81227580588109,24.561214369462633],[46.81235595950079,24.56126078984397]]]}},{"type":"Feature","properties":{"height":-1,"confidence":-1},"geometry":{"type":"Polygon","coordinates":[[[46.8368651750705,24.56306157836987],[46.836637457374245,24.563190891733868],[46.836611661916194,24.563153320380636],[46.83624011566743,24.563364332660242],[46.8362875865381,24.563433482103065],[46.835965297970546,24.56361649856143],[46.83556163832556,24.563028498885856],[46.83562826752775,24.562990662325788],[46.83560852886921,24.562961912719203],[46.835909569916936,24.562790941940406],[46.835918472579344,24.562803908799722],[46.83612010587836,24.562689407557315],[46.83608830418504,24.562643082680694],[46.836375846021866,24.562479778122466],[46.83638548535212,24.5624938195579],[46.83645015310671,24.5624570925673],[46.8368651750705,24.56306157836987]]]}},{"type":"Feature","properties":{"height":-1,"confidence":-1},"geometry":{"type":"Polygon","coordinates":[[[46.81506697816963,24.553603194204527],[46.81502651530421,24.553355965707112],[46.815118357296505,24.5533435298496],[46.815123826163145,24.553376944709456],[46.81519729975699,24.55336699602519],[46.81522174507816,24.55351635721823],[46.81525848150062,24.553511380593804],[46.8152676310206,24.55356728422231],[46.815233518280614,24.553571903247004],[46.81524367474728,24.553633959295183],[46.815172825210404,24.553643552648865],[46.81516406728613,24.55359004170579],[46.81506697816963,24.553603194204527]]]}},{"type":"Feature","properties":{"height":-1,"confidence":-1},"geometry":{"type":"Polygon","coordinates":[[[46.81357464302873,24.557155021956234],[46.81363661975604,24.557178161265398],[46.81363661975604,24.557178161265398],[46.81370924909031,24.55720527777116],[46.81362820464283,24.55738482445082],[46.813493610404954,24.557334573122304],[46.81357464302873,24.557155021956234]]]}},{"type":"Feature","properties":{"height":-1,"confidence":-1},"geometry":{"type":"Polygon","coordinates":[[[46.82294300001842,24.545151804881968],[46.82284333284015,24.545138162632696],[46.82287870372381,24.544924343735886],[46.82297837192854,24.544937979803592],[46.82294300001842,24.545151804881968]]]}},{"type":"Feature","properties":{"height":-1,"confidence":-1},"geometry":{"type":"Polygon","coordinates":[[[46.83459472457529,24.564989983174442],[46.83471061062681,24.56492233949072],[46.83480126413714,24.56505081850017],[46.834893563206975,24.56499694864459],[46.83511059293548,24.565304500852605],[46.83502587642895,24.565353945065468],[46.83498398118028,24.565294569035487],[46.83486049604345,24.565366648155305],[46.83459472457529,24.564989983174442]]]}},{"type":"Feature","properties":{"height":-1,"confidence":-1},"geometry":{"type":"Polygon","coordinates":[[[46.84002512228368,24.56895018891973],[46.839963454162344,24.568857150521566],[46.84006575465199,24.568801065681143],[46.840088287234785,24.568835060503673],[46.840110726161065,24.568822758670066],[46.8402447471441,24.56902493197724],[46.84003146704655,24.569141859628374],[46.83993659301376,24.568998723821508],[46.84002512228368,24.56895018891973]]]}},{"type":"Feature","properties":{"height":-1,"confidence":-1},"geometry":{"type":"Polygon","coordinates":[[[46.81579535936547,24.569312461223177],[46.81550303836478,24.569919058476344],[46.81378627049196,24.569234776063297],[46.814078547316505,24.568628267168847],[46.81579535936547,24.569312461223177]]]}},{"type":"Feature","properties":{"height":-1,"confidence":-1},"geometry":{"type":"Polygon","coordinates":[[[46.82115191408621,24.568247816014704],[46.8213066453875,24.568351496725157],[46.82124334643022,24.56842963987657],[46.82108860995755,24.56832596561493],[46.82115191408621,24.568247816014704]]]}},{"type":"Feature","properties":{"height":-1,"confidence":-1},"geometry":{"type":"Polygon","coordinates":[[[46.831003771195284,24.566231115259],[46.830897753016,24.566289462161194],[46.830903693206544,24.56629839007816],[46.83078196863028,24.566365380927593],[46.83078672078272,24.566372523256874],[46.8306787393038,24.56643195058996],[46.830491029282754,24.56614982840769],[46.83082675351721,24.56596506291835],[46.831003771195284,24.566231115259]]]}},{"type":"Feature","properties":{"height":-1,"confidence":-1},"geometry":{"type":"Polygon","coordinates":[[[46.812557676006975,24.55510213925311],[46.81270203205321,24.555034742824503],[46.812741260221564,24.555104255019728],[46.812596904175365,24.555171651410973],[46.812557676006975,24.55510213925311]]]}},{"type":"Feature","properties":{"height":-1,"confidence":-1},"geometry":{"type":"Polygon","coordinates":[[[46.81551164378919,24.557331623911452],[46.815185861057564,24.558017358872945],[46.815018607197324,24.557951624325824],[46.815344394191264,24.557265880033242],[46.81551164378919,24.557331623911452]]]}},{"type":"Feature","properties":{"height":-1,"confidence":-1},"geometry":{"type":"Polygon","coordinates":[[[46.83565050457887,24.566920426485368],[46.8356864503685,24.566957328127998],[46.835644372992796,24.56699123076605],[46.83560842720321,24.56695432913341],[46.83565050457887,24.566920426485368]]]}},{"type":"Feature","properties":{"height":-1,"confidence":-1},"geometry":{"type":"Polygon","coordinates":[[[46.84333492146676,24.56702234050269],[46.84333937930954,24.566927376819635],[46.84351608302548,24.5669342379461],[46.843510024931454,24.567063291131774],[46.84338151313804,24.567058301226794],[46.843383113389294,24.56702421171761],[46.84333492146676,24.56702234050269]]]}},{"type":"Feature","properties":{"height":-1,"confidence":-1},"geometry":{"type":"Polygon","coordinates":[[[46.843481501611386,24.568498488048164],[46.84355634198904,24.56845367052709],[46.843640116279666,24.56856938049225],[46.843554049845324,24.568620920592537],[46.843574993418,24.568649848055244],[46.843496411021455,24.568696906378293],[46.84340524488165,24.568570986833308],[46.84345763314602,24.56853961458839],[46.84349582436677,24.56859236469664],[46.843533244555594,24.568569955954885],[46.843481501611386,24.568498488048164]]]}},{"type":"Feature","properties":{"height":-1,"confidence":-1},"geometry":{"type":"Polygon","coordinates":[[[46.813441239575404,24.567495814425143],[46.813160029876315,24.5680738248016],[46.81180073299399,24.56752682684207],[46.81181363532259,24.567500306789654],[46.81173961420524,24.56747051969721],[46.81192459196075,24.56709030702052],[46.81203001324621,24.567132736799536],[46.812113379979806,24.566961380260736],[46.813441239575404,24.567495814425143]]]}},{"type":"Feature","properties":{"height":-1,"confidence":-1},"geometry":{"type":"Polygon","coordinates":[[[46.813900621923686,24.555617912473224],[46.814029776553596,24.55504171351096],[46.81409673096197,24.555054129483167],[46.81414083254292,24.55485737803113],[46.81425414000326,24.554878389706573],[46.814080883792435,24.555651339934343],[46.813900621923686,24.555617912473224]]]}},{"type":"Feature","properties":{"height":-1,"confidence":-1},"geometry":{"type":"Polygon","coordinates":[[[46.81487454945043,24.55324722444557],[46.81493330589562,24.553243723392654],[46.814936732671846,24.55329130290798],[46.81487797649488,24.55329480768397],[46.81487454945043,24.55324722444557]]]}},{"type":"Feature","properties":{"height":-1,"confidence":-1},"geometry":{"type":"Polygon","coordinates":[[[46.81951042938744,24.56258304736228],[46.81955296428393,24.56249660019796],[46.819760789801364,24.562581187782968],[46.81971824948186,24.562667645910594],[46.81951042938744,24.56258304736228]]]}},{"type":"Feature","properties":{"height":-1,"confidence":-1},"geometry":{"type":"Polygon","coordinates":[[[46.820796802534524,24.549223173270178],[46.820838686174724,24.54920543636146],[46.82086331722096,24.549253559586006],[46.82082143358077,24.54927129648793],[46.820796802534524,24.549223173270178]]]}},{"type":"Feature","properties":{"height":-1,"confidence":-1},"geometry":{"type":"Polygon","coordinates":[[[46.8303998916896,24.56812097722141],[46.83047518285386,24.56827311038819],[46.830447547743226,24.568284422793397],[46.83043202123095,24.568253045094465],[46.83038964210126,24.568270390254114],[46.8303298882948,24.568149633074682],[46.8303998916896,24.56812097722141]]]}},{"type":"Feature","properties":{"height":-1,"confidence":-1},"geometry":{"type":"Polygon","coordinates":[[[46.81306772491604,24.556192546127107],[46.81290728962219,24.556206772956116],[46.81288873224116,24.55603364555543],[46.81288341829676,24.556034116439406],[46.8128636380657,24.555849580439812],[46.81284238243173,24.555851465318796],[46.812822270372514,24.555663833314057],[46.81299763053794,24.555648294096528],[46.81301774141187,24.555835915066424],[46.813036340091585,24.55583426579713],[46.81305550891559,24.556013097813832],[46.812981114196766,24.5560196948815],[46.812985093787184,24.556056821704132],[46.813052546939446,24.556050844486435],[46.81306772491604,24.556192546127107]]]}},{"type":"Feature","properties":{"height":-1,"confidence":-1},"geometry":{"type":"Polygon","coordinates":[[[46.81330880952192,24.555054235232404],[46.813441577790144,24.55495790021982],[46.81353441558827,24.555063752510492],[46.81347376835463,24.555107757364837],[46.81348684410084,24.555122666125754],[46.81341472306626,24.5551749961965],[46.81330880952192,24.555054235232404]]]}},{"type":"Feature","properties":{"height":-1,"confidence":-1},"geometry":{"type":"Polygon","coordinates":[[[46.82978925480222,24.566612890521853],[46.82998080478066,24.566892033526486],[46.82987463513999,24.566952294903444],[46.82987945400737,24.566959317357586],[46.82976749329539,24.567022865683796],[46.82957112444952,24.56673670050435],[46.82978925480222,24.566612890521853]]]}},{"type":"Feature","properties":{"height":-1,"confidence":-1},"geometry":{"type":"Polygon","coordinates":[[[46.830449413247095,24.543308080779013],[46.83044066472571,24.54333642198212],[46.830377183058545,24.543320203166786],[46.83038593244444,24.543291866222376],[46.830449413247095,24.543308080779013]]]}},{"type":"Feature","properties":{"height":-1,"confidence":-1},"geometry":{"type":"Polygon","coordinates":[[[46.84318618522628,24.56644691839449],[46.84311989924018,24.56635702450386],[46.843288265664185,24.566254343903083],[46.84337884344594,24.566377181252093],[46.8432363795487,24.56646406475768],[46.843212086914434,24.566431120258514],[46.84318618522628,24.56644691839449]]]}},{"type":"Feature","properties":{"height":-1,"confidence":-1},"geometry":{"type":"Polygon","coordinates":[[[46.8300042233284,24.567440649371278],[46.82987504298746,24.567516051528642],[46.82981164306139,24.567426209337853],[46.82982494103767,24.567418447347592],[46.82959694514966,24.567095360455383],[46.82971282751433,24.567027720059897],[46.8300042233284,24.567440649371278]]]}},{"type":"Feature","properties":{"height":-1,"confidence":-1},"geometry":{"type":"Polygon","coordinates":[[[46.81244478267577,24.556705238212416],[46.812367207825986,24.556701574003853],[46.81236845807905,24.556679676617662],[46.81224540831731,24.556673864423544],[46.81224971474444,24.556598440060597],[46.81245033935597,24.556607916469645],[46.81244478267577,24.556705238212416]]]}},{"type":"Feature","properties":{"height":-1,"confidence":-1},"geometry":{"type":"Polygon","coordinates":[[[46.81437803081698,24.55735851458317],[46.81443089623846,24.557301439114255],[46.81446797805832,24.55732985312345],[46.814415110068175,24.557386926611187],[46.81437803081698,24.55735851458317]]]}},{"type":"Feature","properties":{"height":-1,"confidence":-1},"geometry":{"type":"Polygon","coordinates":[[[46.81462438722286,24.562491570586943],[46.81465286550403,24.562390896751268],[46.814690600846404,24.562399726725133],[46.81466212256527,24.56250040055373],[46.81462438722286,24.562491570586943]]]}},{"type":"Feature","properties":{"height":-1,"confidence":-1},"geometry":{"type":"Polygon","coordinates":[[[46.82052367473367,24.568717552842173],[46.820516335371835,24.568797494714502],[46.82044708075907,24.568792235721475],[46.820446191139446,24.568801925642333],[46.82037427288773,24.56879646438051],[46.82038628275256,24.56866565037997],[46.82049815558855,24.568674145684895],[46.82049704356404,24.56868625809726],[46.82045708897976,24.568683224060166],[46.8204544201209,24.568712293845778],[46.82052367473367,24.568717552842173]]]}},{"type":"Feature","properties":{"height":-1,"confidence":-1},"geometry":{"type":"Polygon","coordinates":[[[46.83490912236901,24.569029602238786],[46.83487695014005,24.56904651116544],[46.83484093201477,24.56898982109753],[46.83504282803323,24.56888370946534],[46.83510483920111,24.568981299052297],[46.83493510463555,24.569070496540405],[46.83490912236901,24.569029602238786]]]}},{"type":"Feature","properties":{"height":-1,"confidence":-1},"geometry":{"type":"Polygon","coordinates":[[[46.813460719117344,24.55783851340871],[46.81353363105675,24.557675146072327],[46.813616530191226,24.55770575371679],[46.81354361825182,24.55786912101331],[46.813460719117344,24.55783851340871]]]}},{"type":"Feature","properties":{"height":-1,"confidence":-1},"geometry":{"type":"Polygon","coordinates":[[[46.81411391332962,24.55610548631205],[46.81428467279519,24.55608298475461],[46.814307279545744,24.556224912701325],[46.81413651838433,24.556247403586383],[46.81411391332962,24.55610548631205]]]}},{"type":"Feature","properties":{"height":-1,"confidence":-1},"geometry":{"type":"Polygon","coordinates":[[[46.83154977920648,24.56710990709358],[46.83148276193024,24.567108456702954],[46.83148365499362,24.567074324399968],[46.83154090813065,24.567075563475044],[46.831540680340424,24.56708424394084],[46.83159869748959,24.567085503243547],[46.83159780442769,24.567119635486662],[46.8315495520691,24.567118588135855],[46.83154977920648,24.56710990709358]]]}},{"type":"Feature","properties":{"height":-1,"confidence":-1},"geometry":{"type":"Polygon","coordinates":[[[46.81278092215115,24.555742293084947],[46.81280225048848,24.555838401878844],[46.812645040851535,24.555867264296296],[46.81261330844719,24.55572427317007],[46.81275505484117,24.555698249649552],[46.81276545890814,24.555745132013726],[46.81278092215115,24.555742293084947]]]}},{"type":"Feature","properties":{"height":-1,"confidence":-1},"geometry":{"type":"Polygon","coordinates":[[[46.81281938726724,24.557613200260477],[46.81279696541338,24.55767475170167],[46.81275497843497,24.55766209866198],[46.81277740455653,24.557600548500716],[46.81281938726724,24.557613200260477]]]}},{"type":"Feature","properties":{"height":-1,"confidence":-1},"geometry":{"type":"Polygon","coordinates":[[[46.814786197978854,24.558744721214794],[46.81481178225927,24.558663569344645],[46.8149059624964,24.558688131939732],[46.81488037821598,24.558769283793964],[46.814786197978854,24.558744721214794]]]}},{"type":"Feature","properties":{"height":-1,"confidence":-1},"geometry":{"type":"Polygon","coordinates":[[[46.81802012274551,24.567598020696536],[46.817435795652635,24.567353432301914],[46.81802102786988,24.566196974605305],[46.81860537049541,24.56644153456307],[46.81802012274551,24.567598020696536]]]}},{"type":"Feature","properties":{"height":-1,"confidence":-1},"geometry":{"type":"Polygon","coordinates":[[[46.84248595460276,24.567173751598247],[46.84264088838292,24.567073504285702],[46.842649042985755,24.567083928845108],[46.84269534350433,24.567053967908294],[46.84273280098189,24.567101852239418],[46.842747047766245,24.567092634093797],[46.84280967632634,24.567172696222784],[46.84261200872789,24.567300606204952],[46.84255190755242,24.56722377507417],[46.842534099071926,24.56723529774405],[46.84248595460276,24.567173751598247]]]}},{"type":"Feature","properties":{"height":-1,"confidence":-1},"geometry":{"type":"Polygon","coordinates":[[[46.81415628522689,24.558186743738204],[46.81424166140842,24.558218037554767],[46.81415146132146,24.558421614183032],[46.814066085139935,24.558390320417274],[46.81415628522689,24.558186743738204]]]}},{"type":"Feature","properties":{"height":-1,"confidence":-1},"geometry":{"type":"Polygon","coordinates":[[[46.81464249895765,24.55702881114864],[46.81475599660513,24.55690525834858],[46.81487604099476,24.556996486299923],[46.81476254334728,24.557120039010073],[46.81464249895765,24.55702881114864]]]}},{"type":"Feature","properties":{"height":-1,"confidence":-1},"geometry":{"type":"Polygon","coordinates":[[[46.84413222674596,24.56558695348801],[46.84409452229452,24.565602575301014],[46.84404015541077,24.565652021203192],[46.84395716672632,24.5655765441753],[46.843909096299164,24.565596460849434],[46.84387064417868,24.56551969402608],[46.8440009184064,24.56546571840248],[46.84405316084218,24.565418204585015],[46.844086146727044,24.56548405852817],[46.84416621923447,24.56555688338902],[46.84421047568321,24.5655166327536],[46.844486743211746,24.565767894084445],[46.84442459916316,24.56582441313057],[46.84439877979895,24.56583511066117],[46.84441996882065,24.56587741287997],[46.84441164135933,24.56588498657142],[46.844457674081525,24.565926852579963],[46.844441298041076,24.56593363648595],[46.844370407438454,24.565998110299674],[46.844368225736716,24.565999014225483],[46.84432158706543,24.56590590385015],[46.844351070858195,24.56587908881957],[46.84432584930539,24.56582873596794],[46.84429254486922,24.565842534727878],[46.844198909842085,24.56575737512894],[46.84415494175595,24.56566959619576],[46.84418901801109,24.56563860433633],[46.84413222674596,24.56558695348801]]]}},{"type":"Feature","properties":{"height":-1,"confidence":-1},"geometry":{"type":"Polygon","coordinates":[[[46.81647943087183,24.55597319326982],[46.81655764614113,24.556002176511612],[46.81650184905166,24.556126768177805],[46.81642363186985,24.55609778923531],[46.81647943087183,24.55597319326982]]]}},{"type":"Feature","properties":{"height":-1,"confidence":-1},"geometry":{"type":"Polygon","coordinates":[[[46.8179737433318,24.567600245086567],[46.81795659900856,24.56764617958703],[46.81790128201226,24.567629102342934],[46.817918426335495,24.56758316783619],[46.8179737433318,24.567600245086567]]]}},{"type":"Feature","properties":{"height":-1,"confidence":-1},"geometry":{"type":"Polygon","coordinates":[[[46.83038054990331,24.56667582290639],[46.83047353802411,24.566621450970445],[46.83066079410607,24.566886316608176],[46.8305678089459,24.56694069261694],[46.83038054990331,24.56667582290639]]]}},{"type":"Feature","properties":{"height":-1,"confidence":-1},"geometry":{"type":"Polygon","coordinates":[[[46.83309455095005,24.565414239722045],[46.83315414297512,24.565374770782412],[46.83320264540168,24.565435345229503],[46.83314305337656,24.56547481415005],[46.83309455095005,24.565414239722045]]]}},{"type":"Feature","properties":{"height":-1,"confidence":-1},"geometry":{"type":"Polygon","coordinates":[[[46.84221146163656,24.56707341446139],[46.84217398534281,24.567100811713047],[46.84212683434834,24.567047463220675],[46.84216431064209,24.567020065957365],[46.84221146163656,24.56707341446139]]]}},{"type":"Feature","properties":{"height":-1,"confidence":-1},"geometry":{"type":"Polygon","coordinates":[[[46.84367881502959,24.568580011371296],[46.84360548681637,24.568481013099927],[46.8437980883588,24.56836301493901],[46.843896280610096,24.56849556775471],[46.843718431827554,24.56860452746271],[46.84369357480611,24.56857096874198],[46.84367881502959,24.568580011371296]]]}},{"type":"Feature","properties":{"height":-1,"confidence":-1},"geometry":{"type":"Polygon","coordinates":[[[46.81230406184043,24.56806875334111],[46.81294625770376,24.568330164163527],[46.81233724959909,24.569567838075486],[46.811694974385034,24.569306397534632],[46.81230406184043,24.56806875334111]]]}},{"type":"Feature","properties":{"height":-1,"confidence":-1},"geometry":{"type":"Polygon","coordinates":[[[46.81325529025726,24.5647348027385],[46.813337374715694,24.564766152890385],[46.81318225990757,24.565102100625765],[46.81315261829761,24.565090779768823],[46.81316602328101,24.565061747281376],[46.81311358043254,24.565041718065828],[46.81325529025726,24.5647348027385]]]}},{"type":"Feature","properties":{"height":-1,"confidence":-1},"geometry":{"type":"Polygon","coordinates":[[[46.81443578686541,24.562803868759246],[46.81449050446962,24.5626992246266],[46.81456706377687,24.56273234428707],[46.81451234825088,24.562836984417586],[46.81443578686541,24.562803868759246]]]}},{"type":"Feature","properties":{"height":-1,"confidence":-1},"geometry":{"type":"Polygon","coordinates":[[[46.81245614325117,24.561338510416604],[46.81261371870098,24.56141153331896],[46.81255404548237,24.56151805298873],[46.8123964700326,24.56144503014842],[46.81245614325117,24.561338510416604]]]}},{"type":"Feature","properties":{"height":-1,"confidence":-1},"geometry":{"type":"Polygon","coordinates":[[[46.81346110619723,24.555433472005603],[46.81353508854324,24.555432044984258],[46.81353577305373,24.555461307326382],[46.81346178845704,24.5554627343908],[46.81346110619723,24.555433472005603]]]}},{"type":"Feature","properties":{"height":-1,"confidence":-1},"geometry":{"type":"Polygon","coordinates":[[[46.81803829784314,24.56812337396616],[46.81806692566001,24.56813649951272],[46.818031346122496,24.56820068626243],[46.81800271436721,24.568187558916847],[46.81803829784314,24.56812337396616]]]}},{"type":"Feature","properties":{"height":-1,"confidence":-1},"geometry":{"type":"Polygon","coordinates":[[[46.83151661646073,24.56691263259171],[46.831625505007594,24.566847792133373],[46.831674673461265,24.566916089776612],[46.8315657849144,24.56698093019962],[46.83151661646073,24.56691263259171]]]}},{"type":"Feature","properties":{"height":-1,"confidence":-1},"geometry":{"type":"Polygon","coordinates":[[[46.8135079133322,24.55736812134343],[46.813589567585,24.557393508113805],[46.81355837239017,24.55747651377881],[46.81347671813737,24.55745112702523],[46.8135079133322,24.55736812134343]]]}},{"type":"Feature","properties":{"height":-1,"confidence":-1},"geometry":{"type":"Polygon","coordinates":[[[46.81442977753134,24.55768853537397],[46.81457611498597,24.557752095197543],[46.8144874599216,24.557920953521275],[46.81434112246697,24.557857393783323],[46.81442977753134,24.55768853537397]]]}},{"type":"Feature","properties":{"height":-1,"confidence":-1},"geometry":{"type":"Polygon","coordinates":[[[46.81471204931916,24.555499157119016],[46.814680090858886,24.555579959652704],[46.814531432585355,24.555531308178942],[46.81459500927195,24.555370594499564],[46.81474224771583,24.55541877199373],[46.81471063167996,24.55549869325749],[46.81471204931916,24.555499157119016]]]}},{"type":"Feature","properties":{"height":-1,"confidence":-1},"geometry":{"type":"Polygon","coordinates":[[[46.83175511981736,24.56705919822086],[46.831725198620916,24.567078895349326],[46.83168952713855,24.567034074613858],[46.831649045519775,24.567060723674587],[46.83160700412984,24.567007899227022],[46.83169500764884,24.56694996645463],[46.83174596690937,24.56701399611478],[46.831728366205596,24.567025582665494],[46.83175511981736,24.56705919822086]]]}},{"type":"Feature","properties":{"height":-1,"confidence":-1},"geometry":{"type":"Polygon","coordinates":[[[46.84431514290226,24.569092909968077],[46.844469091612766,24.56899759358558],[46.84450700994324,24.569048243788032],[46.84445860348232,24.569078217422813],[46.84452050412585,24.56916091093801],[46.84441496780065,24.569226253017177],[46.84431514290226,24.569092909968077]]]}},{"type":"Feature","properties":{"height":-1,"confidence":-1},"geometry":{"type":"Polygon","coordinates":[[[46.813537543539006,24.557049653313342],[46.81339490361062,24.557397372654748],[46.8134222969433,24.55740667062021],[46.81340768945696,24.557442273167425],[46.813363816794336,24.557427384511982],[46.813381386139355,24.557384555044436],[46.813244828397,24.557338212692727],[46.81338450468986,24.556997717779353],[46.813537543539006,24.557049653313342]]]}},{"type":"Feature","properties":{"height":-1,"confidence":-1},"geometry":{"type":"Polygon","coordinates":[[[46.82620713207734,24.557749494981678],[46.82619330549958,24.55777985212528],[46.82614751781841,24.557762602675396],[46.82616134552931,24.557732243039794],[46.82620713207734,24.557749494981678]]]}},{"type":"Feature","properties":{"height":-1,"confidence":-1},"geometry":{"type":"Polygon","coordinates":[[[46.83031196862373,24.56710545098217],[46.83021340793216,24.56715928550308],[46.83003464513336,24.566888577116245],[46.83013320582493,24.56683474247903],[46.83031196862373,24.56710545098217]]]}},{"type":"Feature","properties":{"height":-1,"confidence":-1},"geometry":{"type":"Polygon","coordinates":[[[46.84022691530321,24.56234441404723],[46.84018402784187,24.562368329037128],[46.840146976664144,24.562313365255733],[46.840189864125485,24.562289450255335],[46.84022691530321,24.56234441404723]]]}},{"type":"Feature","properties":{"height":-1,"confidence":-1},"geometry":{"type":"Polygon","coordinates":[[[46.813799230753986,24.556458981167992],[46.813738185235984,24.556464689796115],[46.813733546226885,24.55642365025038],[46.81379459174489,24.55641794162038],[46.813799230753986,24.556458981167992]]]}},{"type":"Feature","properties":{"height":-1,"confidence":-1},"geometry":{"type":"Polygon","coordinates":[[[46.81499336331146,24.55807881806338],[46.81493566162787,24.558054847062436],[46.81498126917601,24.557964012755733],[46.815145497044675,24.55803223794966],[46.815104367397666,24.55811415379965],[46.81499783839533,24.558069905263963],[46.81499336331146,24.55807881806338]]]}},{"type":"Feature","properties":{"height":-1,"confidence":-1},"geometry":{"type":"Polygon","coordinates":[[[46.84237203806559,24.562056682585137],[46.84230660889479,24.562086457700715],[46.842288360177015,24.562053290719533],[46.84235379138902,24.56202351466716],[46.84237203806559,24.562056682585137]]]}},{"type":"Feature","properties":{"height":-1,"confidence":-1},"geometry":{"type":"Polygon","coordinates":[[[46.81437789611154,24.564300886083203],[46.81434710612314,24.564364104879445],[46.8143201991142,24.56435326487805],[46.81435098910259,24.564290046076366],[46.81437789611154,24.564300886083203]]]}},{"type":"Feature","properties":{"height":-1,"confidence":-1},"geometry":{"type":"Polygon","coordinates":[[[46.81445321780838,24.555133658923708],[46.814498792929655,24.555151101376154],[46.81446235707472,24.55522986278065],[46.81441678195348,24.55521242033913],[46.81445321780838,24.555133658923708]]]}},{"type":"Feature","properties":{"height":-1,"confidence":-1},"geometry":{"type":"Polygon","coordinates":[[[46.83499415633332,24.56704294401773],[46.834865408890934,24.56711054598202],[46.834781786805316,24.566978816772178],[46.83491053424775,24.566911214736834],[46.83499415633332,24.56704294401773]]]}},{"type":"Feature","properties":{"height":-1,"confidence":-1},"geometry":{"type":"Polygon","coordinates":[[[46.8436000320349,24.558763018056183],[46.843634750066194,24.558743282253843],[46.84367694211809,24.55880468251756],[46.84364222408679,24.558824418310238],[46.8436000320349,24.558763018056183]]]}},{"type":"Feature","properties":{"height":-1,"confidence":-1},"geometry":{"type":"Polygon","coordinates":[[[46.84384955200747,24.566057545301803],[46.843972707069696,24.56598921827222],[46.84404973380489,24.566104070639895],[46.844112290703464,24.566069367766772],[46.84414090825164,24.56611203856157],[46.84409985528693,24.566134812315383],[46.84412966523296,24.566179261036453],[46.84416289858535,24.56616082514735],[46.84422609567092,24.566255056397722],[46.84405210929669,24.56635157359682],[46.84399248940466,24.56626267626116],[46.843967075664594,24.566276774282784],[46.843924149342335,24.566212768169265],[46.84394565327621,24.56620083906806],[46.84384955200747,24.566057545301803]]]}},{"type":"Feature","properties":{"height":-1,"confidence":-1},"geometry":{"type":"Polygon","coordinates":[[[46.81315447944109,24.556299055577057],[46.81315941950181,24.556389096974016],[46.81310590857504,24.5563915257554],[46.81310096851428,24.55630148436019],[46.81315447944109,24.556299055577057]]]}},{"type":"Feature","properties":{"height":-1,"confidence":-1},"geometry":{"type":"Polygon","coordinates":[[[46.81403888999731,24.55652826543333],[46.81420068977345,24.556466352597738],[46.814261668380816,24.556598187252575],[46.81409987265228,24.556660108773926],[46.81403888999731,24.55652826543333]]]}},{"type":"Feature","properties":{"height":-1,"confidence":-1},"geometry":{"type":"Polygon","coordinates":[[[46.83422222166721,24.564764555262727],[46.83446969580535,24.564624481456534],[46.83467183807839,24.56491989333911],[46.83451136656696,24.565010722251586],[46.83464131517107,24.56520062938516],[46.83467611622176,24.565180931584152],[46.83479162609206,24.56534973771008],[46.83470190577021,24.565400520385097],[46.834764478688456,24.56549195403396],[46.83396096697122,24.565946749129708],[46.83376123115381,24.565654856450607],[46.83446806013,24.565254783840047],[46.8344259437427,24.5651932418519],[46.834490541470146,24.565156678779303],[46.83422222166721,24.564764555262727]]]}},{"type":"Feature","properties":{"height":-1,"confidence":-1},"geometry":{"type":"Polygon","coordinates":[[[46.843205556799184,24.568331258457334],[46.84316114709343,24.568264350642664],[46.843301931100285,24.568187068796334],[46.843337530049276,24.568240708549737],[46.84336188609222,24.568227338566274],[46.8434086629735,24.568297812795507],[46.84329071160871,24.56836256836573],[46.84325273734514,24.568305356226773],[46.843205556799184,24.568331258457334]]]}},{"type":"Feature","properties":{"height":-1,"confidence":-1},"geometry":{"type":"Polygon","coordinates":[[[46.844494441388925,24.565145855322328],[46.84442548703122,24.565054950673527],[46.84447155630453,24.565026045034486],[46.844518384486626,24.565013269296557],[46.844501843939454,24.564963131423127],[46.844564998108346,24.564923506030865],[46.8445653825854,24.56492467173399],[46.84463182298742,24.56501226224991],[46.84459130642751,24.564889419353534],[46.84465036401321,24.564873303393526],[46.844658778859994,24.56489881653407],[46.84476047802433,24.56483500646732],[46.84486027243877,24.564807780355935],[46.84485712946917,24.56480363687278],[46.845131541191954,24.564631459929842],[46.84516209521942,24.564671740387382],[46.84513847114197,24.564686564591312],[46.84517060212141,24.564728923981605],[46.84512506971836,24.564757492835298],[46.845181116399175,24.564742202059207],[46.845209929646884,24.564829561584972],[46.84518264936869,24.564846680047864],[46.84515513795278,24.564854185765554],[46.84488107993462,24.565026157919505],[46.84483685462537,24.564967854287147],[46.84473296167009,24.564996198534303],[46.844494441388925,24.565145855322328]]]}},{"type":"Feature","properties":{"height":-1,"confidence":-1},"geometry":{"type":"Polygon","coordinates":[[[46.83036453270966,24.568038088562773],[46.83068318264645,24.56785933529636],[46.8307455023905,24.567951223826384],[46.8304268524537,24.568129976961742],[46.83036453270966,24.568038088562773]]]}},{"type":"Feature","properties":{"height":-1,"confidence":-1},"geometry":{"type":"Polygon","coordinates":[[[46.814975072099756,24.56246765100707],[46.81500169591783,24.562367599467848],[46.81503716959894,24.562375405697807],[46.81501054521324,24.562475459363952],[46.814975072099756,24.56246765100707]]]}},{"type":"Feature","properties":{"height":-1,"confidence":-1},"geometry":{"type":"Polygon","coordinates":[[[46.84273532433594,24.553138696824846],[46.84280799254271,24.55307998274077],[46.842834627570056,24.553107255796803],[46.84276196053622,24.553165968920396],[46.84273532433594,24.553138696824846]]]}},{"type":"Feature","properties":{"height":-1,"confidence":-1},"geometry":{"type":"Polygon","coordinates":[[[46.84323461842461,24.55378182119064],[46.84335227270605,24.553748963209046],[46.84337710841898,24.55382253601526],[46.84331337901654,24.55384033407924],[46.84332165758749,24.553864858334904],[46.84326773270848,24.553879918230308],[46.84323461842461,24.55378182119064]]]}},{"type":"Feature","properties":{"height":-1,"confidence":-1},"geometry":{"type":"Polygon","coordinates":[[[46.81404441042919,24.55582330561461],[46.8138824628175,24.55582095507387],[46.813883314871134,24.555772175001195],[46.81383610719253,24.555771489819023],[46.813837492964986,24.555692502264236],[46.81388307896116,24.555693161007426],[46.813883276379286,24.555681908379313],[46.81404684947695,24.55568428251533],[46.81404441042919,24.55582330561461]]]}},{"type":"Feature","properties":{"height":-1,"confidence":-1},"geometry":{"type":"Polygon","coordinates":[[[46.84389973990287,24.559294145287907],[46.84396862619637,24.559392174608348],[46.84377628520796,24.55950397311865],[46.843707405023004,24.559405952578473],[46.84389973990287,24.559294145287907]]]}},{"type":"Feature","properties":{"height":-1,"confidence":-1},"geometry":{"type":"Polygon","coordinates":[[[46.81595513388248,24.565995567564457],[46.81567537838452,24.56656492208468],[46.814760083859824,24.5661929797936],[46.81503980283469,24.5656236087421],[46.81595513388248,24.565995567564457]]]}},{"type":"Feature","properties":{"height":-1,"confidence":-1},"geometry":{"type":"Polygon","coordinates":[[[46.822450067631706,24.542897895900452],[46.822452613963655,24.542963690907385],[46.82232798097884,24.542967682110998],[46.82232543970293,24.54290188694425],[46.822450067631706,24.542897895900452]]]}},{"type":"Feature","properties":{"height":-1,"confidence":-1},"geometry":{"type":"Polygon","coordinates":[[[46.839071009714125,24.562270363288533],[46.83916018033433,24.56238244170723],[46.83900174240312,24.5624867150229],[46.83891257178287,24.562374636697413],[46.839071009714125,24.562270363288533]]]}},{"type":"Feature","properties":{"height":-1,"confidence":-1},"geometry":{"type":"Polygon","coordinates":[[[46.84354191203796,24.56691988146484],[46.843338064552235,24.566919621954128],[46.84333832893691,24.566747843213193],[46.843432206059305,24.56674796870044],[46.84343213096961,24.5667967567681],[46.84339189791716,24.566796702987872],[46.84339185129785,24.56682699298345],[46.843448177576775,24.5668270646904],[46.84344831273822,24.566739246167558],[46.84354218986981,24.56673936567924],[46.84354191203796,24.56691988146484]]]}},{"type":"Feature","properties":{"height":-1,"confidence":-1},"geometry":{"type":"Polygon","coordinates":[[[46.84456516907411,24.565371505931893],[46.84476704329485,24.565264143383075],[46.844874571483366,24.565431384920146],[46.844794621296934,24.565473904695722],[46.8447794270964,24.565450272760955],[46.84465750306209,24.56551511540316],[46.84456516907411,24.565371505931893]]]}},{"type":"Feature","properties":{"height":-1,"confidence":-1},"geometry":{"type":"Polygon","coordinates":[[[46.84025296984066,24.562406841021797],[46.84039806863384,24.562437413266153],[46.84037978732897,24.562509185659877],[46.840426910503496,24.562519114482257],[46.84040214938582,24.562616355922657],[46.8404848443455,24.56263377968179],[46.84044032406723,24.562808565926474],[46.84024176476851,24.562766742341225],[46.8402538535291,24.56271928197532],[46.840177485743204,24.562703191357514],[46.84025296984066,24.562406841021797]]]}},{"type":"Feature","properties":{"height":-1,"confidence":-1},"geometry":{"type":"Polygon","coordinates":[[[46.81323128906231,24.55772534404369],[46.81334775188597,24.55752868348094],[46.81343091300988,24.557569425056215],[46.81331445018622,24.557766085555073],[46.81323128906231,24.55772534404369]]]}},{"type":"Feature","properties":{"height":-1,"confidence":-1},"geometry":{"type":"Polygon","coordinates":[[[46.81709242259405,24.551870523686517],[46.817050280961546,24.551875717528986],[46.817039931368285,24.55180624181989],[46.817082073000826,24.55180104797455],[46.81709242259405,24.551870523686517]]]}},{"type":"Feature","properties":{"height":-1,"confidence":-1},"geometry":{"type":"Polygon","coordinates":[[[46.83131683878917,24.566664750630736],[46.83143658344452,24.566608323909676],[46.83153081542542,24.56677370868644],[46.83141106073646,24.56683014006113],[46.83131683878917,24.566664750630736]]]}},{"type":"Feature","properties":{"height":-1,"confidence":-1},"geometry":{"type":"Polygon","coordinates":[[[46.83746919794042,24.56183537286401],[46.83733776832911,24.56187888571735],[46.837303289356036,24.56179272061253],[46.83743471311259,24.56174920966768],[46.83746919794042,24.56183537286401]]]}},{"type":"Feature","properties":{"height":-1,"confidence":-1},"geometry":{"type":"Polygon","coordinates":[[[46.813127254748665,24.55768351188901],[46.813225450674295,24.55747247970639],[46.8133133273426,24.557506312509418],[46.81321511764566,24.557717339333095],[46.813127254748665,24.55768351188901]]]}},{"type":"Feature","properties":{"height":-1,"confidence":-1},"geometry":{"type":"Polygon","coordinates":[[[46.81687824481446,24.56829734187572],[46.81718654388773,24.567704271886484],[46.81794505021604,24.568030409751316],[46.8178937565709,24.568129082452685],[46.8178521056157,24.56811117101722],[46.81783655969187,24.568141076432],[46.81776421855919,24.56810996709808],[46.81751237459303,24.568594433943602],[46.81728571337499,24.568496961653437],[46.817296078578124,24.568477025306876],[46.81687824481446,24.56829734187572]]]}},{"type":"Feature","properties":{"height":-1,"confidence":-1},"geometry":{"type":"Polygon","coordinates":[[[46.8435440984722,24.567431638732913],[46.8435494742822,24.56761547070552],[46.843517310524504,24.567616248684587],[46.84351638382051,24.567584559000068],[46.84346178486711,24.56758587964343],[46.84346260852225,24.56761411977233],[46.84336075624452,24.567616576898686],[46.84335549502242,24.567436188686898],[46.8435440984722,24.567431638732913]]]}},{"type":"Feature","properties":{"height":-1,"confidence":-1},"geometry":{"type":"Polygon","coordinates":[[[46.81822166104516,24.566209051807704],[46.818132785973496,24.566172257302426],[46.818136831008445,24.566164174276807],[46.818088803636684,24.566144290817206],[46.818127739165725,24.566066499487036],[46.81826464026266,24.566123168217786],[46.81822166104516,24.566209051807704]]]}},{"type":"Feature","properties":{"height":-1,"confidence":-1},"geometry":{"type":"Polygon","coordinates":[[[46.8422840388442,24.559677747265837],[46.84256488158007,24.56009446832718],[46.84236016588863,24.560208598235178],[46.84207932315276,24.55979187755318],[46.8422840388442,24.559677747265837]]]}},{"type":"Feature","properties":{"height":-1,"confidence":-1},"geometry":{"type":"Polygon","coordinates":[[[46.83043929540529,24.56702906773758],[46.83034274541417,24.567089418559306],[46.83014182381949,24.56682354335925],[46.830238376965006,24.56676319658365],[46.83043929540529,24.56702906773758]]]}},{"type":"Feature","properties":{"height":-1,"confidence":-1},"geometry":{"type":"Polygon","coordinates":[[[46.831059001267434,24.56622571177624],[46.83116912329765,24.566165288547268],[46.8313494523061,24.566437134768464],[46.831239330275885,24.5664975578664],[46.831059001267434,24.56622571177624]]]}},{"type":"Feature","properties":{"height":-1,"confidence":-1},"geometry":{"type":"Polygon","coordinates":[[[46.84231443788229,24.566888220447254],[46.842460269382485,24.566800109619734],[46.84246645027149,24.56680857218825],[46.84250180878576,24.566787208703005],[46.84257667388436,24.56688971027772],[46.842395483949424,24.56699917291367],[46.84231443788229,24.566888220447254]]]}},{"type":"Feature","properties":{"height":-1,"confidence":-1},"geometry":{"type":"Polygon","coordinates":[[[46.84254380627337,24.559496572291877],[46.8432840736793,24.559053378306714],[46.84356739218024,24.55944485466358],[46.84282714579122,24.559888034682288],[46.84254380627337,24.559496572291877]]]}},{"type":"Feature","properties":{"height":-1,"confidence":-1},"geometry":{"type":"Polygon","coordinates":[[[46.844966227027115,24.561298515252304],[46.84425768538852,24.56176735937855],[46.84407954299508,24.561544678935192],[46.84478806104163,24.561075804485625],[46.844966227027115,24.561298515252304]]]}},{"type":"Feature","properties":{"height":-1,"confidence":-1},"geometry":{"type":"Polygon","coordinates":[[[46.81340910710216,24.555565581070667],[46.81322373810677,24.555603460317997],[46.81321090639959,24.555551510799404],[46.81316136927759,24.555561636623665],[46.813140922946715,24.555478884833775],[46.813200680200985,24.555466673720332],[46.813190928287305,24.55542719278911],[46.81336607119492,24.555391403142806],[46.81340910710216,24.555565581070667]]]}},{"type":"Feature","properties":{"height":-1,"confidence":-1},"geometry":{"type":"Polygon","coordinates":[[[46.814096520050605,24.560913582899104],[46.814158880203166,24.560946332183505],[46.814035065602035,24.56114138568239],[46.81407434818706,24.56116201293048],[46.814032533342875,24.56122787861304],[46.81388367362392,24.56114971253912],[46.813927811514986,24.561080187607615],[46.81397502639531,24.56110498010814],[46.814096520050605,24.560913582899104]]]}},{"type":"Feature","properties":{"height":-1,"confidence":-1},"geometry":{"type":"Polygon","coordinates":[[[46.819559780006756,24.561254333204246],[46.8195971299084,24.56119991354103],[46.81963573219597,24.56122182992651],[46.81955500821503,24.561339446567686],[46.81946429283918,24.56128794310412],[46.81950766691851,24.56122474609063],[46.819559780006756,24.561254333204246]]]}},{"type":"Feature","properties":{"height":-1,"confidence":-1},"geometry":{"type":"Polygon","coordinates":[[[46.84309470933822,24.567770744661942],[46.84308541405631,24.567756114376976],[46.84304117590033,24.5677793622758],[46.84296913746567,24.567665977530453],[46.84319233907095,24.567548681163515],[46.843273672787475,24.567676696310926],[46.84309470933822,24.567770744661942]]]}},{"type":"Feature","properties":{"height":-1,"confidence":-1},"geometry":{"type":"Polygon","coordinates":[[[46.84389611044877,24.568920923113197],[46.843960465439544,24.569038029043952],[46.843801656439915,24.569110224096335],[46.84373730144914,24.568993118233053],[46.84389611044877,24.568920923113197]]]}},{"type":"Feature","properties":{"height":-1,"confidence":-1},"geometry":{"type":"Polygon","coordinates":[[[46.84420712286791,24.56715870394264],[46.844207428481525,24.567266036815752],[46.84415378466093,24.567266163155537],[46.84415407638302,24.567368617175845],[46.84400923806748,24.56736895829303],[46.84400807812498,24.56696158109878],[46.844206560261064,24.56696111364039],[46.84420712286791,24.56715870394264]]]}},{"type":"Feature","properties":{"height":-1,"confidence":-1},"geometry":{"type":"Polygon","coordinates":[[[46.811987678994505,24.564022246260166],[46.8121018493689,24.563825894551996],[46.812147961837624,24.563848073500324],[46.81203379146323,24.564044425173762],[46.811987678994505,24.564022246260166]]]}},{"type":"Feature","properties":{"height":-1,"confidence":-1},"geometry":{"type":"Polygon","coordinates":[[[46.81291551750173,24.555462033948444],[46.81297125766697,24.555613389311674],[46.812804852426545,24.55566407763962],[46.8127491122613,24.555512722337568],[46.81291551750173,24.555462033948444]]]}},{"type":"Feature","properties":{"height":-1,"confidence":-1},"geometry":{"type":"Polygon","coordinates":[[[46.81990795602849,24.56707457430055],[46.81928958210354,24.568290228051637],[46.818695265236826,24.56804017328089],[46.81931363916173,24.56682451710438],[46.81990795602849,24.56707457430055]]]}},{"type":"Feature","properties":{"height":-1,"confidence":-1},"geometry":{"type":"Polygon","coordinates":[[[46.83486112376776,24.565757232328096],[46.83480836592382,24.565782210873408],[46.834780901419116,24.56573422842],[46.83483365926305,24.565709249865108],[46.83486112376776,24.565757232328096]]]}},{"type":"Feature","properties":{"height":-1,"confidence":-1},"geometry":{"type":"Polygon","coordinates":[[[46.83553672008005,24.567022073832433],[46.835498986924534,24.56704239333368],[46.835516625345576,24.56706948599691],[46.83549406999523,24.567081632166634],[46.83545291007759,24.567018417889116],[46.83551320218534,24.566985950266513],[46.83553672008005,24.567022073832433]]]}},{"type":"Feature","properties":{"height":-1,"confidence":-1},"geometry":{"type":"Polygon","coordinates":[[[46.8431211330956,24.568699230427043],[46.84320060205133,24.56867343775467],[46.84322522940653,24.56873618638363],[46.84314575616746,24.568761980433322],[46.8431211330956,24.568699230427043]]]}},{"type":"Feature","properties":{"height":-1,"confidence":-1},"geometry":{"type":"Polygon","coordinates":[[[46.844187018754376,24.56686841448824],[46.844069055840535,24.566870719663683],[46.84406570270501,24.56672832525888],[46.84412637970115,24.56672714339868],[46.84412718617037,24.56676127941566],[46.84418446963905,24.56676016365452],[46.844187018754376,24.56686841448824]]]}}]}