{"type":"FeatureCollection","name":"riyadh_plan_2705_5_parcels","metadata":{"plan_no":"2705/5","plan_id":"2620","parcel_count":2146,"block_count":110,"unassigned_authoritative_feature_count":4,"coordinate_reference_system":"WGS 84 (EPSG:4326)","generated_at":"2026-09-05T10:30:38.993133+00:00","source":"Al Riyadh Geoportal public parcel geometry layers"},"features":[{"type":"Feature","properties":{"plan_no":"2705/5","plan_id":"2620","block_no":"0","parcel_no":"1868","parcel_id":14318407,"object_id":6208455,"area_m2":2435.337721525},"geometry":{"type":"Polygon","coordinates":[[[46.818228973740645,24.563945185905528],[46.81858617932039,24.564114339379003],[46.81835907350983,24.5645252773548],[46.81793830553999,24.564326061303195],[46.81816980436315,24.56391716643108],[46.818228973740645,24.563945185905528]]]}},{"type":"Feature","properties":{"plan_no":"2705/5","plan_id":"2620","block_no":"0","parcel_no":"1869","parcel_id":14318079,"object_id":7171109,"area_m2":4778.967055455},"geometry":{"type":"Polygon","coordinates":[[[46.8167517869045,24.560531657815194],[46.81653392501441,24.560916466626406],[46.815657376293125,24.56050134865039],[46.81584580466452,24.560168532298338],[46.81593208652661,24.56014346269525],[46.8167517869045,24.560531657815194]]]}},{"type":"Feature","properties":{"plan_no":"2705/5","plan_id":"2620","block_no":"0","parcel_no":"1870","parcel_id":14318047,"object_id":6229213,"area_m2":3941.779825655},"geometry":{"type":"Polygon","coordinates":[[[46.81931848726325,24.557175970428858],[46.819563461615665,24.556743098172653],[46.820203390999914,24.557046057842374],[46.81995837299137,24.557478999292606],[46.81931848726325,24.557175970428858]]]}},{"type":"Feature","properties":{"plan_no":"2705/5","plan_id":"2620","block_no":"0","parcel_no":"1871","parcel_id":14318705,"object_id":6179223,"area_m2":2460.08378415},"geometry":{"type":"Polygon","coordinates":[[[46.821801272581304,24.560801332503956],[46.821585306141955,24.561182756433293],[46.82113202602356,24.560968271069072],[46.82134807765739,24.56058679253275],[46.821801272581304,24.560801332503956]]]}},{"type":"Feature","properties":{"plan_no":"2705/5","plan_id":"2620","block_no":"0","parcel_no":"1872","parcel_id":14317357,"object_id":6233134,"area_m2":3356.2868454950003},"geometry":{"type":"Polygon","coordinates":[[[46.821936449583426,24.5647346763178],[46.82150806356718,24.564999435527458],[46.82097826114228,24.564748626313552],[46.821187033804684,24.56437981270207],[46.821936449583426,24.5647346763178]]]}},{"type":"Feature","properties":{"plan_no":"2705/5","plan_id":"2620","block_no":"0","parcel_no":"1873","parcel_id":14315513,"object_id":6230090,"area_m2":5478.798667995},"geometry":{"type":"Polygon","coordinates":[[[46.827208189576474,24.562494972247546],[46.82769249582737,24.563127275548645],[46.82768889888863,24.563145951490526],[46.82720357710264,24.563456882172304],[46.82718315668908,24.563453592440116],[46.826698851512006,24.562821287450834],[46.827208189576474,24.562494972247546]]]}},{"type":"Feature","properties":{"plan_no":"2705/5","plan_id":"2620","block_no":"0","parcel_no":"1874","parcel_id":14318049,"object_id":6146925,"area_m2":2495.99717265},"geometry":{"type":"Polygon","coordinates":[[[46.82528417004262,24.558536399713745],[46.825740010184305,24.558752181533567],[46.82552217935509,24.55913700165807],[46.8250663381022,24.558921219248735],[46.82528417004262,24.558536399713745]]]}},{"type":"Feature","properties":{"plan_no":"2705/5","plan_id":"2620","block_no":"0","parcel_no":"1875","parcel_id":14315029,"object_id":6196242,"area_m2":2399.75954237},"geometry":{"type":"Polygon","coordinates":[[[46.825600835892836,24.556022920774446],[46.82561398387696,24.55602914560976],[46.8253871060569,24.556430077374895],[46.824966432113726,24.556230936695478],[46.825193364128175,24.55582999311618],[46.82520638386704,24.55583615814795],[46.825600835892836,24.556022920774446]]]}},{"type":"Feature","properties":{"plan_no":"2705/5","plan_id":"2620","block_no":"0","parcel_no":"1876","parcel_id":14316097,"object_id":6229503,"area_m2":3366.195637065},"geometry":{"type":"Polygon","coordinates":[[[46.82279077671257,24.55273074335344],[46.82255930564908,24.553139654742026],[46.822270042296566,24.553002702702987],[46.821980779544546,24.552865750069465],[46.82221222801965,24.55245688039588],[46.82279077671257,24.55273074335344]]]}},{"type":"Feature","properties":{"plan_no":"2705/5","plan_id":"2620","block_no":"0","parcel_no":"1877","parcel_id":14316985,"object_id":6176981,"area_m2":2773.9987599250003},"geometry":{"type":"Polygon","coordinates":[[[46.83014078189529,24.557166019461167],[46.829550630023434,24.557544140340482],[46.82933542630721,24.557263167826804],[46.82992557761348,24.556885046913877],[46.83014078189529,24.557166019461167]]]}},{"type":"Feature","properties":{"plan_no":"2705/5","plan_id":"2620","block_no":"0","parcel_no":"1878","parcel_id":14315027,"object_id":6177215,"area_m2":2880.000484755},"geometry":{"type":"Polygon","coordinates":[[[46.83147275287654,24.559707566747235],[46.83108470346678,24.559956198554417],[46.83074489567282,24.559512560636865],[46.83113294452216,24.559263930634806],[46.83147275287654,24.559707566747235]]]}},{"type":"Feature","properties":{"plan_no":"2705/5","plan_id":"2620","block_no":"0","parcel_no":"1879","parcel_id":14316977,"object_id":6156538,"area_m2":2650.894143095},"geometry":{"type":"Polygon","coordinates":[[[46.83622472705921,24.556927267549973],[46.8362489787584,24.55691172727233],[46.83651574903255,24.55674078486033],[46.83654000065828,24.556725244539674],[46.836916717175626,24.557217036005074],[46.83691312270117,24.55723571117653],[46.83660985558901,24.557430041662137],[46.83622472705921,24.556927267549973]]]}},{"type":"Feature","properties":{"plan_no":"2705/5","plan_id":"2620","block_no":"0","parcel_no":"1880","parcel_id":14318699,"object_id":6234059,"area_m2":2685.05205226},"geometry":{"type":"Polygon","coordinates":[[[46.83330464887592,24.554141146612785],[46.83332528279536,24.554160572477198],[46.8333455941386,24.554180283954704],[46.833365986367475,24.55419992311926],[46.8333863250166,24.55421961078407],[46.83340661007282,24.55423934604644],[46.83342684153616,24.55425912890643],[46.833447019393475,24.554278958461307],[46.833467143671044,24.554298836516544],[46.83348721435572,24.554318762169448],[46.83350723144752,24.554338735420018],[46.83352719494643,24.55435875626829],[46.83354710486557,24.554378825616972],[46.83356696019176,24.554398941672734],[46.83358676291201,24.55441910531424],[46.83360651106557,24.55443931746824],[46.833626206613175,24.554459577208025],[46.833650981066306,24.554485209446998],[46.83323092099204,24.554786549824456],[46.8332118448152,24.55477711318566],[46.83291643696657,24.554486106671476],[46.83330464887592,24.554141146612785]]]}},{"type":"Feature","properties":{"plan_no":"2705/5","plan_id":"2620","block_no":"0","parcel_no":"1881","parcel_id":14315781,"object_id":7241353,"area_m2":7940.884926755},"geometry":{"type":"Polygon","coordinates":[[[46.828300047335716,24.55275685762557],[46.828018770420414,24.553253951943347],[46.82689677391156,24.55272282157162],[46.82717661911726,24.552225048616933],[46.828300047335716,24.55275685762557]]]}},{"type":"Feature","properties":{"plan_no":"2705/5","plan_id":"2620","block_no":"0","parcel_no":"1882","parcel_id":14315573,"object_id":6230093,"area_m2":2431.35009874},"geometry":{"type":"Polygon","coordinates":[[[46.82352297187305,24.54904173913709],[46.82335054781397,24.549346351706717],[46.82278964678726,24.549080713946775],[46.82296200054928,24.548776148860497],[46.82352297187305,24.54904173913709]]]}},{"type":"Feature","properties":{"plan_no":"2705/5","plan_id":"2620","block_no":"0","parcel_no":"1883","parcel_id":14317477,"object_id":6167736,"area_m2":3423.61374106},"geometry":{"type":"Polygon","coordinates":[[[46.82913449663862,24.54882788500563],[46.8288667854336,24.54930102557656],[46.828358271256384,24.549060301781694],[46.82862600999025,24.548587117462805],[46.82913449663862,24.54882788500563]]]}},{"type":"Feature","properties":{"plan_no":"2705/5","plan_id":"2620","block_no":"0","parcel_no":"1884","parcel_id":14315129,"object_id":6382811,"area_m2":7831.916931095},"geometry":{"type":"Polygon","coordinates":[[[46.833733439194624,24.55004933523136],[46.83490064251938,24.550601672721577],[46.83463361123255,24.551073770638965],[46.83346682611449,24.55052042760821],[46.833488422515785,24.550482269191367],[46.833733439194624,24.55004933523136]]]}},{"type":"Feature","properties":{"plan_no":"2705/5","plan_id":"2620","block_no":"0","parcel_no":"1886","parcel_id":14316715,"object_id":6231767,"area_m2":10722.34735532},"geometry":{"type":"Polygon","coordinates":[[[46.8260650680243,24.544589519327882],[46.825474879901414,24.545632557329608],[46.82437047066104,24.545109691468102],[46.82447760025766,24.5449204225315],[46.82589396348399,24.544508514295856],[46.8260650680243,24.544589519327882]]]}},{"type":"Feature","properties":{"plan_no":"2705/5","plan_id":"2620","block_no":"0","parcel_no":"1887","parcel_id":14319119,"object_id":6167496,"area_m2":2279.9359488749997},"geometry":{"type":"Polygon","coordinates":[[[46.82649547159316,24.54473232345664],[46.82622329021954,24.545213355131697],[46.825890211985346,24.5450556668663],[46.82616240690217,24.544574614811534],[46.82649547159316,24.54473232345664]]]}},{"type":"Feature","properties":{"plan_no":"2705/5","plan_id":"2620","block_no":"0","parcel_no":"1888","parcel_id":14315815,"object_id":6145465,"area_m2":2349.45834413},"geometry":{"type":"Polygon","coordinates":[[[46.822891347965445,24.548783361351614],[46.82270978526696,24.549103887482307],[46.82227145325712,24.54889650503997],[46.82222924724281,24.54877503047764],[46.82236545804476,24.548534384154937],[46.822891254543656,24.548783317338412],[46.822891347965445,24.548783361351614]]]}},{"type":"Feature","properties":{"plan_no":"2705/5","plan_id":"2620","block_no":"0","parcel_no":"1889","parcel_id":14316561,"object_id":6210282,"area_m2":2640.00017178},"geometry":{"type":"Polygon","coordinates":[[[46.83659533331797,24.5575054844282],[46.836328561615154,24.557676427053337],[46.835875470539904,24.557084926793074],[46.836142241717496,24.556913984995195],[46.83659533331797,24.5575054844282]]]}},{"type":"Feature","properties":{"plan_no":"2705/5","plan_id":"2620","block_no":"0","parcel_no":"1892","parcel_id":14317309,"object_id":6196879,"area_m2":5220.070135755},"geometry":{"type":"Polygon","coordinates":[[[46.81849169023531,24.564801531466003],[46.818886568738186,24.56410406240418],[46.81941255454088,24.564353063713106],[46.819017686323136,24.56505053842686],[46.81849169023531,24.564801531466003]]]}},{"type":"Feature","properties":{"plan_no":"2705/5","plan_id":"2620","block_no":"0","parcel_no":"1893","parcel_id":14317161,"object_id":6229515,"area_m2":4268.52831302},"geometry":{"type":"Polygon","coordinates":[[[46.82241758838237,24.564494862175575],[46.82207084860597,24.56471698711909],[46.821170737648714,24.564290784448033],[46.82131256465406,24.56404023499446],[46.82132277613946,24.564022196065693],[46.82134469093054,24.564032573143553],[46.821365112913966,24.56399649619628],[46.82137606980827,24.564001684287224],[46.82241758838237,24.564494862175575]]]}},{"type":"Feature","properties":{"plan_no":"2705/5","plan_id":"2620","block_no":"0","parcel_no":"1894","parcel_id":14317257,"object_id":6165223,"area_m2":6438.744170365},"geometry":{"type":"Polygon","coordinates":[[[46.82722271691225,24.562419530083822],[46.826616362920284,24.562808000757695],[46.82616754253098,24.562222015416626],[46.82615480074281,24.562205379380007],[46.82617501226443,24.562192430250477],[46.82614952669603,24.56215915639536],[46.82615963246066,24.56215268228277],[46.8264527039638,24.56196492275726],[46.826735667882964,24.561783636868537],[46.82722271691225,24.562419530083822]]]}},{"type":"Feature","properties":{"plan_no":"2705/5","plan_id":"2620","block_no":"0","parcel_no":"1895","parcel_id":14315607,"object_id":6201447,"area_m2":6151.911789074999},"geometry":{"type":"Polygon","coordinates":[[[46.825258802203784,24.55846339926402],[46.8249774371243,24.558960459072914],[46.824163499760246,24.55857516217706],[46.82414377647357,24.55856582431424],[46.82415512200958,24.5585457815859],[46.8241156754496,24.558527105854612],[46.824121347731854,24.55851708494884],[46.824249551988906,24.558290602187913],[46.824368677942765,24.558080145785166],[46.82437433439491,24.558070125062855],[46.824413785644936,24.55808879164679],[46.82442512413778,24.55806874537476],[46.824444842309866,24.55807807514006],[46.82444475567689,24.55807822786967],[46.825258802203784,24.55846339926402]]]}},{"type":"Feature","properties":{"plan_no":"2705/5","plan_id":"2620","block_no":"0","parcel_no":"1896","parcel_id":14316007,"object_id":6168103,"area_m2":5088.669895805},"geometry":{"type":"Polygon","coordinates":[[[46.82267113269183,24.55103750034361],[46.822398846241704,24.551518520995252],[46.82165378070164,24.551165771653718],[46.821699160293484,24.551085611428324],[46.82190905711463,24.550714829069246],[46.821914728269746,24.550704807356208],[46.82195417297491,24.550723482026513],[46.82196551626447,24.550703438585316],[46.821985243085976,24.550712777666728],[46.82267113269183,24.55103750034361]]]}},{"type":"Feature","properties":{"plan_no":"2705/5","plan_id":"2620","block_no":"0","parcel_no":"1897","parcel_id":14315685,"object_id":6209205,"area_m2":8808.55431273},"geometry":{"type":"Polygon","coordinates":[[[46.828674747220624,24.55221250033601],[46.828425229594416,24.55265347186984],[46.82838893593863,24.552717612598276],[46.82716175404157,24.55213668982858],[46.827188974160656,24.55208858403578],[46.82744756923693,24.551631578744995],[46.82827984285124,24.5520255621309],[46.82828812225457,24.552029481221606],[46.82827678089919,24.552049525974624],[46.82831622686581,24.552068198896258],[46.82832756821619,24.55204815414059],[46.82833901130086,24.552053571514683],[46.828674747220624,24.55221250033601]]]}},{"type":"Feature","properties":{"plan_no":"2705/5","plan_id":"2620","block_no":"0","parcel_no":"1898","parcel_id":14316089,"object_id":6196583,"area_m2":9139.24950319},"geometry":{"type":"Polygon","coordinates":[[[46.83501554203171,24.550595180747493],[46.836084873396814,24.551101081661045],[46.83574398093708,24.551702238260056],[46.83467578491496,24.551195474431633],[46.83501554203171,24.550595180747493]]]}},{"type":"Feature","properties":{"plan_no":"2705/5","plan_id":"2620","block_no":"0","parcel_no":"1899","parcel_id":14315563,"object_id":6153655,"area_m2":3495.998256365},"geometry":{"type":"Polygon","coordinates":[[[46.82622329021954,24.545213355131697],[46.82580591942803,24.545950973302347],[46.82547284063815,24.54579328510284],[46.825862992685856,24.54510377240729],[46.825890211985346,24.5450556668663],[46.82622329021954,24.545213355131697]]]}},{"type":"Feature","properties":{"plan_no":"2705/5","plan_id":"2620","block_no":"0","parcel_no":"1900","parcel_id":14317461,"object_id":6208272,"area_m2":14328.533340795},"geometry":{"type":"Polygon","coordinates":[[[46.81489206388204,24.56271694040614],[46.81555167591465,24.56302931971726],[46.81557139937738,24.563038659599297],[46.815560051088596,24.563058701784286],[46.815599497053455,24.56307738245734],[46.81559382291677,24.563087404002246],[46.81514598829659,24.563878379895844],[46.81501293544674,24.563917045489173],[46.81420644451404,24.563535220381105],[46.814079630066686,24.56317020740547],[46.814453784735676,24.56250937757518],[46.81489206388204,24.56271694040614]]]}},{"type":"Feature","properties":{"plan_no":"2705/5","plan_id":"2620","block_no":"0","parcel_no":"1901","parcel_id":14315347,"object_id":6156542,"area_m2":5338.64218617},"geometry":{"type":"Polygon","coordinates":[[[46.83628005795088,24.557707507643794],[46.83576980067707,24.55803446877445],[46.83572154984,24.558026807228547],[46.8352853378285,24.557463070021203],[46.835826966971126,24.55711600723311],[46.83628005795088,24.557707507643794]]]}},{"type":"Feature","properties":{"plan_no":"2705/5","plan_id":"2620","block_no":"0","parcel_no":"1902","parcel_id":14317061,"object_id":6208038,"area_m2":5985.20627294},"geometry":{"type":"Polygon","coordinates":[[[46.827112963342266,24.545634541351333],[46.82709324196918,24.545625204656837],[46.82627588153291,24.545238252684843],[46.8265477557384,24.544757763653333],[46.8274245991165,24.54517215880957],[46.82716941966833,24.545623150875326],[46.82716374913223,24.545633171852188],[46.82712430538277,24.545614497583408],[46.827112963342266,24.545634541351333]]]}},{"type":"Feature","properties":{"plan_no":"2705/5","plan_id":"2620","block_no":"0","parcel_no":"1903","parcel_id":14317989,"object_id":6209969,"area_m2":10309.687915075001},"geometry":{"type":"Polygon","coordinates":[[[46.82529303702566,24.56150048558354],[46.825347975692296,24.56155733900943],[46.82540026101274,24.561616641744557],[46.825449783914166,24.56167827007702],[46.82589887972504,24.562264623772517],[46.82480848666338,24.562963184316462],[46.82450483871153,24.562819454678667],[46.82523145375573,24.561535649599097],[46.82524365501405,24.56151409225948],[46.82526556962461,24.561524467873863],[46.82528338251552,24.561492995050372],[46.82529303702566,24.56150048558354]]]}},{"type":"Feature","properties":{"plan_no":"2705/5","plan_id":"2620","block_no":"0","parcel_no":"1904","parcel_id":14315765,"object_id":6240100,"area_m2":8914.23136279},"geometry":{"type":"Polygon","coordinates":[[[46.819467729818555,24.558375095560663],[46.819448005882556,24.55836575707246],[46.818762074435696,24.55804102014349],[46.819238664715,24.55719916627261],[46.81998374067426,24.557552009825713],[46.819524196611155,24.558363707548196],[46.81951852298328,24.558373729216505],[46.81947907610793,24.558355053141856],[46.819467729818555,24.558375095560663]]]}},{"type":"Feature","properties":{"plan_no":"2705/5","plan_id":"2620","block_no":"0","parcel_no":"1905","parcel_id":14317813,"object_id":6199377,"area_m2":6091.02324282},"geometry":{"type":"Polygon","coordinates":[[[46.82287060244126,24.552707533998063],[46.82369193725419,24.553096402642595],[46.82339693619131,24.553617543174656],[46.82257559492905,24.553228687582788],[46.82287060244126,24.552707533998063]]]}},{"type":"Feature","properties":{"plan_no":"2705/5","plan_id":"2620","block_no":"0","parcel_no":"1906","parcel_id":14317319,"object_id":6197049,"area_m2":18298.785576795},"geometry":{"type":"Polygon","coordinates":[[[46.829331559809596,24.557805750101075],[46.82925384477891,24.55773124325102],[46.82917469285548,24.55765826469447],[46.82918950969599,24.55767164847766],[46.829206848862384,24.557655590095525],[46.82917524470029,24.557627044344667],[46.829157904546314,24.55764310273521],[46.82916401915998,24.557648628039928],[46.829033197349645,24.557534600116078],[46.828898930039806,24.557424650113862],[46.828761344294165,24.55731888208432],[46.8286205703168,24.55721739612088],[46.829387432062724,24.555862553759077],[46.8295637252477,24.55597941076258],[46.82973653174701,24.556101364688868],[46.8299057042464,24.55622831157456],[46.830071098529565,24.55636014319988],[46.83023257360106,24.556496747180876],[46.83038999180646,24.55663800706529],[46.83054321894979,24.556783802431767],[46.830692124407825,24.55693400899256],[46.830251583989885,24.55721627473266],[46.82994010289109,24.556809604567533],[46.829252941205574,24.55724988146969],[46.82956442038631,24.557656553111478],[46.829331559809596,24.557805750101075]]]}},{"type":"Feature","properties":{"plan_no":"2705/5","plan_id":"2620","block_no":"0","parcel_no":"1907","parcel_id":14319057,"object_id":6155955,"area_m2":14344.01560148},"geometry":{"type":"Polygon","coordinates":[[[46.83676999446103,24.55335694318615],[46.83677477195127,24.553422247302727],[46.83581115983036,24.554039728064456],[46.835627428687125,24.553821364380642],[46.835438912470856,24.55360711810272],[46.83524570342587,24.553397094065193],[46.83504789609279,24.55319139503656],[46.83484558726225,24.552990121669],[46.8351877961944,24.55260807620436],[46.83676999446103,24.55335694318615]]]}},{"type":"Feature","properties":{"plan_no":"2705/5","plan_id":"2620","block_no":"0","parcel_no":"1908","parcel_id":14318087,"object_id":6328764,"area_m2":5508.750764475},"geometry":{"type":"Polygon","coordinates":[[[46.82956139684629,24.54862337093945],[46.82932876316543,24.548513245958926],[46.82931987470626,24.548509038168735],[46.82933121562405,24.548488994259255],[46.82929177068292,24.548470321538332],[46.82928042976012,24.548490365445158],[46.82926959624009,24.548485236867172],[46.82875496834893,24.548241618965328],[46.829027223530524,24.547760588454775],[46.82983364957111,24.54814233912627],[46.82956139684629,24.54862337093945]]]}},{"type":"Feature","properties":{"plan_no":"2705/5","plan_id":"2620","block_no":"0","parcel_no":"1943/م","parcel_id":14319213,"object_id":6198195,"area_m2":11.25005133},"geometry":{"type":"Polygon","coordinates":[[[46.82167754142118,24.566360497585617],[46.82169726678231,24.566369834787295],[46.82168592022411,24.566389877374462],[46.821666194860484,24.56638054017146],[46.8216464704867,24.56637120295374],[46.8216578170499,24.566351160369248],[46.82167754142118,24.566360497585617]]]}},{"type":"Feature","properties":{"plan_no":"2705/5","plan_id":"2620","block_no":"0","parcel_no":"1944/م","parcel_id":14319221,"object_id":6210580,"area_m2":11.25005133},"geometry":{"type":"Polygon","coordinates":[[[46.820850404484815,24.56574022859035],[46.82087012870475,24.565749565922257],[46.8208587820596,24.565769608453056],[46.82083905783717,24.56576027111982],[46.820819332630485,24.565750933795734],[46.82083067928064,24.56573089126761],[46.820850404484815,24.56574022859035]]]}},{"type":"Feature","properties":{"plan_no":"2705/5","plan_id":"2620","block_no":"0","parcel_no":"1945/م","parcel_id":14319209,"object_id":6198194,"area_m2":11.25005133},"geometry":{"type":"Polygon","coordinates":[[[46.82062555257346,24.56586251218062],[46.8206452777856,24.565871849529767],[46.82063393010679,24.565891892057966],[46.82061420587919,24.565882554695538],[46.82059448165439,24.565873217330374],[46.820605827364126,24.565853174828696],[46.82062555257346,24.56586251218062]]]}},{"type":"Feature","properties":{"plan_no":"2705/5","plan_id":"2620","block_no":"0","parcel_no":"1946/م","parcel_id":14319205,"object_id":6211049,"area_m2":11.25009161},"geometry":{"type":"Polygon","coordinates":[[[46.819573572671914,24.565364519801612],[46.81959329773506,24.56537385729824],[46.81958195090972,24.565393899743587],[46.819562225844074,24.565384562245647],[46.8195425017813,24.565375225635723],[46.8195538485986,24.56535518229032],[46.819573572671914,24.565364519801612]]]}},{"type":"Feature","properties":{"plan_no":"2705/5","plan_id":"2620","block_no":"0","parcel_no":"1947/م","parcel_id":14316131,"object_id":6196738,"area_m2":300.00507763},"geometry":{"type":"Polygon","coordinates":[[[46.819017686323136,24.56505053842686],[46.818994989543725,24.565090621469373],[46.81887225615635,24.565032519923342],[46.81846900128379,24.564841618855798],[46.81849169023531,24.564801531466003],[46.819017686323136,24.56505053842686]]]}},{"type":"Feature","properties":{"plan_no":"2705/5","plan_id":"2620","block_no":"0","parcel_no":"1948/م","parcel_id":14316855,"object_id":6196228,"area_m2":1441.16961558},"geometry":{"type":"Polygon","coordinates":[[[46.81838445715432,24.564598244543514],[46.81791111195699,24.56437409218504],[46.81793830553999,24.564326061303195],[46.81835907350983,24.5645252773548],[46.81858617932039,24.564114339379003],[46.818228973740645,24.563945185905528],[46.81820924995835,24.56393584639232],[46.81822059788108,24.563915804029747],[46.81818115130386,24.56389712408308],[46.81818682525993,24.563887102451528],[46.818237889825646,24.563796906868806],[46.81871124222811,24.564021061812035],[46.81838445715432,24.564598244543514]]]}},{"type":"Feature","properties":{"plan_no":"2705/5","plan_id":"2620","block_no":"0","parcel_no":"1949/م","parcel_id":14319257,"object_id":6177550,"area_m2":11.25019559},"geometry":{"type":"Polygon","coordinates":[[[46.81818115130386,24.56389712408308],[46.81822059788108,24.563915804029747],[46.81820924995835,24.56393584639232],[46.81816980436315,24.56391716643108],[46.81818115130386,24.56389712408308]]]}},{"type":"Feature","properties":{"plan_no":"2705/5","plan_id":"2620","block_no":"0","parcel_no":"1950/م","parcel_id":14317865,"object_id":6146749,"area_m2":431.97849756500005},"geometry":{"type":"Polygon","coordinates":[[[46.81793830553999,24.564326061303195],[46.81791111195699,24.56437409218504],[46.81785851771262,24.56434918667565],[46.818017325726984,24.564068683999416],[46.818185294773485,24.56377200057073],[46.818237889825646,24.563796906868806],[46.81818682525993,24.563887102451528],[46.81816980436315,24.56391716643108],[46.81793830553999,24.564326061303195]]]}},{"type":"Feature","properties":{"plan_no":"2705/5","plan_id":"2620","block_no":"0","parcel_no":"1951/م","parcel_id":14319207,"object_id":6155227,"area_m2":11.25005133},"geometry":{"type":"Polygon","coordinates":[[[46.81785535364298,24.564551114792632],[46.81787507846277,24.5645604525301],[46.81786373141931,24.56458049485963],[46.817844006597014,24.564571157120856],[46.817824282764555,24.564561819367405],[46.817835629813025,24.564541777040514],[46.81785535364298,24.564551114792632]]]}},{"type":"Feature","properties":{"plan_no":"2705/5","plan_id":"2620","block_no":"0","parcel_no":"1952/م","parcel_id":14319219,"object_id":6145943,"area_m2":11.25005133},"geometry":{"type":"Polygon","coordinates":[[[46.81715404676708,24.564219106339753],[46.81717377148753,24.56422844417549],[46.81716242435505,24.56424848645777],[46.81714269963209,24.564239148620683],[46.817122975898954,24.564229810768943],[46.81713432303644,24.564209768489324],[46.81715404676708,24.564219106339753]]]}},{"type":"Feature","properties":{"plan_no":"2705/5","plan_id":"2620","block_no":"0","parcel_no":"1953/م","parcel_id":14319215,"object_id":6177547,"area_m2":11.25015739},"geometry":{"type":"Polygon","coordinates":[[[46.81645274342289,24.563887094392136],[46.81647246705698,24.563896432338073],[46.81646111983548,24.56391647457307],[46.81644139521186,24.56390713663771],[46.81642167157807,24.563897798687684],[46.816433018804574,24.56387775645534],[46.81645274342289,24.563887094392136]]]}},{"type":"Feature","properties":{"plan_no":"2705/5","plan_id":"2620","block_no":"0","parcel_no":"1954/م","parcel_id":14319211,"object_id":6145942,"area_m2":11.2500666},"geometry":{"type":"Polygon","coordinates":[[[46.81606264588873,24.56370240930401],[46.81610209307521,24.563721087107854],[46.8160907458067,24.563741129317886],[46.81605129861521,24.56372245151137],[46.81606264588873,24.56370240930401]]]}},{"type":"Feature","properties":{"plan_no":"2705/5","plan_id":"2620","block_no":"0","parcel_no":"1955/م","parcel_id":14319217,"object_id":6211056,"area_m2":11.25019559},"geometry":{"type":"Polygon","coordinates":[[[46.81557139937738,24.563038659599297],[46.81561084435022,24.563057340281585],[46.815599497053455,24.56307738245734],[46.815560051088596,24.563058701784286],[46.81557139937738,24.563038659599297]]]}},{"type":"Feature","properties":{"plan_no":"2705/5","plan_id":"2620","block_no":"0","parcel_no":"1956/م","parcel_id":14319245,"object_id":6232371,"area_m2":11.24997927},"geometry":{"type":"Polygon","coordinates":[[[46.815111067722846,24.56233012910978],[46.81510085542594,24.562348166762092],[46.815090642139225,24.56236620442574],[46.81506872809975,24.562355826388785],[46.81507894138897,24.562337788726463],[46.815089153688376,24.56231975107549],[46.815111067722846,24.56233012910978]]]}},{"type":"Feature","properties":{"plan_no":"2705/5","plan_id":"2620","block_no":"0","parcel_no":"1957/م","parcel_id":14318889,"object_id":7195654,"area_m2":299.996442785},"geometry":{"type":"Polygon","coordinates":[[[46.814919296819895,24.562668840029456],[46.81489206388204,24.56271694040614],[46.814453784735676,24.56250937757518],[46.81448101879402,24.56246127725754],[46.814919296819895,24.562668840029456]]]}},{"type":"Feature","properties":{"plan_no":"2705/5","plan_id":"2620","block_no":"0","parcel_no":"1958/م","parcel_id":14320569,"object_id":6234054,"area_m2":11.2498614},"geometry":{"type":"Polygon","coordinates":[[[46.815655738106564,24.561368109110543],[46.81564552595868,24.561386146792945],[46.815635313808,24.561404184474775],[46.81561339990199,24.561393806508725],[46.815623612055184,24.56137576882823],[46.81563382420557,24.561357731147147],[46.815655738106564,24.561368109110543]]]}},{"type":"Feature","properties":{"plan_no":"2705/5","plan_id":"2620","block_no":"0","parcel_no":"1959/م","parcel_id":14319169,"object_id":6145890,"area_m2":1891.0346667649999},"geometry":{"type":"Polygon","coordinates":[[[46.81655928463499,24.560989475154965],[46.816015823523266,24.560732102622175],[46.81557754988452,24.56052454271715],[46.81580449221297,24.560123701030047],[46.81593753506615,24.560085044966282],[46.816831612071155,24.560508463150175],[46.81655928463499,24.560989475154965]],[[46.8167517869045,24.560531657815194],[46.81593208652661,24.56014346269525],[46.81584580466452,24.560168532298338],[46.815657376293125,24.56050134865039],[46.81653392501441,24.560916466626406],[46.8167517869045,24.560531657815194]]]}},{"type":"Feature","properties":{"plan_no":"2705/5","plan_id":"2620","block_no":"0","parcel_no":"1960/م","parcel_id":14317693,"object_id":6156425,"area_m2":1188.75104719},"geometry":{"type":"Polygon","coordinates":[[[46.81694775534897,24.560563466228047],[46.816967478503756,24.56057280594651],[46.81695613063936,24.560592848217176],[46.81699557598835,24.56061152856309],[46.81698990205086,24.56062154924814],[46.81673459495848,24.561072497699232],[46.81655928463499,24.560989475154965],[46.816831612071155,24.560508463150175],[46.81694775534897,24.560563466228047]]]}},{"type":"Feature","properties":{"plan_no":"2705/5","plan_id":"2620","block_no":"0","parcel_no":"1961/م","parcel_id":14319243,"object_id":6238646,"area_m2":11.25019559},"geometry":{"type":"Polygon","coordinates":[[[46.816967478503756,24.56057280594651],[46.81700692286074,24.560591486301675],[46.81699557598835,24.56061152856309],[46.81695613063936,24.560592848217176],[46.816967478503756,24.56057280594651]]]}},{"type":"Feature","properties":{"plan_no":"2705/5","plan_id":"2620","block_no":"0","parcel_no":"1962/م","parcel_id":14319261,"object_id":6222944,"area_m2":11.249860725},"geometry":{"type":"Polygon","coordinates":[[[46.81674144701953,24.559450438680095],[46.81673123516864,24.559468476422456],[46.81672102426292,24.55948651144422],[46.81669910867502,24.559476135448726],[46.81670931958324,24.559458100428277],[46.81671953337159,24.55944005995533],[46.81674144701953,24.559450438680095]]]}},{"type":"Feature","properties":{"plan_no":"2705/5","plan_id":"2620","block_no":"0","parcel_no":"1963/م","parcel_id":14319299,"object_id":6198199,"area_m2":11.249902885000001},"geometry":{"type":"Polygon","coordinates":[[[46.81728608566827,24.55848841036345],[46.817275872979366,24.558506448147785],[46.81726566127467,24.55852448591965],[46.81724374682026,24.558514110885834],[46.817253958527466,24.558496073115304],[46.81726417120585,24.558478034429612],[46.81728608566827,24.55848841036345]]]}},{"type":"Feature","properties":{"plan_no":"2705/5","plan_id":"2620","block_no":"0","parcel_no":"1964/م","parcel_id":14319291,"object_id":6210629,"area_m2":11.250247675},"geometry":{"type":"Polygon","coordinates":[[[46.817692105510034,24.558213015977596],[46.817681893900776,24.55823105467622],[46.817671682275694,24.558249092471556],[46.81764976684143,24.558238716604826],[46.817659978469,24.558220678810816],[46.817670191080765,24.55820264100432],[46.817692105510034,24.558213015977596]]]}},{"type":"Feature","properties":{"plan_no":"2705/5","plan_id":"2620","block_no":"0","parcel_no":"1965/م","parcel_id":14319297,"object_id":6155273,"area_m2":11.250066165},"geometry":{"type":"Polygon","coordinates":[[[46.81783073328054,24.55752638926788],[46.817820520753635,24.55754442798498],[46.817810309197895,24.557562465786916],[46.817788394876985,24.55755209082399],[46.8177986064222,24.557534052120687],[46.81780881896462,24.557516014307627],[46.81783073328054,24.55752638926788]]]}},{"type":"Feature","properties":{"plan_no":"2705/5","plan_id":"2620","block_no":"0","parcel_no":"1966/م","parcel_id":14319289,"object_id":6167504,"area_m2":11.25020739},"geometry":{"type":"Polygon","coordinates":[[[46.81837541172626,24.55656438596393],[46.81836520032228,24.556582423796485],[46.81835498792853,24.556600461640386],[46.818333073741094,24.55659008674835],[46.81834328513734,24.55657204801498],[46.8183534975308,24.556554010171862],[46.81837541172626,24.55656438596393]]]}},{"type":"Feature","properties":{"plan_no":"2705/5","plan_id":"2620","block_no":"0","parcel_no":"1967/م","parcel_id":14319287,"object_id":6198197,"area_m2":11.25002396},"geometry":{"type":"Polygon","coordinates":[[[46.81957753782222,24.556688769082974],[46.81956619366765,24.556708812382645],[46.81952674733758,24.556690137189406],[46.81953809149715,24.556670093892393],[46.81957753782222,24.556688769082974]]]}},{"type":"Feature","properties":{"plan_no":"2705/5","plan_id":"2620","block_no":"0","parcel_no":"1968/م","parcel_id":14318707,"object_id":6155215,"area_m2":1146.72881542},"geometry":{"type":"Polygon","coordinates":[[[46.82028321113566,24.557022852499607],[46.82001096563724,24.557503905123408],[46.81995837299137,24.557478999292606],[46.820203390999914,24.557046057842374],[46.819563461615665,24.556743098172653],[46.81931848726325,24.557175970428858],[46.81926588990493,24.557151061690753],[46.819521075749975,24.556700158831685],[46.81952674733758,24.556690137189406],[46.81956619366765,24.556708812382645],[46.81957753782222,24.556688769082974],[46.819597260495456,24.556698106680095],[46.82028321113566,24.557022852499607]]]}},{"type":"Feature","properties":{"plan_no":"2705/5","plan_id":"2620","block_no":"0","parcel_no":"1969/م","parcel_id":14318225,"object_id":6311395,"area_m2":510.01686449},"geometry":{"type":"Polygon","coordinates":[[[46.82001096563724,24.557503905123408],[46.81998374067426,24.557552009825713],[46.819238664715,24.55719916627261],[46.81926588990493,24.557151061690753],[46.82001096563724,24.557503905123408]]]}},{"type":"Feature","properties":{"plan_no":"2705/5","plan_id":"2620","block_no":"0","parcel_no":"1970/م","parcel_id":14319305,"object_id":6167849,"area_m2":11.25016503},"geometry":{"type":"Polygon","coordinates":[[[46.81951852298328,24.558373729216505],[46.81950717571192,24.558393771649875],[46.819467729818555,24.558375095560663],[46.81947907610793,24.558355053141856],[46.81951852298328,24.558373729216505]]]}},{"type":"Feature","properties":{"plan_no":"2705/5","plan_id":"2620","block_no":"0","parcel_no":"1971/م","parcel_id":14319301,"object_id":6167804,"area_m2":11.25005133},"geometry":{"type":"Polygon","coordinates":[[[46.81995802080687,24.559586305638323],[46.81997774496038,24.559595643142274],[46.81996639865491,24.5596156855974],[46.8199466744989,24.559606348092103],[46.81992695133266,24.55959701057214],[46.819938297643134,24.559576968119664],[46.81995802080687,24.559586305638323]]]}},{"type":"Feature","properties":{"plan_no":"2705/5","plan_id":"2620","block_no":"0","parcel_no":"1972/م","parcel_id":14317135,"object_id":6229513,"area_m2":780.741903235},"geometry":{"type":"Polygon","coordinates":[[[46.81985574474072,24.560821398638286],[46.819855629233246,24.560821603177445],[46.819696613385524,24.561102486529826],[46.819577473757576,24.561312929882778],[46.81956045549592,24.561342994868692],[46.819455264199455,24.561293189427413],[46.81959142226233,24.561052682076337],[46.819750428661756,24.56077181519118],[46.81975055766154,24.5607715879176],[46.81985574474072,24.560821398638286]]]}},{"type":"Feature","properties":{"plan_no":"2705/5","plan_id":"2620","block_no":"0","parcel_no":"1973/م","parcel_id":14319303,"object_id":6167848,"area_m2":11.25013346},"geometry":{"type":"Polygon","coordinates":[[[46.81957180100455,24.56132295154493],[46.819611247864906,24.56134162754544],[46.819599902361276,24.56136167087185],[46.81956045549592,24.561342994868692],[46.81957180100455,24.56132295154493]]]}},{"type":"Feature","properties":{"plan_no":"2705/5","plan_id":"2620","block_no":"0","parcel_no":"1974/م","parcel_id":14317715,"object_id":6383146,"area_m2":780.65798809},"geometry":{"type":"Polygon","coordinates":[[[46.819469996130124,24.561502779783638],[46.81946971793535,24.56150327159166],[46.819333558231136,24.561743779775455],[46.81917477120478,24.56202425540712],[46.819069511109596,24.56197457063076],[46.819228363784845,24.561693979644414],[46.819364522662276,24.56145347155761],[46.819364807610064,24.561452968833887],[46.819469996130124,24.561502779783638]]]}},{"type":"Feature","properties":{"plan_no":"2705/5","plan_id":"2620","block_no":"0","parcel_no":"1975/م","parcel_id":14319247,"object_id":6177549,"area_m2":11.24994873},"geometry":{"type":"Polygon","coordinates":[[[46.81878149793955,24.562041533509216],[46.818820944929534,24.562060209708815],[46.81880959823918,24.562080252094145],[46.81877015124418,24.562061575891892],[46.81878149793955,24.562041533509216]]]}},{"type":"Feature","properties":{"plan_no":"2705/5","plan_id":"2620","block_no":"0","parcel_no":"1976/م","parcel_id":14318469,"object_id":6375224,"area_m2":1120.00299628},"geometry":{"type":"Polygon","coordinates":[[[46.81894367329143,24.562118308803658],[46.81876212410707,24.56243898704152],[46.81858057210478,24.562759667833188],[46.81845784808828,24.562701562095135],[46.81863939744389,24.562380885985103],[46.8188039253797,24.562090272829234],[46.818820944929534,24.562060209708815],[46.81894367329143,24.562118308803658]]]}},{"type":"Feature","properties":{"plan_no":"2705/5","plan_id":"2620","block_no":"0","parcel_no":"1977/م","parcel_id":14318119,"object_id":6212919,"area_m2":979.973968315},"geometry":{"type":"Polygon","coordinates":[[[46.8184898006099,24.56292000133233],[46.818330941930526,24.563200592619918],[46.81817208156199,24.563481181977583],[46.81804935410178,24.563423081393722],[46.81820821666245,24.563142492128048],[46.81836707957314,24.562861905422128],[46.8184898006099,24.56292000133233]]]}},{"type":"Feature","properties":{"plan_no":"2705/5","plan_id":"2620","block_no":"0","parcel_no":"1978/م","parcel_id":14319255,"object_id":6238647,"area_m2":11.25020739},"geometry":{"type":"Polygon","coordinates":[[[46.81639943920187,24.562263303446837],[46.816389227113284,24.562281342078386],[46.81637901402189,24.562299379818544],[46.81635709894026,24.562289003791783],[46.81636731104714,24.562270966064847],[46.81637752413825,24.56225292832544],[46.81639943920187,24.562263303446837]]]}},{"type":"Feature","properties":{"plan_no":"2705/5","plan_id":"2620","block_no":"0","parcel_no":"1979/م","parcel_id":14317033,"object_id":6179353,"area_m2":390.18863623},"geometry":{"type":"Polygon","coordinates":[[[46.8212580909492,24.561485821255452],[46.82109924318759,24.561766415015033],[46.82096308644767,24.562006924500015],[46.82091042048196,24.56198214639739],[46.82104657631525,24.56174163696691],[46.82120570912388,24.561460541432922],[46.8212580909492,24.561485821255452]]]}},{"type":"Feature","properties":{"plan_no":"2705/5","plan_id":"2620","block_no":"0","parcel_no":"1980/م","parcel_id":14319285,"object_id":6145945,"area_m2":11.2498034},"geometry":{"type":"Polygon","coordinates":[[[46.82154474739994,24.56137251995884],[46.821524329816995,24.56140859867233],[46.821502418380284,24.56139821704219],[46.82152283596823,24.56136213833136],[46.82154474739994,24.56137251995884]]]}},{"type":"Feature","properties":{"plan_no":"2705/5","plan_id":"2620","block_no":"0","parcel_no":"1981/م","parcel_id":14316671,"object_id":6145989,"area_m2":1201.24270862},"geometry":{"type":"Polygon","coordinates":[[[46.821502418380284,24.56139821704219],[46.82149146854612,24.56139302344613],[46.8209659515894,24.56114380026405],[46.82105219980843,24.56099148606121],[46.82161079861965,24.56125580570201],[46.821554956674206,24.561354480143926],[46.82154474739994,24.56137251995884],[46.82152283596823,24.56136213833136],[46.821502418380284,24.56139821704219]]]}},{"type":"Feature","properties":{"plan_no":"2705/5","plan_id":"2620","block_no":"0","parcel_no":"1982/م","parcel_id":14315021,"object_id":6239618,"area_m2":1335.9008543450002},"geometry":{"type":"Polygon","coordinates":[[[46.82105219980843,24.56099148606121],[46.821322698635505,24.560513785166275],[46.821601918756194,24.560645966977397],[46.82188111955295,24.560778138543473],[46.82161079861965,24.56125580570201],[46.82105219980843,24.56099148606121]],[[46.821801272581304,24.560801332503956],[46.82134807765739,24.56058679253275],[46.82113202602356,24.560968271069072],[46.821585306141955,24.561182756433293],[46.821801272581304,24.560801332503956]]]}},{"type":"Feature","properties":{"plan_no":"2705/5","plan_id":"2620","block_no":"0","parcel_no":"1983/م","parcel_id":14320565,"object_id":6167691,"area_m2":11.25005133},"geometry":{"type":"Polygon","coordinates":[[[46.82206067986959,24.559577210133813],[46.82208040317136,24.55958654736533],[46.82206905721217,24.559606589959408],[46.822049333907884,24.55959725272656],[46.82202960961942,24.559587915502867],[46.822040955583624,24.55956787291147],[46.82206067986959,24.559577210133813]]]}},{"type":"Feature","properties":{"plan_no":"2705/5","plan_id":"2620","block_no":"0","parcel_no":"1984/م","parcel_id":14319927,"object_id":6147853,"area_m2":11.249812615},"geometry":{"type":"Polygon","coordinates":[[[46.821702880222325,24.558442109022938],[46.821722604304256,24.558451446302602],[46.821711258375935,24.558471488869948],[46.82169153427847,24.558462150686253],[46.82167181118381,24.558452813390556],[46.82168315713018,24.55843277172858],[46.821702880222325,24.558442109022938]]]}},{"type":"Feature","properties":{"plan_no":"2705/5","plan_id":"2620","block_no":"0","parcel_no":"1985/م","parcel_id":14319293,"object_id":6146116,"area_m2":11.250061015},"geometry":{"type":"Polygon","coordinates":[[[46.82254432459981,24.557053870660788],[46.82253411279058,24.55707190875442],[46.82252390097855,24.557089946847498],[46.82250198640202,24.557079572587615],[46.82251219821655,24.557061534495876],[46.82252240902826,24.557043495512797],[46.82254432459981,24.557053870660788]]]}},{"type":"Feature","properties":{"plan_no":"2705/5","plan_id":"2620","block_no":"0","parcel_no":"1986/م","parcel_id":14320185,"object_id":6311308,"area_m2":11.24994527},"geometry":{"type":"Polygon","coordinates":[[[46.821517852019255,24.555548839039243],[46.82153757562128,24.555558176373683],[46.821526229891106,24.55557821892095],[46.82150650727355,24.555568881573233],[46.82148678367181,24.555559544234704],[46.82149812940698,24.55553950169009],[46.821517852019255,24.555548839039243]]]}},{"type":"Feature","properties":{"plan_no":"2705/5","plan_id":"2620","block_no":"0","parcel_no":"1987/م","parcel_id":14320127,"object_id":6179509,"area_m2":11.25005133},"geometry":{"type":"Polygon","coordinates":[[[46.82259610645712,24.555195233688995],[46.822615829085095,24.555204570893153],[46.82260448356003,24.555224613510703],[46.82258476092955,24.555215276305216],[46.82256503731491,24.5552059391089],[46.82257638284498,24.555185896494006],[46.82259610645712,24.555195233688995]]]}},{"type":"Feature","properties":{"plan_no":"2705/5","plan_id":"2620","block_no":"0","parcel_no":"1988/م","parcel_id":14316289,"object_id":6145759,"area_m2":17509.293426865002},"geometry":{"type":"Polygon","coordinates":[[[46.82339693619131,24.553617543174656],[46.82293430432667,24.554435062985988],[46.82142907965235,24.55372254256648],[46.82189188655507,24.55290498784976],[46.82257559492905,24.553228687582788],[46.82339693619131,24.553617543174656]]]}},{"type":"Feature","properties":{"plan_no":"2705/5","plan_id":"2620","block_no":"0","parcel_no":"1989/م","parcel_id":14316095,"object_id":6229502,"area_m2":966.012432485},"geometry":{"type":"Polygon","coordinates":[[[46.822818006576426,24.552682639056624],[46.82287060244126,24.552707533998063],[46.82257559492905,24.553228687582788],[46.82189188655507,24.55290498784976],[46.82192819451763,24.552840847458537],[46.821980779544546,24.552865750069465],[46.822270042296566,24.553002702702987],[46.82255930564908,24.553139654742026],[46.82279077671257,24.55273074335344],[46.822818006576426,24.552682639056624]]]}},{"type":"Feature","properties":{"plan_no":"2705/5","plan_id":"2620","block_no":"0","parcel_no":"1990/م","parcel_id":14318029,"object_id":6316252,"area_m2":726.73928097},"geometry":{"type":"Polygon","coordinates":[[[46.821980779544546,24.552865750069465],[46.82192819451763,24.552840847458537],[46.82216984879422,24.552413943479593],[46.82217552000802,24.552403922658343],[46.82221496625728,24.552422595405833],[46.82222631063813,24.55240255283357],[46.822246032777514,24.55241188921376],[46.822818006576426,24.552682639056624],[46.82279077671257,24.55273074335344],[46.82221222801965,24.55245688039588],[46.821980779544546,24.552865750069465]]]}},{"type":"Feature","properties":{"plan_no":"2705/5","plan_id":"2620","block_no":"0","parcel_no":"1991/م","parcel_id":14320137,"object_id":6235919,"area_m2":11.25008133},"geometry":{"type":"Polygon","coordinates":[[[46.82222631063813,24.55240255283357],[46.82221496625728,24.552422595405833],[46.82217552000802,24.552403922658343],[46.822186864380825,24.552383879186028],[46.82222631063813,24.55240255283357]]]}},{"type":"Feature","properties":{"plan_no":"2705/5","plan_id":"2620","block_no":"0","parcel_no":"1992/م","parcel_id":14320183,"object_id":6201346,"area_m2":11.24989773},"geometry":{"type":"Polygon","coordinates":[[[46.82136201149582,24.55212298180004],[46.82135179986227,24.552141019811312],[46.82134158822594,24.552159057822028],[46.82131967462062,24.55214868332812],[46.821329886259456,24.552130645318734],[46.82134009690857,24.55211260732073],[46.82136201149582,24.55212298180004]]]}},{"type":"Feature","properties":{"plan_no":"2705/5","plan_id":"2620","block_no":"0","parcel_no":"1993/م","parcel_id":14320093,"object_id":6167471,"area_m2":11.24989112},"geometry":{"type":"Polygon","coordinates":[[[46.821346313978076,24.551708930085713],[46.821336103358576,24.55172696808312],[46.82132589273629,24.551745006079944],[46.821303979206476,24.55173463157895],[46.82131418981824,24.551716592680748],[46.82132440044024,24.551698554684673],[46.821346313978076,24.551708930085713]]]}},{"type":"Feature","properties":{"plan_no":"2705/5","plan_id":"2620","block_no":"0","parcel_no":"1994/م","parcel_id":14320111,"object_id":6167472,"area_m2":11.249943175},"geometry":{"type":"Polygon","coordinates":[[[46.82080172607421,24.552670965069517],[46.82079151431887,24.552689003048812],[46.82078130354768,24.552707041015623],[46.820759389884394,24.552696666443776],[46.82076960065809,24.552678628478294],[46.82077981141595,24.55266058960957],[46.82080172607421,24.552670965069517]]]}},{"type":"Feature","properties":{"plan_no":"2705/5","plan_id":"2620","block_no":"0","parcel_no":"1995/م","parcel_id":14320123,"object_id":6347382,"area_m2":11.24978504},"geometry":{"type":"Polygon","coordinates":[[[46.82054512254523,24.553566035659863],[46.82053491167526,24.55358407361416],[46.820524700802515,24.55360211156788],[46.82050278699697,24.55359173696771],[46.82051299787223,24.553573699015303],[46.820523208731665,24.55355566015963],[46.82054512254523,24.553566035659863]]]}},{"type":"Feature","properties":{"plan_no":"2705/5","plan_id":"2620","block_no":"0","parcel_no":"1996/م","parcel_id":14320165,"object_id":6154087,"area_m2":11.24984224},"geometry":{"type":"Polygon","coordinates":[[[46.82025712828078,24.553633000280648],[46.82024691736348,24.553651038217986],[46.8202367064564,24.55366907705745],[46.82021479265964,24.55365870241476],[46.82022500356921,24.553640663576616],[46.82023521448901,24.55362262564061],[46.82025712828078,24.553633000280648]]]}},{"type":"Feature","properties":{"plan_no":"2705/5","plan_id":"2620","block_no":"0","parcel_no":"1997/م","parcel_id":14320117,"object_id":6201343,"area_m2":11.250049255},"geometry":{"type":"Polygon","coordinates":[[[46.81989406128727,24.554274354962587],[46.81988385027068,24.55429239287988],[46.819873639251306,24.554310430796626],[46.819851724378594,24.554300056118603],[46.8198619363744,24.554282017288568],[46.81987214739348,24.554263979372603],[46.81989406128727,24.554274354962587]]]}},{"type":"Feature","properties":{"plan_no":"2705/5","plan_id":"2620","block_no":"0","parcel_no":"1998/م","parcel_id":14320197,"object_id":6235922,"area_m2":11.24993802},"geometry":{"type":"Polygon","coordinates":[[[46.82068453047889,24.55454693394374],[46.820674319559814,24.554564971908707],[46.820664107650984,24.554583009885054],[46.82064219365917,24.554572635317015],[46.82065240458354,24.554554597353942],[46.82066261649208,24.554536559378363],[46.82068453047889,24.55454693394374]]]}},{"type":"Feature","properties":{"plan_no":"2705/5","plan_id":"2620","block_no":"0","parcel_no":"1999/م","parcel_id":14319283,"object_id":6238650,"area_m2":11.25015739},"geometry":{"type":"Polygon","coordinates":[[[46.820311712311714,24.55589272135116],[46.82033143490397,24.55590205885714],[46.820320088948456,24.55592210132563],[46.820300365366734,24.55591276383023],[46.82028064277476,24.555903426320157],[46.820291988735285,24.55588338385432],[46.820311712311714,24.55589272135116]]]}},{"type":"Feature","properties":{"plan_no":"2705/5","plan_id":"2620","block_no":"0","parcel_no":"2000/م","parcel_id":14320199,"object_id":6212695,"area_m2":11.24994527},"geometry":{"type":"Polygon","coordinates":[[[46.82453464936536,24.555167559028536],[46.8245543731018,24.555176895958837],[46.824543027897455,24.555196938704363],[46.82452330514547,24.555187601760807],[46.82450358140931,24.555178264826438],[46.82451492661866,24.55515822208355],[46.82453464936536,24.555167559028536]]]}},{"type":"Feature","properties":{"plan_no":"2705/5","plan_id":"2620","block_no":"0","parcel_no":"2001/م","parcel_id":14320243,"object_id":6941568,"area_m2":11.249994125},"geometry":{"type":"Polygon","coordinates":[[[46.82485004616466,24.554610373694352],[46.82486976884454,24.554619710599653],[46.824858423736025,24.554639753364512],[46.824838701053636,24.554630416457858],[46.82481897738708,24.554621079560423],[46.82483032348756,24.554601036786266],[46.82485004616466,24.554610373694352]]]}},{"type":"Feature","properties":{"plan_no":"2705/5","plan_id":"2620","block_no":"0","parcel_no":"2002/م","parcel_id":14317821,"object_id":6156434,"area_m2":539.93084198},"geometry":{"type":"Polygon","coordinates":[[[46.82520638386704,24.55583615814795],[46.82526084462456,24.555739935179307],[46.82565526563775,24.55592675402846],[46.825600835892836,24.556022920774446],[46.82520638386704,24.55583615814795]]]}},{"type":"Feature","properties":{"plan_no":"2705/5","plan_id":"2620","block_no":"0","parcel_no":"2003/م","parcel_id":14320177,"object_id":6201345,"area_m2":11.250039695},"geometry":{"type":"Polygon","coordinates":[[[46.82568155370861,24.55593920468772],[46.82572099673962,24.55595788459803],[46.825709652665346,24.555977928313506],[46.82567020961626,24.555959247497842],[46.82568155370861,24.55593920468772]]]}},{"type":"Feature","properties":{"plan_no":"2705/5","plan_id":"2620","block_no":"0","parcel_no":"2004/م","parcel_id":14318803,"object_id":6155218,"area_m2":1128.9137482350002},"geometry":{"type":"Polygon","coordinates":[[[46.82541247845111,24.55650308048955],[46.825149500496245,24.556378590688382],[46.82488652106373,24.55625410041968],[46.82519523893336,24.555708860661493],[46.82526084462456,24.555739935179307],[46.82520638386704,24.55583615814795],[46.825193364128175,24.55582999311618],[46.824966432113726,24.556230936695478],[46.8253871060569,24.556430077374895],[46.82561398387696,24.55602914560976],[46.825600835892836,24.556022920774446],[46.82565526563775,24.55592675402846],[46.82566183169728,24.555929864283062],[46.82568155370861,24.55593920468772],[46.82567020961626,24.555959247497842],[46.825709652665346,24.555977928313506],[46.82570398062692,24.55598795017099],[46.82541247845111,24.55650308048955]]]}},{"type":"Feature","properties":{"plan_no":"2705/5","plan_id":"2620","block_no":"0","parcel_no":"2005/م","parcel_id":14320109,"object_id":6179508,"area_m2":11.25009161},"geometry":{"type":"Polygon","coordinates":[[[46.826140632396644,24.55710190441485],[46.826160356550254,24.557111241107943],[46.82614901145708,24.557131283964846],[46.826129287300965,24.557121947270424],[46.82610956414768,24.557112611463975],[46.826120909232785,24.55709256770703],[46.826140632396644,24.55710190441485]]]}},{"type":"Feature","properties":{"plan_no":"2705/5","plan_id":"2620","block_no":"0","parcel_no":"2006/م","parcel_id":14315301,"object_id":6196447,"area_m2":371.99354736},"geometry":{"type":"Polygon","coordinates":[[[46.82531139906265,24.558488296801006],[46.825030032174816,24.55898535672169],[46.8249774371243,24.558960459072914],[46.825258802203784,24.55846339926402],[46.82531139906265,24.558488296801006]]]}},{"type":"Feature","properties":{"plan_no":"2705/5","plan_id":"2620","block_no":"0","parcel_no":"2007/م","parcel_id":14318659,"object_id":6146540,"area_m2":1097.69813958},"geometry":{"type":"Polygon","coordinates":[[[46.82528417004262,24.558536399713745],[46.82531139906265,24.558488296801006],[46.82581983612928,24.558728976796807],[46.825537818776084,24.559225727660415],[46.825030032174816,24.55898535672169],[46.8250663381022,24.558921219248735],[46.82552217935509,24.55913700165807],[46.825740010184305,24.558752181533567],[46.82528417004262,24.558536399713745]]]}},{"type":"Feature","properties":{"plan_no":"2705/5","plan_id":"2620","block_no":"0","parcel_no":"2008/م","parcel_id":14315905,"object_id":6145469,"area_m2":25.312717065},"geometry":{"type":"Polygon","coordinates":[[[46.82604619005452,24.559428718517438],[46.82607608860468,24.55944352872343],[46.82605846076068,24.559473297491945],[46.82604071252784,24.559464505659648],[46.826029167754356,24.55945878872209],[46.82599987371522,24.559444276347257],[46.82601750158303,24.559414508487617],[46.82604619005452,24.559428718517438]]]}},{"type":"Feature","properties":{"plan_no":"2705/5","plan_id":"2620","block_no":"0","parcel_no":"2009/م","parcel_id":14319925,"object_id":6212897,"area_m2":11.25011711},"geometry":{"type":"Polygon","coordinates":[[[46.82515105950798,24.560303147607346],[46.82517078312806,24.560312484413306],[46.82515943761943,24.56033252721356],[46.825139713009854,24.56032319041823],[46.825119989377,24.560313852705466],[46.82513133490371,24.560293810810585],[46.82515105950798,24.560303147607346]]]}},{"type":"Feature","properties":{"plan_no":"2705/5","plan_id":"2620","block_no":"0","parcel_no":"2010/م","parcel_id":14319915,"object_id":6327178,"area_m2":10.53188446},"geometry":{"type":"Polygon","coordinates":[[[46.82528338251552,24.561492995050372],[46.82526556962461,24.561524467873863],[46.82524365501405,24.56151409225948],[46.82526208296895,24.561481532166088],[46.825264074485645,24.56147801397001],[46.82528338251552,24.561492995050372]]]}},{"type":"Feature","properties":{"plan_no":"2705/5","plan_id":"2620","block_no":"0","parcel_no":"2011/م","parcel_id":14319295,"object_id":6198198,"area_m2":11.25008432},"geometry":{"type":"Polygon","coordinates":[[[46.82614952669603,24.56215915639536],[46.82617501226443,24.562192430250477],[46.82615480074281,24.562205379380007],[46.82612931517665,24.56217210552136],[46.82614952669603,24.56215915639536]]]}},{"type":"Feature","properties":{"plan_no":"2705/5","plan_id":"2620","block_no":"0","parcel_no":"2012/م","parcel_id":14320579,"object_id":6200681,"area_m2":449.99852536},"geometry":{"type":"Polygon","coordinates":[[[46.826698851512006,24.562821287450834],[46.82665034336257,24.56285236517411],[46.826616362920284,24.562808000757695],[46.82722271691225,24.562419530083822],[46.827256697444234,24.562463894359226],[46.827208189576474,24.562494972247546],[46.826698851512006,24.562821287450834]]]}},{"type":"Feature","properties":{"plan_no":"2705/5","plan_id":"2620","block_no":"0","parcel_no":"2013/م","parcel_id":14319003,"object_id":6222928,"area_m2":1471.20212876},"geometry":{"type":"Polygon","coordinates":[[[46.827208189576474,24.562494972247546],[46.827256697444234,24.562463894359226],[46.8277550791607,24.56311457417097],[46.82774297294565,24.563177442670494],[46.82721746467347,24.56351411933353],[46.82714872376354,24.56350304705398],[46.82665034336257,24.56285236517411],[46.826698851512006,24.562821287450834],[46.82718315668908,24.563453592440116],[46.82720357710264,24.563456882172304],[46.82768889888863,24.563145951490526],[46.82769249582737,24.563127275548645],[46.827208189576474,24.562494972247546]]]}},{"type":"Feature","properties":{"plan_no":"2705/5","plan_id":"2620","block_no":"0","parcel_no":"2014/م","parcel_id":14319921,"object_id":6235545,"area_m2":11.25008432},"geometry":{"type":"Polygon","coordinates":[[[46.82751222753398,24.562443476264324],[46.827537713509074,24.562476749863265],[46.82751750209672,24.562489699169728],[46.82749201612387,24.56245642556726],[46.82751222753398,24.562443476264324]]]}},{"type":"Feature","properties":{"plan_no":"2705/5","plan_id":"2620","block_no":"0","parcel_no":"2015/م","parcel_id":14319923,"object_id":6167852,"area_m2":11.250106955},"geometry":{"type":"Polygon","coordinates":[[[46.82742684399201,24.561175482592937],[46.8274395868271,24.561192119411086],[46.82741937461365,24.561205068707],[46.827406632766696,24.56118843187512],[46.82739388993617,24.5611717950539],[46.827414101160365,24.561158845773477],[46.82742684399201,24.561175482592937]]]}},{"type":"Feature","properties":{"plan_no":"2705/5","plan_id":"2620","block_no":"0","parcel_no":"2016/م","parcel_id":14319941,"object_id":6147854,"area_m2":11.25008432},"geometry":{"type":"Polygon","coordinates":[[[46.828476558923334,24.56085842261416],[46.82847797468907,24.560860270739212],[46.82845978434258,24.56087192530746],[46.82844159399265,24.560883579873682],[46.82844017822714,24.560881731748264],[46.828427435300064,24.560865095020016],[46.828445625648875,24.56085344045555],[46.82846381599424,24.560841785889068],[46.828476558923334,24.56085842261416]]]}},{"type":"Feature","properties":{"plan_no":"2705/5","plan_id":"2620","block_no":"0","parcel_no":"2017/م","parcel_id":14319939,"object_id":6201198,"area_m2":11.249598465},"geometry":{"type":"Polygon","coordinates":[[[46.828520662424104,24.561466720468047],[46.82850247101126,24.56147837505742],[46.82848428255598,24.56149002960884],[46.82847012478314,24.561471545655678],[46.8284883142112,24.56145989019134],[46.828506503635815,24.561448234724992],[46.828520662424104,24.561466720468047]]]}},{"type":"Feature","properties":{"plan_no":"2705/5","plan_id":"2620","block_no":"0","parcel_no":"2018/م","parcel_id":14320581,"object_id":6212237,"area_m2":539.996145165},"geometry":{"type":"Polygon","coordinates":[[[46.82903643740774,24.561796299827797],[46.829319611215865,24.562166001557472],[46.829320288419225,24.56216688535914],[46.82927178120319,24.56219796297429],[46.82876206970753,24.561532501575805],[46.828810576802866,24.56150142322716],[46.82903643740774,24.561796299827797]]]}},{"type":"Feature","properties":{"plan_no":"2705/5","plan_id":"2620","block_no":"0","parcel_no":"2019/م","parcel_id":14320091,"object_id":6385488,"area_m2":11.25008432},"geometry":{"type":"Polygon","coordinates":[[[46.82998203465173,24.560778429509224],[46.829963844468374,24.560790084250463],[46.82994565428158,24.56080173898966],[46.829931495388195,24.560783254289586],[46.829949685573865,24.560771599552133],[46.82996787575608,24.560759944812663],[46.82998203465173,24.560778429509224]]]}},{"type":"Feature","properties":{"plan_no":"2705/5","plan_id":"2620","block_no":"0","parcel_no":"2020/م","parcel_id":14320205,"object_id":6179511,"area_m2":11.249650335},"geometry":{"type":"Polygon","coordinates":[[[46.830628789485246,24.560364047892335],[46.83061059941125,24.56037570180261],[46.830592409333796,24.560387355710873],[46.830578251400674,24.560368871964172],[46.83059644146389,24.56035721715498],[46.830614630536665,24.56034556235576],[46.830628789485246,24.560364047892335]]]}},{"type":"Feature","properties":{"plan_no":"2705/5","plan_id":"2620","block_no":"0","parcel_no":"2021/م","parcel_id":14320175,"object_id":6145277,"area_m2":11.25008432},"geometry":{"type":"Polygon","coordinates":[[[46.83063664344641,24.55978032665854],[46.83064938653247,24.55979696319148],[46.83062917587992,24.55980991287616],[46.83061643279498,24.55979327634146],[46.83060368971349,24.559776639805445],[46.83062390036379,24.55976369012429],[46.83063664344641,24.55978032665854]]]}},{"type":"Feature","properties":{"plan_no":"2705/5","plan_id":"2620","block_no":"0","parcel_no":"2022/م","parcel_id":14318835,"object_id":6199299,"area_m2":1428.750057795},"geometry":{"type":"Polygon","coordinates":[[[46.83108470346678,24.559956198554417],[46.831036197552116,24.559987277574102],[46.83062842819498,24.55945491255285],[46.83109327785291,24.559157073669947],[46.83111876300599,24.559190345769462],[46.831138974508754,24.55917739691752],[46.83152125857079,24.559676487598438],[46.83147275287654,24.559707566747235],[46.83113294452216,24.559263930634806],[46.83074489567282,24.559512560636865],[46.83108470346678,24.559956198554417]]]}},{"type":"Feature","properties":{"plan_no":"2705/5","plan_id":"2620","block_no":"0","parcel_no":"2023/م","parcel_id":14317617,"object_id":6146512,"area_m2":11.249969985},"geometry":{"type":"Polygon","coordinates":[[[46.831138974508754,24.55917739691752],[46.83111876300599,24.559190345769462],[46.83109327785291,24.559157073669947],[46.831113488353346,24.559144123930828],[46.831138974508754,24.55917739691752]]]}},{"type":"Feature","properties":{"plan_no":"2705/5","plan_id":"2620","block_no":"0","parcel_no":"2024/م","parcel_id":14316415,"object_id":6179148,"area_m2":479.999497025},"geometry":{"type":"Polygon","coordinates":[[[46.83152125857079,24.559676487598438],[46.831566567141664,24.5597356392282],[46.83124319299987,24.559942832207188],[46.831081505027285,24.560046428463572],[46.831036197552116,24.559987277574102],[46.83152125857079,24.559676487598438]]]}},{"type":"Feature","properties":{"plan_no":"2705/5","plan_id":"2620","block_no":"0","parcel_no":"2025/م","parcel_id":14320169,"object_id":6179510,"area_m2":11.2497251},"geometry":{"type":"Polygon","coordinates":[[[46.83192420922323,24.559286035879083],[46.83190601944183,24.559297690834008],[46.83188783065709,24.55930934667761],[46.83187367266149,24.559290862151524],[46.831891861445115,24.55927920630969],[46.831910050238406,24.559267551368528],[46.83192420922323,24.559286035879083]]]}},{"type":"Feature","properties":{"plan_no":"2705/5","plan_id":"2620","block_no":"0","parcel_no":"2026/م","parcel_id":14320173,"object_id":6154088,"area_m2":11.250106955},"geometry":{"type":"Polygon","coordinates":[[[46.832124396487885,24.559405779242184],[46.83210620669705,24.559417433318345],[46.8320880169159,24.559429088295165],[46.83207385789057,24.55941060380269],[46.8320920476706,24.559398948827614],[46.83211023744718,24.559387293850524],[46.832124396487885,24.559405779242184]]]}},{"type":"Feature","properties":{"plan_no":"2705/5","plan_id":"2620","block_no":"0","parcel_no":"2027/م","parcel_id":14320107,"object_id":6145276,"area_m2":11.249966245},"geometry":{"type":"Polygon","coordinates":[[[46.8327711378858,24.558991389164955],[46.832752948217426,24.559003043312817],[46.832734758558736,24.559014698361377],[46.83272059948045,24.558996213028877],[46.83273878915116,24.558984558884777],[46.832756978818416,24.55897290473866],[46.8327711378858,24.558991389164955]]]}},{"type":"Feature","properties":{"plan_no":"2705/5","plan_id":"2620","block_no":"0","parcel_no":"2028/م","parcel_id":14320159,"object_id":6235920,"area_m2":11.25008432},"geometry":{"type":"Polygon","coordinates":[[[46.83341787392973,24.558576995646913],[46.83339968439694,24.55858865076921],[46.8333814948607,24.558600305889495],[46.83336733575573,24.55858182152236],[46.833385525290865,24.55857016640384],[46.83340371482254,24.558558511283305],[46.83341787392973,24.558576995646913]]]}},{"type":"Feature","properties":{"plan_no":"2705/5","plan_id":"2620","block_no":"0","parcel_no":"2029/م","parcel_id":14320161,"object_id":6154085,"area_m2":11.250126295},"geometry":{"type":"Polygon","coordinates":[[[46.83438797033225,24.557955401034135],[46.83436978197012,24.55796705625199],[46.83435159261755,24.557978711479844],[46.83433743343975,24.557960226304004],[46.83435562279119,24.55794857107793],[46.83437381215232,24.557936916752517],[46.83438797033225,24.557955401034135]]]}},{"type":"Feature","properties":{"plan_no":"2705/5","plan_id":"2620","block_no":"0","parcel_no":"2030/م","parcel_id":14315673,"object_id":6155587,"area_m2":402.00381251},"geometry":{"type":"Polygon","coordinates":[[[46.835826966971126,24.55711600723311],[46.8352853378285,24.557463070021203],[46.83525135605457,24.557418706713307],[46.835510044545714,24.55725294569672],[46.83579298513036,24.55707164495388],[46.835826966971126,24.55711600723311]]]}},{"type":"Feature","properties":{"plan_no":"2705/5","plan_id":"2620","block_no":"0","parcel_no":"2031/م","parcel_id":14318153,"object_id":6156654,"area_m2":479.99844532},"geometry":{"type":"Polygon","coordinates":[[[46.835826966971126,24.55711600723311],[46.835875470539904,24.557084926793074],[46.836328561615154,24.557676427053337],[46.83628005795088,24.557707507643794],[46.835826966971126,24.55711600723311]]]}},{"type":"Feature","properties":{"plan_no":"2705/5","plan_id":"2620","block_no":"0","parcel_no":"2032/م","parcel_id":14316959,"object_id":7170848,"area_m2":480.00192046},"geometry":{"type":"Polygon","coordinates":[[[46.83664383781002,24.557474403732513],[46.83659533331797,24.5575054844282],[46.836142241717496,24.556913984995195],[46.8361907451271,24.556882904461965],[46.83664383781002,24.557474403732513]]]}},{"type":"Feature","properties":{"plan_no":"2705/5","plan_id":"2620","block_no":"0","parcel_no":"2033/م","parcel_id":14318035,"object_id":6383148,"area_m2":925.35810651},"geometry":{"type":"Polygon","coordinates":[[[46.836979297403026,24.55720433099873],[46.8369671962052,24.557267199983883],[46.83664383781002,24.557474403732513],[46.83660985558901,24.557430041662137],[46.83691312270117,24.55723571117653],[46.836916717175626,24.557217036005074],[46.83654000065828,24.556725244539674],[46.83651574903255,24.55674078486033],[46.8362489787584,24.55691172727233],[46.83622472705921,24.556927267549973],[46.8361907451271,24.556882904461965],[46.83653431339785,24.556662752192043],[46.836559799372765,24.556696023326634],[46.83658000988292,24.556683073796595],[46.836979297403026,24.55720433099873]]]}},{"type":"Feature","properties":{"plan_no":"2705/5","plan_id":"2620","block_no":"0","parcel_no":"2034/م","parcel_id":14320449,"object_id":6167685,"area_m2":11.249969985},"geometry":{"type":"Polygon","coordinates":[[[46.83658000988292,24.556683073796595],[46.836559799372765,24.556696023326634],[46.83653431339785,24.556662752192043],[46.83655452290566,24.556649801774864],[46.83658000988292,24.556683073796595]]]}},{"type":"Feature","properties":{"plan_no":"2705/5","plan_id":"2620","block_no":"0","parcel_no":"2035/م","parcel_id":14320461,"object_id":6234051,"area_m2":11.250404145},"geometry":{"type":"Polygon","coordinates":[[[46.837211215502364,24.555898356172666],[46.837193026721984,24.55591001171381],[46.83717483791185,24.55592166544755],[46.837160677603784,24.55590318055512],[46.8371788673866,24.555891525908418],[46.83719705717913,24.55587987216241],[46.837211215502364,24.555898356172666]]]}},{"type":"Feature","properties":{"plan_no":"2705/5","plan_id":"2620","block_no":"0","parcel_no":"2036/م","parcel_id":14320399,"object_id":6317873,"area_m2":11.250106955},"geometry":{"type":"Polygon","coordinates":[[[46.83742754579283,24.556007701567506],[46.83740935700607,24.55601935623167],[46.837391168229004,24.556031011796513],[46.837377008877326,24.556012527817927],[46.83739519765326,24.55600087225484],[46.83741338642575,24.555989216689742],[46.83742754579283,24.556007701567506]]]}},{"type":"Feature","properties":{"plan_no":"2705/5","plan_id":"2620","block_no":"0","parcel_no":"2037/م","parcel_id":14320509,"object_id":6200678,"area_m2":11.250106955},"geometry":{"type":"Polygon","coordinates":[[[46.8375806918351,24.55491749807446],[46.83756250321411,24.554929152748652],[46.83754431460283,24.554940808323526],[46.837530155363424,24.554922324350926],[46.83754834397359,24.554910668777822],[46.837566532580304,24.554899013202693],[46.8375806918351,24.55491749807446]]]}},{"type":"Feature","properties":{"plan_no":"2705/5","plan_id":"2620","block_no":"0","parcel_no":"2038/م","parcel_id":14320433,"object_id":6167477,"area_m2":11.250126295},"geometry":{"type":"Polygon","coordinates":[[[46.83849460617609,24.55532392173758],[46.83847641859147,24.55533557741068],[46.838458230016435,24.555347233093805],[46.83844407058598,24.55532874831593],[46.838462259159876,24.555317092634564],[46.8384804477435,24.555305437853892],[46.83849460617609,24.55532392173758]]]}},{"type":"Feature","properties":{"plan_no":"2705/5","plan_id":"2620","block_no":"0","parcel_no":"2039/م","parcel_id":14320439,"object_id":6212233,"area_m2":11.25008629},"geometry":{"type":"Polygon","coordinates":[[[46.838850291972804,24.555095992963754],[46.83883210346857,24.55510764868832],[46.83881391593467,24.555119303496134],[46.83879975649549,24.555100819655422],[46.838817944015105,24.55508916394668],[46.838836132518225,24.555077508223874],[46.838850291972804,24.555095992963754]]]}},{"type":"Feature","properties":{"plan_no":"2705/5","plan_id":"2620","block_no":"0","parcel_no":"2040/م","parcel_id":14320515,"object_id":6167687,"area_m2":11.250218165},"geometry":{"type":"Polygon","coordinates":[[[46.8387148596238,24.55493492647809],[46.838696671114924,24.55494658128321],[46.83867848161567,24.554958236098365],[46.83866432220206,24.554939751339617],[46.83868251170021,24.554928096526233],[46.838700700221125,24.55491644262558],[46.8387148596238,24.55493492647809]]]}},{"type":"Feature","properties":{"plan_no":"2705/5","plan_id":"2620","block_no":"0","parcel_no":"2041/م","parcel_id":14320493,"object_id":6154097,"area_m2":11.250126295},"geometry":{"type":"Polygon","coordinates":[[[46.839561656667826,24.554640134042092],[46.83954346928522,24.554651789833457],[46.83952528091223,24.55466344563485],[46.839511121416145,24.554644960960385],[46.83952930978801,24.554633305160767],[46.83954749816962,24.55462165026181],[46.839561656667826,24.554640134042092]]]}},{"type":"Feature","properties":{"plan_no":"2705/5","plan_id":"2620","block_no":"0","parcel_no":"2042/م","parcel_id":14320389,"object_id":6385489,"area_m2":11.249903605},"geometry":{"type":"Polygon","coordinates":[[[46.83957348650704,24.55399872610452],[46.83958623009512,24.554015362761202],[46.83956602131787,24.55402831264368],[46.839553277757254,24.554011677790648],[46.83954053517386,24.55399504202156],[46.8395607439357,24.55398209123989],[46.83957348650704,24.55399872610452]]]}},{"type":"Feature","properties":{"plan_no":"2705/5","plan_id":"2620","block_no":"0","parcel_no":"2045/م","parcel_id":14320505,"object_id":6145457,"area_m2":11.24981184},"geometry":{"type":"Polygon","coordinates":[[[46.83915220116516,24.55255310893286],[46.839171925428,24.552562443912574],[46.83916058580611,24.552582488482383],[46.83914086154076,24.55257315350136],[46.83912113826515,24.552563818505522],[46.839132477892036,24.55254377393835],[46.83915220116516,24.55255310893286]]]}},{"type":"Feature","properties":{"plan_no":"2705/5","plan_id":"2620","block_no":"0","parcel_no":"2046/م","parcel_id":14320417,"object_id":6154094,"area_m2":11.249852135},"geometry":{"type":"Polygon","coordinates":[[[46.840189551784036,24.551798886404928],[46.84020927499209,24.551808220361455],[46.840197935613325,24.551828265900284],[46.840178212389574,24.55181893103974],[46.8401584881817,24.551809596188484],[46.840169827578656,24.551789551555],[46.840189551784036,24.551798886404928]]]}},{"type":"Feature","properties":{"plan_no":"2705/5","plan_id":"2620","block_no":"0","parcel_no":"2047/م","parcel_id":14317903,"object_id":6238823,"area_m2":359.50453712},"geometry":{"type":"Polygon","coordinates":[[[46.84132658334659,24.551753419976894],[46.84105482435733,24.55223380738689],[46.84100222746995,24.552208915357543],[46.84127402125207,24.55172846621497],[46.84132658334659,24.551753419976894]]]}},{"type":"Feature","properties":{"plan_no":"2705/5","plan_id":"2620","block_no":"0","parcel_no":"2048/م","parcel_id":14320521,"object_id":6154248,"area_m2":11.24986069},"geometry":{"type":"Polygon","coordinates":[[[46.83913762540558,24.551301026558033],[46.83915734847806,24.551310361564727],[46.83914600895246,24.551330406130134],[46.83912628489056,24.55132107113415],[46.83910656181836,24.55131173612336],[46.83911790233589,24.55129169154857],[46.83913762540558,24.551301026558033]]]}},{"type":"Feature","properties":{"plan_no":"2705/5","plan_id":"2620","block_no":"0","parcel_no":"2049/م","parcel_id":14320421,"object_id":6212232,"area_m2":11.25031477},"geometry":{"type":"Polygon","coordinates":[[[46.83843634357412,24.55096911474499],[46.83845606753434,24.55097844983798],[46.838444726945895,24.550998495270957],[46.83842500397009,24.5509891601646],[46.83840528001015,24.55097982506753],[46.83841662060362,24.55095977963721],[46.83843634357412,24.55096911474499]]]}},{"type":"Feature","properties":{"plan_no":"2705/5","plan_id":"2620","block_no":"0","parcel_no":"2050/م","parcel_id":14319015,"object_id":6167495,"area_m2":359.999343475},"geometry":{"type":"Polygon","coordinates":[[[46.83746074957911,24.55053277731151],[46.837811386680755,24.55069873564252],[46.83778417101411,24.550746843108218],[46.837258215038425,24.55049790520513],[46.83728543086542,24.550449797824317],[46.83746074957911,24.55053277731151]]]}},{"type":"Feature","properties":{"plan_no":"2705/5","plan_id":"2620","block_no":"0","parcel_no":"2051/م","parcel_id":14320481,"object_id":6212234,"area_m2":11.249964},"geometry":{"type":"Polygon","coordinates":[[[46.837136818452606,24.550712487391912],[46.83715873199377,24.550722862245195],[46.83713831656865,24.550758941004197],[46.83711640302248,24.550748566148265],[46.837136818452606,24.550712487391912]]]}},{"type":"Feature","properties":{"plan_no":"2705/5","plan_id":"2620","block_no":"0","parcel_no":"2052/م","parcel_id":14320487,"object_id":6235927,"area_m2":11.249852135},"geometry":{"type":"Polygon","coordinates":[[[46.836770817862494,24.550180814525707],[46.836790540587096,24.55019014896151],[46.83677920077399,24.550210194270434],[46.83675947803372,24.550200858930616],[46.83673975430934,24.550191523600034],[46.83675109414062,24.550171479196468],[46.836770817862494,24.550180814525707]]]}},{"type":"Feature","properties":{"plan_no":"2705/5","plan_id":"2620","block_no":"0","parcel_no":"2053/م","parcel_id":14320489,"object_id":6234052,"area_m2":11.24986069},"geometry":{"type":"Polygon","coordinates":[[[46.83571891727025,24.549682929117346],[46.83573863985924,24.549692264603298],[46.83572729989936,24.549712308938783],[46.835707576320964,24.549702973463514],[46.83568785373227,24.54969363797347],[46.835699194684054,24.549673593628615],[46.83571891727025,24.549682929117346]]]}},{"type":"Feature","properties":{"plan_no":"2705/5","plan_id":"2620","block_no":"0","parcel_no":"2054/م","parcel_id":14320429,"object_id":6234050,"area_m2":11.25031477},"geometry":{"type":"Polygon","coordinates":[[[46.83501765262981,24.549351000264178],[46.83503737610652,24.549360335836404],[46.83502603508381,24.54938038103944],[46.835006312591496,24.54937104545387],[46.834986589115076,24.549361709877534],[46.83499793014279,24.549341664677165],[46.83501765262981,24.549351000264178]]]}},{"type":"Feature","properties":{"plan_no":"2705/5","plan_id":"2620","block_no":"0","parcel_no":"2055/م","parcel_id":14317687,"object_id":6176689,"area_m2":360.000666375},"geometry":{"type":"Polygon","coordinates":[[[46.83404208183835,24.548914639171812],[46.83439271034438,24.549080606022283],[46.83436549363558,24.54912871293614],[46.83410252185308,24.549004238292103],[46.83383955055337,24.548879762253925],[46.833866767422485,24.548831655424966],[46.83404208183835,24.548914639171812]]]}},{"type":"Feature","properties":{"plan_no":"2705/5","plan_id":"2620","block_no":"0","parcel_no":"2056/م","parcel_id":14320431,"object_id":6200677,"area_m2":11.24981184},"geometry":{"type":"Polygon","coordinates":[[[46.83335216774721,24.54856265957757],[46.83337189098836,24.548571995383263],[46.8333605507279,24.548592039559548],[46.83334082748426,24.54858270375254],[46.83332110523028,24.548573367930768],[46.833332445495756,24.548553323757126],[46.83335216774721,24.54856265957757]]]}},{"type":"Feature","properties":{"plan_no":"2705/5","plan_id":"2620","block_no":"0","parcel_no":"2057/م","parcel_id":14320443,"object_id":6179515,"area_m2":11.24986069},"geometry":{"type":"Polygon","coordinates":[[[46.83230029294216,24.548064748613005],[46.83232001504763,24.548074084578108],[46.83230867465361,24.548094128683648],[46.83228895155872,24.548084792729217],[46.83226922945354,24.548075456760003],[46.83228057083946,24.548055412645134],[46.83230029294216,24.548064748613005]]]}},{"type":"Feature","properties":{"plan_no":"2705/5","plan_id":"2620","block_no":"0","parcel_no":"2058/م","parcel_id":14320469,"object_id":6179553,"area_m2":11.25002396},"geometry":{"type":"Polygon","coordinates":[[[46.832233576306166,24.548968353891325],[46.83225329954029,24.548977689844126],[46.832241958077155,24.54899773395973],[46.832222234840515,24.548988398005612],[46.832202512593575,24.548979062036732],[46.83221385406173,24.54895901792377],[46.832233576306166,24.548968353891325]]]}},{"type":"Feature","properties":{"plan_no":"2705/5","plan_id":"2620","block_no":"0","parcel_no":"2059/م","parcel_id":14314975,"object_id":6153999,"area_m2":720.204152095},"geometry":{"type":"Polygon","coordinates":[[[46.83223542979049,24.54927925709654],[46.832099337658775,24.549519789972727],[46.83196324501798,24.549760321846403],[46.83196318339675,24.549760292801075],[46.83185800165968,24.549710490207264],[46.83199411465803,24.549469989773137],[46.832130240649164,24.549229466503682],[46.83223542979049,24.54927925709654]]]}},{"type":"Feature","properties":{"plan_no":"2705/5","plan_id":"2620","block_no":"0","parcel_no":"2060/م","parcel_id":14319033,"object_id":6197976,"area_m2":360.002763425},"geometry":{"type":"Polygon","coordinates":[[[46.83376066327467,24.550001231035516],[46.833488422515785,24.550482269191367],[46.833435826693034,24.550457373493217],[46.83357194790723,24.550216855404383],[46.83370807054668,24.549976333580876],[46.83376066327467,24.550001231035516]]]}},{"type":"Feature","properties":{"plan_no":"2705/5","plan_id":"2620","block_no":"0","parcel_no":"2061/م","parcel_id":14320495,"object_id":6179554,"area_m2":11.264182815},"geometry":{"type":"Polygon","coordinates":[[[46.833421507278544,24.550600627309617],[46.83344341283318,24.550611016359138],[46.83342293967697,24.550647068279776],[46.833401034117344,24.550636679227576],[46.83342145260439,24.550600600888977],[46.833421507278544,24.550600627309617]]]}},{"type":"Feature","properties":{"plan_no":"2705/5","plan_id":"2620","block_no":"0","parcel_no":"2062/م","parcel_id":14316585,"object_id":6229297,"area_m2":2080.33867953},"geometry":{"type":"Polygon","coordinates":[[[46.83344341283318,24.550611016359138],[46.83342145260439,24.550600600888977],[46.83342150359831,24.550600509982765],[46.83346682611449,24.55052042760821],[46.83463361123255,24.551073770638965],[46.834861612305126,24.55067067664949],[46.83490064251938,24.550601672721577],[46.83492780331594,24.550553653069198],[46.83501554203171,24.550595180747493],[46.83467578491496,24.551195474431633],[46.83460576679205,24.551162264670765],[46.83344341283318,24.550611016359138]]]}},{"type":"Feature","properties":{"plan_no":"2705/5","plan_id":"2620","block_no":"0","parcel_no":"2063/م","parcel_id":14317939,"object_id":6176863,"area_m2":798.1331932749999},"geometry":{"type":"Polygon","coordinates":[[[46.83492780331594,24.550553653069198],[46.83490064251938,24.550601672721577],[46.833733439194624,24.55004933523136],[46.83376066327467,24.550001231035516],[46.83492780331594,24.550553653069198]]]}},{"type":"Feature","properties":{"plan_no":"2705/5","plan_id":"2620","block_no":"0","parcel_no":"2064/م","parcel_id":14318585,"object_id":7221647,"area_m2":51235.578862165},"geometry":{"type":"Polygon","coordinates":[[[46.83422798323128,24.553394710740182],[46.83421999109224,24.55340363345463],[46.834189286321795,24.553374278769187],[46.8341736478204,24.5533917371734],[46.834173255411905,24.553391361846256],[46.83415829495309,24.55337706028379],[46.834158254987734,24.553377095078815],[46.833944713325906,24.55317918859438],[46.83372667255282,24.55298625016071],[46.8335042482224,24.552798382028364],[46.83327755821169,24.552615683760834],[46.8330467226584,24.552438252181755],[46.83281186389724,24.55226618132361],[46.832573106395074,24.552099562377887],[46.833401034117344,24.550636679227576],[46.83342293967697,24.550647068279776],[46.83344341283318,24.550611016359138],[46.833454310444154,24.550616184467994],[46.83460576679205,24.551162264670765],[46.83467578491496,24.551195474431633],[46.83574398093708,24.551702238260056],[46.83422798323128,24.553394710740182]]]}},{"type":"Feature","properties":{"plan_no":"2705/5","plan_id":"2620","block_no":"0","parcel_no":"2065/م","parcel_id":14320143,"object_id":6167473,"area_m2":11.16776498},"geometry":{"type":"Polygon","coordinates":[[[46.83421999109224,24.55340363345463],[46.83420435259198,24.553421091861924],[46.8341736478204,24.5533917371734],[46.834189286321795,24.553374278769187],[46.83421999109224,24.55340363345463]]]}},{"type":"Feature","properties":{"plan_no":"2705/5","plan_id":"2620","block_no":"0","parcel_no":"2066/م","parcel_id":14320167,"object_id":6201344,"area_m2":11.23461696},"geometry":{"type":"Polygon","coordinates":[[[46.83370755061387,24.55446190720095],[46.83373674291569,24.554492525419967],[46.83371732748784,24.554506454426186],[46.83368813518701,24.55447583620337],[46.83370755061387,24.55446190720095]]]}},{"type":"Feature","properties":{"plan_no":"2705/5","plan_id":"2620","block_no":"0","parcel_no":"2067/م","parcel_id":14318323,"object_id":6208452,"area_m2":971.432077355},"geometry":{"type":"Polygon","coordinates":[[[46.83321780290795,24.554864801231627],[46.83304775585477,24.55469243580341],[46.83287396009503,24.554523850884056],[46.83291643696657,24.554486106671476],[46.8332118448152,24.55477711318566],[46.83323092099204,24.554786549824456],[46.833650981066306,24.554485209446998],[46.833626206613175,24.554459577208025],[46.83360651106557,24.55443931746824],[46.83358676291201,24.55441910531424],[46.83356696019176,24.554398941672734],[46.83354710486557,24.554378825616972],[46.83352719494643,24.55435875626829],[46.83350723144752,24.554338735420018],[46.83348721435572,24.554318762169448],[46.833467143671044,24.554298836516544],[46.833447019393475,24.554278958461307],[46.83342684153616,24.55425912890643],[46.83340661007282,24.55423934604644],[46.8333863250166,24.55421961078407],[46.833365986367475,24.55419992311926],[46.8333455941386,24.554180283954704],[46.83332528279536,24.554160572477198],[46.83330464887592,24.554141146612785],[46.83334712647589,24.554103402280003],[46.83352183527829,24.554273179136054],[46.83369281787158,24.554446708094094],[46.833692955455284,24.554446598076943],[46.83370755061387,24.55446190720095],[46.83368813518701,24.55447583620337],[46.83371732748784,24.554506454426186],[46.83370757971453,24.55451344740448],[46.83321780290795,24.554864801231627]]]}},{"type":"Feature","properties":{"plan_no":"2705/5","plan_id":"2620","block_no":"0","parcel_no":"2068/م","parcel_id":14318563,"object_id":6234473,"area_m2":401.0396308},"geometry":{"type":"Polygon","coordinates":[[[46.83291643696657,24.554486106671476],[46.83287396009503,24.554523850884056],[46.832832752695715,24.55448494592813],[46.833068776913976,24.554275219363383],[46.83330596586865,24.554064456254206],[46.83334712647589,24.554103402280003],[46.83330464887592,24.554141146612785],[46.83291643696657,24.554486106671476]]]}},{"type":"Feature","properties":{"plan_no":"2705/5","plan_id":"2620","block_no":"0","parcel_no":"2069/م","parcel_id":14320189,"object_id":6233840,"area_m2":11.229429695},"geometry":{"type":"Polygon","coordinates":[[[46.83126222139427,24.555124072638105],[46.83127878064043,24.555137608397356],[46.83126216987789,24.555154298269713],[46.831246718776555,24.555141618495078],[46.83124563982001,24.555140733262505],[46.83122911172645,24.55512716732655],[46.83124566215162,24.555110536876803],[46.83126222139427,24.555124072638105]]]}},{"type":"Feature","properties":{"plan_no":"2705/5","plan_id":"2620","block_no":"0","parcel_no":"2070/م","parcel_id":14320563,"object_id":6154282,"area_m2":11.250126295},"geometry":{"type":"Polygon","coordinates":[[[46.83131873981822,24.55678052521656],[46.83130055130822,24.55679218007215],[46.83128236180781,24.556803834937718],[46.831268203204274,24.55678534943651],[46.83128639270357,24.556773694572698],[46.83130458221253,24.55676204060957],[46.83131873981822,24.55678052521656]]]}},{"type":"Feature","properties":{"plan_no":"2705/5","plan_id":"2620","block_no":"0","parcel_no":"2071/م","parcel_id":14320559,"object_id":6167690,"area_m2":11.250152225},"geometry":{"type":"Polygon","coordinates":[[[46.83127259967029,24.557664345337997],[46.831254410046775,24.557676000206428],[46.831236220406694,24.557687654170135],[46.831222061701226,24.557669168672057],[46.83124025134018,24.557657514710105],[46.8312584409757,24.55764586074614],[46.83127259967029,24.557664345337997]]]}},{"type":"Feature","properties":{"plan_no":"2705/5","plan_id":"2620","block_no":"0","parcel_no":"2072/م","parcel_id":14317193,"object_id":6179528,"area_m2":803.00292146},"geometry":{"type":"Polygon","coordinates":[[[46.83014078189529,24.557166019461167],[46.83020307885868,24.55724735344507],[46.82961292682691,24.55762547457597],[46.829550630023434,24.557544140340482],[46.83014078189529,24.557166019461167]]]}},{"type":"Feature","properties":{"plan_no":"2705/5","plan_id":"2620","block_no":"0","parcel_no":"2073/م","parcel_id":14315247,"object_id":6229711,"area_m2":1098.0007186},"geometry":{"type":"Polygon","coordinates":[[[46.82961292682691,24.55762547457597],[46.82956442038631,24.557656553111478],[46.829252941205574,24.55724988146969],[46.82994010289109,24.556809604567533],[46.830251583989885,24.55721627473266],[46.83020307885868,24.55724735344507],[46.82992557761348,24.556885046913877],[46.82933542630721,24.557263167826804],[46.82961292682691,24.55762547457597]]]}},{"type":"Feature","properties":{"plan_no":"2705/5","plan_id":"2620","block_no":"0","parcel_no":"2074/م","parcel_id":14320187,"object_id":6154089,"area_m2":11.24998944},"geometry":{"type":"Polygon","coordinates":[[[46.829157904546314,24.55764310273521],[46.82917524470029,24.557627044344667],[46.829206848862384,24.557655590095525],[46.82918950969599,24.55767164847766],[46.82917469285548,24.55765826469447],[46.82916402013385,24.557648627125246],[46.829157904546314,24.55764310273521]]]}},{"type":"Feature","properties":{"plan_no":"2705/5","plan_id":"2620","block_no":"0","parcel_no":"2075/م","parcel_id":14320571,"object_id":6212236,"area_m2":11.249836315},"geometry":{"type":"Polygon","coordinates":[[[46.828360256379646,24.559640546983875],[46.82837299817609,24.559657183740114],[46.828352787276536,24.55967013222917],[46.82834004449422,24.559653495483165],[46.82832730271542,24.55963685962657],[46.82834751359965,24.55962391023832],[46.828360256379646,24.559640546983875]]]}},{"type":"Feature","properties":{"plan_no":"2705/5","plan_id":"2620","block_no":"0","parcel_no":"2076/م","parcel_id":14320235,"object_id":6212696,"area_m2":11.24975195},"geometry":{"type":"Polygon","coordinates":[[[46.82781860854722,24.55578691780362],[46.82783833259719,24.555796254283273],[46.8278269878836,24.555816297247397],[46.82780726381803,24.55580695986373],[46.82778754076839,24.555797624270717],[46.827798884513115,24.555777582223914],[46.82781860854722,24.55578691780362]]]}},{"type":"Feature","properties":{"plan_no":"2705/5","plan_id":"2620","block_no":"0","parcel_no":"2077/م","parcel_id":14320241,"object_id":6154090,"area_m2":11.25005133},"geometry":{"type":"Polygon","coordinates":[[[46.82732928509642,24.554589584570238],[46.827349007934025,24.554598921140407],[46.82733766323453,24.554618964068936],[46.82731794039442,24.55460962749746],[46.82729821657015,24.554600290935184],[46.82730956127464,24.55458024800929],[46.82732928509642,24.554589584570238]]]}},{"type":"Feature","properties":{"plan_no":"2705/5","plan_id":"2620","block_no":"0","parcel_no":"2078/م","parcel_id":14320097,"object_id":6235918,"area_m2":11.2497396},"geometry":{"type":"Polygon","coordinates":[[[46.82733384827554,24.553501520318875],[46.8273236374271,24.553519558688567],[46.82731342657586,24.553537597057687],[46.827291513278716,24.55352722346508],[46.82730172314551,24.55350918510924],[46.82731193300952,24.553491146752837],[46.82733384827554,24.553501520318875]]]}},{"type":"Feature","properties":{"plan_no":"2705/5","plan_id":"2620","block_no":"0","parcel_no":"2079/م","parcel_id":14316171,"object_id":6213014,"area_m2":1578.909135915},"geometry":{"type":"Polygon","coordinates":[[[46.82835264226065,24.5527817542223],[46.82804414552755,24.553326955470958],[46.82681695789374,24.55274602929953],[46.82712545986497,24.55220083118829],[46.82717661911726,24.552225048616933],[46.82689677391156,24.55272282157162],[46.828018770420414,24.553253951943347],[46.828300047335716,24.55275685762557],[46.82835264226065,24.5527817542223]]]}},{"type":"Feature","properties":{"plan_no":"2705/5","plan_id":"2620","block_no":"0","parcel_no":"2080/م","parcel_id":14317895,"object_id":6209967,"area_m2":1119.97857843},"geometry":{"type":"Polygon","coordinates":[[[46.82712545986497,24.55220083118829],[46.82716175404157,24.55213668982858],[46.82838893593863,24.552717612598276],[46.82835264226065,24.5527817542223],[46.828300047335716,24.55275685762557],[46.82717661911726,24.552225048616933],[46.82712545986497,24.55220083118829]]]}},{"type":"Feature","properties":{"plan_no":"2705/5","plan_id":"2620","block_no":"0","parcel_no":"2081/م","parcel_id":14320561,"object_id":6235709,"area_m2":11.25020871},"geometry":{"type":"Polygon","coordinates":[[[46.82832756821619,24.55204815414059],[46.82831622686581,24.552068198896258],[46.82827678089919,24.552049525974624],[46.82828812225457,24.552029481221606],[46.82832756821619,24.55204815414059]]]}},{"type":"Feature","properties":{"plan_no":"2705/5","plan_id":"2620","block_no":"0","parcel_no":"2082/م","parcel_id":14319197,"object_id":6177502,"area_m2":329.99936714},"geometry":{"type":"Polygon","coordinates":[[[46.828727341975735,24.55223739681257],[46.82860258345107,24.552457883111725],[46.82847782449645,24.55267836842425],[46.828425229594416,24.55265347186984],[46.828674747220624,24.55221250033601],[46.828727341975735,24.55223739681257]]]}},{"type":"Feature","properties":{"plan_no":"2705/5","plan_id":"2620","block_no":"0","parcel_no":"2083/م","parcel_id":14320223,"object_id":7327398,"area_m2":11.25020871},"geometry":{"type":"Polygon","coordinates":[[[46.82903576352262,24.55314578341456],[46.82905548722456,24.553155119756784],[46.829044145906465,24.553175164563534],[46.82902442220201,24.55316582821998],[46.82900469948731,24.553156491861685],[46.82901604081041,24.553136447057593],[46.82903576352262,24.55314578341456]]]}},{"type":"Feature","properties":{"plan_no":"2705/5","plan_id":"2620","block_no":"0","parcel_no":"2084/م","parcel_id":14320145,"object_id":7173035,"area_m2":11.25005133},"geometry":{"type":"Polygon","coordinates":[[[46.82848124695563,24.55432167013419],[46.8285009708117,24.554331006539318],[46.828489626322664,24.55435104954319],[46.8284699024641,24.554341713136754],[46.82845017959526,24.554332376715582],[46.8284615240893,24.55431233371435],[46.82848124695563,24.55432167013419]]]}},{"type":"Feature","properties":{"plan_no":"2705/5","plan_id":"2620","block_no":"0","parcel_no":"2085/م","parcel_id":14320499,"object_id":6167686,"area_m2":11.24978085},"geometry":{"type":"Polygon","coordinates":[[[46.831135812398934,24.553152552193477],[46.8311541582846,24.553163998725466],[46.83114024820455,24.553182640244934],[46.831132899703796,24.553178056337927],[46.83112190230409,24.553171192808684],[46.83111556785497,24.553167240317656],[46.83110355740692,24.553159746260675],[46.83111746650339,24.553141104756346],[46.831135812398934,24.553152552193477]]]}},{"type":"Feature","properties":{"plan_no":"2705/5","plan_id":"2620","block_no":"0","parcel_no":"2086/م","parcel_id":14320413,"object_id":6212702,"area_m2":11.249677535},"geometry":{"type":"Polygon","coordinates":[[[46.83047889395105,24.551872771085147],[46.83049861656704,24.551882108159973],[46.83048704992881,24.5519020438448],[46.830467326349634,24.551892708586],[46.83046694764354,24.551892528099607],[46.83044760373396,24.55188337150703],[46.83045917036403,24.55186343492224],[46.83047889395105,24.551872771085147]]]}},{"type":"Feature","properties":{"plan_no":"2705/5","plan_id":"2620","block_no":"0","parcel_no":"2087/م","parcel_id":14320475,"object_id":6154096,"area_m2":11.24901134},"geometry":{"type":"Polygon","coordinates":[[[46.83078605126907,24.55133200207455],[46.83079121770828,24.551334447456004],[46.830810941231334,24.55134378357946],[46.83079937468764,24.55136371928384],[46.83077965214905,24.551354383147025],[46.830759928626314,24.551345047019442],[46.83077149517494,24.55132511131778],[46.83078605126907,24.55133200207455]]]}},{"type":"Feature","properties":{"plan_no":"2705/5","plan_id":"2620","block_no":"0","parcel_no":"2088/م","parcel_id":14320339,"object_id":6145279,"area_m2":11.247638105},"geometry":{"type":"Polygon","coordinates":[[[46.82894406763149,24.549281943895338],[46.828923646020584,24.549318020816735],[46.82890173237831,24.549307647429735],[46.82892216294186,24.549271574916705],[46.82894406763149,24.549281943895338]]]}},{"type":"Feature","properties":{"plan_no":"2705/5","plan_id":"2620","block_no":"0","parcel_no":"2089/م","parcel_id":14319025,"object_id":6155953,"area_m2":1116.6477963450002},"geometry":{"type":"Polygon","coordinates":[[[46.82890173237831,24.549307647429735],[46.82892364702059,24.549318021707457],[46.82891924299269,24.549325802730692],[46.82889198116568,24.549373944511746],[46.82858525892027,24.549228746591115],[46.82827839124039,24.549083478448416],[46.828573407787225,24.548562210124633],[46.82862600999025,24.548587117462805],[46.828358271256384,24.549060301781694],[46.8288667854336,24.54930102557656],[46.82913449663862,24.54882788500563],[46.82918710004031,24.548852792122105],[46.828949872941195,24.54927168737841],[46.828944066644574,24.54928194390731],[46.82892216294186,24.549271574916705],[46.82890173237831,24.549307647429735]]]}},{"type":"Feature","properties":{"plan_no":"2705/5","plan_id":"2620","block_no":"0","parcel_no":"2090/م","parcel_id":14315167,"object_id":6235863,"area_m2":1400.116069485},"geometry":{"type":"Polygon","coordinates":[[[46.828573407787225,24.548562210124633],[46.82866412506901,24.548401918944347],[46.82927788825853,24.54869246633715],[46.82918710004031,24.548852792122105],[46.828573407787225,24.548562210124633]]]}},{"type":"Feature","properties":{"plan_no":"2705/5","plan_id":"2620","block_no":"0","parcel_no":"2091/م","parcel_id":14320289,"object_id":6235923,"area_m2":11.24981184},"geometry":{"type":"Polygon","coordinates":[[[46.82928042976012,24.548490365445158],[46.82929177068292,24.548470321538332],[46.82933121562405,24.548488994259255],[46.82931987470626,24.548509038168735],[46.82928042976012,24.548490365445158]]]}},{"type":"Feature","properties":{"plan_no":"2705/5","plan_id":"2620","block_no":"0","parcel_no":"2092/م","parcel_id":14318307,"object_id":6146220,"area_m2":360.000746595},"geometry":{"type":"Polygon","coordinates":[[[46.82988624278522,24.548167236199507],[46.82975011723132,24.548407751289847],[46.82961399020754,24.548648267194945],[46.82956139684629,24.54862337093945],[46.82983364957111,24.54814233912627],[46.82988624278522,24.548167236199507]]]}},{"type":"Feature","properties":{"plan_no":"2705/5","plan_id":"2620","block_no":"0","parcel_no":"2093/م","parcel_id":14320301,"object_id":6145278,"area_m2":11.2499179},"geometry":{"type":"Polygon","coordinates":[[[46.830371874940596,24.547151892345283],[46.83039159677332,24.547161228580652],[46.83038025613445,24.547181272556443],[46.830360533312344,24.54717193633175],[46.8303408114799,24.547162600092303],[46.83035215212378,24.54714255611915],[46.830371874940596,24.547151892345283]]]}},{"type":"Feature","properties":{"plan_no":"2705/5","plan_id":"2620","block_no":"0","parcel_no":"2094/م","parcel_id":14315081,"object_id":6146172,"area_m2":451.119463015},"geometry":{"type":"Polygon","coordinates":[[[46.83106177366551,24.547503886590164],[46.83137952339031,24.547654300426558],[46.83141239467767,24.547669860866403],[46.83138517607368,24.547717967311105],[46.83103455496778,24.54755199388095],[46.83072784110014,24.54740680281075],[46.830726188247894,24.547406020244168],[46.83075330169517,24.547357863722574],[46.83106177366551,24.547503886590164]]]}},{"type":"Feature","properties":{"plan_no":"2705/5","plan_id":"2620","block_no":"0","parcel_no":"2095/م","parcel_id":14320283,"object_id":6323422,"area_m2":11.24981184},"geometry":{"type":"Polygon","coordinates":[[[46.83143280837092,24.547633781033262],[46.83141239467767,24.547669860866403],[46.83139048115191,24.54765948783451],[46.831410894850166,24.547623408004007],[46.83143280837092,24.547633781033262]]]}},{"type":"Feature","properties":{"plan_no":"2705/5","plan_id":"2620","block_no":"0","parcel_no":"2096/م","parcel_id":14320267,"object_id":6167474,"area_m2":11.24997511},"geometry":{"type":"Polygon","coordinates":[[[46.828969404965996,24.546487979635586],[46.82898912758722,24.546497316055504],[46.82897778578342,24.54651735994891],[46.828958064146576,24.54650802351571],[46.82893834152563,24.546498687091717],[46.82894968234754,24.546478643212918],[46.828969404965996,24.546487979635586]]]}},{"type":"Feature","properties":{"plan_no":"2705/5","plan_id":"2620","block_no":"0","parcel_no":"2097/م","parcel_id":14320341,"object_id":6145280,"area_m2":11.250167655},"geometry":{"type":"Polygon","coordinates":[[[46.82828005437118,24.546390359539984],[46.828268713446214,24.546410403374356],[46.828229268341275,24.54639173123782],[46.82824061024505,24.54637168649143],[46.82828005437118,24.546390359539984]]]}},{"type":"Feature","properties":{"plan_no":"2705/5","plan_id":"2620","block_no":"0","parcel_no":"2098/م","parcel_id":14316157,"object_id":6146732,"area_m2":432.00000989},"geometry":{"type":"Polygon","coordinates":[[[46.82824061024505,24.54637168649143],[46.82822359787499,24.546401753153408],[46.82808183204305,24.546652304645658],[46.82791397955042,24.54694895736229],[46.827861387216046,24.546924060446923],[46.828029239794404,24.54662740687995],[46.82818801810294,24.546346789677983],[46.82824061024505,24.54637168649143]]]}},{"type":"Feature","properties":{"plan_no":"2705/5","plan_id":"2620","block_no":"0","parcel_no":"2099/م","parcel_id":14320279,"object_id":6212698,"area_m2":11.25031477},"geometry":{"type":"Polygon","coordinates":[[[46.82791756322287,24.545990035914325],[46.82793728470845,24.545999372493583],[46.827925943771085,24.54601941720697],[46.82790622129614,24.54601008063835],[46.82788649981086,24.546000744055],[46.82789784075322,24.545980699344273],[46.82791756322287,24.545990035914325]]]}},{"type":"Feature","properties":{"plan_no":"2705/5","plan_id":"2620","block_no":"0","parcel_no":"2100/م","parcel_id":14318975,"object_id":6197974,"area_m2":359.97103877},"geometry":{"type":"Polygon","coordinates":[[[46.827477154060595,24.545197121379875],[46.82720499778677,24.54567811374344],[46.82715240610985,24.54565321563475],[46.82716941966833,24.545623150875326],[46.8274245991165,24.54517215880957],[46.827477154060595,24.545197121379875]]]}},{"type":"Feature","properties":{"plan_no":"2705/5","plan_id":"2620","block_no":"0","parcel_no":"2101/م","parcel_id":14320303,"object_id":6212699,"area_m2":11.250137635},"geometry":{"type":"Polygon","coordinates":[[[46.82716374913223,24.545633171852188],[46.82715240610985,24.54565321563475],[46.827112963342266,24.545634541351333],[46.82712430538277,24.545614497583408],[46.82716374913223,24.545633171852188]]]}},{"type":"Feature","properties":{"plan_no":"2705/5","plan_id":"2620","block_no":"0","parcel_no":"2102/م","parcel_id":14315269,"object_id":7189229,"area_m2":359.97962984500003},"geometry":{"type":"Polygon","coordinates":[[[46.82654806179868,24.54475722364492],[46.8265477557384,24.544757763653333],[46.82627588153291,24.545238252684843],[46.82622329021954,24.545213355131697],[46.82649547159316,24.54473232345664],[46.82654806179868,24.54475722364492]]]}},{"type":"Feature","properties":{"plan_no":"2705/5","plan_id":"2620","block_no":"0","parcel_no":"2103/م","parcel_id":14316127,"object_id":6156221,"area_m2":1215.99595548},"geometry":{"type":"Polygon","coordinates":[[[46.82616240690217,24.544574614811534],[46.825890211985346,24.5450556668663],[46.825862992685856,24.54510377240729],[46.82547284063815,24.54579328510284],[46.82540271842021,24.545760087397376],[46.82609228813365,24.544541413746295],[46.82616240690217,24.544574614811534]]]}},{"type":"Feature","properties":{"plan_no":"2705/5","plan_id":"2620","block_no":"0","parcel_no":"2104/م","parcel_id":14315289,"object_id":6196445,"area_m2":3241.759723345},"geometry":{"type":"Polygon","coordinates":[[[46.825474879901414,24.545632557329608],[46.82540271842021,24.545760087397376],[46.82433335172697,24.545253812279817],[46.82429107826243,24.545132144076415],[46.824436287380266,24.54487559798182],[46.82589939830049,24.544450094701794],[46.82609228813365,24.544541413746295],[46.8260650680243,24.544589519327882],[46.82589396348399,24.544508514295856],[46.82447760025766,24.5449204225315],[46.82437047066104,24.545109691468102],[46.825474879901414,24.545632557329608]]]}},{"type":"Feature","properties":{"plan_no":"2705/5","plan_id":"2620","block_no":"0","parcel_no":"2105/م","parcel_id":14320315,"object_id":6212700,"area_m2":11.249943175},"geometry":{"type":"Polygon","coordinates":[[[46.82470677077874,24.546017654128864],[46.82469656007352,24.54603569232404],[46.82468635035241,24.54605373050669],[46.82466443760215,24.546043356445587],[46.82467464732577,24.54602531826425],[46.824684857033546,24.546007279179648],[46.82470677077874,24.546017654128864]]]}},{"type":"Feature","properties":{"plan_no":"2705/5","plan_id":"2620","block_no":"0","parcel_no":"2106/م","parcel_id":14320317,"object_id":6235924,"area_m2":11.25043604},"geometry":{"type":"Polygon","coordinates":[[[46.82423709186673,24.546405217366157],[46.82422688305138,24.54642325641318],[46.82421667423325,24.546441295459644],[46.824194760447355,24.546430920441637],[46.82420496926798,24.546412881396495],[46.82421517808583,24.546394842350818],[46.82423709186673,24.546405217366157]]]}},{"type":"Feature","properties":{"plan_no":"2705/5","plan_id":"2620","block_no":"0","parcel_no":"2107/م","parcel_id":14320345,"object_id":6201393,"area_m2":11.2502779},"geometry":{"type":"Polygon","coordinates":[[[46.82369267310633,24.54736732249634],[46.82368246512907,24.547385361501426],[46.82367225616211,24.547403400517894],[46.82365034224272,24.547393025429088],[46.82366055121217,24.547374986413942],[46.82367076017884,24.547356947398242],[46.82369267310633,24.54736732249634]]]}},{"type":"Feature","properties":{"plan_no":"2705/5","plan_id":"2620","block_no":"0","parcel_no":"2108/م","parcel_id":14320309,"object_id":7189309,"area_m2":11.25033511},"geometry":{"type":"Polygon","coordinates":[[[46.82314824835664,24.548329424197554],[46.8231380402436,24.548347464075345],[46.82312783112781,24.548365503061802],[46.82310591707494,24.5483551279022],[46.82311612619322,24.548337088917062],[46.82312633530872,24.548319049931358],[46.82314824835664,24.548329424197554]]]}},{"type":"Feature","properties":{"plan_no":"2705/5","plan_id":"2620","block_no":"0","parcel_no":"2109/م","parcel_id":14315925,"object_id":6164991,"area_m2":359.98759109},"geometry":{"type":"Polygon","coordinates":[[[46.822918475698486,24.548735211341512],[46.82291859197571,24.54873526591261],[46.822891347965445,24.548783361351614],[46.822891254543656,24.548783317338412],[46.82236545804476,24.548534384154937],[46.82239268433341,24.548486280891428],[46.822918475698486,24.548735211341512]]]}},{"type":"Feature","properties":{"plan_no":"2705/5","plan_id":"2620","block_no":"0","parcel_no":"2110/م","parcel_id":14318271,"object_id":6156701,"area_m2":299.709387235},"geometry":{"type":"Polygon","coordinates":[[[46.82298922268787,24.548728044645898],[46.822762421516344,24.549128816362447],[46.82270978526696,24.549103887482307],[46.822891347965445,24.548783361351614],[46.82291859197571,24.54873526591261],[46.822918831647364,24.548734843182864],[46.82293675366433,24.54870320319903],[46.82298922268787,24.548728044645898]]]}},{"type":"Feature","properties":{"plan_no":"2705/5","plan_id":"2620","block_no":"0","parcel_no":"2111/م","parcel_id":14316433,"object_id":6145978,"area_m2":383.966161305},"geometry":{"type":"Polygon","coordinates":[[[46.82335054781397,24.549346351706717],[46.82332331975314,24.54939445424884],[46.822762421516344,24.549128816362447],[46.82278964678726,24.549080713946775],[46.82335054781397,24.549346351706717]]]}},{"type":"Feature","properties":{"plan_no":"2705/5","plan_id":"2620","block_no":"0","parcel_no":"2112/م","parcel_id":14318133,"object_id":6199600,"area_m2":299.97933467},"geometry":{"type":"Polygon","coordinates":[[[46.82355020074913,24.548993634748268],[46.82360279324193,24.549018534064274],[46.82337590852314,24.549419360002343],[46.82332331975314,24.54939445424884],[46.82355020074913,24.548993634748268]]]}},{"type":"Feature","properties":{"plan_no":"2705/5","plan_id":"2620","block_no":"0","parcel_no":"2113/م","parcel_id":14315897,"object_id":6164989,"area_m2":1211.530467195},"geometry":{"type":"Polygon","coordinates":[[[46.82360279324193,24.549018534064274],[46.8238168149472,24.54911985926286],[46.82358666829504,24.549519172943874],[46.82337590852314,24.549419360002343],[46.82360279324193,24.549018534064274]]]}},{"type":"Feature","properties":{"plan_no":"2705/5","plan_id":"2620","block_no":"0","parcel_no":"2114/م","parcel_id":14317285,"object_id":6233131,"area_m2":384.00127854},"geometry":{"type":"Polygon","coordinates":[[[46.82296200054928,24.548776148860497],[46.82298922268787,24.548728044645898],[46.82355020074913,24.548993634748268],[46.82352297187305,24.54904173913709],[46.82296200054928,24.548776148860497]]]}},{"type":"Feature","properties":{"plan_no":"2705/5","plan_id":"2620","block_no":"0","parcel_no":"2115/م","parcel_id":14320163,"object_id":6154086,"area_m2":11.24981184},"geometry":{"type":"Polygon","coordinates":[[[46.82343816321034,24.549733499823837],[46.82345788599696,24.54974283695836],[46.82344654401532,24.549762880483566],[46.823426821226185,24.549753543347713],[46.823407099426774,24.54974420619714],[46.82341844141342,24.54972416267459],[46.82343816321034,24.549733499823837]]]}},{"type":"Feature","properties":{"plan_no":"2705/5","plan_id":"2620","block_no":"0","parcel_no":"2116/م","parcel_id":14315251,"object_id":6236087,"area_m2":341.99915543},"geometry":{"type":"Polygon","coordinates":[[[46.8225914226863,24.549332625293093],[46.82246211834482,24.549561124257053],[46.82233281354253,24.549789622228044],[46.82228022095043,24.549764723377923],[46.82232559158413,24.549684548654422],[46.82253883023334,24.549307725621],[46.8225914226863,24.549332625293093]]]}},{"type":"Feature","properties":{"plan_no":"2705/5","plan_id":"2620","block_no":"0","parcel_no":"2117/م","parcel_id":14320103,"object_id":6145275,"area_m2":11.2502779},"geometry":{"type":"Polygon","coordinates":[[[46.82215432008314,24.549987209428576],[46.822144110705416,24.550005248360588],[46.82213390132491,24.550023287292014],[46.82211198803296,24.550012911990077],[46.82212219642905,24.549994873071896],[46.82213240580927,24.549976834141212],[46.82215432008314,24.549987209428576]]]}},{"type":"Feature","properties":{"plan_no":"2705/5","plan_id":"2620","block_no":"0","parcel_no":"2118/م","parcel_id":14320087,"object_id":6212660,"area_m2":11.25002396},"geometry":{"type":"Polygon","coordinates":[[[46.82196551626447,24.550703438585316],[46.82195417297491,24.550723482026513],[46.821914728269746,24.550704807356208],[46.82192607156431,24.55068476391767],[46.82196551626447,24.550703438585316]]]}},{"type":"Feature","properties":{"plan_no":"2705/5","plan_id":"2620","block_no":"0","parcel_no":"2119/م","parcel_id":14320105,"object_id":6201342,"area_m2":11.249994125},"geometry":{"type":"Polygon","coordinates":[[[46.82388953002848,24.551614315994964],[46.823909252161556,24.55162365306103],[46.82389790713177,24.551643695754283],[46.82387818499619,24.551634358686876],[46.823858461876476,24.551625021628666],[46.82386980789819,24.55160497892612],[46.82388953002848,24.551614315994964]]]}},{"type":"Feature","properties":{"plan_no":"2705/5","plan_id":"2620","block_no":"0","parcel_no":"2120/م","parcel_id":14320129,"object_id":6352916,"area_m2":11.250319905},"geometry":{"type":"Polygon","coordinates":[[[46.82503827739371,24.55127375750874],[46.82505799954637,24.551283094422942],[46.82504665770605,24.55130313805799],[46.825026934577025,24.551293802057113],[46.82500721143773,24.55128446515077],[46.825018554256914,24.551264420603726],[46.82503827739371,24.55127375750874]]]}},{"type":"Feature","properties":{"plan_no":"2705/5","plan_id":"2620","block_no":"0","parcel_no":"2121/م","parcel_id":14320573,"object_id":6145462,"area_m2":11.25005133},"geometry":{"type":"Polygon","coordinates":[[[46.82464929075422,24.552736399080104],[46.824669013118076,24.55274573603186],[46.82465766812452,24.55276577877835],[46.82463794575817,24.552756441825256],[46.82461822240768,24.55274710488136],[46.82462956740623,24.55272706213754],[46.82464929075422,24.552736399080104]]]}},{"type":"Feature","properties":{"plan_no":"2705/5","plan_id":"2620","block_no":"0","parcel_no":"2122/م","parcel_id":14318959,"object_id":6145708,"area_m2":341.9989992},"geometry":{"type":"Polygon","coordinates":[[[46.82744756923693,24.551631578744995],[46.827188974160656,24.55208858403578],[46.82713637973615,24.552063687000228],[46.82726567757429,24.551835184440296],[46.827394974964676,24.55160668179018],[46.82744756923693,24.551631578744995]]]}},{"type":"Feature","properties":{"plan_no":"2705/5","plan_id":"2620","block_no":"0","parcel_no":"2123/م","parcel_id":14320321,"object_id":6201392,"area_m2":11.24953817},"geometry":{"type":"Polygon","coordinates":[[[46.82610819641215,24.549874386339372],[46.82612791840808,24.549883723123305],[46.82611657486707,24.549903765946365],[46.826096852855564,24.549894428258423],[46.826077130859915,24.549885091470422],[46.826088474405935,24.549865048649995],[46.82610819641215,24.549874386339372]]]}},{"type":"Feature","properties":{"plan_no":"2705/5","plan_id":"2620","block_no":"0","parcel_no":"2124/م","parcel_id":14320337,"object_id":6212701,"area_m2":11.24978504},"geometry":{"type":"Polygon","coordinates":[[[46.82543630757183,24.548459555634675],[46.825426097787904,24.548477593867247],[46.825415888014255,24.54849563300194],[46.82539397475975,24.5484852581757],[46.825404184548965,24.548467219945017],[46.82541439433538,24.548449181713774],[46.82543630757183,24.548459555634675]]]}},{"type":"Feature","properties":{"plan_no":"2705/5","plan_id":"2620","block_no":"0","parcel_no":"2125/م","parcel_id":14320307,"object_id":6201391,"area_m2":11.24978504},"geometry":{"type":"Polygon","coordinates":[[[46.824647411270156,24.54808607544467],[46.824637201396136,24.548104113629442],[46.82462699153238,24.54812215271634],[46.82460507840189,24.548111777767282],[46.82461528828121,24.548093739584402],[46.82462549815773,24.548075701400972],[46.824647411270156,24.54808607544467]]]}},{"type":"Feature","properties":{"plan_no":"2705/5","plan_id":"2620","block_no":"0","parcel_no":"2126/م","parcel_id":14320319,"object_id":6235925,"area_m2":11.250671705},"geometry":{"type":"Polygon","coordinates":[[[46.82573334038116,24.54678606316459],[46.82575306378812,24.546795397299],[46.82574171944235,24.546815440100865],[46.82572199505907,24.546806106879778],[46.8257022716524,24.546796772741274],[46.82571361696394,24.54677672812471],[46.82573334038116,24.54678606316459]]]}},{"type":"Feature","properties":{"plan_no":"2705/5","plan_id":"2620","block_no":"0","parcel_no":"2127/م","parcel_id":14320299,"object_id":6154092,"area_m2":11.24978504},"geometry":{"type":"Polygon","coordinates":[[[46.82745960801547,24.548615707566313],[46.8274493985196,24.5486337459195],[46.827439189034024,24.54865178517481],[46.827417275605434,24.548641410654394],[46.827427485106604,24.5486233723031],[46.82743769460497,24.54860533395124],[46.82745960801547,24.548615707566313]]]}},{"type":"Feature","properties":{"plan_no":"2705/5","plan_id":"2620","block_no":"0","parcel_no":"2128/م","parcel_id":14319263,"object_id":6238648,"area_m2":11.251281815},"geometry":{"type":"Polygon","coordinates":[[[46.82442512413778,24.55806874537476],[46.824413785644936,24.55808879164679],[46.82437433439491,24.558070125062855],[46.824385664944664,24.558050075278278],[46.82438569773709,24.55805009022985],[46.82442512413778,24.55806874537476]]]}},{"type":"Feature","properties":{"plan_no":"2705/5","plan_id":"2620","block_no":"0","parcel_no":"2129/م","parcel_id":14320567,"object_id":6212235,"area_m2":11.2500666},"geometry":{"type":"Polygon","coordinates":[[[46.8241156754496,24.558527105854612],[46.82415512200958,24.5585457815859],[46.82414377647357,24.55856582431424],[46.82410432990857,24.558547148580296],[46.8241156754496,24.558527105854612]]]}},{"type":"Feature","properties":{"plan_no":"2705/5","plan_id":"2620","block_no":"0","parcel_no":"2130/م","parcel_id":14319241,"object_id":6238645,"area_m2":11.25005133},"geometry":{"type":"Polygon","coordinates":[[[46.823432135816624,24.562514977056107],[46.82345185968272,24.56252431407188],[46.823440513716825,24.56254435676455],[46.823420789848235,24.562535019747475],[46.82340106499541,24.56252568273958],[46.823412410966306,24.562505640049537],[46.823432135816624,24.562514977056107]]]}},{"type":"Feature","properties":{"plan_no":"2705/5","plan_id":"2620","block_no":"0","parcel_no":"2131/م","parcel_id":14319249,"object_id":6167503,"area_m2":11.25002396},"geometry":{"type":"Polygon","coordinates":[[[46.822095138860426,24.562746134284566],[46.82208379464109,24.562766177767024],[46.82204434602434,24.562747503379452],[46.82205569024869,24.56272745989967],[46.822095138860426,24.562746134284566]]]}},{"type":"Feature","properties":{"plan_no":"2705/5","plan_id":"2620","block_no":"0","parcel_no":"2132/م","parcel_id":14318397,"object_id":6169722,"area_m2":390.002330565},"geometry":{"type":"Polygon","coordinates":[[[46.82205569024869,24.56272745989967],[46.822038673417374,24.562757525125072],[46.821760704501486,24.56324857341476],[46.8217081081529,24.563223672898076],[46.82186694521623,24.562943075040177],[46.82200309212578,24.562702561304384],[46.82205569024869,24.56272745989967]]]}},{"type":"Feature","properties":{"plan_no":"2705/5","plan_id":"2620","block_no":"0","parcel_no":"2133/م","parcel_id":14318931,"object_id":6238858,"area_m2":25670.43775619},"geometry":{"type":"Polygon","coordinates":[[[46.82380651773159,24.563556254813154],[46.823809925410885,24.563602900470922],[46.82241758838237,24.564494862175575],[46.82137606980827,24.564001684287224],[46.82134319812789,24.563986119121083],[46.821760704501486,24.56324857341476],[46.822038673417374,24.562757525125072],[46.82204434602434,24.562747503379452],[46.82208379464109,24.562766177767024],[46.822095138860426,24.562746134284566],[46.82211486366399,24.562755471466897],[46.82380651773159,24.563556254813154]]]}},{"type":"Feature","properties":{"plan_no":"2705/5","plan_id":"2620","block_no":"0","parcel_no":"2134/م","parcel_id":14319911,"object_id":6147852,"area_m2":11.249966245},"geometry":{"type":"Polygon","coordinates":[[[46.82356650702206,24.564061955084526],[46.82354831572494,24.56407360820548],[46.82353012442439,24.564085261324415],[46.8235159660278,24.56406677599537],[46.82353415732723,24.564055122878198],[46.82355234861015,24.564043468856305],[46.82356650702206,24.564061955084526]]]}},{"type":"Feature","properties":{"plan_no":"2705/5","plan_id":"2620","block_no":"0","parcel_no":"2135/م","parcel_id":14319931,"object_id":6167853,"area_m2":11.24949055},"geometry":{"type":"Polygon","coordinates":[[[46.823435363241835,24.564834862474605],[46.82341717183789,24.56484651648849],[46.82339898144366,24.564858172293807],[46.82338482495779,24.564839687836972],[46.823403014363876,24.564828032045366],[46.82342120476661,24.56481637714249],[46.823435363241835,24.564834862474605]]]}},{"type":"Feature","properties":{"plan_no":"2705/5","plan_id":"2620","block_no":"0","parcel_no":"2136/م","parcel_id":14319919,"object_id":6167851,"area_m2":11.250126295},"geometry":{"type":"Polygon","coordinates":[[[46.82323938534047,24.565208408538645],[46.82322119485223,24.565220062520552],[46.82320300337351,24.565231716512386],[46.82318884486912,24.565213230257253],[46.82320703634673,24.56520157626718],[46.82322522783395,24.56518992317779],[46.82323938534047,24.565208408538645]]]}},{"type":"Feature","properties":{"plan_no":"2705/5","plan_id":"2620","block_no":"0","parcel_no":"2137/م","parcel_id":14319913,"object_id":6175080,"area_m2":11.249650335},"geometry":{"type":"Polygon","coordinates":[[[46.824233840078335,24.56457133650877],[46.82421564877829,24.56458298971029],[46.824197457474796,24.564594642909793],[46.82418329992225,24.564576158544465],[46.82420149121155,24.56456450444403],[46.82421968151037,24.564552850353518],[46.824233840078335,24.56457133650877]]]}},{"type":"Feature","properties":{"plan_no":"2705/5","plan_id":"2620","block_no":"0","parcel_no":"2138/م","parcel_id":14319917,"object_id":6167850,"area_m2":11.250022295},"geometry":{"type":"Polygon","coordinates":[[[46.825559766339694,24.56372189711697],[46.82554157530379,24.56373355136834],[46.82552338425135,24.563745204714987],[46.825509226590896,24.563726718672708],[46.8255274176422,24.563715065327823],[46.82554560768997,24.56370341109018],[46.825559766339694,24.56372189711697]]]}},{"type":"Feature","properties":{"plan_no":"2705/5","plan_id":"2620","block_no":"0","parcel_no":"2139/م","parcel_id":14319929,"object_id":6311751,"area_m2":11.249813675},"geometry":{"type":"Polygon","coordinates":[[[46.82622272063394,24.563297173423255],[46.82620452971049,24.563308826845486],[46.82618633879667,24.5633204811684],[46.826172181108404,24.563301996093056],[46.826190372021124,24.56329034177192],[46.82620856194335,24.563278687460713],[46.82622272063394,24.563297173423255]]]}},{"type":"Feature","properties":{"plan_no":"2705/5","plan_id":"2620","block_no":"0","parcel_no":"2140/م","parcel_id":14318283,"object_id":6146362,"area_m2":803.94167135},"geometry":{"type":"Polygon","coordinates":[[[46.82113443898948,24.56435490837475],[46.821170737648714,24.564290784448033],[46.82207084860597,24.56471698711909],[46.82199634174329,24.5647630358202],[46.82113443898948,24.56435490837475]]]}},{"type":"Feature","properties":{"plan_no":"2705/5","plan_id":"2620","block_no":"0","parcel_no":"2141/م","parcel_id":14316903,"object_id":6238180,"area_m2":1008.833416195},"geometry":{"type":"Polygon","coordinates":[[[46.82151208148093,24.56506232899763],[46.820957606557634,24.564799841592816],[46.82093788248565,24.564790504262987],[46.82094922705328,24.56477046085077],[46.82090977890965,24.56475178528277],[46.82091545071422,24.564741764486392],[46.82113443898948,24.56435490837475],[46.821187033804684,24.56437981270207],[46.82097826114228,24.564748626313552],[46.82150806356718,24.564999435527458],[46.821936449583426,24.5647346763178],[46.82199634174329,24.5647630358202],[46.82151208148093,24.56506232899763]]]}},{"type":"Feature","properties":{"plan_no":"2705/5","plan_id":"2620","block_no":"0","parcel_no":"2142/م","parcel_id":14319251,"object_id":6373585,"area_m2":11.250137635},"geometry":{"type":"Polygon","coordinates":[[[46.82090977890965,24.56475178528277],[46.82094922705328,24.56477046085077],[46.82093788248565,24.564790504262987],[46.82089843334998,24.56477182870424],[46.82090977890965,24.56475178528277]]]}},{"type":"Feature","properties":{"plan_no":"2705/5","plan_id":"2620","block_no":"0","parcel_no":"2143/م","parcel_id":14319259,"object_id":6210583,"area_m2":11.249964},"geometry":{"type":"Polygon","coordinates":[[[46.821365112913966,24.56399649619628],[46.82134469093054,24.564032573143553],[46.82132277613946,24.564022196065693],[46.82134319812789,24.563986119121083],[46.821365112913966,24.56399649619628]]]}},{"type":"Feature","properties":{"plan_no":"2705/5","plan_id":"2620","block_no":"0","parcel_no":"2144/م","parcel_id":14320095,"object_id":7329014,"area_m2":11.24994361},"geometry":{"type":"Polygon","coordinates":[[[46.83359472936302,24.556876541852766],[46.83360747250167,24.55689317813581],[46.83358726262594,24.55690612817716],[46.83357451948841,24.556889491892356],[46.833561777341295,24.556872855594225],[46.833581987214785,24.55685990555638],[46.83359472936302,24.556876541852766]]]}},{"type":"Feature","properties":{"plan_no":"2705/5","plan_id":"2620","block_no":"0","parcel_no":"2145/م","parcel_id":14320171,"object_id":6235921,"area_m2":11.250152225},"geometry":{"type":"Polygon","coordinates":[[[46.834557958295974,24.556474137524923],[46.83457070052473,24.55649077373426],[46.834550490818714,24.556503723895947],[46.83453774760412,24.556487087696866],[46.83452500537993,24.556470451484454],[46.834545216070666,24.556457501314277],[46.834557958295974,24.556474137524923]]]}},{"type":"Feature","properties":{"plan_no":"2705/5","plan_id":"2620","block_no":"0","parcel_no":"2146/م","parcel_id":14320427,"object_id":6154095,"area_m2":11.25045628},"geometry":{"type":"Polygon","coordinates":[[[46.83638064719648,24.555085463908668],[46.83639339048876,24.555102099948797],[46.83637318021302,24.55511505034532],[46.836360436921865,24.555098414303423],[46.836347693634146,24.555081778260217],[46.836367903907636,24.555068827867228],[46.83638064719648,24.555085463908668]]]}},{"type":"Feature","properties":{"plan_no":"2705/5","plan_id":"2620","block_no":"0","parcel_no":"2147/م","parcel_id":14320441,"object_id":6167684,"area_m2":11.250055705},"geometry":{"type":"Polygon","coordinates":[[[46.8373119560441,24.552647799066243],[46.83733168020282,24.55265713429395],[46.83732034027102,24.552677178742677],[46.83730061612293,24.552667844416344],[46.83728089196449,24.552658509184532],[46.83729223288823,24.552638464726435],[46.8373119560441,24.552647799066243]]]}},{"type":"Feature","properties":{"plan_no":"2705/5","plan_id":"2620","block_no":"0","parcel_no":"31\r\n30","parcel_id":14315461,"object_id":6153613,"area_m2":5396.49419029},"geometry":{"type":"Polygon","coordinates":[[[46.82927178120319,24.56219796297429],[46.82882631949832,24.562483365672243],[46.82875757906709,24.562472294101145],[46.828276185538414,24.561843800629084],[46.82876206970753,24.561532501575805],[46.82927178120319,24.56219796297429]]]}},{"type":"Feature","properties":{"plan_no":"2705/5","plan_id":"2620","block_no":"1","parcel_no":"1","parcel_id":14315525,"object_id":6196671,"area_m2":44067.51505822},"geometry":{"type":"Polygon","coordinates":[[[46.84132658334659,24.551753419976894],[46.841484324639325,24.55183485954739],[46.84163905688375,24.551921880531133],[46.84179058267214,24.552014371906566],[46.84193870868757,24.552112215672995],[46.842083245950555,24.552215287001136],[46.84222401006015,24.55232345439237],[46.842855550910926,24.55282795881766],[46.842773631945946,24.553546280836176],[46.841103509361346,24.554616583875056],[46.84104355616717,24.554597487838716],[46.84081557208959,24.55389720840411],[46.840704861321775,24.553557145814427],[46.84067293520597,24.5534686540671],[46.840635657554465,24.553382280211597],[46.840593167891626,24.553298347531626],[46.84054562524954,24.55321717017395],[46.84054543910161,24.55313423700128],[46.84105482435733,24.55223380738689],[46.84132658334659,24.551753419976894]]]}},{"type":"Feature","properties":{"plan_no":"2705/5","plan_id":"2620","block_no":"2","parcel_no":"10","parcel_id":14318811,"object_id":6179230,"area_m2":2199.9970562850003},"geometry":{"type":"Polygon","coordinates":[[[46.837904928294606,24.556666304439027],[46.83754923835781,24.556894230369007],[46.837266053453156,24.556524546406756],[46.83762174392618,24.55629662025144],[46.837904928294606,24.556666304439027]]]}},{"type":"Feature","properties":{"plan_no":"2705/5","plan_id":"2620","block_no":"2","parcel_no":"11","parcel_id":14319077,"object_id":6198146,"area_m2":2087.499020175},"geometry":{"type":"Polygon","coordinates":[[[46.83754923835781,24.556894230369007],[46.83725013353142,24.55708589573422],[46.83718139560744,24.557074827871737],[46.83692653003392,24.556742111228175],[46.83696694996854,24.556716210277514],[46.837266053453156,24.556524546406756],[46.83754923835781,24.556894230369007]]]}},{"type":"Feature","properties":{"plan_no":"2705/5","plan_id":"2620","block_no":"2","parcel_no":"1932","parcel_id":14315593,"object_id":6196676,"area_m2":1679.998641185},"geometry":{"type":"Polygon","coordinates":[[[46.837266053453156,24.556524546406756],[46.83696694996854,24.556716210277514],[46.83692653003392,24.556742111228175],[46.83669998444525,24.556446362153643],[46.83703950753031,24.556228797858655],[46.837266053453156,24.556524546406756]]]}},{"type":"Feature","properties":{"plan_no":"2705/5","plan_id":"2620","block_no":"2","parcel_no":"1933","parcel_id":14315447,"object_id":6391867,"area_m2":1754.37638206},"geometry":{"type":"Polygon","coordinates":[[[46.83762174392618,24.55629662025144],[46.837266053453156,24.556524546406756],[46.83703950753031,24.556228797858655],[46.83736791448807,24.55601835559872],[46.837377008877326,24.556012527817927],[46.837391168229004,24.556031011796513],[46.83740935700607,24.55601935623167],[46.83741643619058,24.55602859822548],[46.83762174392618,24.55629662025144]]]}},{"type":"Feature","properties":{"plan_no":"2705/5","plan_id":"2620","block_no":"2","parcel_no":"1934","parcel_id":14318105,"object_id":6199598,"area_m2":1754.3740793850002},"geometry":{"type":"Polygon","coordinates":[[[46.83797743309539,24.55606869422774],[46.83762174392618,24.55629662025144],[46.83741643619058,24.55602859822548],[46.83740935700607,24.55601935623167],[46.83742754579283,24.556007701567506],[46.83741338642575,24.555989216689742],[46.83742247983691,24.555983389821176],[46.837750886472435,24.55577294678266],[46.83797743309539,24.55606869422774]]]}},{"type":"Feature","properties":{"plan_no":"2705/5","plan_id":"2620","block_no":"2","parcel_no":"1935","parcel_id":14317353,"object_id":6208268,"area_m2":1759.998256365},"geometry":{"type":"Polygon","coordinates":[[[46.838333120934486,24.55584076653033],[46.83797743309539,24.55606869422774],[46.837750886472435,24.55577294678266],[46.83810657298773,24.55554502055149],[46.838333120934486,24.55584076653033]]]}},{"type":"Feature","properties":{"plan_no":"2705/5","plan_id":"2620","block_no":"2","parcel_no":"1936","parcel_id":14318865,"object_id":6178195,"area_m2":1754.37222677},"geometry":{"type":"Polygon","coordinates":[[[46.838688806482836,24.555612838976653],[46.838333120934486,24.55584076653033],[46.83810657298773,24.55554502055149],[46.83843497727152,24.555334575241126],[46.83844407058598,24.55532874831593],[46.838458230016435,24.555347233093805],[46.83847641859147,24.55533557741068],[46.838483497808795,24.555344819352793],[46.838688806482836,24.555612838976653]]]}},{"type":"Feature","properties":{"plan_no":"2705/5","plan_id":"2620","block_no":"2","parcel_no":"1937","parcel_id":14316795,"object_id":6209155,"area_m2":1748.754324855},"geometry":{"type":"Polygon","coordinates":[[[46.83904449267499,24.555384909725202],[46.838688806482836,24.555612838976653],[46.838483497808795,24.555344819352793],[46.83847641859147,24.55533557741068],[46.83849460617609,24.55532392173758],[46.8384804477435,24.555305437853892],[46.83848954202744,24.55529961001144],[46.838790661253974,24.55510664752711],[46.83879975649549,24.555100819655422],[46.83881391593467,24.555119303496134],[46.83883210346857,24.55510764868832],[46.83883918368378,24.55511689060116],[46.83904449267499,24.555384909725202]]]}},{"type":"Feature","properties":{"plan_no":"2705/5","plan_id":"2620","block_no":"2","parcel_no":"1938","parcel_id":14316307,"object_id":6167539,"area_m2":1754.372092215},"geometry":{"type":"Polygon","coordinates":[[[46.839400175589454,24.5551569806296],[46.83904449267499,24.555384909725202],[46.83883918368378,24.55511689060116],[46.83883210346857,24.55510764868832],[46.838850291972804,24.555095992963754],[46.838836132518225,24.555077508223874],[46.838845226781665,24.55507168126442],[46.839173627566595,24.554861235390533],[46.839400175589454,24.5551569806296]]]}},{"type":"Feature","properties":{"plan_no":"2705/5","plan_id":"2620","block_no":"2","parcel_no":"1939","parcel_id":14314955,"object_id":6239616,"area_m2":1754.3750352450002},"geometry":{"type":"Polygon","coordinates":[[[46.83975585816078,24.554929049848337],[46.839400175589454,24.5551569806296],[46.839173627566595,24.554861235390533],[46.83950202722891,24.554650788859455],[46.839511121416145,24.554644960960385],[46.83952528091223,24.55466344563485],[46.83954346928522,24.554651789833457],[46.83955054853536,24.55466103172387],[46.83975585816078,24.554929049848337]]]}},{"type":"Feature","properties":{"plan_no":"2705/5","plan_id":"2620","block_no":"2","parcel_no":"1940","parcel_id":14318209,"object_id":6176923,"area_m2":1994.37444059},"geometry":{"type":"Polygon","coordinates":[[[46.84016004095548,24.554670037486154],[46.83975585816078,24.554929049848337],[46.83955054853536,24.55466103172387],[46.83954346928522,24.554651789833457],[46.839561656667826,24.554640134042092],[46.83954749816962,24.55462165026181],[46.8395565913656,24.55461582237227],[46.83993349218512,24.55437429342528],[46.84016004095548,24.554670037486154]]]}},{"type":"Feature","properties":{"plan_no":"2705/5","plan_id":"2620","block_no":"2","parcel_no":"1941","parcel_id":14317561,"object_id":6238417,"area_m2":1439.99969722},"geometry":{"type":"Polygon","coordinates":[[[46.840451051591,24.554483547787505],[46.84016004095548,24.554670037486154],[46.83993349218512,24.55437429342528],[46.84022450253439,24.55418780417787],[46.840451051591,24.554483547787505]]]}},{"type":"Feature","properties":{"plan_no":"2705/5","plan_id":"2620","block_no":"2","parcel_no":"1942","parcel_id":14316703,"object_id":6165265,"area_m2":1359.999172495},"geometry":{"type":"Polygon","coordinates":[[[46.8406720037823,24.55434195372691],[46.84048473282159,24.554461963551027],[46.840451051591,24.554483547787505],[46.84022450253439,24.55418780417787],[46.84055323502716,24.553977140166623],[46.8406720037823,24.55434195372691]]]}},{"type":"Feature","properties":{"plan_no":"2705/5","plan_id":"2620","block_no":"2","parcel_no":"2","parcel_id":14316875,"object_id":7283770,"area_m2":2729.95808797},"geometry":{"type":"Polygon","coordinates":[[[46.8406720037823,24.55434195372691],[46.84080215498877,24.554741730228137],[46.8407679216979,24.554831642177483],[46.84044322844564,24.555039716754],[46.84016004095548,24.554670037486154],[46.840451051591,24.554483547787505],[46.84048473282159,24.554461963551027],[46.8406720037823,24.55434195372691]]]}},{"type":"Feature","properties":{"plan_no":"2705/5","plan_id":"2620","block_no":"2","parcel_no":"3","parcel_id":14316407,"object_id":6179147,"area_m2":2499.99720021},"geometry":{"type":"Polygon","coordinates":[[[46.84044322844564,24.555039716754],[46.840039045153965,24.55529872989958],[46.83975585816078,24.554929049848337],[46.84016004095548,24.554670037486154],[46.84044322844564,24.555039716754]]]}},{"type":"Feature","properties":{"plan_no":"2705/5","plan_id":"2620","block_no":"2","parcel_no":"4","parcel_id":14319159,"object_id":7268479,"area_m2":2200.00111002},"geometry":{"type":"Polygon","coordinates":[[[46.840039045153965,24.55529872989958],[46.83968336214526,24.55552666137024],[46.839400175589454,24.5551569806296],[46.83975585816078,24.554929049848337],[46.840039045153965,24.55529872989958]]]}},{"type":"Feature","properties":{"plan_no":"2705/5","plan_id":"2620","block_no":"2","parcel_no":"5","parcel_id":14317593,"object_id":7189416,"area_m2":2199.99416301},"geometry":{"type":"Polygon","coordinates":[[[46.83968336214526,24.55552666137024],[46.839327678793374,24.55575459115523],[46.83904449267499,24.555384909725202],[46.839400175589454,24.5551569806296],[46.83968336214526,24.55552666137024]]]}},{"type":"Feature","properties":{"plan_no":"2705/5","plan_id":"2620","block_no":"2","parcel_no":"6","parcel_id":14318421,"object_id":6235684,"area_m2":2200.00441468},"geometry":{"type":"Polygon","coordinates":[[[46.839327678793374,24.55575459115523],[46.83897199315073,24.55598252108402],[46.838688806482836,24.555612838976653],[46.83904449267499,24.555384909725202],[46.839327678793374,24.55575459115523]]]}},{"type":"Feature","properties":{"plan_no":"2705/5","plan_id":"2620","block_no":"2","parcel_no":"7","parcel_id":14315295,"object_id":6176984,"area_m2":2199.9974676650004},"geometry":{"type":"Polygon","coordinates":[[[46.83897199315073,24.55598252108402],[46.838616306177954,24.55621044933915],[46.838333120934486,24.55584076653033],[46.838688806482836,24.555612838976653],[46.83897199315073,24.55598252108402]]]}},{"type":"Feature","properties":{"plan_no":"2705/5","plan_id":"2620","block_no":"2","parcel_no":"8","parcel_id":14316135,"object_id":6156222,"area_m2":2200.00111002},"geometry":{"type":"Polygon","coordinates":[[[46.838616306177954,24.55621044933915],[46.83826061790136,24.556438377725954],[46.83797743309539,24.55606869422774],[46.838333120934486,24.55584076653033],[46.838616306177954,24.55621044933915]]]}},{"type":"Feature","properties":{"plan_no":"2705/5","plan_id":"2620","block_no":"2","parcel_no":"9","parcel_id":14316635,"object_id":7267110,"area_m2":2199.99829587},"geometry":{"type":"Polygon","coordinates":[[[46.83826061790136,24.556438377725954],[46.837904928294606,24.556666304439027],[46.83762174392618,24.55629662025144],[46.83797743309539,24.55606869422774],[46.83826061790136,24.556438377725954]]]}},{"type":"Feature","properties":{"plan_no":"2705/5","plan_id":"2620","block_no":"3","parcel_no":"12","parcel_id":14318703,"object_id":6179222,"area_m2":1987.498682555},"geometry":{"type":"Polygon","coordinates":[[[46.835228892950816,24.5578299239171],[46.83548375664426,24.558162643521918],[46.835471654633125,24.55822551242849],[46.83518868086783,24.558406772459534],[46.83490549885488,24.558037083019446],[46.835188535846605,24.557855783036803],[46.835228892950816,24.5578299239171]]]}},{"type":"Feature","properties":{"plan_no":"2705/5","plan_id":"2620","block_no":"3","parcel_no":"13","parcel_id":14315649,"object_id":6201450,"area_m2":1999.99915184},"geometry":{"type":"Polygon","coordinates":[[[46.83518868086783,24.558406772459534],[46.83486528125856,24.558613926183032],[46.83458209964383,24.558244236116124],[46.83490549885488,24.558037083019446],[46.83518868086783,24.558406772459534]]]}},{"type":"Feature","properties":{"plan_no":"2705/5","plan_id":"2620","block_no":"3","parcel_no":"14","parcel_id":14316589,"object_id":6210283,"area_m2":2000.00609886},"geometry":{"type":"Polygon","coordinates":[[[46.83486528125856,24.558613926183032],[46.834541879587064,24.558821080183645],[46.8342586983706,24.558451389489935],[46.83458209964383,24.558244236116124],[46.83486528125856,24.558613926183032]]]}},{"type":"Feature","properties":{"plan_no":"2705/5","plan_id":"2620","block_no":"3","parcel_no":"15","parcel_id":14318357,"object_id":6169721,"area_m2":1999.99915184},"geometry":{"type":"Polygon","coordinates":[[[46.834541879587064,24.558821080183645],[46.83421847780102,24.559028232631935],[46.833935296982816,24.558658541311438],[46.8342586983706,24.558451389489935],[46.834541879587064,24.558821080183645]]]}},{"type":"Feature","properties":{"plan_no":"2705/5","plan_id":"2620","block_no":"3","parcel_no":"16","parcel_id":14318533,"object_id":6384519,"area_m2":2000.00315327},"geometry":{"type":"Polygon","coordinates":[[[46.83421847780102,24.559028232631935],[46.83389507395272,24.55923538535733],[46.833611894506674,24.558865692495306],[46.833935296982816,24.558658541311438],[46.83421847780102,24.559028232631935]]]}},{"type":"Feature","properties":{"plan_no":"2705/5","plan_id":"2620","block_no":"3","parcel_no":"17","parcel_id":14316885,"object_id":6165275,"area_m2":2000.00315327},"geometry":{"type":"Polygon","coordinates":[[[46.83389507395272,24.55923538535733],[46.833571669989865,24.55944253653035],[46.83328848996831,24.559072843956233],[46.833611894506674,24.558865692495306],[46.83389507395272,24.55923538535733]]]}},{"type":"Feature","properties":{"plan_no":"2705/5","plan_id":"2620","block_no":"3","parcel_no":"18","parcel_id":14317877,"object_id":6209965,"area_m2":1999.99915184},"geometry":{"type":"Polygon","coordinates":[[[46.833571669989865,24.55944253653035],[46.833248264938604,24.55964968706571],[46.8329650853154,24.55927999386481],[46.83328848996831,24.559072843956233],[46.833571669989865,24.55944253653035]]]}},{"type":"Feature","properties":{"plan_no":"2705/5","plan_id":"2620","block_no":"3","parcel_no":"19","parcel_id":14318547,"object_id":6235694,"area_m2":2000.00315327},"geometry":{"type":"Polygon","coordinates":[[[46.833248264938604,24.55964968706571],[46.83292485782506,24.55985683787811],[46.83264167957411,24.55948714313568],[46.8329650853154,24.55927999386481],[46.833248264938604,24.55964968706571]]]}},{"type":"Feature","properties":{"plan_no":"2705/5","plan_id":"2620","block_no":"3","parcel_no":"1922","parcel_id":14317757,"object_id":6316250,"area_m2":1791.8658562350001},"geometry":{"type":"Polygon","coordinates":[[[46.83231827275754,24.55969429267155],[46.8319544790269,24.55992738690079],[46.83195443877315,24.559927334121593],[46.831728253310885,24.559632042505605],[46.832064762999266,24.559416431289456],[46.83207385789057,24.55941060380269],[46.8320880169159,24.559429088295165],[46.83210620669705,24.559417433318345],[46.832113285718385,24.559426675569096],[46.83231827275754,24.55969429267155]]]}},{"type":"Feature","properties":{"plan_no":"2705/5","plan_id":"2620","block_no":"3","parcel_no":"1923","parcel_id":14316141,"object_id":6146688,"area_m2":1592.26634352},"geometry":{"type":"Polygon","coordinates":[[[46.83264167957411,24.55948714313568],[46.832318305026284,24.559694271513393],[46.83231827275754,24.55969429267155],[46.832113285718385,24.559426675569096],[46.83210620669705,24.559417433318345],[46.832124396487885,24.559405779242184],[46.83211023744718,24.559387293850524],[46.83211933136032,24.559381467275927],[46.832415418955115,24.55919175417497],[46.83264167957411,24.55948714313568]]]}},{"type":"Feature","properties":{"plan_no":"2705/5","plan_id":"2620","block_no":"3","parcel_no":"1924","parcel_id":14315863,"object_id":6164986,"area_m2":1592.51695915},"geometry":{"type":"Polygon","coordinates":[[[46.8329650853154,24.55927999386481],[46.83264167957411,24.55948714313568],[46.832415418955115,24.55919175417497],[46.83271150465038,24.559002040551512],[46.83272059948045,24.558996213028877],[46.832734758558736,24.559014698361377],[46.832752948217426,24.559003043312817],[46.83276002725866,24.55901228553225],[46.8329650853154,24.55927999386481]]]}},{"type":"Feature","properties":{"plan_no":"2705/5","plan_id":"2620","block_no":"3","parcel_no":"1925","parcel_id":14316115,"object_id":6168107,"area_m2":1592.764841195},"geometry":{"type":"Polygon","coordinates":[[[46.83328848996831,24.559072843956233],[46.8329650853154,24.55927999386481],[46.83276002725866,24.55901228553225],[46.832752948217426,24.559003043312817],[46.8327711378858,24.558991389164955],[46.832756978818416,24.55897290473866],[46.83276607364419,24.5589670772135],[46.83306215825873,24.558777362957056],[46.83328848996831,24.559072843956233]]]}},{"type":"Feature","properties":{"plan_no":"2705/5","plan_id":"2620","block_no":"3","parcel_no":"1926","parcel_id":14319143,"object_id":7172253,"area_m2":1593.01875506},"geometry":{"type":"Polygon","coordinates":[[[46.833611894506674,24.558865692495306],[46.83328848996831,24.559072843956233],[46.83306215825873,24.558777362957056],[46.83335824196073,24.55858764816615],[46.83336733575573,24.55858182152236],[46.8333814948607,24.558600305889495],[46.83339968439694,24.55858865076921],[46.83340676345808,24.558597892957312],[46.833611894506674,24.558865692495306]]]}},{"type":"Feature","properties":{"plan_no":"2705/5","plan_id":"2620","block_no":"3","parcel_no":"1927","parcel_id":14317753,"object_id":6146700,"area_m2":1593.271969945},"geometry":{"type":"Polygon","coordinates":[[[46.833935296982816,24.558658541311438],[46.833611894506674,24.558865692495306],[46.83340676345808,24.558597892957312],[46.83339968439694,24.55858865076921],[46.83341787392973,24.558576995646913],[46.83340371482254,24.558558511283305],[46.83341280958708,24.558552683722265],[46.83370889220837,24.55836296829843],[46.833935296982816,24.558658541311438]]]}},{"type":"Feature","properties":{"plan_no":"2705/5","plan_id":"2620","block_no":"3","parcel_no":"1928","parcel_id":14315961,"object_id":6316254,"area_m2":1599.1479168950002},"geometry":{"type":"Polygon","coordinates":[[[46.8342586983706,24.558451389489935],[46.833935296982816,24.558658541311438],[46.83370889220837,24.55836296829843],[46.83403225805057,24.558155770458253],[46.8342586983706,24.558451389489935]]]}},{"type":"Feature","properties":{"plan_no":"2705/5","plan_id":"2620","block_no":"3","parcel_no":"1929","parcel_id":14317915,"object_id":7217690,"area_m2":1593.77707356},"geometry":{"type":"Polygon","coordinates":[[[46.83458209964383,24.558244236116124],[46.8342586983706,24.558451389489935],[46.83403225805057,24.558155770458253],[46.83432833876273,24.557966053916303],[46.83433743343975,24.557960226304004],[46.83435159261755,24.557978711479844],[46.83436978197012,24.55796705625199],[46.83437686106112,24.557976298393072],[46.83458209964383,24.558244236116124]]]}},{"type":"Feature","properties":{"plan_no":"2705/5","plan_id":"2620","block_no":"3","parcel_no":"1930","parcel_id":14317883,"object_id":6167527,"area_m2":1594.026523215},"geometry":{"type":"Polygon","coordinates":[[[46.83490549885488,24.558037083019446],[46.83458209964383,24.558244236116124],[46.83437686106112,24.557976298393072],[46.83436978197012,24.55796705625199],[46.83438797033225,24.557955401034135],[46.83437381215232,24.557936916752517],[46.83438290682503,24.557931089137703],[46.83467898645651,24.55774137196286],[46.83490549885488,24.558037083019446]]]}},{"type":"Feature","properties":{"plan_no":"2705/5","plan_id":"2620","block_no":"3","parcel_no":"1931","parcel_id":14319161,"object_id":6222725,"area_m2":1599.901084235},"geometry":{"type":"Polygon","coordinates":[[[46.835228892950816,24.5578299239171],[46.835188535846605,24.557855783036803],[46.83490549885488,24.558037083019446],[46.83467898645651,24.55774137196286],[46.83500234903338,24.557534172210403],[46.835228892950816,24.5578299239171]]]}},{"type":"Feature","properties":{"plan_no":"2705/5","plan_id":"2620","block_no":"3","parcel_no":"20","parcel_id":14317731,"object_id":7194457,"area_m2":2000.00084943},"geometry":{"type":"Polygon","coordinates":[[[46.83292485782506,24.55985683787811],[46.83260145059696,24.560063987138083],[46.83231827275754,24.55969429267155],[46.832318305026284,24.559694271513393],[46.83264167957411,24.55948714313568],[46.83292485782506,24.55985683787811]]]}},{"type":"Feature","properties":{"plan_no":"2705/5","plan_id":"2620","block_no":"3","parcel_no":"21","parcel_id":14316643,"object_id":7329395,"area_m2":2237.64902276},"geometry":{"type":"Polygon","coordinates":[[[46.83260145059696,24.560063987138083],[46.83227754054679,24.560271457862292],[46.83220965406927,24.5602605246044],[46.8319544790269,24.55992738690079],[46.83231827275754,24.55969429267155],[46.83260145059696,24.560063987138083]]]}},{"type":"Feature","properties":{"plan_no":"2705/5","plan_id":"2620","block_no":"4","parcel_no":"1913","parcel_id":14315643,"object_id":6209202,"area_m2":1232.378860575},"geometry":{"type":"Polygon","coordinates":[[[46.82928627786151,24.561636281931925],[46.82903643740774,24.561796299827797],[46.828810576802866,24.56150142322716],[46.82906038983786,24.56134136993301],[46.82928627786151,24.561636281931925]]]}},{"type":"Feature","properties":{"plan_no":"2705/5","plan_id":"2620","block_no":"4","parcel_no":"1914","parcel_id":14318177,"object_id":6229445,"area_m2":1196.62267751},"geometry":{"type":"Polygon","coordinates":[[[46.82952884073884,24.56148092500143],[46.82928627786151,24.561636281931925],[46.82906038983786,24.56134136993301],[46.82930292532973,24.561185979398484],[46.82952884073884,24.56148092500143]]]}},{"type":"Feature","properties":{"plan_no":"2705/5","plan_id":"2620","block_no":"4","parcel_no":"1915","parcel_id":14316605,"object_id":7171369,"area_m2":1595.724165035},"geometry":{"type":"Polygon","coordinates":[[[46.8298522579301,24.561273780954604],[46.82952884073884,24.56148092500143],[46.82930292532973,24.561185979398484],[46.82962630697651,24.560978789330832],[46.8298522579301,24.561273780954604]]]}},{"type":"Feature","properties":{"plan_no":"2705/5","plan_id":"2620","block_no":"4","parcel_no":"1916","parcel_id":14317307,"object_id":7313248,"area_m2":1590.34390635},"geometry":{"type":"Polygon","coordinates":[[[46.830175673059,24.56106663718458],[46.8298522579301,24.561273780954604],[46.82962630697651,24.560978789330832],[46.82992240126795,24.560789080742868],[46.829931495388195,24.560783254289586],[46.82994565428158,24.56080173898966],[46.829963844468374,24.560790084250463],[46.82997092342373,24.560799326605004],[46.830175673059,24.56106663718458]]]}},{"type":"Feature","properties":{"plan_no":"2705/5","plan_id":"2620","block_no":"4","parcel_no":"1917","parcel_id":14315073,"object_id":6239621,"area_m2":1590.600380905},"geometry":{"type":"Polygon","coordinates":[[[46.830499087099476,24.56085949277669],[46.830175673059,24.56106663718458],[46.82997092342373,24.560799326605004],[46.829963844468374,24.560790084250463],[46.82998203465173,24.560778429509224],[46.82996787575608,24.560759944812663],[46.829976970845905,24.56075411744218],[46.83027306405658,24.56056440822105],[46.830499087099476,24.56085949277669]]]}},{"type":"Feature","properties":{"plan_no":"2705/5","plan_id":"2620","block_no":"4","parcel_no":"1918","parcel_id":14316587,"object_id":7191374,"area_m2":1590.85171538},"geometry":{"type":"Polygon","coordinates":[[[46.83082250005151,24.56065234773098],[46.830499087099476,24.56085949277669],[46.83027306405658,24.56056440822105],[46.83056915635466,24.56037469846531],[46.830578251400674,24.560368871964172],[46.830592409333796,24.560387355710873],[46.83061059941125,24.56037570180261],[46.83061767938662,24.560384945016544],[46.83082250005151,24.56065234773098]]]}},{"type":"Feature","properties":{"plan_no":"2705/5","plan_id":"2620","block_no":"4","parcel_no":"1919","parcel_id":14316017,"object_id":6156159,"area_m2":1591.1091244150002},"geometry":{"type":"Polygon","coordinates":[[[46.83114591290212,24.560445202035456],[46.83082250005151,24.56065234773098],[46.83061767938662,24.560384945016544],[46.83061059941125,24.56037570180261],[46.830628789485246,24.560364047892335],[46.830614630536665,24.56034556235576],[46.83062372655225,24.560339734937394],[46.83091981776957,24.560150024548555],[46.83114591290212,24.560445202035456]]]}},{"type":"Feature","properties":{"plan_no":"2705/5","plan_id":"2620","block_no":"4","parcel_no":"1920","parcel_id":14316531,"object_id":6145983,"area_m2":1596.98669213},"geometry":{"type":"Polygon","coordinates":[[[46.83146932466429,24.560238055702133],[46.83114591290212,24.560445202035456],[46.83091981776957,24.560150024548555],[46.831081505027285,24.560046428463572],[46.83124319299987,24.559942832207188],[46.83146932466429,24.560238055702133]]]}},{"type":"Feature","properties":{"plan_no":"2705/5","plan_id":"2620","block_no":"4","parcel_no":"1921","parcel_id":14315741,"object_id":6231789,"area_m2":1597.23632808},"geometry":{"type":"Polygon","coordinates":[[[46.831792734351055,24.56003090874301],[46.83146932466429,24.560238055702133],[46.83124319299987,24.559942832207188],[46.831566567141664,24.5597356392282],[46.831792734351055,24.56003090874301]]]}},{"type":"Feature","properties":{"plan_no":"2705/5","plan_id":"2620","block_no":"4","parcel_no":"22","parcel_id":14317323,"object_id":6233132,"area_m2":1987.82746055},"geometry":{"type":"Polygon","coordinates":[[[46.831792734351055,24.56003090874301],[46.832047967561536,24.560364121859696],[46.832036025228334,24.560426151671773],[46.83175250145775,24.56060775181399],[46.83146932466429,24.560238055702133],[46.831792734351055,24.56003090874301]]]}},{"type":"Feature","properties":{"plan_no":"2705/5","plan_id":"2620","block_no":"4","parcel_no":"23","parcel_id":14318737,"object_id":6146544,"area_m2":2000.0040943},"geometry":{"type":"Polygon","coordinates":[[[46.83175250145775,24.56060775181399],[46.831429089310184,24.560814899676828],[46.83114591290212,24.560445202035456],[46.83146932466429,24.560238055702133],[46.83175250145775,24.56060775181399]]]}},{"type":"Feature","properties":{"plan_no":"2705/5","plan_id":"2620","block_no":"4","parcel_no":"24","parcel_id":14317415,"object_id":6156523,"area_m2":2000.003399515},"geometry":{"type":"Polygon","coordinates":[[[46.831429089310184,24.560814899676828],[46.831105677048036,24.561022045987162],[46.83082250005151,24.56065234773098],[46.83114591290212,24.560445202035456],[46.831429089310184,24.560814899676828]]]}},{"type":"Feature","properties":{"plan_no":"2705/5","plan_id":"2620","block_no":"4","parcel_no":"25","parcel_id":14317345,"object_id":6156358,"area_m2":2000.00245848},"geometry":{"type":"Polygon","coordinates":[[[46.831105677048036,24.561022045987162],[46.830782263697444,24.561229191659667],[46.830499087099476,24.56085949277669],[46.83082250005151,24.56065234773098],[46.831105677048036,24.561022045987162]]]}},{"type":"Feature","properties":{"plan_no":"2705/5","plan_id":"2620","block_no":"4","parcel_no":"26","parcel_id":14318405,"object_id":6199059,"area_m2":2000.00245848},"geometry":{"type":"Polygon","coordinates":[[[46.830782263697444,24.561229191659667],[46.830458849258385,24.56143633669435],[46.830175673059,24.56106663718458],[46.830499087099476,24.56085949277669],[46.830782263697444,24.561229191659667]]]}},{"type":"Feature","properties":{"plan_no":"2705/5","plan_id":"2620","block_no":"4","parcel_no":"27","parcel_id":14315407,"object_id":6208510,"area_m2":2000.00551888},"geometry":{"type":"Polygon","coordinates":[[[46.830458849258385,24.56143633669435],[46.83013543374396,24.561643481993883],[46.8298522579301,24.561273780954604],[46.830175673059,24.56106663718458],[46.830458849258385,24.56143633669435]]]}},{"type":"Feature","properties":{"plan_no":"2705/5","plan_id":"2620","block_no":"4","parcel_no":"28","parcel_id":14315813,"object_id":7313254,"area_m2":2000.009651755},"geometry":{"type":"Polygon","coordinates":[[[46.83013543374396,24.561643481993883],[46.82981201614096,24.56185062576481],[46.82952884073884,24.56148092500143],[46.8298522579301,24.561273780954604],[46.83013543374396,24.561643481993883]]]}},{"type":"Feature","properties":{"plan_no":"2705/5","plan_id":"2620","block_no":"4","parcel_no":"29","parcel_id":14315971,"object_id":6156158,"area_m2":3045.00713128},"geometry":{"type":"Polygon","coordinates":[[[46.82981201614096,24.56185062576481],[46.829319611215865,24.562166001557472],[46.82903643740774,24.561796299827797],[46.82928627786151,24.561636281931925],[46.82952884073884,24.56148092500143],[46.82981201614096,24.56185062576481]]]}},{"type":"Feature","properties":{"plan_no":"2705/5","plan_id":"2620","block_no":"5","parcel_no":"1820","parcel_id":14317141,"object_id":6146848,"area_m2":1305.14566398},"geometry":{"type":"Polygon","coordinates":[[[46.82438253720376,24.564800883782034],[46.824051074588624,24.565013269565434],[46.82387000673799,24.56477686209586],[46.82417420426324,24.564581984691223],[46.82418329992225,24.564576158544465],[46.824197457474796,24.564594642909793],[46.82421564877829,24.56458298971029],[46.824222728563356,24.564592233233583],[46.82438253720376,24.564800883782034]]]}},{"type":"Feature","properties":{"plan_no":"2705/5","plan_id":"2620","block_no":"5","parcel_no":"1821","parcel_id":14317083,"object_id":6167513,"area_m2":1304.99493228},"geometry":{"type":"Polygon","coordinates":[[[46.824713999649006,24.564588496413737],[46.82438253720376,24.564800883782034],[46.824222728563356,24.564592233233583],[46.82421564877829,24.56458298971029],[46.824233840078335,24.56457133650877],[46.82421968151037,24.564552850353518],[46.824228778139044,24.56454702328957],[46.82453297452829,24.564352145219107],[46.824713999649006,24.564588496413737]]]}},{"type":"Feature","properties":{"plan_no":"2705/5","plan_id":"2620","block_no":"5","parcel_no":"1844","parcel_id":14316247,"object_id":6212553,"area_m2":1310.4650523},"geometry":{"type":"Polygon","coordinates":[[[46.82504546095044,24.56437610837519],[46.824713999649006,24.564588496413737],[46.82453297452829,24.564352145219107],[46.824864456701285,24.564139785323864],[46.82504546095044,24.56437610837519]]]}},{"type":"Feature","properties":{"plan_no":"2705/5","plan_id":"2620","block_no":"5","parcel_no":"1845","parcel_id":14315253,"object_id":6165495,"area_m2":1310.30709468},"geometry":{"type":"Polygon","coordinates":[[[46.825376920134104,24.56416372058108],[46.82504546095044,24.56437610837519],[46.824864456701285,24.564139785323864],[46.82519593675659,24.56392742567296],[46.825376920134104,24.56416372058108]]]}},{"type":"Feature","properties":{"plan_no":"2705/5","plan_id":"2620","block_no":"5","parcel_no":"1909","parcel_id":14316287,"object_id":6167538,"area_m2":1304.52945001},"geometry":{"type":"Polygon","coordinates":[[[46.825708378160876,24.563951331214074],[46.825376920134104,24.56416372058108],[46.82519593675659,24.56392742567296],[46.82550013008347,24.563732545807714],[46.825509225603874,24.56372671868467],[46.82552338423827,24.56374520381229],[46.825541575290714,24.56373355046564],[46.82554865411655,24.56374279303393],[46.825708378160876,24.563951331214074]]]}},{"type":"Feature","properties":{"plan_no":"2705/5","plan_id":"2620","block_no":"5","parcel_no":"1910","parcel_id":14317115,"object_id":6179356,"area_m2":1304.373961335},"geometry":{"type":"Polygon","coordinates":[[[46.82603983603088,24.563738941164907],[46.825708378160876,24.563951331214074],[46.82554865411655,24.56374279303393],[46.825541575290714,24.56373355046564],[46.82555976632661,24.563721896214272],[46.82554560768997,24.56370341109018],[46.825554703206066,24.563697583964633],[46.825858895396976,24.56350270343365],[46.82603983603088,24.563738941164907]]]}},{"type":"Feature","properties":{"plan_no":"2705/5","plan_id":"2620","block_no":"5","parcel_no":"1911","parcel_id":14317733,"object_id":6356005,"area_m2":1304.2151819350001},"geometry":{"type":"Polygon","coordinates":[[[46.826371291783126,24.563526551360262],[46.82603983603088,24.563738941164907],[46.825858895396976,24.56350270343365],[46.8261630866247,24.563307822338217],[46.826172181108404,24.563301996093056],[46.82618633879667,24.5633204811684],[46.82620452971049,24.563308826845486],[46.826211609556864,24.5633180702724],[46.826371291783126,24.563526551360262]]]}},{"type":"Feature","properties":{"plan_no":"2705/5","plan_id":"2620","block_no":"5","parcel_no":"1912","parcel_id":14315901,"object_id":6209426,"area_m2":1304.068183125},"geometry":{"type":"Polygon","coordinates":[[[46.82670274736554,24.563314159970815],[46.826371291783126,24.563526551360262],[46.826211609556864,24.5633180702724],[46.82620452971049,24.563308826845486],[46.82622272063394,24.563297173423255],[46.82620856194335,24.563278687460713],[46.82621765838371,24.563272860286403],[46.82652184847547,24.56307797852528],[46.82670274736554,24.563314159970815]]]}},{"type":"Feature","properties":{"plan_no":"2705/5","plan_id":"2620","block_no":"5","parcel_no":"312","parcel_id":14315069,"object_id":6167777,"area_m2":1019.227056445},"geometry":{"type":"Polygon","coordinates":[[[46.82312944009023,24.56560380343114],[46.82292827296378,24.565732698852532],[46.8226994665516,24.565624391258055],[46.82269265178919,24.565531098971302],[46.82294831362107,24.565367318794546],[46.82312944009023,24.56560380343114]]]}},{"type":"Feature","properties":{"plan_no":"2705/5","plan_id":"2620","block_no":"5","parcel_no":"313","parcel_id":14316931,"object_id":6237979,"area_m2":1017.76157255},"geometry":{"type":"Polygon","coordinates":[[[46.8233881449529,24.565438040035964],[46.82312944009023,24.56560380343114],[46.82294831362107,24.565367318794546],[46.823179749129025,24.56521905725152],[46.82318884486912,24.565213230257253],[46.82320300337351,24.565231716512386],[46.82322119485223,24.565220062520552],[46.823228273606524,24.56522930520127],[46.8233881449529,24.565438040035964]]]}},{"type":"Feature","properties":{"plan_no":"2705/5","plan_id":"2620","block_no":"5","parcel_no":"314","parcel_id":14319069,"object_id":6177498,"area_m2":1305.451921395},"geometry":{"type":"Polygon","coordinates":[[[46.82371961082967,24.565225654678525],[46.8233881449529,24.565438040035964],[46.823228273606524,24.56522930520127],[46.82322119485223,24.565220062520552],[46.82323938534047,24.565208408538645],[46.82322522783395,24.56518992317779],[46.82323432258271,24.56518409619293],[46.82353852212077,24.564989219968066],[46.82371961082967,24.565225654678525]]]}},{"type":"Feature","properties":{"plan_no":"2705/5","plan_id":"2620","block_no":"5","parcel_no":"315","parcel_id":14318419,"object_id":6146268,"area_m2":1310.92267477},"geometry":{"type":"Polygon","coordinates":[[[46.824051074588624,24.565013269565434],[46.82371961082967,24.565225654678525],[46.82353852212077,24.564989219968066],[46.82387000673799,24.56477686209586],[46.824051074588624,24.565013269565434]]]}},{"type":"Feature","properties":{"plan_no":"2705/5","plan_id":"2620","block_no":"5","parcel_no":"33","parcel_id":14318733,"object_id":6235698,"area_m2":1955.78880102},"geometry":{"type":"Polygon","coordinates":[[[46.82670274736554,24.563314159970815],[46.82694660445169,24.563632537817536],[46.82693463731474,24.563694679586412],[46.826643136078665,24.56388146860838],[46.826371291783126,24.563526551360262],[46.82670274736554,24.563314159970815]]]}},{"type":"Feature","properties":{"plan_no":"2705/5","plan_id":"2620","block_no":"5","parcel_no":"34","parcel_id":14316915,"object_id":6156537,"area_m2":1967.99788527},"geometry":{"type":"Polygon","coordinates":[[[46.826643136078665,24.56388146860838],[46.82631167994729,24.564093859932367],[46.82603983603088,24.563738941164907],[46.826371291783126,24.563526551360262],[46.826643136078665,24.56388146860838]]]}},{"type":"Feature","properties":{"plan_no":"2705/5","plan_id":"2620","block_no":"5","parcel_no":"35","parcel_id":14315771,"object_id":6179296,"area_m2":1968.00489798},"geometry":{"type":"Polygon","coordinates":[[[46.82631167994729,24.564093859932367],[46.82598022168505,24.56430625059818],[46.825708378160876,24.563951331214074],[46.82603983603088,24.563738941164907],[46.82631167994729,24.564093859932367]]]}},{"type":"Feature","properties":{"plan_no":"2705/5","plan_id":"2620","block_no":"5","parcel_no":"36","parcel_id":14316155,"object_id":6310850,"area_m2":1967.99788527},"geometry":{"type":"Polygon","coordinates":[[[46.82598022168505,24.56430625059818],[46.82564876325294,24.564518639679132],[46.825376920134104,24.56416372058108],[46.825708378160876,24.563951331214074],[46.82598022168505,24.56430625059818]]]}},{"type":"Feature","properties":{"plan_no":"2705/5","plan_id":"2620","block_no":"5","parcel_no":"37","parcel_id":14318091,"object_id":6322184,"area_m2":1967.998715085},"geometry":{"type":"Polygon","coordinates":[[[46.82564876325294,24.564518639679132],[46.825317302703034,24.564731029004545],[46.82504546095044,24.56437610837519],[46.825376920134104,24.56416372058108],[46.82564876325294,24.564518639679132]]]}},{"type":"Feature","properties":{"plan_no":"2705/5","plan_id":"2620","block_no":"5","parcel_no":"38","parcel_id":14315257,"object_id":6165496,"area_m2":1967.998715085},"geometry":{"type":"Polygon","coordinates":[[[46.825317302703034,24.564731029004545],[46.824985841983235,24.564943416745074],[46.824713999649006,24.564588496413737],[46.82504546095044,24.56437610837519],[46.825317302703034,24.564731029004545]]]}},{"type":"Feature","properties":{"plan_no":"2705/5","plan_id":"2620","block_no":"5","parcel_no":"39","parcel_id":14317139,"object_id":6238790,"area_m2":1968.00150924},"geometry":{"type":"Polygon","coordinates":[[[46.824985841983235,24.564943416745074],[46.82465437914564,24.56515580473002],[46.82438253720376,24.564800883782034],[46.824713999649006,24.564588496413737],[46.824985841983235,24.564943416745074]]]}},{"type":"Feature","properties":{"plan_no":"2705/5","plan_id":"2620","block_no":"5","parcel_no":"40","parcel_id":14315203,"object_id":6196249,"area_m2":1967.998715085},"geometry":{"type":"Polygon","coordinates":[[[46.82465437914564,24.56515580473002],[46.824322915164174,24.56536819204471],[46.824051074588624,24.565013269565434],[46.82438253720376,24.564800883782034],[46.82465437914564,24.56515580473002]]]}},{"type":"Feature","properties":{"plan_no":"2705/5","plan_id":"2620","block_no":"5","parcel_no":"41","parcel_id":14317419,"object_id":6167734,"area_m2":1967.99509111},"geometry":{"type":"Polygon","coordinates":[[[46.824322915164174,24.56536819204471],[46.82399145199986,24.565580577762496],[46.82371961082967,24.565225654678525],[46.824051074588624,24.565013269565434],[46.824322915164174,24.56536819204471]]]}},{"type":"Feature","properties":{"plan_no":"2705/5","plan_id":"2620","block_no":"5","parcel_no":"42","parcel_id":14318147,"object_id":6176920,"area_m2":1968.00489798},"geometry":{"type":"Polygon","coordinates":[[[46.82399145199986,24.565580577762496],[46.82365998573066,24.565792963736573],[46.8233881449529,24.565438040035964],[46.82371961082967,24.565225654678525],[46.82399145199986,24.565580577762496]]]}},{"type":"Feature","properties":{"plan_no":"2705/5","plan_id":"2620","block_no":"5","parcel_no":"43","parcel_id":14317885,"object_id":6235683,"area_m2":2116.538516515},"geometry":{"type":"Polygon","coordinates":[[[46.82365998573066,24.565792963736573],[46.823443443469074,24.565931711985627],[46.82335953041438,24.56593683931956],[46.82292827296378,24.565732698852532],[46.82312944009023,24.56560380343114],[46.8233881449529,24.565438040035964],[46.82365998573066,24.565792963736573]]]}},{"type":"Feature","properties":{"plan_no":"2705/5","plan_id":"2620","block_no":"6","parcel_no":"45","parcel_id":14316763,"object_id":6231772,"area_m2":3969.250394125},"geometry":{"type":"Polygon","coordinates":[[[46.82226448351381,24.566638335942606],[46.82226789078718,24.566684981645547],[46.821584985556115,24.567122449505217],[46.82146292168834,24.567039097817634],[46.82133880262478,24.56695883855211],[46.821660522065834,24.566390561006788],[46.821666194860484,24.56638054017146],[46.82168592022411,24.566389877374462],[46.82169726678231,24.566369834787295],[46.82170712847687,24.56637450339904],[46.82226448351381,24.566638335942606]]]}},{"type":"Feature","properties":{"plan_no":"2705/5","plan_id":"2620","block_no":"6","parcel_no":"46","parcel_id":14316629,"object_id":6167819,"area_m2":2899.82700325},"geometry":{"type":"Polygon","coordinates":[[[46.821647954371784,24.566346491765987],[46.8216578170499,24.566351160369248],[46.8216464704867,24.56637120295374],[46.821666194860484,24.56638054017146],[46.821660522065834,24.566390561006788],[46.82133880262478,24.56695883855211],[46.82117334764129,24.566858481861896],[46.82100472705755,24.566763540218936],[46.82132687791807,24.566194503320524],[46.821647954371784,24.566346491765987]]]}},{"type":"Feature","properties":{"plan_no":"2705/5","plan_id":"2620","block_no":"6","parcel_no":"47","parcel_id":14315097,"object_id":6177221,"area_m2":2812.52119971},"geometry":{"type":"Polygon","coordinates":[[[46.82132687791807,24.566194503320524],[46.82100472705755,24.566763540218936],[46.820858438976295,24.566686822879394],[46.82071011232707,24.566614125162566],[46.82065850578758,24.566589696314132],[46.82097621529784,24.566028508181546],[46.82132687791807,24.566194503320524]]]}},{"type":"Feature","properties":{"plan_no":"2705/5","plan_id":"2620","block_no":"6","parcel_no":"48","parcel_id":14318465,"object_id":7323076,"area_m2":2794.37805426},"geometry":{"type":"Polygon","coordinates":[[[46.82097621529784,24.566028508181546],[46.82065850578758,24.566589696314132],[46.8203078428036,24.566423699639525],[46.82060853204375,24.565892576410075],[46.82061420587919,24.565882554695538],[46.82063393010679,24.565891892057966],[46.8206452777856,24.565871849529767],[46.82065514039272,24.565876518203307],[46.82097621529784,24.566028508181546]]]}},{"type":"Feature","properties":{"plan_no":"2705/5","plan_id":"2620","block_no":"6","parcel_no":"49","parcel_id":14315793,"object_id":6155639,"area_m2":2794.37343988},"geometry":{"type":"Polygon","coordinates":[[[46.82059596574754,24.565848506139783],[46.820605827364126,24.565853174828696],[46.82059448165439,24.565873217330374],[46.82061420587919,24.565882554695538],[46.82060853204375,24.565892576410075],[46.8203078428036,24.566423699639525],[46.819957180702545,24.56625770209103],[46.82027489171904,24.565696515293887],[46.82059596574754,24.565848506139783]]]}},{"type":"Feature","properties":{"plan_no":"2705/5","plan_id":"2620","block_no":"6","parcel_no":"50","parcel_id":14318161,"object_id":6212923,"area_m2":2799.99835299},"geometry":{"type":"Polygon","coordinates":[[[46.82027489171904,24.565696515293887],[46.819957180702545,24.56625770209103],[46.819606519484445,24.56609170366868],[46.8199242317475,24.56553051753331],[46.82027489171904,24.565696515293887]]]}},{"type":"Feature","properties":{"plan_no":"2705/5","plan_id":"2620","block_no":"6","parcel_no":"51","parcel_id":14316615,"object_id":6167817,"area_m2":2794.37198517},"geometry":{"type":"Polygon","coordinates":[[[46.8199242317475,24.56553051753331],[46.819606519484445,24.56609170366868],[46.81925585816224,24.565925704384412],[46.819556552915856,24.565394583010082],[46.819562225844074,24.565384562245647],[46.81958195090972,24.565393899743587],[46.81959329773506,24.56537385729824],[46.81960315928063,24.56537852605742],[46.8199242317475,24.56553051753331]]]}},{"type":"Feature","properties":{"plan_no":"2705/5","plan_id":"2620","block_no":"6","parcel_no":"52","parcel_id":14316069,"object_id":6156182,"area_m2":2794.374980265},"geometry":{"type":"Polygon","coordinates":[[[46.81954398508244,24.56535051355152],[46.8195538485986,24.56535518229032],[46.8195425017813,24.565375225635723],[46.819562225844074,24.565384562245647],[46.819556552915856,24.565394583010082],[46.81925585816224,24.565925704384412],[46.81890519872305,24.565759705117127],[46.81922291347915,24.56519852030534],[46.81954398508244,24.56535051355152]]]}},{"type":"Feature","properties":{"plan_no":"2705/5","plan_id":"2620","block_no":"6","parcel_no":"53","parcel_id":14314925,"object_id":6153857,"area_m2":2799.99895968},"geometry":{"type":"Polygon","coordinates":[[[46.81922291347915,24.56519852030534],[46.81890519872305,24.565759705117127],[46.81855454015379,24.565593704073322],[46.81887225615635,24.565032519923342],[46.818994989543725,24.565090621469373],[46.81922291347915,24.56519852030534]]]}},{"type":"Feature","properties":{"plan_no":"2705/5","plan_id":"2620","block_no":"6","parcel_no":"54","parcel_id":14318829,"object_id":6347589,"area_m2":3169.997503855},"geometry":{"type":"Polygon","coordinates":[[[46.81887225615635,24.565032519923342],[46.81855454015379,24.565593704073322],[46.818238947900255,24.5654443023904],[46.81819667207197,24.565322632837383],[46.81846900128379,24.564841618855798],[46.81887225615635,24.565032519923342]]]}},{"type":"Feature","properties":{"plan_no":"2705/5","plan_id":"2620","block_no":"7","parcel_no":"55","parcel_id":14316673,"object_id":6167701,"area_m2":3444.3680960750003},"geometry":{"type":"Polygon","coordinates":[[[46.818293672967634,24.56475861784068],[46.81802134322166,24.565239631538624],[46.8178882910086,24.565278299686433],[46.81753763499991,24.56511229610872],[46.81783833355974,24.56458117782739],[46.817844006597014,24.564571157120856],[46.81786373141931,24.56458049485963],[46.81787507846277,24.5645604525301],[46.81788494087371,24.564565121397774],[46.818293672967634,24.56475861784068]]]}},{"type":"Feature","properties":{"plan_no":"2705/5","plan_id":"2620","block_no":"7","parcel_no":"56","parcel_id":14317791,"object_id":6176694,"area_m2":2794.36947153},"geometry":{"type":"Polygon","coordinates":[[[46.81782576740558,24.564537108169365],[46.817835629813025,24.564541777040514],[46.817824282764555,24.564561819367405],[46.817844006597014,24.564571157120856],[46.81783833355974,24.56458117782739],[46.81753763499991,24.56511229610872],[46.81718697987419,24.564946291657275],[46.81750469976356,24.56438511100305],[46.81782576740558,24.564537108169365]]]}},{"type":"Feature","properties":{"plan_no":"2705/5","plan_id":"2620","block_no":"7","parcel_no":"57","parcel_id":14318241,"object_id":6328765,"area_m2":2794.370300165},"geometry":{"type":"Polygon","coordinates":[[[46.81750469976356,24.56438511100305],[46.81718697987419,24.564946291657275],[46.816836324644385,24.56478028634405],[46.81713702655031,24.5642491693036],[46.81714269963209,24.564239148620683],[46.81716242435505,24.56424848645777],[46.81717377148753,24.56422844417549],[46.81718363286177,24.564233113104237],[46.81750469976356,24.56438511100305]]]}},{"type":"Feature","properties":{"plan_no":"2705/5","plan_id":"2620","block_no":"7","parcel_no":"58","parcel_id":14316845,"object_id":6146478,"area_m2":2794.37152238},"geometry":{"type":"Polygon","coordinates":[[[46.81712446067867,24.564205099569048],[46.81713432303644,24.564209768489324],[46.817122975898954,24.564229810768943],[46.81714269963209,24.564239148620683],[46.81713702655031,24.5642491693036],[46.816836324644385,24.56478028634405],[46.81648567128459,24.564614280145207],[46.81680339465352,24.564053100802774],[46.81712446067867,24.564205099569048]]]}},{"type":"Feature","properties":{"plan_no":"2705/5","plan_id":"2620","block_no":"7","parcel_no":"59","parcel_id":14315657,"object_id":6155586,"area_m2":2794.3714777749997},"geometry":{"type":"Polygon","coordinates":[[[46.81680339465352,24.564053100802774],[46.81648567128459,24.564614280145207],[46.81613501882078,24.5644482739754],[46.81643572208558,24.563917157296974],[46.81644139521186,24.56390713663771],[46.81646111983548,24.56391647457307],[46.81647246705698,24.563896432338073],[46.8164823293686,24.563901101304047],[46.81680339465352,24.564053100802774]]]}},{"type":"Feature","properties":{"plan_no":"2705/5","plan_id":"2620","block_no":"7","parcel_no":"60","parcel_id":14317079,"object_id":6229512,"area_m2":2794.383565265},"geometry":{"type":"Polygon","coordinates":[[[46.816423157483484,24.563873087474],[46.816433018804574,24.56387775645534],[46.81642167157807,24.563897798687684],[46.81644139521186,24.56390713663771],[46.81643572208558,24.563917157296974],[46.81613501882078,24.5644482739754],[46.81578436430487,24.56428226877306],[46.8160907458067,24.563741129317886],[46.81610209307521,24.563721087107854],[46.816423157483484,24.563873087474]]]}},{"type":"Feature","properties":{"plan_no":"2705/5","plan_id":"2620","block_no":"7","parcel_no":"61","parcel_id":14315395,"object_id":6228400,"area_m2":3438.76194404},"geometry":{"type":"Polygon","coordinates":[[[46.81566378064848,24.56351357723426],[46.81606264588873,24.56370240930401],[46.81605129861521,24.56372245151137],[46.8160907458067,24.563741129317886],[46.81578436430487,24.56428226877306],[46.81543371552905,24.564116257221347],[46.815391442890984,24.56399458667738],[46.81566378064848,24.56351357723426]]]}},{"type":"Feature","properties":{"plan_no":"2705/5","plan_id":"2620","block_no":"8","parcel_no":"1891","parcel_id":14317639,"object_id":6209914,"area_m2":2079.19958623},"geometry":{"type":"Polygon","coordinates":[[[46.816015823523266,24.560732102622175],[46.815827080071536,24.561065474629753],[46.81538880550775,24.56085791423331],[46.81557754988452,24.56052454271715],[46.816015823523266,24.560732102622175]]]}},{"type":"Feature","properties":{"plan_no":"2705/5","plan_id":"2620","block_no":"8","parcel_no":"62","parcel_id":14316751,"object_id":6146137,"area_m2":1994.374178235},"geometry":{"type":"Polygon","coordinates":[[[46.81506798487178,24.562332600152782],[46.81507894138897,24.562337788726463],[46.81506872809975,24.562355826388785],[46.815090642139225,24.56236620442574],[46.815085537923366,24.562375220519492],[46.814919296819895,24.562668840029456],[46.81448101879402,24.56246127725754],[46.8146625782899,24.56214060446292],[46.81506798487178,24.562332600152782]]]}},{"type":"Feature","properties":{"plan_no":"2705/5","plan_id":"2620","block_no":"8","parcel_no":"63","parcel_id":14317271,"object_id":6196877,"area_m2":1994.372845885},"geometry":{"type":"Polygon","coordinates":[[[46.81507894138897,24.562337788726463],[46.81506798487178,24.562332600152782],[46.8146625782899,24.56214060446292],[46.81484413592868,24.561819932404575],[46.81528241316191,24.562027494219127],[46.81511617580527,24.56232110755151],[46.815111067722846,24.56233012910978],[46.815089153688376,24.56231975107549],[46.81507894138897,24.562337788726463]]]}},{"type":"Feature","properties":{"plan_no":"2705/5","plan_id":"2620","block_no":"8","parcel_no":"64","parcel_id":14315789,"object_id":7195878,"area_m2":1999.99981913},"geometry":{"type":"Polygon","coordinates":[[[46.81546397001482,24.56170682149789],[46.81528241316191,24.562027494219127],[46.81484413592868,24.561819932404575],[46.8150256936714,24.561499260156047],[46.81546397001482,24.56170682149789]]]}},{"type":"Feature","properties":{"plan_no":"2705/5","plan_id":"2620","block_no":"8","parcel_no":"65","parcel_id":14315951,"object_id":6199360,"area_m2":1994.3807871150002},"geometry":{"type":"Polygon","coordinates":[[[46.815635313808,24.561404184474775],[46.81546397001482,24.56170682149789],[46.8150256936714,24.561499260156047],[46.815207250518085,24.56117858682652],[46.815623612055184,24.56137576882823],[46.81561339990199,24.561393806508725],[46.815635313808,24.561404184474775]]]}},{"type":"Feature","properties":{"plan_no":"2705/5","plan_id":"2620","block_no":"8","parcel_no":"66","parcel_id":14316675,"object_id":6230979,"area_m2":1994.36909588},"geometry":{"type":"Polygon","coordinates":[[[46.815655738106564,24.561368109110543],[46.81563382420557,24.561357731147147],[46.815623612055184,24.56137576882823],[46.815207250518085,24.56117858682652],[46.81538880550775,24.56085791423331],[46.815827080071536,24.561065474629753],[46.815655738106564,24.561368109110543]]]}},{"type":"Feature","properties":{"plan_no":"2705/5","plan_id":"2620","block_no":"9","parcel_no":"67","parcel_id":14314961,"object_id":6153860,"area_m2":1830.9168923650002},"geometry":{"type":"Polygon","coordinates":[[[46.81654968447901,24.55978915038791],[46.816378929199146,24.560090754658503],[46.81602831200668,24.559924708317325],[46.815986045285,24.559803027838534],[46.81611138552327,24.559581640061186],[46.81654968447901,24.55978915038791]]]}},{"type":"Feature","properties":{"plan_no":"2705/5","plan_id":"2620","block_no":"9","parcel_no":"68","parcel_id":14315037,"object_id":6382093,"area_m2":1994.37775631},"geometry":{"type":"Polygon","coordinates":[[[46.81669836229184,24.55945291287532],[46.81670931958324,24.559458100428277],[46.81669910867502,24.559476135448726],[46.81672102426292,24.55948651144422],[46.816715918335035,24.559495530314912],[46.81654968447901,24.55978915038791],[46.81611138552327,24.559581640061186],[46.81629293710285,24.559260966568395],[46.81669836229184,24.55945291287532]]]}},{"type":"Feature","properties":{"plan_no":"2705/5","plan_id":"2620","block_no":"9","parcel_no":"69","parcel_id":14317125,"object_id":6156351,"area_m2":1994.376723365},"geometry":{"type":"Polygon","coordinates":[[[46.81670931958324,24.559458100428277],[46.81669836229184,24.55945291287532],[46.81629293710285,24.559260966568395],[46.816474487799525,24.55894029289737],[46.81691278496238,24.55914780137609],[46.81674655486587,24.559441416174085],[46.81674144701953,24.559450438680095],[46.81671953337159,24.55944005995533],[46.81670931958324,24.559458100428277]]]}},{"type":"Feature","properties":{"plan_no":"2705/5","plan_id":"2620","block_no":"9","parcel_no":"70","parcel_id":14315121,"object_id":6239625,"area_m2":2000.00342421},"geometry":{"type":"Polygon","coordinates":[[[46.817094333886274,24.558827127054226],[46.81691278496238,24.55914780137609],[46.816474487799525,24.55894029289737],[46.81665603760032,24.55861961814545],[46.817094333886274,24.558827127054226]]]}},{"type":"Feature","properties":{"plan_no":"2705/5","plan_id":"2620","block_no":"9","parcel_no":"71","parcel_id":14318677,"object_id":6208692,"area_m2":1994.357523755},"geometry":{"type":"Polygon","coordinates":[[[46.81724299334184,24.558490881179495],[46.817253958527466,24.558496073115304],[46.81724374682026,24.558514110885834],[46.81726566127467,24.55852448591965],[46.81726055638222,24.55853350298804],[46.817094333886274,24.558827127054226],[46.81665603760032,24.55861961814545],[46.8168375855443,24.558298944129913],[46.81724299334184,24.558490881179495]]]}},{"type":"Feature","properties":{"plan_no":"2705/5","plan_id":"2620","block_no":"9","parcel_no":"72","parcel_id":14318801,"object_id":6207968,"area_m2":1994.3587167},"geometry":{"type":"Polygon","coordinates":[[[46.817253958527466,24.558496073115304],[46.81724299334184,24.558490881179495],[46.8168375855443,24.558298944129913],[46.81701913359243,24.557978269924284],[46.81745742908555,24.558185777875952],[46.8172911934531,24.558479388745102],[46.81728608566827,24.55848841036345],[46.81726417120585,24.558478034429612],[46.817253958527466,24.558496073115304]]]}},{"type":"Feature","properties":{"plan_no":"2705/5","plan_id":"2620","block_no":"9","parcel_no":"73","parcel_id":14316921,"object_id":6196275,"area_m2":2000.008837645},"geometry":{"type":"Polygon","coordinates":[[[46.817638975360985,24.55786510301955],[46.81745742908555,24.558185777875952],[46.81701913359243,24.557978269924284],[46.817200680744754,24.557657594637764],[46.817638975360985,24.55786510301955]]]}},{"type":"Feature","properties":{"plan_no":"2705/5","plan_id":"2620","block_no":"9","parcel_no":"74","parcel_id":14317917,"object_id":6167528,"area_m2":1994.3845270450001},"geometry":{"type":"Polygon","coordinates":[[[46.81778764926428,24.557528864638616],[46.8177986064222,24.557534052120687],[46.817788394876985,24.55755209082399],[46.817810309197895,24.557562465786916],[46.81780520534087,24.557571481053024],[46.817638975360985,24.55786510301955],[46.817200680744754,24.557657594637764],[46.81738222702731,24.557336920075773],[46.81778764926428,24.557528864638616]]]}},{"type":"Feature","properties":{"plan_no":"2705/5","plan_id":"2620","block_no":"9","parcel_no":"75","parcel_id":14316469,"object_id":6201027,"area_m2":1994.3859657},"geometry":{"type":"Polygon","coordinates":[[[46.8177986064222,24.557534052120687],[46.81778764926428,24.557528864638616],[46.81738222702731,24.557336920075773],[46.8175637724271,24.557016245335625],[46.8180020662375,24.55722375185766],[46.81783584099086,24.557517367634496],[46.81783073328054,24.55752638926788],[46.81780881896462,24.557516014307627],[46.8177986064222,24.557534052120687]]]}},{"type":"Feature","properties":{"plan_no":"2705/5","plan_id":"2620","block_no":"9","parcel_no":"76","parcel_id":14319073,"object_id":6355829,"area_m2":2000.00921734},"geometry":{"type":"Polygon","coordinates":[[[46.818183609864654,24.556903076466803],[46.8180020662375,24.55722375185766],[46.8175637724271,24.557016245335625],[46.817745316944155,24.556695570417336],[46.818183609864654,24.556903076466803]]]}},{"type":"Feature","properties":{"plan_no":"2705/5","plan_id":"2620","block_no":"9","parcel_no":"77","parcel_id":14316071,"object_id":6156183,"area_m2":1994.404719395},"geometry":{"type":"Polygon","coordinates":[[[46.818183609864654,24.556903076466803],[46.817745316944155,24.556695570417336],[46.81792686056548,24.55637489441818],[46.81833232804617,24.556566860568356],[46.81834328513734,24.55657204801498],[46.818333073741094,24.55659008674835],[46.81835498792853,24.556600461640386],[46.81834988415898,24.556609477824225],[46.81834983644578,24.556609454925567],[46.818183609864654,24.556903076466803]]]}},{"type":"Feature","properties":{"plan_no":"2705/5","plan_id":"2620","block_no":"9","parcel_no":"78","parcel_id":14315011,"object_id":6146327,"area_m2":2244.31494409},"geometry":{"type":"Polygon","coordinates":[[[46.81834328513734,24.55657204801498],[46.81833232804617,24.556566860568356],[46.81792686056548,24.55637489441818],[46.81809025416939,24.55608627668619],[46.81822329101638,24.556047618883493],[46.81857390357657,24.556213662411643],[46.818380471635884,24.556555340514148],[46.818380519349056,24.5565553634128],[46.81837541172626,24.55656438596393],[46.8183534975308,24.556554010171862],[46.81834328513734,24.55657204801498]]]}},{"type":"Feature","properties":{"plan_no":"2705/5","plan_id":"2620","block_no":"10","parcel_no":"81","parcel_id":14317143,"object_id":6179358,"area_m2":3444.375203},"geometry":{"type":"Polygon","coordinates":[[[46.81985097844711,24.554276829954908],[46.8198619363744,24.554282017288568],[46.819851724378594,24.554300056118603],[46.819873639251306,24.554310430796626],[46.81986853276664,24.554319450669407],[46.81965693056464,24.554693239645207],[46.81913098897016,24.554444237439373],[46.81908871672665,24.5543225678039],[46.81927025382957,24.554001891389508],[46.81985097844711,24.554276829954908]]]}},{"type":"Feature","properties":{"plan_no":"2705/5","plan_id":"2620","block_no":"10","parcel_no":"82","parcel_id":14319193,"object_id":6198193,"area_m2":2794.370727645},"geometry":{"type":"Polygon","coordinates":[[[46.8198619363744,24.554282017288568],[46.81985097844711,24.554276829954908],[46.81927025382957,24.554001891389508],[46.81945178906302,24.553681214808954],[46.8200653842453,24.553971714735237],[46.819899166794514,24.554265336003724],[46.81989406128727,24.554274354962587],[46.81987214739348,24.554263979372603],[46.8198619363744,24.554282017288568]]]}},{"type":"Feature","properties":{"plan_no":"2705/5","plan_id":"2620","block_no":"10","parcel_no":"83","parcel_id":14318167,"object_id":7174104,"area_m2":2794.36984753},"geometry":{"type":"Polygon","coordinates":[[[46.82021404667337,24.55363547625466],[46.82022500356921,24.553640663576616],[46.82021479265964,24.55365870241476],[46.8202367064564,24.55366907705745],[46.82023160195619,24.55367809420829],[46.8200653842453,24.553971714735237],[46.81945178906302,24.553681214808954],[46.81963332438787,24.553360537135724],[46.82021404667337,24.55363547625466]]]}},{"type":"Feature","properties":{"plan_no":"2705/5","plan_id":"2620","block_no":"10","parcel_no":"84","parcel_id":14316383,"object_id":6167809,"area_m2":2794.37492231},"geometry":{"type":"Polygon","coordinates":[[[46.82022500356921,24.553640663576616],[46.82021404667337,24.55363547625466],[46.81963332438787,24.553360537135724],[46.81981485884326,24.553039860187162],[46.820428450560044,24.55333035970537],[46.8202622347123,24.553623980397152],[46.82025712828078,24.553633000280648],[46.82023521448901,24.55362262564061],[46.82022500356921,24.553640663576616]]]}},{"type":"Feature","properties":{"plan_no":"2705/5","plan_id":"2620","block_no":"10","parcel_no":"85","parcel_id":14318129,"object_id":7323080,"area_m2":2799.99441466},"geometry":{"type":"Polygon","coordinates":[[[46.8206099828872,24.553009681917445],[46.820428450560044,24.55333035970537],[46.81981485884326,24.553039860187162],[46.8199963924162,24.552719183060564],[46.8206099828872,24.553009681917445]]]}},{"type":"Feature","properties":{"plan_no":"2705/5","plan_id":"2620","block_no":"10","parcel_no":"86","parcel_id":14315177,"object_id":6208151,"area_m2":2794.37335732},"geometry":{"type":"Polygon","coordinates":[[[46.820758644815925,24.55267344117984],[46.82076960065809,24.552678628478294],[46.820759389884394,24.552696666443776],[46.82078130354768,24.552707041015623],[46.82077619816104,24.552716059998797],[46.8206099828872,24.553009681917445],[46.8199963924162,24.552719183060564],[46.82017792411974,24.552398505767883],[46.820758644815925,24.55267344117984]]]}},{"type":"Feature","properties":{"plan_no":"2705/5","plan_id":"2620","block_no":"10","parcel_no":"87","parcel_id":14317615,"object_id":6168353,"area_m2":2794.37441704},"geometry":{"type":"Polygon","coordinates":[[[46.82076960065809,24.552678628478294],[46.820758644815925,24.55267344117984],[46.82017792411974,24.552398505767883],[46.82035945591476,24.552077827382544],[46.82097304488117,24.55236832490489],[46.82080683048346,24.552661947000264],[46.82080172607421,24.552670965069517],[46.82077981141595,24.55266058960957],[46.82076960065809,24.552678628478294]]]}},{"type":"Feature","properties":{"plan_no":"2705/5","plan_id":"2620","block_no":"10","parcel_no":"88","parcel_id":14316511,"object_id":6229294,"area_m2":2799.99794216},"geometry":{"type":"Polygon","coordinates":[[[46.821154574561064,24.55204764658298],[46.82097304488117,24.55236832490489],[46.82035945591476,24.552077827382544],[46.820540986840435,24.55175714972192],[46.821154574561064,24.55204764658298]]]}},{"type":"Feature","properties":{"plan_no":"2705/5","plan_id":"2620","block_no":"10","parcel_no":"89","parcel_id":14317171,"object_id":6196874,"area_m2":2794.374338115},"geometry":{"type":"Polygon","coordinates":[[[46.82130323206894,24.55171140544155],[46.82131418981824,24.551716592680748],[46.821303979206476,24.55173463157895],[46.82132589273629,24.551745006079944],[46.8213207874241,24.551754025078157],[46.821154574561064,24.55204764658298],[46.820540986840435,24.55175714972192],[46.8207225168837,24.551436471883296],[46.82130323206894,24.55171140544155]]]}},{"type":"Feature","properties":{"plan_no":"2705/5","plan_id":"2620","block_no":"10","parcel_no":"90","parcel_id":14316777,"object_id":6146471,"area_m2":2794.375684815},"geometry":{"type":"Polygon","coordinates":[[[46.82131418981824,24.551716592680748],[46.82130323206894,24.55171140544155],[46.8207225168837,24.551436471883296],[46.82090404603158,24.55111579296398],[46.82151763127376,24.551406289405275],[46.82135141928679,24.551699911086803],[46.821346313978076,24.551708930085713],[46.82132440044024,24.551698554684673],[46.82131418981824,24.551716592680748]]]}},{"type":"Feature","properties":{"plan_no":"2705/5","plan_id":"2620","block_no":"10","parcel_no":"91","parcel_id":14316183,"object_id":6146539,"area_m2":2799.9998101550004},"geometry":{"type":"Polygon","coordinates":[[[46.82165378070164,24.551165771653718],[46.82151763127376,24.551406289405275],[46.82090404603158,24.55111579296398],[46.82108557332325,24.550795114781327],[46.821699160293484,24.551085611428324],[46.82165378070164,24.551165771653718]]]}},{"type":"Feature","properties":{"plan_no":"2705/5","plan_id":"2620","block_no":"10","parcel_no":"92","parcel_id":14318363,"object_id":6179880,"area_m2":3450.03794097},"geometry":{"type":"Polygon","coordinates":[[[46.82190905711463,24.550714829069246],[46.821699160293484,24.551085611428324],[46.82108557332325,24.550795114781327],[46.82126710071952,24.550474436408802],[46.82140013735679,24.55043576616067],[46.82192607156431,24.55068476391767],[46.82190905711463,24.550714829069246]]]}},{"type":"Feature","properties":{"plan_no":"2705/5","plan_id":"2620","block_no":"11","parcel_no":"93","parcel_id":14316997,"object_id":6374996,"area_m2":2804.24950379},"geometry":{"type":"Polygon","coordinates":[[[46.82211123979214,24.54998968587166],[46.82212219642905,24.549994873071896],[46.82211198803296,24.550012911990077],[46.82213390132491,24.550023287292014],[46.82212879712055,24.550032306300206],[46.821908184245714,24.55042215780302],[46.821513764585966,24.550235423646583],[46.82147147886137,24.550113748503147],[46.82166202830257,24.549777010711036],[46.82211123979214,24.54998968587166]]]}},{"type":"Feature","properties":{"plan_no":"2705/5","plan_id":"2620","block_no":"11","parcel_no":"94","parcel_id":14318453,"object_id":6234255,"area_m2":2194.3192496},"geometry":{"type":"Polygon","coordinates":[[[46.82212219642905,24.549994873071896],[46.82211123979214,24.54998968587166],[46.82166202830257,24.549777010711036],[46.82184350221268,24.549456308008807],[46.82232559158413,24.549684548654422],[46.82228022095043,24.549764723377923],[46.82215942427097,24.549978189516978],[46.82215432008314,24.549987209428576],[46.82213240580927,24.549976834141212],[46.82212219642905,24.549994873071896]]]}},{"type":"Feature","properties":{"plan_no":"2705/5","plan_id":"2620","block_no":"11","parcel_no":"95","parcel_id":14315489,"object_id":6153614,"area_m2":2534.97859267},"geometry":{"type":"Polygon","coordinates":[[[46.82253883023334,24.549307725621],[46.82232559158413,24.549684548654422],[46.82184350221268,24.549456308008807],[46.822011365432175,24.54915965759493],[46.822144387527416,24.549120981516037],[46.82253883023334,24.549307725621]]]}},{"type":"Feature","properties":{"plan_no":"2705/5","plan_id":"2620","block_no":"12","parcel_no":"100","parcel_id":14315193,"object_id":6208321,"area_m2":2394.004563285},"geometry":{"type":"Polygon","coordinates":[[[46.82366055121217,24.547374986413942],[46.823649594755,24.54736979931431],[46.823156608678886,24.547136399968316],[46.82333812601016,24.546815719566048],[46.82386393864299,24.547064659381274],[46.82369777806123,24.547358301627586],[46.82369267310633,24.54736732249634],[46.82367076017884,24.547356947398242],[46.82366055121217,24.547374986413942]]]}},{"type":"Feature","properties":{"plan_no":"2705/5","plan_id":"2620","block_no":"12","parcel_no":"101","parcel_id":14316533,"object_id":6155723,"area_m2":2399.43009683},"geometry":{"type":"Polygon","coordinates":[[[46.82404541128811,24.54674395798609],[46.82386393864299,24.547064659381274],[46.82333812601016,24.546815719566048],[46.82351964245939,24.546495038985963],[46.82404541128811,24.54674395798609]]]}},{"type":"Feature","properties":{"plan_no":"2705/5","plan_id":"2620","block_no":"12","parcel_no":"102","parcel_id":14318843,"object_id":6207970,"area_m2":2393.605601245},"geometry":{"type":"Polygon","coordinates":[[[46.824194012877555,24.546407694332267],[46.82420496926798,24.546412881396495],[46.824194760447355,24.546430920441637],[46.82421667423325,24.546441295459644],[46.82421156932317,24.546450314537285],[46.82404541128811,24.54674395798609],[46.82351964245939,24.546495038985963],[46.823701158026594,24.54617435822803],[46.824194012877555,24.546407694332267]]]}},{"type":"Feature","properties":{"plan_no":"2705/5","plan_id":"2620","block_no":"12","parcel_no":"103","parcel_id":14317923,"object_id":6146751,"area_m2":2393.418206775},"geometry":{"type":"Polygon","coordinates":[[[46.82420496926798,24.546412881396495],[46.824194012877555,24.546407694332267],[46.823701158026594,24.54617435822803],[46.82388267271179,24.545853677292268],[46.82440835391978,24.546102553759866],[46.82424219577337,24.54639619739707],[46.82423709186673,24.546405217366157],[46.82421517808583,24.546394842350818],[46.82420496926798,24.546412881396495]]]}},{"type":"Feature","properties":{"plan_no":"2705/5","plan_id":"2620","block_no":"12","parcel_no":"104","parcel_id":14315599,"object_id":6196677,"area_m2":3068.42791043},"geometry":{"type":"Polygon","coordinates":[[[46.82388267271179,24.545853677292268],[46.8240732500048,24.545516983482987],[46.824206321813335,24.54547830246154],[46.82464426375918,24.545685641140064],[46.82440835391978,24.546102553759866],[46.82388267271179,24.545853677292268]]]}},{"type":"Feature","properties":{"plan_no":"2705/5","plan_id":"2620","block_no":"12","parcel_no":"96","parcel_id":14316555,"object_id":6210281,"area_m2":2897.0569302050003},"geometry":{"type":"Polygon","coordinates":[[[46.823105169669304,24.548331901782014],[46.82311612619322,24.548337088917062],[46.82310591707494,24.5483551279022],[46.82312783112781,24.548365503061802],[46.82312272705581,24.548374522097504],[46.822918831647364,24.548734843182864],[46.82291859197571,24.54873526591261],[46.822918475698486,24.548735211341512],[46.82239268433341,24.548486280891428],[46.82239255016187,24.54848621750764],[46.822612051392596,24.548098440107967],[46.823105169669304,24.548331901782014]]]}},{"type":"Feature","properties":{"plan_no":"2705/5","plan_id":"2620","block_no":"12","parcel_no":"97","parcel_id":14316217,"object_id":6167487,"area_m2":2394.583875815},"geometry":{"type":"Polygon","coordinates":[[[46.82311612619322,24.548337088917062],[46.823105169669304,24.548331901782014],[46.822612051392596,24.548098440107967],[46.82279357138318,24.547777761141987],[46.82331951542941,24.548026763403094],[46.82315335242516,24.54832040516115],[46.82314824835664,24.548329424197554],[46.82312633530872,24.548319049931358],[46.82311612619322,24.548337088917062]]]}},{"type":"Feature","properties":{"plan_no":"2705/5","plan_id":"2620","block_no":"12","parcel_no":"98","parcel_id":14314983,"object_id":6154000,"area_m2":2400.0188621750003},"geometry":{"type":"Polygon","coordinates":[[[46.82350099072019,24.547706062541135],[46.82331951542941,24.548026763403094],[46.82279357138318,24.547777761141987],[46.822975090465555,24.54745708019273],[46.82350099072019,24.547706062541135]]]}},{"type":"Feature","properties":{"plan_no":"2705/5","plan_id":"2620","block_no":"12","parcel_no":"99","parcel_id":14314935,"object_id":6176997,"area_m2":2394.194154395},"geometry":{"type":"Polygon","coordinates":[[[46.823649594755,24.54736979931431],[46.82366055121217,24.547374986413942],[46.82365034224272,24.547393025429088],[46.82367225616211,24.547403400517894],[46.82366715216451,24.54741241956858],[46.82350099072019,24.547706062541135],[46.822975090465555,24.54745708019273],[46.823156608678886,24.547136399968316],[46.823649594755,24.54736979931431]]]}},{"type":"Feature","properties":{"plan_no":"2705/5","plan_id":"2620","block_no":"13","parcel_no":"105","parcel_id":14317567,"object_id":6146497,"area_m2":2399.9988677},"geometry":{"type":"Polygon","coordinates":[[[46.827827800865904,24.545363039248556],[46.827555609100614,24.54584409762757],[46.82720499778677,24.54567811374344],[46.827477154060595,24.545197121379875],[46.82747719062013,24.545197055930625],[46.827827800865904,24.545363039248556]]]}},{"type":"Feature","properties":{"plan_no":"2705/5","plan_id":"2620","block_no":"13","parcel_no":"106","parcel_id":14345989,"object_id":6190732,"area_m2":2394.37494721},"geometry":{"type":"Polygon","coordinates":[[[46.82788649981086,24.546000744055],[46.827876640562664,24.545996076647032],[46.827555609100614,24.54584409762757],[46.827827800865904,24.545363039248556],[46.828178411993335,24.545529021693145],[46.82792323369805,24.545980014009395],[46.82791756322287,24.545990035914325],[46.82789784075322,24.545980699344273],[46.82788649981086,24.546000744055]]]}},{"type":"Feature","properties":{"plan_no":"2705/5","plan_id":"2620","block_no":"13","parcel_no":"107","parcel_id":14346645,"object_id":6186755,"area_m2":2394.37561037},"geometry":{"type":"Polygon","coordinates":[[[46.82852902400242,24.54569500326436],[46.82825683536023,24.54617606276379],[46.827935806996464,24.546024086369012],[46.827925943771085,24.54601941720697],[46.82793728470845,24.545999372493583],[46.82791756322287,24.545990035914325],[46.82792323369805,24.545980014009395],[46.828178411993335,24.545529021693145],[46.82852902400242,24.54569500326436]]]}},{"type":"Feature","properties":{"plan_no":"2705/5","plan_id":"2620","block_no":"13","parcel_no":"108","parcel_id":14317563,"object_id":6146496,"area_m2":2400.00184735},"geometry":{"type":"Polygon","coordinates":[[[46.82887963788003,24.545860983950234],[46.828607449319115,24.546342044027796],[46.82825683536023,24.54617606276379],[46.82852902400242,24.54569500326436],[46.82887963788003,24.545860983950234]]]}},{"type":"Feature","properties":{"plan_no":"2705/5","plan_id":"2620","block_no":"13","parcel_no":"109","parcel_id":14315957,"object_id":6168248,"area_m2":2394.3721601},"geometry":{"type":"Polygon","coordinates":[[[46.82893834152563,24.546498687091717],[46.82892848320304,24.546494020648154],[46.828607449319115,24.546342044027796],[46.82887963788003,24.545860983950234],[46.8292302516524,24.546026963774686],[46.82897507537441,24.546477957695267],[46.828969404965996,24.546487979635586],[46.82894968234754,24.546478643212918],[46.82893834152563,24.546498687091717]]]}},{"type":"Feature","properties":{"plan_no":"2705/5","plan_id":"2620","block_no":"13","parcel_no":"110","parcel_id":14316387,"object_id":6201024,"area_m2":2394.37281346},"geometry":{"type":"Polygon","coordinates":[[[46.8295808663064,24.54619294272572],[46.829308679868795,24.5466740030329],[46.8289876490832,24.54652202903725],[46.82897778578342,24.54651735994891],[46.82898912758722,24.546497316055504],[46.828969404965996,24.546487979635586],[46.82897507537441,24.546477957695267],[46.8292302516524,24.546026963774686],[46.8295808663064,24.54619294272572]]]}},{"type":"Feature","properties":{"plan_no":"2705/5","plan_id":"2620","block_no":"13","parcel_no":"111","parcel_id":14318645,"object_id":6146382,"area_m2":2399.99866936},"geometry":{"type":"Polygon","coordinates":[[[46.82993148182893,24.546358919900605],[46.82965929745957,24.54683998166467],[46.829308679868795,24.5466740030329],[46.8295808663064,24.54619294272572],[46.82993148182893,24.546358919900605]]]}},{"type":"Feature","properties":{"plan_no":"2705/5","plan_id":"2620","block_no":"13","parcel_no":"112","parcel_id":14316567,"object_id":6238895,"area_m2":2400.00184735},"geometry":{"type":"Polygon","coordinates":[[[46.83028209923308,24.54652489709277],[46.83000991494512,24.54700595943494],[46.82965929745957,24.54683998166467],[46.82993148182893,24.546358919900605],[46.83028209923308,24.54652489709277]]]}},{"type":"Feature","properties":{"plan_no":"2705/5","plan_id":"2620","block_no":"13","parcel_no":"113","parcel_id":14316549,"object_id":7324483,"area_m2":2394.37523403},"geometry":{"type":"Polygon","coordinates":[[[46.8303408114799,24.547162600092303],[46.83033095205817,24.547157932856265],[46.83000991494512,24.54700595943494],[46.83028209923308,24.54652489709277],[46.83063271653197,24.54669087342345],[46.83037754524689,24.54714186945509],[46.830371874940596,24.547151892345283],[46.83035215212378,24.54714255611915],[46.8303408114799,24.547162600092303]]]}},{"type":"Feature","properties":{"plan_no":"2705/5","plan_id":"2620","block_no":"13","parcel_no":"114","parcel_id":14317603,"object_id":6199150,"area_m2":2394.3717983849997},"geometry":{"type":"Polygon","coordinates":[[[46.830983334712485,24.546856848880633],[46.830711152548105,24.547337911452356],[46.830390118546546,24.547185941558478],[46.83038025613445,24.547181272556443],[46.83039159677332,24.547161228580652],[46.830371874940596,24.547151892345283],[46.83037754524689,24.54714186945509],[46.83063271653197,24.54669087342345],[46.830983334712485,24.546856848880633]]]}},{"type":"Feature","properties":{"plan_no":"2705/5","plan_id":"2620","block_no":"13","parcel_no":"115","parcel_id":14315349,"object_id":6176986,"area_m2":2399.998055035},"geometry":{"type":"Polygon","coordinates":[[[46.83133395377462,24.547022823464296],[46.83106177366551,24.547503886590164],[46.83075330169517,24.547357863722574],[46.830711152548105,24.547337911452356],[46.830983334712485,24.546856848880633],[46.83133395377462,24.547022823464296]]]}},{"type":"Feature","properties":{"plan_no":"2705/5","plan_id":"2620","block_no":"13","parcel_no":"116","parcel_id":14315479,"object_id":6196456,"area_m2":2338.7477101450004},"geometry":{"type":"Polygon","coordinates":[[[46.83139048115191,24.54765948783451],[46.83137952339031,24.547654300426558],[46.83106177366551,24.547503886590164],[46.83133395377462,24.547022823464296],[46.83159691888994,24.547147303374462],[46.83163921100945,24.54726897432972],[46.831443015219925,24.547615741567192],[46.83143280837092,24.547633781033262],[46.831410894850166,24.547623408004007],[46.83139048115191,24.54765948783451]]]}},{"type":"Feature","properties":{"plan_no":"2705/5","plan_id":"2620","block_no":"14","parcel_no":"117","parcel_id":14316987,"object_id":6335205,"area_m2":2349.99877912},"geometry":{"type":"Polygon","coordinates":[[[46.832210505767335,24.547437755193084],[46.83193832834245,24.547918820636873],[46.83158770502092,24.547752847682947],[46.83181452189441,24.5473519608984],[46.83194754048179,24.547313276417462],[46.832210505767335,24.547437755193084]]]}},{"type":"Feature","properties":{"plan_no":"2705/5","plan_id":"2620","block_no":"14","parcel_no":"118","parcel_id":14317029,"object_id":6238786,"area_m2":2394.37834949},"geometry":{"type":"Polygon","coordinates":[[[46.83226922945354,24.548075456760003],[46.832259369895446,24.54807078965908],[46.83193832834245,24.547918820636873],[46.832210505767335,24.547437755193084],[46.832561128902,24.54760372670733],[46.83230596313912,24.548054726560643],[46.83230029294216,24.548064748613005],[46.83228057083946,24.548055412645134],[46.83226922945354,24.548075456760003]]]}},{"type":"Feature","properties":{"plan_no":"2705/5","plan_id":"2620","block_no":"14","parcel_no":"119","parcel_id":14319079,"object_id":6211026,"area_m2":2394.37347234},"geometry":{"type":"Polygon","coordinates":[[[46.83291175193138,24.547769697359996],[46.83263957565664,24.548250763947955],[46.832318537202106,24.548098797550537],[46.83230867465361,24.548094128683648],[46.83232001504763,24.548074084578108],[46.83230029294216,24.548064748613005],[46.83230596313912,24.548054726560643],[46.832561128902,24.54760372670733],[46.83291175193138,24.547769697359996]]]}},{"type":"Feature","properties":{"plan_no":"2705/5","plan_id":"2620","block_no":"14","parcel_no":"120","parcel_id":14315125,"object_id":6154005,"area_m2":2400.0001443},"geometry":{"type":"Polygon","coordinates":[[[46.83326237584236,24.54793566713905],[46.83299020063619,24.54841673429306],[46.83263957565664,24.548250763947955],[46.83291175193138,24.547769697359996],[46.83326237584236,24.54793566713905]]]}},{"type":"Feature","properties":{"plan_no":"2705/5","plan_id":"2620","block_no":"14","parcel_no":"121","parcel_id":14317559,"object_id":6146495,"area_m2":2394.37791053},"geometry":{"type":"Polygon","coordinates":[[[46.83332110523028,24.548573367930768],[46.833311244610925,24.54856870091553],[46.83299020063619,24.54841673429306],[46.83326237584236,24.54793566713905],[46.833613000634934,24.54810163604448],[46.83335783885117,24.548552636575135],[46.83335216774721,24.54856265957757],[46.833332445495756,24.548553323757126],[46.83332110523028,24.548573367930768]]]}},{"type":"Feature","properties":{"plan_no":"2705/5","plan_id":"2620","block_no":"14","parcel_no":"122","parcel_id":14318823,"object_id":6199297,"area_m2":2394.3734442249997},"geometry":{"type":"Polygon","coordinates":[[[46.833963627296,24.548267604064236],[46.83369145421392,24.548748671447672],[46.833370413350806,24.54859670835271],[46.8333605507279,24.548592039559548],[46.83337189098836,24.548571995383263],[46.83335216774721,24.54856265957757],[46.83335783885117,24.548552636575135],[46.833613000634934,24.54810163604448],[46.833963627296,24.548267604064236]]]}},{"type":"Feature","properties":{"plan_no":"2705/5","plan_id":"2620","block_no":"14","parcel_no":"123","parcel_id":14315537,"object_id":6146711,"area_m2":2399.997437685},"geometry":{"type":"Polygon","coordinates":[[[46.83431425383862,24.548433570319656],[46.83404208183835,24.548914639171812],[46.833866767422485,24.548831655424966],[46.83369145421392,24.548748671447672],[46.833963627296,24.548267604064236],[46.83431425383862,24.548433570319656]]]}},{"type":"Feature","properties":{"plan_no":"2705/5","plan_id":"2620","block_no":"14","parcel_no":"124","parcel_id":14315263,"object_id":6165497,"area_m2":2350.00181265},"geometry":{"type":"Polygon","coordinates":[[[46.83431425383862,24.548433570319656],[46.83457722458727,24.548558045563237],[46.83461952009399,24.54867971546396],[46.83439271034438,24.549080606022283],[46.83404208183835,24.548914639171812],[46.83431425383862,24.548433570319656]]]}},{"type":"Feature","properties":{"plan_no":"2705/5","plan_id":"2620","block_no":"15","parcel_no":"125","parcel_id":14316133,"object_id":6316050,"area_m2":2464.36947997},"geometry":{"type":"Polygon","coordinates":[[[46.834986589115076,24.549361709877534],[46.83497672836481,24.54935704207633],[46.83463815171139,24.549196782286934],[46.83486495983753,24.548795890507744],[46.834997978806065,24.548757204208574],[46.83527848165278,24.548889975045128],[46.835023322667375,24.549340979023125],[46.83501765262981,24.549351000264178],[46.83499793014279,24.549341664677165],[46.834986589115076,24.549361709877534]]]}},{"type":"Feature","properties":{"plan_no":"2705/5","plan_id":"2620","block_no":"15","parcel_no":"126","parcel_id":14317825,"object_id":6146747,"area_m2":2394.37715042},"geometry":{"type":"Polygon","coordinates":[[[46.835629111514464,24.549055938926845],[46.83535694450888,24.54953700988957],[46.835035897811366,24.549385048813175],[46.83502603508381,24.54938038103944],[46.83503737610652,24.549360335836404],[46.83501765262981,24.549351000264178],[46.835023322667375,24.549340979023125],[46.83527848165278,24.548889975045128],[46.835629111514464,24.549055938926845]]]}},{"type":"Feature","properties":{"plan_no":"2705/5","plan_id":"2620","block_no":"15","parcel_no":"127","parcel_id":14316117,"object_id":6146687,"area_m2":2394.37846428},"geometry":{"type":"Polygon","coordinates":[[[46.83568785373227,24.54969363797347],[46.8356779919455,24.549688970233415],[46.83535694450888,24.54953700988957],[46.835629111514464,24.549055938926845],[46.835979743244636,24.54922190192278],[46.83572458725015,24.549672906949997],[46.83571891727025,24.549682929117346],[46.835699194684054,24.549673593628615],[46.83568785373227,24.54969363797347]]]}},{"type":"Feature","properties":{"plan_no":"2705/5","plan_id":"2620","block_no":"15","parcel_no":"128","parcel_id":14316787,"object_id":6146475,"area_m2":2394.373587135},"geometry":{"type":"Polygon","coordinates":[[[46.83633037486947,24.54938786405697],[46.83605820901465,24.549868936163694],[46.8357371607027,24.54971697668738],[46.83572729989936,24.549712308938783],[46.83573863985924,24.549692264603298],[46.83571891727025,24.549682929117346],[46.83572458725015,24.549672906949997],[46.835979743244636,24.54922190192278],[46.83633037486947,24.54938786405697]]]}},{"type":"Feature","properties":{"plan_no":"2705/5","plan_id":"2620","block_no":"15","parcel_no":"129","parcel_id":14318775,"object_id":6199292,"area_m2":2400.0001443},"geometry":{"type":"Polygon","coordinates":[[[46.83668100737587,24.549553825317354],[46.836408842589925,24.55003489799007],[46.83605820901465,24.549868936163694],[46.83633037486947,24.54938786405697],[46.83668100737587,24.549553825317354]]]}},{"type":"Feature","properties":{"plan_no":"2705/5","plan_id":"2620","block_no":"15","parcel_no":"130","parcel_id":14317629,"object_id":6167982,"area_m2":2394.37534882},"geometry":{"type":"Polygon","coordinates":[[[46.83673975430934,24.550191523600034],[46.8367298924482,24.550186855933724],[46.836408842589925,24.55003489799007],[46.83668100737587,24.549553825317354],[46.83703164076383,24.549719785703946],[46.83677648776244,24.550170791420285],[46.836770817862494,24.550180814525707],[46.83675109414062,24.550171479196468],[46.83673975430934,24.550191523600034]]]}},{"type":"Feature","properties":{"plan_no":"2705/5","plan_id":"2620","block_no":"15","parcel_no":"131","parcel_id":14316373,"object_id":6167808,"area_m2":2394.3763543},"geometry":{"type":"Polygon","coordinates":[[[46.83738227602027,24.549885745204683],[46.837110113359046,24.550366818106628],[46.83678906263862,24.550214861933288],[46.83677920077399,24.550210194270434],[46.836790540587096,24.55019014896151],[46.836770817862494,24.550180814525707],[46.83677648776244,24.550170791420285],[46.83703164076383,24.549719785703946],[46.83738227602027,24.549885745204683]]]}},{"type":"Feature","properties":{"plan_no":"2705/5","plan_id":"2620","block_no":"15","parcel_no":"132","parcel_id":14317941,"object_id":6238826,"area_m2":2399.997437685},"geometry":{"type":"Polygon","coordinates":[[[46.837732911158184,24.55005170294091],[46.83746074957911,24.55053277731151],[46.83728543086542,24.550449797824317],[46.837110113359046,24.550366818106628],[46.83738227602027,24.549885745204683],[46.837732911158184,24.55005170294091]]]}},{"type":"Feature","properties":{"plan_no":"2705/5","plan_id":"2620","block_no":"15","parcel_no":"133","parcel_id":14317663,"object_id":6239030,"area_m2":2350.00181265},"geometry":{"type":"Polygon","coordinates":[[[46.837732911158184,24.55005170294091],[46.837995888353326,24.55017617179495],[46.83803818774578,24.550297840485538],[46.837811386680755,24.55069873564252],[46.83746074957911,24.55053277731151],[46.837732911158184,24.55005170294091]]]}},{"type":"Feature","properties":{"plan_no":"2705/5","plan_id":"2620","block_no":"16","parcel_no":"134","parcel_id":14316631,"object_id":6315258,"area_m2":2944.368907735},"geometry":{"type":"Polygon","coordinates":[[[46.83840528001015,24.55097982506753],[46.83839541901815,24.550975157505917],[46.83798670605563,24.550781714474297],[46.83821350568831,24.550380819093537],[46.83834652504712,24.550342128904607],[46.83869716262246,24.55050808514036],[46.83844201339459,24.550959093388972],[46.83843634357412,24.55096911474499],[46.83841662060362,24.55095977963721],[46.83840528001015,24.55097982506753]]]}},{"type":"Feature","properties":{"plan_no":"2705/5","plan_id":"2620","block_no":"16","parcel_no":"135","parcel_id":14315613,"object_id":6179757,"area_m2":2394.37406081},"geometry":{"type":"Polygon","coordinates":[[[46.83904780106618,24.550674039599507],[46.838775644483,24.551155116080327],[46.838454589915216,24.551003162805024],[46.838444726945895,24.550998495270957],[46.83845606753434,24.55097844983798],[46.83843634357412,24.55096911474499],[46.83844201339459,24.550959093388972],[46.83869716262246,24.55050808514036],[46.83904780106618,24.550674039599507]]]}},{"type":"Feature","properties":{"plan_no":"2705/5","plan_id":"2620","block_no":"16","parcel_no":"136","parcel_id":14315805,"object_id":6240328,"area_m2":2394.37846428},"geometry":{"type":"Polygon","coordinates":[[[46.83910656181836,24.55131173612336],[46.83909669978986,24.551307068622943],[46.838775644483,24.551155116080327],[46.83904780106618,24.550674039599507],[46.839398441391516,24.55083999407536],[46.83914329516834,24.551291004275743],[46.83913762540558,24.551301026558033],[46.83911790233589,24.55129169154857],[46.83910656181836,24.55131173612336]]]}},{"type":"Feature","properties":{"plan_no":"2705/5","plan_id":"2620","block_no":"16","parcel_no":"137","parcel_id":14316379,"object_id":6239104,"area_m2":2394.373587135},"geometry":{"type":"Polygon","coordinates":[[[46.83974908161149,24.551005947689323],[46.8394769261797,24.551487025314024],[46.83915586999754,24.551335073639137],[46.83914600895246,24.551330406130134],[46.83915734847806,24.551310361564727],[46.83913762540558,24.551301026558033],[46.83914329516834,24.551291004275743],[46.839398441391516,24.55083999407536],[46.83974908161149,24.551005947689323]]]}},{"type":"Feature","properties":{"plan_no":"2705/5","plan_id":"2620","block_no":"16","parcel_no":"138","parcel_id":14316061,"object_id":6211071,"area_m2":2399.898888825},"geometry":{"type":"Polygon","coordinates":[[[46.84009967652667,24.55117198225031],[46.839827568350394,24.5516529786199],[46.8394769261797,24.551487025314024],[46.83974908161149,24.551005947689323],[46.83992440254549,24.551088924162542],[46.84009967652667,24.55117198225031]]]}},{"type":"Feature","properties":{"plan_no":"2705/5","plan_id":"2620","block_no":"16","parcel_no":"139","parcel_id":14318461,"object_id":6199062,"area_m2":2393.55984373},"geometry":{"type":"Polygon","coordinates":[[[46.8401584881817,24.551809596188484],[46.84014862607881,24.551804928761808],[46.839827568350394,24.5516529786199],[46.84009967652667,24.55117198225031],[46.84045022613762,24.551338097758585],[46.840195221466786,24.55178886318458],[46.840189551784036,24.551798886404928],[46.840169827578656,24.551789551555],[46.8401584881817,24.551809596188484]]]}},{"type":"Feature","properties":{"plan_no":"2705/5","plan_id":"2620","block_no":"16","parcel_no":"140","parcel_id":14315225,"object_id":6146226,"area_m2":2392.744390955},"geometry":{"type":"Polygon","coordinates":[[[46.84080077663083,24.551504212393244],[46.840528856323395,24.551984882597623],[46.84020779771971,24.5518329333235],[46.840197935613325,24.551828265900284],[46.84020927499209,24.551808220361455],[46.840189551784036,24.551798886404928],[46.840195221466786,24.55178886318458],[46.84045022613762,24.551338097758585],[46.84080077663083,24.551504212393244]]]}},{"type":"Feature","properties":{"plan_no":"2705/5","plan_id":"2620","block_no":"16","parcel_no":"141","parcel_id":14317515,"object_id":6176877,"area_m2":3236.49923868},"geometry":{"type":"Polygon","coordinates":[[[46.84127402125207,24.55172846621497],[46.84100222746995,24.552208915357543],[46.840528856323395,24.551984882597623],[46.84080077663083,24.551504212393244],[46.84127402125207,24.55172846621497]]]}},{"type":"Feature","properties":{"plan_no":"2705/5","plan_id":"2620","block_no":"17","parcel_no":"142","parcel_id":14315875,"object_id":6231795,"area_m2":1049.99871308},"geometry":{"type":"Polygon","coordinates":[[[46.82231289638364,24.566102154416736],[46.822154044954885,24.56638274933982],[46.82189104654332,24.566258255040044],[46.82204989843961,24.565977660365107],[46.82231289638364,24.566102154416736]]]}},{"type":"Feature","properties":{"plan_no":"2705/5","plan_id":"2620","block_no":"17","parcel_no":"143","parcel_id":14316889,"object_id":6209158,"area_m2":1109.99907096},"geometry":{"type":"Polygon","coordinates":[[[46.82248082364642,24.565805524893403],[46.82231289638364,24.566102154416736],[46.82204989843961,24.565977660365107],[46.82221782619665,24.565681031104077],[46.82248082364642,24.565805524893403]]]}},{"type":"Feature","properties":{"plan_no":"2705/5","plan_id":"2620","block_no":"17","parcel_no":"144","parcel_id":14318515,"object_id":6208641,"area_m2":1050.001199485},"geometry":{"type":"Polygon","coordinates":[[[46.82204989843961,24.565977660365107],[46.82189104654332,24.566258255040044],[46.821628048615324,24.56613375934599],[46.8217868999921,24.565853164931116],[46.82204989843961,24.565977660365107]]]}},{"type":"Feature","properties":{"plan_no":"2705/5","plan_id":"2620","block_no":"17","parcel_no":"145","parcel_id":14315725,"object_id":6179807,"area_m2":1110.003153975},"geometry":{"type":"Polygon","coordinates":[[[46.82221782619665,24.565681031104077],[46.82204989843961,24.565977660365107],[46.8217868999921,24.565853164931116],[46.821954829230414,24.565556535920468],[46.82221782619665,24.565681031104077]]]}},{"type":"Feature","properties":{"plan_no":"2705/5","plan_id":"2620","block_no":"17","parcel_no":"146","parcel_id":14315463,"object_id":6177028,"area_m2":1049.9942124},"geometry":{"type":"Polygon","coordinates":[[[46.8217868999921,24.565853164931116],[46.821628048615324,24.56613375934599],[46.82136505218404,24.56600926405112],[46.821523904028325,24.565728669884397],[46.8217868999921,24.565853164931116]]]}},{"type":"Feature","properties":{"plan_no":"2705/5","plan_id":"2620","block_no":"17","parcel_no":"147","parcel_id":14315009,"object_id":6239617,"area_m2":1109.99814655},"geometry":{"type":"Polygon","coordinates":[[[46.821954829230414,24.565556535920468],[46.8217868999921,24.565853164931116],[46.821523904028325,24.565728669884397],[46.821691832773844,24.565432041147986],[46.821954829230414,24.565556535920468]]]}},{"type":"Feature","properties":{"plan_no":"2705/5","plan_id":"2620","block_no":"17","parcel_no":"148","parcel_id":14315441,"object_id":6238190,"area_m2":1049.99905149},"geometry":{"type":"Polygon","coordinates":[[[46.821523904028325,24.565728669884397],[46.82136505218404,24.56600926405112],[46.821102054262255,24.565884767385857],[46.82126090757413,24.56560417435804],[46.821523904028325,24.565728669884397]]]}},{"type":"Feature","properties":{"plan_no":"2705/5","plan_id":"2620","block_no":"17","parcel_no":"149","parcel_id":14316053,"object_id":6156180,"area_m2":1110.0012661},"geometry":{"type":"Polygon","coordinates":[[[46.821691832773844,24.565432041147986],[46.821523904028325,24.565728669884397],[46.82126090757413,24.56560417435804],[46.821428836800806,24.56530754498124],[46.821691832773844,24.565432041147986]]]}},{"type":"Feature","properties":{"plan_no":"2705/5","plan_id":"2620","block_no":"17","parcel_no":"150","parcel_id":14316333,"object_id":6268335,"area_m2":1044.3743939950002},"geometry":{"type":"Polygon","coordinates":[[[46.82126090757413,24.56560417435804],[46.821102054262255,24.565884767385857],[46.82086864565243,24.56577427710075],[46.8208587820596,24.565769608453056],[46.82087012870475,24.565749565922257],[46.820850404484815,24.56574022859035],[46.82085607732036,24.565730207782675],[46.82099791061645,24.565479677449364],[46.82126090757413,24.56560417435804]]]}},{"type":"Feature","properties":{"plan_no":"2705/5","plan_id":"2620","block_no":"17","parcel_no":"151","parcel_id":14315591,"object_id":6230305,"area_m2":1110.003604635},"geometry":{"type":"Polygon","coordinates":[[[46.821428836800806,24.56530754498124],[46.82126090757413,24.56560417435804],[46.82099791061645,24.565479677449364],[46.821165841337425,24.565183049225652],[46.821428836800806,24.56530754498124]]]}},{"type":"Feature","properties":{"plan_no":"2705/5","plan_id":"2620","block_no":"17","parcel_no":"152","parcel_id":14316489,"object_id":6145981,"area_m2":1044.3683236250001},"geometry":{"type":"Polygon","coordinates":[[[46.820819332630485,24.565750933795734],[46.820809471015224,24.56574626512074],[46.820576062895746,24.565635774350287],[46.820734916142506,24.56535518092797],[46.82099791061645,24.565479677449364],[46.82085607732036,24.565730207782675],[46.820850404484815,24.56574022859035],[46.82083067928064,24.56573089126761],[46.820819332630485,24.565750933795734]]]}},{"type":"Feature","properties":{"plan_no":"2705/5","plan_id":"2620","block_no":"17","parcel_no":"153","parcel_id":14315501,"object_id":6165678,"area_m2":1109.99814655},"geometry":{"type":"Polygon","coordinates":[[[46.821165841337425,24.565183049225652],[46.82099791061645,24.565479677449364],[46.820734916142506,24.56535518092797],[46.82090284637064,24.565058552978513],[46.821165841337425,24.565183049225652]]]}},{"type":"Feature","properties":{"plan_no":"2705/5","plan_id":"2620","block_no":"17","parcel_no":"154","parcel_id":14318429,"object_id":6235686,"area_m2":1049.99680115},"geometry":{"type":"Polygon","coordinates":[[[46.820734916142506,24.56535518092797],[46.820576062895746,24.565635774350287],[46.820313067450876,24.56551127619844],[46.82047192117815,24.56523068392699],[46.820734916142506,24.56535518092797]]]}},{"type":"Feature","properties":{"plan_no":"2705/5","plan_id":"2620","block_no":"17","parcel_no":"155","parcel_id":14318391,"object_id":6199058,"area_m2":1110.0012661},"geometry":{"type":"Polygon","coordinates":[[[46.82090284637064,24.565058552978513],[46.820734916142506,24.56535518092797],[46.82047192117815,24.56523068392699],[46.820639851887414,24.564934055337154],[46.82090284637064,24.565058552978513]]]}},{"type":"Feature","properties":{"plan_no":"2705/5","plan_id":"2620","block_no":"17","parcel_no":"156","parcel_id":14317823,"object_id":6239037,"area_m2":1049.99680115},"geometry":{"type":"Polygon","coordinates":[[[46.82047192117815,24.56523068392699],[46.820313067450876,24.56551127619844],[46.820050072515656,24.565386778457764],[46.82020892669735,24.565106185531764],[46.82047192117815,24.56523068392699]]]}},{"type":"Feature","properties":{"plan_no":"2705/5","plan_id":"2620","block_no":"17","parcel_no":"157","parcel_id":14316809,"object_id":6165272,"area_m2":1110.00346124},"geometry":{"type":"Polygon","coordinates":[[[46.820639851887414,24.564934055337154],[46.82047192117815,24.56523068392699],[46.82020892669735,24.565106185531764],[46.8203768579008,24.56480955720425],[46.820639851887414,24.564934055337154]]]}},{"type":"Feature","properties":{"plan_no":"2705/5","plan_id":"2620","block_no":"17","parcel_no":"158","parcel_id":14315915,"object_id":6155820,"area_m2":1049.99905149},"geometry":{"type":"Polygon","coordinates":[[[46.82020892669735,24.565106185531764],[46.820050072515656,24.565386778457764],[46.819787077077,24.565262279334775],[46.81994593272621,24.56498168754771],[46.82020892669735,24.565106185531764]]]}},{"type":"Feature","properties":{"plan_no":"2705/5","plan_id":"2620","block_no":"17","parcel_no":"159","parcel_id":14318227,"object_id":6229449,"area_m2":1110.000792345},"geometry":{"type":"Polygon","coordinates":[[[46.8203768579008,24.56480955720425],[46.82020892669735,24.565106185531764],[46.81994593272621,24.56498168754771],[46.82011386541086,24.564685059470598],[46.8203768579008,24.56480955720425]]]}},{"type":"Feature","properties":{"plan_no":"2705/5","plan_id":"2620","block_no":"17","parcel_no":"160","parcel_id":14318093,"object_id":6239049,"area_m2":1049.993816945},"geometry":{"type":"Polygon","coordinates":[[[46.81994593272621,24.56498168754771],[46.819787077077,24.565262279334775],[46.81952408412207,24.565137780599144],[46.819682939251706,24.564857189072146],[46.81994593272621,24.56498168754771]]]}},{"type":"Feature","properties":{"plan_no":"2705/5","plan_id":"2620","block_no":"17","parcel_no":"161","parcel_id":14314937,"object_id":6229704,"area_m2":1110.00313088},"geometry":{"type":"Polygon","coordinates":[[[46.82011386541086,24.564685059470598],[46.81994593272621,24.56498168754771],[46.819682939251706,24.564857189072146],[46.819850872430486,24.56456056125737],[46.82011386541086,24.564685059470598]]]}},{"type":"Feature","properties":{"plan_no":"2705/5","plan_id":"2620","block_no":"17","parcel_no":"162","parcel_id":14318945,"object_id":6178197,"area_m2":999.994477895},"geometry":{"type":"Polygon","coordinates":[[[46.819682939251706,24.564857189072146],[46.81952408412207,24.565137780599144],[46.81934875476998,24.565054780880004],[46.819306478061044,24.564933112589973],[46.819419947260826,24.564732690093166],[46.819682939251706,24.564857189072146]]]}},{"type":"Feature","properties":{"plan_no":"2705/5","plan_id":"2620","block_no":"17","parcel_no":"163","parcel_id":14318277,"object_id":6316253,"area_m2":1109.99582396},"geometry":{"type":"Polygon","coordinates":[[[46.819850872430486,24.56456056125737],[46.819682939251706,24.564857189072146],[46.819419947260826,24.564732690093166],[46.81958788292086,24.56443606341956],[46.819850872430486,24.56456056125737]]]}},{"type":"Feature","properties":{"plan_no":"2705/5","plan_id":"2620","block_no":"17","parcel_no":"44","parcel_id":14317695,"object_id":6156426,"area_m2":4099.98357457},"geometry":{"type":"Polygon","coordinates":[[[46.82248082364642,24.565805524893403],[46.823104020655336,24.566100522669004],[46.82310742820996,24.566147168338865],[46.82253125159084,24.56651627230853],[46.822446992857586,24.566521420489355],[46.822154044954885,24.56638274933982],[46.82231289638364,24.566102154416736],[46.82248082364642,24.565805524893403]]]}},{"type":"Feature","properties":{"plan_no":"2705/5","plan_id":"2620","block_no":"18","parcel_no":"164","parcel_id":14318633,"object_id":6179936,"area_m2":1049.6857622950001},"geometry":{"type":"Polygon","coordinates":[[[46.818017325726984,24.564068683999416],[46.81785851771262,24.56434918667565],[46.81759552164687,24.564224695251678],[46.81775433688141,24.56394418190774],[46.818017325726984,24.564068683999416]]]}},{"type":"Feature","properties":{"plan_no":"2705/5","plan_id":"2620","block_no":"18","parcel_no":"165","parcel_id":14317379,"object_id":6156359,"area_m2":1110.20169395},"geometry":{"type":"Polygon","coordinates":[[[46.818185294773485,24.56377200057073],[46.818017325726984,24.564068683999416],[46.81775433688141,24.56394418190774],[46.8179223015911,24.56364750602262],[46.818185294773485,24.56377200057073]]]}},{"type":"Feature","properties":{"plan_no":"2705/5","plan_id":"2620","block_no":"18","parcel_no":"166","parcel_id":14319121,"object_id":7311359,"area_m2":1224.69318045},"geometry":{"type":"Polygon","coordinates":[[[46.81775433688141,24.56394418190774],[46.81759552164687,24.564224695251678],[46.817288692210745,24.564079454350864],[46.81744751569134,24.563798927660542],[46.81775433688141,24.56394418190774]]]}},{"type":"Feature","properties":{"plan_no":"2705/5","plan_id":"2620","block_no":"18","parcel_no":"167","parcel_id":14316249,"object_id":6316475,"area_m2":1295.20455991},"geometry":{"type":"Polygon","coordinates":[[[46.8179223015911,24.56364750602262],[46.81775433688141,24.56394418190774],[46.81744751569134,24.563798927660542],[46.81761547617263,24.563502261168175],[46.8179223015911,24.56364750602262]]]}},{"type":"Feature","properties":{"plan_no":"2705/5","plan_id":"2620","block_no":"18","parcel_no":"168","parcel_id":14315305,"object_id":6374998,"area_m2":1224.7472263},"geometry":{"type":"Polygon","coordinates":[[[46.81744751569134,24.563798927660542],[46.817288692210745,24.564079454350864],[46.8169818644376,24.5639342127692],[46.81714069617729,24.563653673635258],[46.81744751569134,24.563798927660542]]]}},{"type":"Feature","properties":{"plan_no":"2705/5","plan_id":"2620","block_no":"18","parcel_no":"169","parcel_id":14315345,"object_id":6146705,"area_m2":1295.1628508},"geometry":{"type":"Polygon","coordinates":[[[46.81761547617263,24.563502261168175],[46.81744751569134,24.563798927660542],[46.81714069617729,24.563653673635258],[46.817308652417076,24.5633570156329],[46.81761547617263,24.563502261168175]]]}},{"type":"Feature","properties":{"plan_no":"2705/5","plan_id":"2620","block_no":"18","parcel_no":"170","parcel_id":14316449,"object_id":7206466,"area_m2":1224.804357585},"geometry":{"type":"Polygon","coordinates":[[[46.81714069617729,24.563653673635258],[46.8169818644376,24.5639342127692],[46.8166750373404,24.56378897051861],[46.816833876352206,24.563508418952974],[46.81714069617729,24.563653673635258]]]}},{"type":"Feature","properties":{"plan_no":"2705/5","plan_id":"2620","block_no":"18","parcel_no":"171","parcel_id":14318015,"object_id":6199387,"area_m2":1295.130084175},"geometry":{"type":"Polygon","coordinates":[[[46.817308652417076,24.5633570156329],[46.81714069617729,24.563653673635258],[46.816833876352206,24.563508418952974],[46.81700182835045,24.56321176944061],[46.817308652417076,24.5633570156329]]]}},{"type":"Feature","properties":{"plan_no":"2705/5","plan_id":"2620","block_no":"18","parcel_no":"172","parcel_id":14318361,"object_id":6179763,"area_m2":1224.8584028},"geometry":{"type":"Polygon","coordinates":[[[46.816833876352206,24.563508418952974],[46.8166750373404,24.56378897051861],[46.81636821091914,24.56364372759911],[46.816527058190104,24.563363163589894],[46.816833876352206,24.563508418952974]]]}},{"type":"Feature","properties":{"plan_no":"2705/5","plan_id":"2620","block_no":"18","parcel_no":"173","parcel_id":14318691,"object_id":6146541,"area_m2":1295.088375325},"geometry":{"type":"Polygon","coordinates":[[[46.81700182835045,24.56321176944061],[46.816833876352206,24.563508418952974],[46.816527058190104,24.563363163589894],[46.81669500595977,24.56306652347023],[46.81700182835045,24.56321176944061]]]}},{"type":"Feature","properties":{"plan_no":"2705/5","plan_id":"2620","block_no":"18","parcel_no":"174","parcel_id":14315977,"object_id":6168055,"area_m2":1224.91625259},"geometry":{"type":"Polygon","coordinates":[[[46.816527058190104,24.563363163589894],[46.81636821091914,24.56364372759911],[46.81606138518681,24.563498484913417],[46.81622023971696,24.56321790756986],[46.816527058190104,24.563363163589894]]]}},{"type":"Feature","properties":{"plan_no":"2705/5","plan_id":"2620","block_no":"18","parcel_no":"175","parcel_id":14318557,"object_id":7194932,"area_m2":1295.05493742},"geometry":{"type":"Polygon","coordinates":[[[46.81669500595977,24.56306652347023],[46.816527058190104,24.563363163589894],[46.81622023971696,24.56321790756986],[46.816388183244996,24.56292127594016],[46.81669500595977,24.56306652347023]]]}},{"type":"Feature","properties":{"plan_no":"2705/5","plan_id":"2620","block_no":"18","parcel_no":"176","parcel_id":14316659,"object_id":6155773,"area_m2":1224.97266574},"geometry":{"type":"Polygon","coordinates":[[[46.81622023971696,24.56321790756986],[46.81606138518681,24.563498484913417],[46.8157545591304,24.56335324066803],[46.81591342291983,24.563072651771776],[46.81622023971696,24.56321790756986]]]}},{"type":"Feature","properties":{"plan_no":"2705/5","plan_id":"2620","block_no":"18","parcel_no":"177","parcel_id":14315083,"object_id":6167778,"area_m2":1295.00906446},"geometry":{"type":"Polygon","coordinates":[[[46.816388183244996,24.56292127594016],[46.81622023971696,24.56321790756986],[46.81591342291983,24.563072651771776],[46.81608136518025,24.562776029499048],[46.816388183244996,24.56292127594016]]]}},{"type":"Feature","properties":{"plan_no":"2705/5","plan_id":"2620","block_no":"19","parcel_no":"178","parcel_id":14315221,"object_id":6311322,"area_m2":1202.68671348},"geometry":{"type":"Polygon","coordinates":[[[46.81587221347069,24.562595699126867],[46.81570162261315,24.56289700375322],[46.81542112295596,24.562764165495224],[46.81559171434863,24.562462861153143],[46.81587221347069,24.562595699126867]]]}},{"type":"Feature","properties":{"plan_no":"2705/5","plan_id":"2620","block_no":"19","parcel_no":"179","parcel_id":14316101,"object_id":6328776,"area_m2":1087.99989296},"geometry":{"type":"Polygon","coordinates":[[[46.81602653608885,24.562323126323104],[46.81587221347069,24.562595699126867],[46.81559171434863,24.562462861153143],[46.815746037450886,24.562190288606534],[46.81602653608885,24.562323126323104]]]}},{"type":"Feature","properties":{"plan_no":"2705/5","plan_id":"2620","block_no":"19","parcel_no":"180","parcel_id":14318857,"object_id":6146549,"area_m2":1087.99556222},"geometry":{"type":"Polygon","coordinates":[[[46.816180857095,24.562050554305138],[46.81602653608885,24.562323126323104],[46.815746037450886,24.562190288606534],[46.81590035894113,24.561917716845723],[46.816180857095,24.562050554305138]]]}},{"type":"Feature","properties":{"plan_no":"2705/5","plan_id":"2620","block_no":"19","parcel_no":"181","parcel_id":14318057,"object_id":6176869,"area_m2":1087.99989296},"geometry":{"type":"Polygon","coordinates":[[[46.816335178437164,24.561777981243768],[46.816180857095,24.562050554305138],[46.81590035894113,24.561917716845723],[46.816054680767394,24.561645144041517],[46.816335178437164,24.561777981243768]]]}},{"type":"Feature","properties":{"plan_no":"2705/5","plan_id":"2620","block_no":"19","parcel_no":"182","parcel_id":14318897,"object_id":6165290,"area_m2":1087.99989296},"geometry":{"type":"Polygon","coordinates":[[[46.816489499141355,24.56150540805363],[46.816335178437164,24.561777981243768],[46.816054680767394,24.561645144041517],[46.81620900195568,24.5613725711085],[46.816489499141355,24.56150540805363]]]}},{"type":"Feature","properties":{"plan_no":"2705/5","plan_id":"2620","block_no":"19","parcel_no":"183","parcel_id":14316687,"object_id":6238897,"area_m2":1087.99989296},"geometry":{"type":"Polygon","coordinates":[[[46.81636332250599,24.561099998046718],[46.816643819207584,24.561232834734717],[46.816489499141355,24.56150540805363],[46.81620900195568,24.5613725711085],[46.81636332250599,24.561099998046718]]]}},{"type":"Feature","properties":{"plan_no":"2705/5","plan_id":"2620","block_no":"19","parcel_no":"184","parcel_id":14316899,"object_id":6156535,"area_m2":970.000596985},"geometry":{"type":"Polygon","coordinates":[[[46.81636332250599,24.561099998046718],[46.81620900195568,24.5613725711085],[46.8159460358557,24.561248035406525],[46.81605496863227,24.561055631391643],[46.81618801235772,24.561016975058525],[46.81636332250599,24.561099998046718]]]}},{"type":"Feature","properties":{"plan_no":"2705/5","plan_id":"2620","block_no":"19","parcel_no":"185","parcel_id":14316741,"object_id":7171110,"area_m2":1020.00240074},"geometry":{"type":"Polygon","coordinates":[[[46.81620900195568,24.5613725711085],[46.816054680767394,24.561645144041517],[46.81579171421359,24.56152060809845],[46.8159460358557,24.561248035406525],[46.81620900195568,24.5613725711085]]]}},{"type":"Feature","properties":{"plan_no":"2705/5","plan_id":"2620","block_no":"19","parcel_no":"186","parcel_id":14314973,"object_id":6177166,"area_m2":1020.00240074},"geometry":{"type":"Polygon","coordinates":[[[46.816054680767394,24.561645144041517],[46.81590035894113,24.561917716845723],[46.81563739193351,24.561793180661585],[46.81579171421359,24.56152060809845],[46.816054680767394,24.561645144041517]]]}},{"type":"Feature","properties":{"plan_no":"2705/5","plan_id":"2620","block_no":"19","parcel_no":"187","parcel_id":14316059,"object_id":6176887,"area_m2":1019.99834066},"geometry":{"type":"Polygon","coordinates":[[[46.81590035894113,24.561917716845723],[46.815746037450886,24.562190288606534],[46.81548306998943,24.56206575218131],[46.81563739193351,24.561793180661585],[46.81590035894113,24.561917716845723]]]}},{"type":"Feature","properties":{"plan_no":"2705/5","plan_id":"2620","block_no":"19","parcel_no":"188","parcel_id":14317371,"object_id":6179578,"area_m2":1020.00240074},"geometry":{"type":"Polygon","coordinates":[[[46.815746037450886,24.562190288606534],[46.81559171434863,24.562462861153143],[46.81532874643334,24.562338324486834],[46.81548306998943,24.56206575218131],[46.815746037450886,24.562190288606534]]]}},{"type":"Feature","properties":{"plan_no":"2705/5","plan_id":"2620","block_no":"19","parcel_no":"189","parcel_id":14317103,"object_id":6196871,"area_m2":1077.522159005},"geometry":{"type":"Polygon","coordinates":[[[46.81559171434863,24.562462861153143],[46.81542112295596,24.562764165495224],[46.81532463200268,24.56271846958791],[46.81524581096047,24.562681141525776],[46.81520354387004,24.562559460879395],[46.81532874643334,24.562338324486834],[46.81559171434863,24.562462861153143]]]}},{"type":"Feature","properties":{"plan_no":"2705/5","plan_id":"2620","block_no":"20","parcel_no":"190","parcel_id":14317711,"object_id":6167989,"area_m2":1044.37573822},"geometry":{"type":"Polygon","coordinates":[[[46.81663029608124,24.56239547177823],[46.816471435677826,24.56267606130072],[46.81620845018948,24.562551556241868],[46.81635199191177,24.562298023569646],[46.81635709894026,24.562289003791783],[46.81637901402189,24.562299379818544],[46.816389227113284,24.562281342078386],[46.81640018464764,24.56228652963846],[46.81663029608124,24.56239547177823]]]}},{"type":"Feature","properties":{"plan_no":"2705/5","plan_id":"2620","block_no":"20","parcel_no":"191","parcel_id":14317339,"object_id":6208267,"area_m2":1050.000861075},"geometry":{"type":"Polygon","coordinates":[[[46.816893281598915,24.56251997609749],[46.816734421675825,24.562800566770886],[46.816471435677826,24.56267606130072],[46.81663029608124,24.56239547177823],[46.816893281598915,24.56251997609749]]]}},{"type":"Feature","properties":{"plan_no":"2705/5","plan_id":"2620","block_no":"20","parcel_no":"192","parcel_id":14317769,"object_id":6239032,"area_m2":1049.999108535},"geometry":{"type":"Polygon","coordinates":[[[46.817156266626185,24.562644479937266],[46.81699740815742,24.562925070846926],[46.816734421675825,24.562800566770886],[46.816893281598915,24.56251997609749],[46.817156266626185,24.562644479937266]]]}},{"type":"Feature","properties":{"plan_no":"2705/5","plan_id":"2620","block_no":"20","parcel_no":"193","parcel_id":14317767,"object_id":6209962,"area_m2":1050.00159494},"geometry":{"type":"Polygon","coordinates":[[[46.817419253150106,24.56276898417643],[46.81726039514864,24.56304957533427],[46.81699740815742,24.562925070846926],[46.817156266626185,24.562644479937266],[46.817419253150106,24.56276898417643]]]}},{"type":"Feature","properties":{"plan_no":"2705/5","plan_id":"2620","block_no":"20","parcel_no":"194","parcel_id":14319127,"object_id":6145887,"area_m2":1049.99944695},"geometry":{"type":"Polygon","coordinates":[[[46.81768224017062,24.562893487924175],[46.81752338262346,24.56317407842746],[46.81726039514864,24.56304957533427],[46.817419253150106,24.56276898417643],[46.81768224017062,24.562893487924175]]]}},{"type":"Feature","properties":{"plan_no":"2705/5","plan_id":"2620","block_no":"20","parcel_no":"195","parcel_id":14315527,"object_id":6153654,"area_m2":1049.99944695},"geometry":{"type":"Polygon","coordinates":[[[46.81794522767472,24.563017990277785],[46.81778637060793,24.563298581931946],[46.81752338262346,24.56317407842746],[46.81768224017062,24.562893487924175],[46.81794522767472,24.563017990277785]]]}},{"type":"Feature","properties":{"plan_no":"2705/5","plan_id":"2620","block_no":"20","parcel_no":"196","parcel_id":14318831,"object_id":6199298,"area_m2":1049.991569995},"geometry":{"type":"Polygon","coordinates":[[[46.81820821666245,24.563142492128048],[46.81804935410178,24.563423081393722],[46.81778637060793,24.563298581931946],[46.81794522767472,24.563017990277785],[46.81820821666245,24.563142492128048]]]}},{"type":"Feature","properties":{"plan_no":"2705/5","plan_id":"2620","block_no":"20","parcel_no":"217","parcel_id":14315795,"object_id":6145288,"area_m2":1050.01496066},"geometry":{"type":"Polygon","coordinates":[[[46.81836707957314,24.562861905422128],[46.81820821666245,24.563142492128048],[46.81794522767472,24.563017990277785],[46.81810408505248,24.562737398475267],[46.81836707957314,24.562861905422128]]]}},{"type":"Feature","properties":{"plan_no":"2705/5","plan_id":"2620","block_no":"20","parcel_no":"218","parcel_id":14315881,"object_id":7299110,"area_m2":1050.00135888},"geometry":{"type":"Polygon","coordinates":[[[46.81810408505248,24.562737398475267],[46.81794522767472,24.563017990277785],[46.81768224017062,24.562893487924175],[46.817841098015705,24.562612896369817],[46.81810408505248,24.562737398475267]]]}},{"type":"Feature","properties":{"plan_no":"2705/5","plan_id":"2620","block_no":"20","parcel_no":"219","parcel_id":14316829,"object_id":6238176,"area_m2":1050.00300907},"geometry":{"type":"Polygon","coordinates":[[[46.817841098015705,24.562612896369817],[46.81768224017062,24.562893487924175],[46.817419253150106,24.56276898417643],[46.81757811146252,24.56248839287025],[46.817841098015705,24.562612896369817]]]}},{"type":"Feature","properties":{"plan_no":"2705/5","plan_id":"2620","block_no":"20","parcel_no":"220","parcel_id":14316827,"object_id":6209157,"area_m2":1050.000861075},"geometry":{"type":"Polygon","coordinates":[[[46.81757811146252,24.56248839287025],[46.817419253150106,24.56276898417643],[46.817156266626185,24.562644479937266],[46.817315125418936,24.56236388978196],[46.81757811146252,24.56248839287025]]]}},{"type":"Feature","properties":{"plan_no":"2705/5","plan_id":"2620","block_no":"20","parcel_no":"221","parcel_id":14317165,"object_id":6316053,"area_m2":1049.99562652},"geometry":{"type":"Polygon","coordinates":[[[46.817315125418936,24.56236388978196],[46.817156266626185,24.562644479937266],[46.816893281598915,24.56251997609749],[46.817052140858955,24.56223938619035],[46.817315125418936,24.56236388978196]]]}},{"type":"Feature","properties":{"plan_no":"2705/5","plan_id":"2620","block_no":"20","parcel_no":"222","parcel_id":14319107,"object_id":6145886,"area_m2":1050.000861075},"geometry":{"type":"Polygon","coordinates":[[[46.817052140858955,24.56223938619035],[46.816893281598915,24.56251997609749],[46.81663029608124,24.56239547177823],[46.81678915579555,24.562114881216544],[46.817052140858955,24.56223938619035]]]}},{"type":"Feature","properties":{"plan_no":"2705/5","plan_id":"2620","block_no":"20","parcel_no":"223","parcel_id":14316611,"object_id":6201202,"area_m2":1044.374935235},"geometry":{"type":"Polygon","coordinates":[[[46.81678915579555,24.562114881216544],[46.81663029608124,24.56239547177823],[46.81640018464764,24.56228652963846],[46.816389227113284,24.562281342078386],[46.81639943920187,24.562263303446837],[46.81637752413825,24.56225292832544],[46.81638263018925,24.562243909461472],[46.816526171241755,24.561990376654048],[46.81678915579555,24.562114881216544]]]}},{"type":"Feature","properties":{"plan_no":"2705/5","plan_id":"2620","block_no":"21","parcel_no":"197","parcel_id":14316995,"object_id":6228599,"area_m2":1120.0117825},"geometry":{"type":"Polygon","coordinates":[[[46.81861146459516,24.563333395188195],[46.818452608699296,24.56361398656832],[46.81817208156199,24.563481181977583],[46.818330941930526,24.563200592619918],[46.81861146459516,24.563333395188195]]]}},{"type":"Feature","properties":{"plan_no":"2705/5","plan_id":"2620","block_no":"21","parcel_no":"198","parcel_id":14316937,"object_id":6165446,"area_m2":1119.99902784},"geometry":{"type":"Polygon","coordinates":[[[46.818891986824774,24.563466196306496],[46.81873313142745,24.563746787951338],[46.818452608699296,24.56361398656832],[46.81861146459516,24.563333395188195],[46.818891986824774,24.563466196306496]]]}},{"type":"Feature","properties":{"plan_no":"2705/5","plan_id":"2620","block_no":"21","parcel_no":"199","parcel_id":14317055,"object_id":6156304,"area_m2":1119.99823876},"geometry":{"type":"Polygon","coordinates":[[[46.819172509619406,24.563598996865633],[46.8190136537336,24.563879588787074],[46.81873313142745,24.563746787951338],[46.818891986824774,24.563466196306496],[46.819172509619406,24.563598996865633]]]}},{"type":"Feature","properties":{"plan_no":"2705/5","plan_id":"2620","block_no":"21","parcel_no":"200","parcel_id":14317645,"object_id":6209915,"area_m2":1119.99823876},"geometry":{"type":"Polygon","coordinates":[[[46.819453031992026,24.563731796877505],[46.81929417759179,24.56401238905172],[46.8190136537336,24.563879588787074],[46.819172509619406,24.563598996865633],[46.819453031992026,24.563731796877505]]]}},{"type":"Feature","properties":{"plan_no":"2705/5","plan_id":"2620","block_no":"21","parcel_no":"201","parcel_id":14318381,"object_id":6235902,"area_m2":1119.9942911},"geometry":{"type":"Polygon","coordinates":[[[46.819733554916624,24.563864595427464],[46.81957470101496,24.56414518786637],[46.81929417759179,24.56401238905172],[46.819453031992026,24.563731796877505],[46.819733554916624,24.563864595427464]]]}},{"type":"Feature","properties":{"plan_no":"2705/5","plan_id":"2620","block_no":"21","parcel_no":"202","parcel_id":14317925,"object_id":6146752,"area_m2":1119.99902784},"geometry":{"type":"Polygon","coordinates":[[[46.82001407940629,24.563997394309016],[46.819855226003206,24.56427798701261],[46.81957470101496,24.56414518786637],[46.819733554916624,24.563864595427464],[46.82001407940629,24.563997394309016]]]}},{"type":"Feature","properties":{"plan_no":"2705/5","plan_id":"2620","block_no":"21","parcel_no":"203","parcel_id":14314919,"object_id":6240804,"area_m2":1119.99902784},"geometry":{"type":"Polygon","coordinates":[[[46.820294604460976,24.564130192631335],[46.82013575155647,24.56441078559963],[46.819855226003206,24.56427798701261],[46.82001407940629,24.563997394309016],[46.820294604460976,24.564130192631335]]]}},{"type":"Feature","properties":{"plan_no":"2705/5","plan_id":"2620","block_no":"21","parcel_no":"204","parcel_id":14317837,"object_id":7192226,"area_m2":1119.99594128},"geometry":{"type":"Polygon","coordinates":[[[46.82057512909362,24.564262990406373],[46.82041627668774,24.56454358363933],[46.82013575155647,24.56441078559963],[46.820294604460976,24.564130192631335],[46.82057512909362,24.564262990406373]]]}},{"type":"Feature","properties":{"plan_no":"2705/5","plan_id":"2620","block_no":"21","parcel_no":"205","parcel_id":14316691,"object_id":6167921,"area_m2":1224.9984277},"geometry":{"type":"Polygon","coordinates":[[[46.820881954602996,24.56440823709413],[46.82072310274246,24.5646888306166],[46.82041627668774,24.56454358363933],[46.82057512909362,24.564262990406373],[46.820881954602996,24.56440823709413]]]}},{"type":"Feature","properties":{"plan_no":"2705/5","plan_id":"2620","block_no":"21","parcel_no":"206","parcel_id":14317183,"object_id":6229517,"area_m2":1225.00316428},"geometry":{"type":"Polygon","coordinates":[[[46.82073398179747,24.563982396122395],[46.82104080676147,24.564127642520685],[46.820881954602996,24.56440823709413],[46.82057512909362,24.564262990406373],[46.82073398179747,24.563982396122395]]]}},{"type":"Feature","properties":{"plan_no":"2705/5","plan_id":"2620","block_no":"21","parcel_no":"207","parcel_id":14318349,"object_id":6146264,"area_m2":1120.00027186},"geometry":{"type":"Polygon","coordinates":[[[46.82073398179747,24.563982396122395],[46.82057512909362,24.564262990406373],[46.820294604460976,24.564130192631335],[46.820453457663405,24.563849598612048],[46.82073398179747,24.563982396122395]]]}},{"type":"Feature","properties":{"plan_no":"2705/5","plan_id":"2620","block_no":"21","parcel_no":"208","parcel_id":14315499,"object_id":6146709,"area_m2":1120.00335843},"geometry":{"type":"Polygon","coordinates":[[[46.820453457663405,24.563849598612048],[46.820294604460976,24.564130192631335],[46.82001407940629,24.563997394309016],[46.82017293310732,24.56371680055439],[46.820453457663405,24.563849598612048]]]}},{"type":"Feature","properties":{"plan_no":"2705/5","plan_id":"2620","block_no":"21","parcel_no":"209","parcel_id":14315917,"object_id":6209427,"area_m2":1120.000333155},"geometry":{"type":"Polygon","coordinates":[[[46.82017293310732,24.56371680055439],[46.82001407940629,24.563997394309016],[46.819733554916624,24.563864595427464],[46.819892410116296,24.563584002828318],[46.82017293310732,24.56371680055439]]]}},{"type":"Feature","properties":{"plan_no":"2705/5","plan_id":"2620","block_no":"21","parcel_no":"210","parcel_id":14316011,"object_id":6176884,"area_m2":1120.000333155},"geometry":{"type":"Polygon","coordinates":[[[46.819892410116296,24.563584002828318],[46.819733554916624,24.563864595427464],[46.819453031992026,24.563731796877505],[46.819611886690204,24.563451203652242],[46.819892410116296,24.563584002828318]]]}},{"type":"Feature","properties":{"plan_no":"2705/5","plan_id":"2620","block_no":"21","parcel_no":"211","parcel_id":14315713,"object_id":6240097,"area_m2":1120.00027186},"geometry":{"type":"Polygon","coordinates":[[[46.819611886690204,24.563451203652242],[46.819453031992026,24.563731796877505],[46.819172509619406,24.563598996865633],[46.81933136481613,24.56331840390506],[46.819611886690204,24.563451203652242]]]}},{"type":"Feature","properties":{"plan_no":"2705/5","plan_id":"2620","block_no":"21","parcel_no":"212","parcel_id":14317579,"object_id":6168351,"area_m2":1120.00335843},"geometry":{"type":"Polygon","coordinates":[[[46.81933136481613,24.56331840390506],[46.819172509619406,24.563598996865633],[46.818891986824774,24.563466196306496],[46.81905084252005,24.563185603610634],[46.81933136481613,24.56331840390506]]]}},{"type":"Feature","properties":{"plan_no":"2705/5","plan_id":"2620","block_no":"21","parcel_no":"213","parcel_id":14316427,"object_id":6179631,"area_m2":1120.00335843},"geometry":{"type":"Polygon","coordinates":[[[46.81905084252005,24.563185603610634],[46.818891986824774,24.563466196306496],[46.81861146459516,24.563333395188195],[46.818770320788964,24.56305280275701],[46.81905084252005,24.563185603610634]]]}},{"type":"Feature","properties":{"plan_no":"2705/5","plan_id":"2620","block_no":"21","parcel_no":"214","parcel_id":14315969,"object_id":6211069,"area_m2":1120.004280835},"geometry":{"type":"Polygon","coordinates":[[[46.818770320788964,24.56305280275701],[46.81861146459516,24.563333395188195],[46.818330941930526,24.563200592619918],[46.8184898006099,24.56292000133233],[46.818770320788964,24.56305280275701]]]}},{"type":"Feature","properties":{"plan_no":"2705/5","plan_id":"2620","block_no":"22","parcel_no":"215","parcel_id":14317839,"object_id":6239040,"area_m2":1280.00858025},"geometry":{"type":"Polygon","coordinates":[[[46.81904264343154,24.56257178801248],[46.81886109588192,24.562892464545435],[46.81858057210478,24.562759667833188],[46.81876212410707,24.56243898704152],[46.81904264343154,24.56257178801248]]]}},{"type":"Feature","properties":{"plan_no":"2705/5","plan_id":"2620","block_no":"22","parcel_no":"216","parcel_id":14316575,"object_id":7326967,"area_m2":1279.99868575},"geometry":{"type":"Polygon","coordinates":[[[46.819323164308,24.562704588412355],[46.8191416163411,24.563025265259707],[46.81886109588192,24.562892464545435],[46.81904264343154,24.56257178801248],[46.819323164308,24.562704588412355]]]}},{"type":"Feature","properties":{"plan_no":"2705/5","plan_id":"2620","block_no":"22","parcel_no":"244","parcel_id":14319091,"object_id":6198147,"area_m2":1280.0012037},"geometry":{"type":"Polygon","coordinates":[[[46.81960368574945,24.56283738825304],[46.81942213835231,24.563158065402906],[46.8191416163411,24.563025265259707],[46.819323164308,24.562704588412355],[46.81960368574945,24.56283738825304]]]}},{"type":"Feature","properties":{"plan_no":"2705/5","plan_id":"2620","block_no":"22","parcel_no":"245","parcel_id":14316535,"object_id":6323424,"area_m2":1279.99915388},"geometry":{"type":"Polygon","coordinates":[[[46.81988420675583,24.56297018664379],[46.81970266092852,24.563290864986918],[46.81942213835231,24.563158065402906],[46.81960368574945,24.56283738825304],[46.81988420675583,24.56297018664379]]]}},{"type":"Feature","properties":{"plan_no":"2705/5","plan_id":"2620","block_no":"22","parcel_no":"246","parcel_id":14318757,"object_id":6146545,"area_m2":1279.99915388},"geometry":{"type":"Polygon","coordinates":[[[46.820164729327246,24.56310298536611],[46.81998318306965,24.56342366312095],[46.81970266092852,24.563290864986918],[46.81988420675583,24.56297018664379],[46.820164729327246,24.56310298536611]]]}},{"type":"Feature","properties":{"plan_no":"2705/5","plan_id":"2620","block_no":"22","parcel_no":"247","parcel_id":14315987,"object_id":6176881,"area_m2":1280.0012037},"geometry":{"type":"Polygon","coordinates":[[[46.82044525246363,24.563235783529255],[46.82026370677584,24.563556461586575],[46.81998318306965,24.56342366312095],[46.820164729327246,24.56310298536611],[46.82044525246363,24.563235783529255]]]}},{"type":"Feature","properties":{"plan_no":"2705/5","plan_id":"2620","block_no":"22","parcel_no":"248","parcel_id":14318205,"object_id":6229447,"area_m2":1279.9976762},"geometry":{"type":"Polygon","coordinates":[[[46.82072577517797,24.563368581145124],[46.82054423006,24.5636892595049],[46.82026370677584,24.563556461586575],[46.82044525246363,24.563235783529255],[46.82072577517797,24.563368581145124]]]}},{"type":"Feature","properties":{"plan_no":"2705/5","plan_id":"2620","block_no":"22","parcel_no":"249","parcel_id":14318389,"object_id":6235903,"area_m2":1279.99868575},"geometry":{"type":"Polygon","coordinates":[[[46.82100629845729,24.56350137820176],[46.82082475489616,24.563822056852096],[46.82054423006,24.5636892595049],[46.82072577517797,24.563368581145124],[46.82100629845729,24.56350137820176]]]}},{"type":"Feature","properties":{"plan_no":"2705/5","plan_id":"2620","block_no":"22","parcel_no":"250","parcel_id":14317273,"object_id":6196878,"area_m2":1399.993569285},"geometry":{"type":"Polygon","coordinates":[[[46.8213131204993,24.563646623224955],[46.82113157856151,24.563967303096884],[46.82082475489616,24.563822056852096],[46.82100629845729,24.56350137820176],[46.8213131204993,24.563646623224955]]]}},{"type":"Feature","properties":{"plan_no":"2705/5","plan_id":"2620","block_no":"22","parcel_no":"251","parcel_id":14318101,"object_id":7170846,"area_m2":1375.500281515},"geometry":{"type":"Polygon","coordinates":[[[46.82118784210945,24.56318069845869],[46.82143330117747,24.56329689514495],[46.8214628953344,24.563382063577425],[46.8213131204993,24.563646623224955],[46.82100629845729,24.56350137820176],[46.82118784210945,24.56318069845869]]]}},{"type":"Feature","properties":{"plan_no":"2705/5","plan_id":"2620","block_no":"22","parcel_no":"252","parcel_id":14318911,"object_id":6168205,"area_m2":1279.998144325},"geometry":{"type":"Polygon","coordinates":[[[46.82118784210945,24.56318069845869],[46.82100629845729,24.56350137820176],[46.82072577517797,24.563368581145124],[46.820907319412996,24.563047902607224],[46.82118784210945,24.56318069845869]]]}},{"type":"Feature","properties":{"plan_no":"2705/5","plan_id":"2620","block_no":"22","parcel_no":"253","parcel_id":14318489,"object_id":6199064,"area_m2":1279.99868575},"geometry":{"type":"Polygon","coordinates":[[[46.820907319412996,24.563047902607224],[46.82072577517797,24.563368581145124],[46.82044525246363,24.563235783529255],[46.82062679628145,24.56291510530575],[46.820907319412996,24.563047902607224]]]}},{"type":"Feature","properties":{"plan_no":"2705/5","plan_id":"2620","block_no":"22","parcel_no":"254","parcel_id":14315935,"object_id":6231798,"area_m2":1279.99868575},"geometry":{"type":"Polygon","coordinates":[[[46.82062679628145,24.56291510530575],[46.82044525246363,24.563235783529255],[46.820164729327246,24.56310298536611],[46.820346274701876,24.562782307433167],[46.82062679628145,24.56291510530575]]]}},{"type":"Feature","properties":{"plan_no":"2705/5","plan_id":"2620","block_no":"22","parcel_no":"255","parcel_id":14316553,"object_id":6155769,"area_m2":1280.00221325},"geometry":{"type":"Polygon","coordinates":[[[46.820346274701876,24.562782307433167],[46.820164729327246,24.56310298536611],[46.81988420675583,24.56297018664379],[46.82006575171322,24.562649509025228],[46.820346274701876,24.562782307433167]]]}},{"type":"Feature","properties":{"plan_no":"2705/5","plan_id":"2620","block_no":"22","parcel_no":"256","parcel_id":14316711,"object_id":6196220,"area_m2":1279.99663593},"geometry":{"type":"Polygon","coordinates":[[[46.82006575171322,24.562649509025228],[46.81988420675583,24.56297018664379],[46.81960368574945,24.56283738825304],[46.81978523126359,24.56251671003426],[46.82006575171322,24.562649509025228]]]}},{"type":"Feature","properties":{"plan_no":"2705/5","plan_id":"2620","block_no":"22","parcel_no":"257","parcel_id":14316197,"object_id":6201433,"area_m2":1280.001507935},"geometry":{"type":"Polygon","coordinates":[[[46.81978523126359,24.56251671003426],[46.81960368574945,24.56283738825304],[46.819323164308,24.562704588412355],[46.819504711378904,24.562383910484126],[46.81978523126359,24.56251671003426]]]}},{"type":"Feature","properties":{"plan_no":"2705/5","plan_id":"2620","block_no":"22","parcel_no":"258","parcel_id":14317265,"object_id":6156356,"area_m2":1280.00402589},"geometry":{"type":"Polygon","coordinates":[[[46.819504711378904,24.562383910484126],[46.819323164308,24.562704588412355],[46.81904264343154,24.56257178801248],[46.81922419107217,24.56225111038674],[46.819504711378904,24.562383910484126]]]}},{"type":"Feature","properties":{"plan_no":"2705/5","plan_id":"2620","block_no":"22","parcel_no":"259","parcel_id":14317867,"object_id":6168037,"area_m2":1280.00184288},"geometry":{"type":"Polygon","coordinates":[[[46.81922419107217,24.56225111038674],[46.81904264343154,24.56257178801248],[46.81876212410707,24.56243898704152],[46.81894367329143,24.562118308803658],[46.81922419107217,24.56225111038674]]]}},{"type":"Feature","properties":{"plan_no":"2705/5","plan_id":"2620","block_no":"23","parcel_no":"240","parcel_id":14317131,"object_id":7328012,"area_m2":1599.99968},"geometry":{"type":"Polygon","coordinates":[[[46.81785043872398,24.562007380042274],[46.8176688877661,24.562328055301503],[46.8173182404947,24.56216205065788],[46.81749979117766,24.56184137578872],[46.81785043872398,24.562007380042274]]]}},{"type":"Feature","properties":{"plan_no":"2705/5","plan_id":"2620","block_no":"23","parcel_no":"241","parcel_id":14317107,"object_id":6208042,"area_m2":1199.99908316},"geometry":{"type":"Polygon","coordinates":[[[46.81811342446304,24.562131882213738],[46.817931874039225,24.562452557756572],[46.8176688877661,24.562328055301503],[46.81785043872398,24.562007380042274],[46.81811342446304,24.562131882213738]]]}},{"type":"Feature","properties":{"plan_no":"2705/5","plan_id":"2620","block_no":"23","parcel_no":"242","parcel_id":14317027,"object_id":6208706,"area_m2":1200.00096909},"geometry":{"type":"Polygon","coordinates":[[[46.81837641071169,24.562256384796484],[46.818194860821976,24.562577060622914],[46.817931874039225,24.562452557756572],[46.81811342446304,24.562131882213738],[46.81837641071169,24.562256384796484]]]}},{"type":"Feature","properties":{"plan_no":"2705/5","plan_id":"2620","block_no":"23","parcel_no":"243","parcel_id":14318649,"object_id":6169947,"area_m2":1199.99908316},"geometry":{"type":"Polygon","coordinates":[[[46.81863939744389,24.562380885985103],[46.81845784808828,24.562701562095135],[46.818194860821976,24.562577060622914],[46.81837641071169,24.562256384796484],[46.81863939744389,24.562380885985103]]]}},{"type":"Feature","properties":{"plan_no":"2705/5","plan_id":"2620","block_no":"23","parcel_no":"264","parcel_id":14316583,"object_id":6179635,"area_m2":1188.75312965},"geometry":{"type":"Polygon","coordinates":[[[46.81876177445524,24.562032195856638],[46.81878149793955,24.562041533509216],[46.81877015124418,24.562061575891892],[46.81880959823918,24.562080252094145],[46.8188039253797,24.562090272829234],[46.81863939744389,24.562380885985103],[46.81837641071169,24.562256384796484],[46.8185579587184,24.561935707901085],[46.81876177445524,24.562032195856638]]]}},{"type":"Feature","properties":{"plan_no":"2705/5","plan_id":"2620","block_no":"23","parcel_no":"265","parcel_id":14318253,"object_id":7305896,"area_m2":1199.9999349},"geometry":{"type":"Polygon","coordinates":[[[46.8185579587184,24.561935707901085],[46.81837641071169,24.562256384796484],[46.81811342446304,24.562131882213738],[46.81829497301686,24.56181120650463],[46.8185579587184,24.561935707901085]]]}},{"type":"Feature","properties":{"plan_no":"2705/5","plan_id":"2620","block_no":"23","parcel_no":"266","parcel_id":14317553,"object_id":6238416,"area_m2":1199.99766904},"geometry":{"type":"Polygon","coordinates":[[[46.81829497301686,24.56181120650463],[46.81811342446304,24.562131882213738],[46.81785043872398,24.562007380042274],[46.81803198781188,24.561686704616772],[46.81829497301686,24.56181120650463]]]}},{"type":"Feature","properties":{"plan_no":"2705/5","plan_id":"2620","block_no":"23","parcel_no":"267","parcel_id":14315911,"object_id":6155819,"area_m2":1599.99968},"geometry":{"type":"Polygon","coordinates":[[[46.81803198781188,24.561686704616772],[46.81785043872398,24.562007380042274],[46.81749979117766,24.56184137578872],[46.817681341964665,24.561520700729428],[46.81803198781188,24.561686704616772]]]}},{"type":"Feature","properties":{"plan_no":"2705/5","plan_id":"2620","block_no":"24","parcel_no":"224","parcel_id":14318791,"object_id":6146547,"area_m2":1050.005179325},"geometry":{"type":"Polygon","coordinates":[[[46.817038790565135,24.56167395330902],[46.8168799319132,24.561954544085143],[46.81661694762641,24.561830039664454],[46.81677580475859,24.561549448257598],[46.817038790565135,24.56167395330902]]]}},{"type":"Feature","properties":{"plan_no":"2705/5","plan_id":"2620","block_no":"24","parcel_no":"225","parcel_id":14315999,"object_id":7329398,"area_m2":900.00892631},"geometry":{"type":"Polygon","coordinates":[[[46.81717495375475,24.561433447862754],[46.817038790565135,24.56167395330902],[46.81677580475859,24.561549448257598],[46.81691196634867,24.56130894124244],[46.81717495375475,24.561433447862754]]]}},{"type":"Feature","properties":{"plan_no":"2705/5","plan_id":"2620","block_no":"24","parcel_no":"226","parcel_id":14315483,"object_id":6228405,"area_m2":900.01501626},"geometry":{"type":"Polygon","coordinates":[[[46.81731111643467,24.561192941413545],[46.81717495375475,24.561433447862754],[46.81691196634867,24.56130894124244],[46.81704812844213,24.561068435017837],[46.81731111643467,24.561192941413545]]]}},{"type":"Feature","properties":{"plan_no":"2705/5","plan_id":"2620","block_no":"24","parcel_no":"227","parcel_id":14318893,"object_id":6165289,"area_m2":900.02172193},"geometry":{"type":"Polygon","coordinates":[[[46.817447279604934,24.560952434852183],[46.81731111643467,24.561192941413545],[46.81704812844213,24.561068435017837],[46.8171842900259,24.56082792779029],[46.817447279604934,24.560952434852183]]]}},{"type":"Feature","properties":{"plan_no":"2705/5","plan_id":"2620","block_no":"24","parcel_no":"228","parcel_id":14314931,"object_id":6196921,"area_m2":900.02842764},"geometry":{"type":"Polygon","coordinates":[[[46.817583442278554,24.56071192819059],[46.817447279604934,24.560952434852183],[46.8171842900259,24.56082792779029],[46.81732045111302,24.5605874204625],[46.817583442278554,24.56071192819059]]]}},{"type":"Feature","properties":{"plan_no":"2705/5","plan_id":"2620","block_no":"24","parcel_no":"229","parcel_id":14317921,"object_id":6229435,"area_m2":900.03045755},"geometry":{"type":"Polygon","coordinates":[[[46.81771960348154,24.560471422343376],[46.817583442278554,24.56071192819059],[46.81732045111302,24.5605874204625],[46.817456611716516,24.560346913937163],[46.81771960348154,24.560471422343376]]]}},{"type":"Feature","properties":{"plan_no":"2705/5","plan_id":"2620","block_no":"24","parcel_no":"230","parcel_id":14316863,"object_id":6231777,"area_m2":900.039193425},"geometry":{"type":"Polygon","coordinates":[[[46.817855765161895,24.560230915481316],[46.81771960348154,24.560471422343376],[46.817456611716516,24.560346913937163],[46.817592771810375,24.560106406408913],[46.817855765161895,24.560230915481316]]]}},{"type":"Feature","properties":{"plan_no":"2705/5","plan_id":"2620","block_no":"24","parcel_no":"231","parcel_id":14317779,"object_id":6156433,"area_m2":1050.04970936},"geometry":{"type":"Polygon","coordinates":[[[46.8180146186873,24.559950324781713],[46.817855765161895,24.560230915481316],[46.817592771810375,24.560106406408913],[46.81775162381605,24.559825815078568],[46.8180146186873,24.559950324781713]]]}},{"type":"Feature","properties":{"plan_no":"2705/5","plan_id":"2620","block_no":"24","parcel_no":"232","parcel_id":14315171,"object_id":6154006,"area_m2":1049.95849779},"geometry":{"type":"Polygon","coordinates":[[[46.8180146186873,24.559950324781713],[46.818277588197816,24.560074820762548],[46.818118739126724,24.560355414370733],[46.817855765161895,24.560230915481316],[46.8180146186873,24.559950324781713]]]}},{"type":"Feature","properties":{"plan_no":"2705/5","plan_id":"2620","block_no":"24","parcel_no":"233","parcel_id":14315039,"object_id":6177216,"area_m2":899.9715201},"geometry":{"type":"Polygon","coordinates":[[[46.818118739126724,24.560355414370733],[46.817982576846866,24.560595920554675],[46.81771960348154,24.560471422343376],[46.817855765161895,24.560230915481316],[46.818118739126724,24.560355414370733]]]}},{"type":"Feature","properties":{"plan_no":"2705/5","plan_id":"2620","block_no":"24","parcel_no":"234","parcel_id":14318665,"object_id":6155169,"area_m2":899.970722025},"geometry":{"type":"Polygon","coordinates":[[[46.817982576846866,24.560595920554675],[46.817846417057424,24.56083642840807],[46.817583442278554,24.56071192819059],[46.81771960348154,24.560471422343376],[46.817982576846866,24.560595920554675]]]}},{"type":"Feature","properties":{"plan_no":"2705/5","plan_id":"2620","block_no":"24","parcel_no":"235","parcel_id":14317417,"object_id":7327149,"area_m2":899.97681195},"geometry":{"type":"Polygon","coordinates":[[[46.817846417057424,24.56083642840807],[46.81771025675834,24.561076935258534],[46.817447279604934,24.560952434852183],[46.817583442278554,24.56071192819059],[46.817846417057424,24.56083642840807]]]}},{"type":"Feature","properties":{"plan_no":"2705/5","plan_id":"2620","block_no":"24","parcel_no":"236","parcel_id":14316255,"object_id":6179260,"area_m2":899.984133305},"geometry":{"type":"Polygon","coordinates":[[[46.81771025675834,24.561076935258534],[46.81757409597562,24.56131744291149],[46.81731111643467,24.561192941413545],[46.817447279604934,24.560952434852183],[46.81771025675834,24.561076935258534]]]}},{"type":"Feature","properties":{"plan_no":"2705/5","plan_id":"2620","block_no":"24","parcel_no":"237","parcel_id":14315053,"object_id":6328970,"area_m2":899.986779045},"geometry":{"type":"Polygon","coordinates":[[[46.81757409597562,24.56131744291149],[46.81743793468323,24.561557949561493],[46.81717495375475,24.561433447862754],[46.81731111643467,24.561192941413545],[46.81757409597562,24.56131744291149]]]}},{"type":"Feature","properties":{"plan_no":"2705/5","plan_id":"2620","block_no":"24","parcel_no":"238","parcel_id":14315505,"object_id":7313033,"area_m2":899.99083911},"geometry":{"type":"Polygon","coordinates":[[[46.81743793468323,24.561557949561493],[46.81730177290719,24.56179845701396],[46.817038790565135,24.56167395330902],[46.81717495375475,24.561433447862754],[46.81743793468323,24.561557949561493]]]}},{"type":"Feature","properties":{"plan_no":"2705/5","plan_id":"2620","block_no":"24","parcel_no":"239","parcel_id":14316983,"object_id":6237980,"area_m2":1049.99685819},"geometry":{"type":"Polygon","coordinates":[[[46.81730177290719,24.56179845701396],[46.81714291669656,24.562079048014436],[46.8168799319132,24.561954544085143],[46.817038790565135,24.56167395330902],[46.81730177290719,24.56179845701396]]]}},{"type":"Feature","properties":{"plan_no":"2705/5","plan_id":"2620","block_no":"25","parcel_no":"260","parcel_id":14317843,"object_id":6229430,"area_m2":1259.98750323},"geometry":{"type":"Polygon","coordinates":[[[46.819228363784845,24.561693979644414],[46.819069511109596,24.56197457063076],[46.81875392962153,24.56182516673616],[46.818912780922645,24.561544578779525],[46.819228363784845,24.561693979644414]]]}},{"type":"Feature","properties":{"plan_no":"2705/5","plan_id":"2620","block_no":"25","parcel_no":"261","parcel_id":14315067,"object_id":6154002,"area_m2":1259.98948819},"geometry":{"type":"Polygon","coordinates":[[[46.818912780922645,24.561544578779525],[46.81875392962153,24.56182516673616],[46.81843834499164,24.56167576850051],[46.81859719877547,24.56139517720699],[46.818912780922645,24.561544578779525]]]}},{"type":"Feature","properties":{"plan_no":"2705/5","plan_id":"2620","block_no":"25","parcel_no":"262","parcel_id":14317763,"object_id":6167991,"area_m2":1259.99851125},"geometry":{"type":"Polygon","coordinates":[[[46.81859719877547,24.56139517720699],[46.81843834499164,24.56167576850051],[46.818122763011736,24.561526366825277],[46.8182816173433,24.561245774926817],[46.81859719877547,24.56139517720699]]]}},{"type":"Feature","properties":{"plan_no":"2705/5","plan_id":"2620","block_no":"25","parcel_no":"263","parcel_id":14317931,"object_id":6199384,"area_m2":1400.002483645},"geometry":{"type":"Polygon","coordinates":[[[46.8182816173433,24.561245774926817],[46.818122763011736,24.561526366825277],[46.81777211653354,24.561360363138906],[46.817930972475196,24.561079771559385],[46.8182816173433,24.561245774926817]]]}},{"type":"Feature","properties":{"plan_no":"2705/5","plan_id":"2620","block_no":"25","parcel_no":"268","parcel_id":14315633,"object_id":6146089,"area_m2":1200.00137949},"geometry":{"type":"Polygon","coordinates":[[[46.818417778649774,24.56100526759374],[46.8182816173433,24.561245774926817],[46.817930972475196,24.561079771559385],[46.81806713431571,24.56083926450989],[46.818417778649774,24.56100526759374]]]}},{"type":"Feature","properties":{"plan_no":"2705/5","plan_id":"2620","block_no":"25","parcel_no":"269","parcel_id":14317893,"object_id":6156479,"area_m2":1080.00203523},"geometry":{"type":"Polygon","coordinates":[[[46.81873335960126,24.56115466961869],[46.81859719877547,24.56139517720699],[46.8182816173433,24.561245774926817],[46.818417778649774,24.56100526759374],[46.81873335960126,24.56115466961869]]]}},{"type":"Feature","properties":{"plan_no":"2705/5","plan_id":"2620","block_no":"25","parcel_no":"270","parcel_id":14317607,"object_id":6168352,"area_m2":1080.00203523},"geometry":{"type":"Polygon","coordinates":[[[46.81904894126777,24.561304070936014],[46.818912780922645,24.561544578779525],[46.81859719877547,24.56139517720699],[46.81873335960126,24.56115466961869],[46.81904894126777,24.561304070936014]]]}},{"type":"Feature","properties":{"plan_no":"2705/5","plan_id":"2620","block_no":"25","parcel_no":"271","parcel_id":14315049,"object_id":6146328,"area_m2":1079.99986394},"geometry":{"type":"Polygon","coordinates":[[[46.819364522662276,24.56145347155761],[46.819228363784845,24.561693979644414],[46.818912780922645,24.561544578779525],[46.81904894126777,24.561304070936014],[46.819364522662276,24.56145347155761]]]}},{"type":"Feature","properties":{"plan_no":"2705/5","plan_id":"2620","block_no":"26","parcel_no":"273","parcel_id":14315227,"object_id":6229928,"area_m2":1049.99102634},"geometry":{"type":"Polygon","coordinates":[[[46.81959654468793,24.561868279307703],[46.81943769265395,24.562148869738703],[46.8191747057298,24.562024369958333],[46.81917477120478,24.56202425540712],[46.819333558231136,24.561743779775455],[46.81959654468793,24.561868279307703]]]}},{"type":"Feature","properties":{"plan_no":"2705/5","plan_id":"2620","block_no":"26","parcel_no":"274","parcel_id":14316853,"object_id":6156369,"area_m2":1049.99200736},"geometry":{"type":"Polygon","coordinates":[[[46.81985953164128,24.56199277834848],[46.819700680074654,24.562273369027622],[46.81943769265395,24.562148869738703],[46.81959654468793,24.561868279307703],[46.81985953164128,24.56199277834848]]]}},{"type":"Feature","properties":{"plan_no":"2705/5","plan_id":"2620","block_no":"26","parcel_no":"275","parcel_id":14315015,"object_id":7328200,"area_m2":1049.99499156},"geometry":{"type":"Polygon","coordinates":[[[46.82012251909114,24.562117276897833],[46.819963668991946,24.56239786871587],[46.819700680074654,24.562273369027622],[46.81985953164128,24.56199277834848],[46.82012251909114,24.562117276897833]]]}},{"type":"Feature","properties":{"plan_no":"2705/5","plan_id":"2620","block_no":"26","parcel_no":"276","parcel_id":14318901,"object_id":6210528,"area_m2":1154.991602805},"geometry":{"type":"Polygon","coordinates":[[[46.82041180586994,24.562254225456645],[46.82025295627181,24.562534816644884],[46.819963668991946,24.56239786871587],[46.82012251909114,24.562117276897833],[46.82041180586994,24.562254225456645]]]}},{"type":"Feature","properties":{"plan_no":"2705/5","plan_id":"2620","block_no":"26","parcel_no":"277","parcel_id":14317003,"object_id":6237981,"area_m2":1154.988692425},"geometry":{"type":"Polygon","coordinates":[[[46.820701093249525,24.562391173420767],[46.820542244152506,24.56267176397923],[46.82025295627181,24.562534816644884],[46.82041180586994,24.562254225456645],[46.820701093249525,24.562391173420767]]]}},{"type":"Feature","properties":{"plan_no":"2705/5","plan_id":"2620","block_no":"26","parcel_no":"278","parcel_id":14315331,"object_id":6208506,"area_m2":1154.98641215},"geometry":{"type":"Polygon","coordinates":[[[46.82099038121688,24.562528119887517],[46.82083153263401,24.562808710718897],[46.820542244152506,24.56267176397923],[46.820701093249525,24.562391173420767],[46.82099038121688,24.562528119887517]]]}},{"type":"Feature","properties":{"plan_no":"2705/5","plan_id":"2620","block_no":"26","parcel_no":"279","parcel_id":14318995,"object_id":6145709,"area_m2":1154.98806232},"geometry":{"type":"Polygon","coordinates":[[[46.82127966979808,24.562665066662255],[46.821120821729366,24.56294565776655],[46.82083153263401,24.562808710718897],[46.82099038121688,24.562528119887517],[46.82127966979808,24.562665066662255]]]}},{"type":"Feature","properties":{"plan_no":"2705/5","plan_id":"2620","block_no":"26","parcel_no":"280","parcel_id":14317775,"object_id":6146702,"area_m2":1154.983461015},"geometry":{"type":"Polygon","coordinates":[[[46.821568957993065,24.56280201285424],[46.821410111412504,24.56308260331681],[46.821120821729366,24.56294565776655],[46.82127966979808,24.562665066662255],[46.821568957993065,24.56280201285424]]]}},{"type":"Feature","properties":{"plan_no":"2705/5","plan_id":"2620","block_no":"26","parcel_no":"281","parcel_id":14316377,"object_id":6179145,"area_m2":1189.73206571},"geometry":{"type":"Polygon","coordinates":[[[46.82186694521623,24.562943075040177],[46.8217081081529,24.563223672898076],[46.821410111412504,24.56308260331681],[46.821568957993065,24.56280201285424],[46.82186694521623,24.562943075040177]]]}},{"type":"Feature","properties":{"plan_no":"2705/5","plan_id":"2620","block_no":"26","parcel_no":"282","parcel_id":14316031,"object_id":6353658,"area_m2":1019.749501115},"geometry":{"type":"Polygon","coordinates":[[[46.82200309212578,24.562702561304384],[46.82186694521623,24.562943075040177],[46.821568957993065,24.56280201285424],[46.82170511429196,24.562561502862792],[46.82200309212578,24.562702561304384]]]}},{"type":"Feature","properties":{"plan_no":"2705/5","plan_id":"2620","block_no":"26","parcel_no":"283","parcel_id":14315071,"object_id":6177218,"area_m2":989.997956245},"geometry":{"type":"Polygon","coordinates":[[[46.82170511429196,24.562561502862792],[46.821568957993065,24.56280201285424],[46.82127966979808,24.562665066662255],[46.82141582556373,24.562424557819362],[46.82170511429196,24.562561502862792]]]}},{"type":"Feature","properties":{"plan_no":"2705/5","plan_id":"2620","block_no":"26","parcel_no":"284","parcel_id":14317957,"object_id":6176864,"area_m2":989.99775332},"geometry":{"type":"Polygon","coordinates":[[[46.82141582556373,24.562424557819362],[46.82127966979808,24.562665066662255],[46.82099038121688,24.562528119887517],[46.82112653742325,24.56228761127855],[46.82141582556373,24.562424557819362]]]}},{"type":"Feature","properties":{"plan_no":"2705/5","plan_id":"2620","block_no":"26","parcel_no":"285","parcel_id":14317299,"object_id":6179572,"area_m2":989.99850129},"geometry":{"type":"Polygon","coordinates":[[[46.82112653742325,24.56228761127855],[46.82099038121688,24.562528119887517],[46.820701093249525,24.562391173420767],[46.820837249883546,24.56215066414302],[46.82112653742325,24.56228761127855]]]}},{"type":"Feature","properties":{"plan_no":"2705/5","plan_id":"2620","block_no":"26","parcel_no":"286","parcel_id":14316353,"object_id":6167807,"area_m2":989.99850129},"geometry":{"type":"Polygon","coordinates":[[[46.820837249883546,24.56215066414302],[46.820701093249525,24.562391173420767],[46.82041180586994,24.562254225456645],[46.82054796295768,24.56201371731553],[46.820837249883546,24.56215066414302]]]}},{"type":"Feature","properties":{"plan_no":"2705/5","plan_id":"2620","block_no":"26","parcel_no":"287","parcel_id":14315699,"object_id":6179806,"area_m2":989.99775332},"geometry":{"type":"Polygon","coordinates":[[[46.82054796295768,24.56201371731553],[46.82041180586994,24.562254225456645],[46.82012251909114,24.562117276897833],[46.82025867661958,24.56187676899065],[46.82054796295768,24.56201371731553]]]}},{"type":"Feature","properties":{"plan_no":"2705/5","plan_id":"2620","block_no":"26","parcel_no":"288","parcel_id":14315065,"object_id":6229923,"area_m2":899.998959},"geometry":{"type":"Polygon","coordinates":[[[46.82025867661958,24.56187676899065],[46.82012251909114,24.562117276897833],[46.81985953164128,24.56199277834848],[46.819995689557274,24.561752269751267],[46.82025867661958,24.56187676899065]]]}},{"type":"Feature","properties":{"plan_no":"2705/5","plan_id":"2620","block_no":"26","parcel_no":"289","parcel_id":14315319,"object_id":7220159,"area_m2":899.998958925},"geometry":{"type":"Polygon","coordinates":[[[46.819995689557274,24.561752269751267],[46.81985953164128,24.56199277834848],[46.81959654468793,24.561868279307703],[46.819732703991555,24.56162777091123],[46.819995689557274,24.561752269751267]]]}},{"type":"Feature","properties":{"plan_no":"2705/5","plan_id":"2620","block_no":"26","parcel_no":"290","parcel_id":14315149,"object_id":6167946,"area_m2":900.0009888},"geometry":{"type":"Polygon","coordinates":[[[46.819732703991555,24.56162777091123],[46.81959654468793,24.561868279307703],[46.819333558231136,24.561743779775455],[46.81946971793535,24.56150327159166],[46.819732703991555,24.56162777091123]]]}},{"type":"Feature","properties":{"plan_no":"2705/5","plan_id":"2620","block_no":"27","parcel_no":"272","parcel_id":14316973,"object_id":7330393,"area_m2":1079.99950962},"geometry":{"type":"Polygon","coordinates":[[[46.81959142226233,24.561052682076337],[46.819455264199455,24.561293189427413],[46.819139689838885,24.561143775351912],[46.81927584836939,24.56090326735333],[46.81959142226233,24.561052682076337]]]}},{"type":"Feature","properties":{"plan_no":"2705/5","plan_id":"2620","block_no":"27","parcel_no":"291","parcel_id":14317573,"object_id":6229498,"area_m2":1079.999915575},"geometry":{"type":"Polygon","coordinates":[[[46.81927584836939,24.56090326735333],[46.819139689838885,24.561143775351912],[46.818824116193376,24.56099436056878],[46.81896027619152,24.560753852813477],[46.81927584836939,24.56090326735333]]]}},{"type":"Feature","properties":{"plan_no":"2705/5","plan_id":"2620","block_no":"27","parcel_no":"292","parcel_id":14318719,"object_id":6208693,"area_m2":1080.00208694},"geometry":{"type":"Polygon","coordinates":[[[46.81896027619152,24.560753852813477],[46.818824116193376,24.56099436056878],[46.818508543262915,24.560844945078056],[46.8186447037417,24.560604437577965],[46.81896027619152,24.560753852813477]]]}},{"type":"Feature","properties":{"plan_no":"2705/5","plan_id":"2620","block_no":"27","parcel_no":"293","parcel_id":14316625,"object_id":6167818,"area_m2":1200.011307485},"geometry":{"type":"Polygon","coordinates":[[[46.8186447037417,24.560604437577965],[46.818508543262915,24.560844945078056],[46.81815790794649,24.56067892673005],[46.81829406299821,24.560438416876874],[46.8186447037417,24.560604437577965]]]}},{"type":"Feature","properties":{"plan_no":"2705/5","plan_id":"2620","block_no":"27","parcel_no":"294","parcel_id":14319163,"object_id":6167498,"area_m2":1400.52243121},"geometry":{"type":"Polygon","coordinates":[[[46.8188036271055,24.560323720679012],[46.8186447037417,24.560604437577965],[46.81829406299821,24.560438416876874],[46.81845294923479,24.560157752227674],[46.8188036271055,24.560323720679012]]]}},{"type":"Feature","properties":{"plan_no":"2705/5","plan_id":"2620","block_no":"27","parcel_no":"295","parcel_id":14318887,"object_id":6222710,"area_m2":1260.67205792},"geometry":{"type":"Polygon","coordinates":[[[46.81911922691376,24.560473086525],[46.81896027619152,24.560753852813477],[46.8186447037417,24.560604437577965],[46.8188036271055,24.560323720679012],[46.81911922691376,24.560473086525]]]}},{"type":"Feature","properties":{"plan_no":"2705/5","plan_id":"2620","block_no":"27","parcel_no":"296","parcel_id":14318351,"object_id":6179761,"area_m2":1260.89278321},"geometry":{"type":"Polygon","coordinates":[[[46.819434827423834,24.560622450760604],[46.81927584836939,24.56090326735333],[46.81896027619152,24.560753852813477],[46.81911922691376,24.560473086525],[46.819434827423834,24.560622450760604]]]}},{"type":"Feature","properties":{"plan_no":"2705/5","plan_id":"2620","block_no":"27","parcel_no":"297","parcel_id":14315561,"object_id":6196675,"area_m2":1261.120661955},"geometry":{"type":"Polygon","coordinates":[[[46.819750428661756,24.56077181519118],[46.81959142226233,24.561052682076337],[46.81927584836939,24.56090326735333],[46.819434827423834,24.560622450760604],[46.819750428661756,24.56077181519118]]]}},{"type":"Feature","properties":{"plan_no":"2705/5","plan_id":"2620","block_no":"28","parcel_no":"301","parcel_id":14317043,"object_id":6167509,"area_m2":1008.749437325},"geometry":{"type":"Polygon","coordinates":[[[46.81999465648856,24.561243599008083],[46.819858498052874,24.56148410669716],[46.81961962579163,24.561371008417932],[46.819599902361276,24.56136167087185],[46.819611247864906,24.56134162754544],[46.81957180100455,24.56132295154493],[46.819577473757576,24.561312929882778],[46.819696613385524,24.561102486529826],[46.81999465648856,24.561243599008083]]]}},{"type":"Feature","properties":{"plan_no":"2705/5","plan_id":"2620","block_no":"28","parcel_no":"302","parcel_id":14317997,"object_id":6199386,"area_m2":899.99821151},"geometry":{"type":"Polygon","coordinates":[[[46.82025763570041,24.561368109234937],[46.82012147766529,24.561608617136674],[46.819858498052874,24.56148410669716],[46.81999465648856,24.561243599008083],[46.82025763570041,24.561368109234937]]]}},{"type":"Feature","properties":{"plan_no":"2705/5","plan_id":"2620","block_no":"28","parcel_no":"303","parcel_id":14315493,"object_id":6196457,"area_m2":900.000857285},"geometry":{"type":"Polygon","coordinates":[[[46.8205206154088,24.561492618970366],[46.82038445877432,24.56173312797553],[46.82012147766529,24.561608617136674],[46.82025763570041,24.561368109234937],[46.8205206154088,24.561492618970366]]]}},{"type":"Feature","properties":{"plan_no":"2705/5","plan_id":"2620","block_no":"28","parcel_no":"304","parcel_id":14319075,"object_id":6155220,"area_m2":899.99944299},"geometry":{"type":"Polygon","coordinates":[[[46.820783595613754,24.561617128214362],[46.82064743937987,24.561857637432183],[46.82038445877432,24.56173312797553],[46.8205206154088,24.561492618970366],[46.820783595613754,24.561617128214362]]]}},{"type":"Feature","properties":{"plan_no":"2705/5","plan_id":"2620","block_no":"28","parcel_no":"305","parcel_id":14318709,"object_id":6146543,"area_m2":899.99944299},"geometry":{"type":"Polygon","coordinates":[[[46.82104657631525,24.56174163696691],[46.82091042048196,24.56198214639739],[46.82064743937987,24.561857637432183],[46.820783595613754,24.561617128214362],[46.82104657631525,24.56174163696691]]]}},{"type":"Feature","properties":{"plan_no":"2705/5","plan_id":"2620","block_no":"28","parcel_no":"306","parcel_id":14315387,"object_id":7221646,"area_m2":1051.799615725},"geometry":{"type":"Polygon","coordinates":[[[46.82120570912388,24.561460541432922],[46.82104657631525,24.56174163696691],[46.820783595613754,24.561617128214362],[46.82094270578938,24.561336073836877],[46.82120570912388,24.561460541432922]]]}},{"type":"Feature","properties":{"plan_no":"2705/5","plan_id":"2620","block_no":"28","parcel_no":"307","parcel_id":14317065,"object_id":6167511,"area_m2":1051.647454565},"geometry":{"type":"Polygon","coordinates":[[[46.82094270578938,24.561336073836877],[46.820783595613754,24.561617128214362],[46.8205206154088,24.561492618970366],[46.82067970196427,24.56121160576126],[46.82094270578938,24.561336073836877]]]}},{"type":"Feature","properties":{"plan_no":"2705/5","plan_id":"2620","block_no":"28","parcel_no":"308","parcel_id":14316051,"object_id":7315781,"area_m2":1051.492202},"geometry":{"type":"Polygon","coordinates":[[[46.82067970196427,24.56121160576126],[46.8205206154088,24.561492618970366],[46.82025763570041,24.561368109234937],[46.82041669962256,24.561087137182206],[46.82067970196427,24.56121160576126]]]}},{"type":"Feature","properties":{"plan_no":"2705/5","plan_id":"2620","block_no":"28","parcel_no":"309","parcel_id":14317987,"object_id":6229666,"area_m2":1051.33705308},"geometry":{"type":"Polygon","coordinates":[[[46.82041669962256,24.561087137182206],[46.82025763570041,24.561368109234937],[46.81999465648856,24.561243599008083],[46.820153697790296,24.560962669014355],[46.82041669962256,24.561087137182206]]]}},{"type":"Feature","properties":{"plan_no":"2705/5","plan_id":"2620","block_no":"28","parcel_no":"310","parcel_id":14316949,"object_id":6165447,"area_m2":1191.33205993},"geometry":{"type":"Polygon","coordinates":[[[46.820153697790296,24.560962669014355],[46.81999465648856,24.561243599008083],[46.819696613385524,24.561102486529826],[46.819855629233246,24.560821603177445],[46.820153697790296,24.560962669014355]]]}},{"type":"Feature","properties":{"plan_no":"2705/5","plan_id":"2620","block_no":"29","parcel_no":"316","parcel_id":14315759,"object_id":6231790,"area_m2":1440.704205315},"geometry":{"type":"Polygon","coordinates":[[[46.82430660601505,24.563284709282865],[46.824032852903485,24.563460085712446],[46.82368065729431,24.563293368531653],[46.82381680990694,24.56305285775206],[46.82408856820896,24.56318149897413],[46.82430660601505,24.563284709282865]]]}},{"type":"Feature","properties":{"plan_no":"2705/5","plan_id":"2620","block_no":"29","parcel_no":"317","parcel_id":14316793,"object_id":7195438,"area_m2":930.00044948},"geometry":{"type":"Polygon","coordinates":[[[46.82381680990694,24.56305285775206],[46.82368065729431,24.563293368531653],[46.823408898121336,24.56316472657696],[46.82354505014797,24.56292421512633],[46.82381680990694,24.56305285775206]]]}},{"type":"Feature","properties":{"plan_no":"2705/5","plan_id":"2620","block_no":"29","parcel_no":"318","parcel_id":14317405,"object_id":6196257,"area_m2":930.001109255},"geometry":{"type":"Polygon","coordinates":[[[46.82354505014797,24.56292421512633],[46.823408898121336,24.56316472657696],[46.82313713849151,24.56303608410933],[46.82327329191922,24.56279557286648],[46.82354505014797,24.56292421512633]]]}},{"type":"Feature","properties":{"plan_no":"2705/5","plan_id":"2620","block_no":"29","parcel_no":"319","parcel_id":14316185,"object_id":6236974,"area_m2":930.00051707},"geometry":{"type":"Polygon","coordinates":[[[46.82327329191922,24.56279557286648],[46.82313713849151,24.56303608410933],[46.82286538037885,24.56290744110491],[46.82300153422062,24.562666930081782],[46.82327329191922,24.56279557286648]]]}},{"type":"Feature","properties":{"plan_no":"2705/5","plan_id":"2620","block_no":"29","parcel_no":"320","parcel_id":14317381,"object_id":6238576,"area_m2":930.002570515},"geometry":{"type":"Polygon","coordinates":[[[46.82300153422062,24.562666930081782],[46.82286538037885,24.56290744110491],[46.82259362180933,24.5627787975876],[46.82272977705217,24.562538286772245],[46.82300153422062,24.562666930081782]]]}},{"type":"Feature","properties":{"plan_no":"2705/5","plan_id":"2620","block_no":"29","parcel_no":"321","parcel_id":14318231,"object_id":6199608,"area_m2":930.00259129},"geometry":{"type":"Polygon","coordinates":[[[46.82272977705217,24.562538286772245],[46.82259362180933,24.5627787975876],[46.82232186574401,24.562650153521563],[46.8224580194138,24.56240964204713],[46.82272977705217,24.562538286772245]]]}},{"type":"Feature","properties":{"plan_no":"2705/5","plan_id":"2620","block_no":"29","parcel_no":"322","parcel_id":14317439,"object_id":6208271,"area_m2":930.00384325},"geometry":{"type":"Polygon","coordinates":[[[46.8224580194138,24.56240964204713],[46.82232186574401,24.562650153521563],[46.82205010823481,24.56252150895457],[46.82218626330565,24.56228099768793],[46.8224580194138,24.56240964204713]]]}},{"type":"Feature","properties":{"plan_no":"2705/5","plan_id":"2620","block_no":"29","parcel_no":"323","parcel_id":14317819,"object_id":6199379,"area_m2":930.00325106},"geometry":{"type":"Polygon","coordinates":[[[46.82218626330565,24.56228099768793],[46.82205010823481,24.56252150895457],[46.821778352242795,24.562392863850846],[46.821914507727655,24.562152352803913],[46.82218626330565,24.56228099768793]]]}},{"type":"Feature","properties":{"plan_no":"2705/5","plan_id":"2620","block_no":"29","parcel_no":"324","parcel_id":14316839,"object_id":6231776,"area_m2":930.005236925},"geometry":{"type":"Polygon","coordinates":[[[46.821914507727655,24.562152352803913],[46.821778352242795,24.562392863850846],[46.82150659578088,24.56226421733152],[46.8216427516928,24.562023707407057],[46.821914507727655,24.562152352803913]]]}},{"type":"Feature","properties":{"plan_no":"2705/5","plan_id":"2620","block_no":"29","parcel_no":"325","parcel_id":14317153,"object_id":6146851,"area_m2":930.00051707},"geometry":{"type":"Polygon","coordinates":[[[46.8216427516928,24.562023707407057],[46.82150659578088,24.56226421733152],[46.821234840849186,24.562135571178164],[46.821370997175116,24.561895061473436],[46.8216427516928,24.562023707407057]]]}},{"type":"Feature","properties":{"plan_no":"2705/5","plan_id":"2620","block_no":"29","parcel_no":"326","parcel_id":14318511,"object_id":7324488,"area_m2":930.00051707},"geometry":{"type":"Polygon","coordinates":[[[46.821370997175116,24.561895061473436],[46.821234840849186,24.562135571178164],[46.82096308644767,24.562006924500015],[46.82109924318759,24.561766415015033],[46.821370997175116,24.561895061473436]]]}},{"type":"Feature","properties":{"plan_no":"2705/5","plan_id":"2620","block_no":"29","parcel_no":"327","parcel_id":14316339,"object_id":6209845,"area_m2":1084.99662012},"geometry":{"type":"Polygon","coordinates":[[[46.82152984445374,24.561614467457485],[46.821370997175116,24.561895061473436],[46.82109924318759,24.561766415015033],[46.8212580909492,24.561485821255452],[46.82152984445374,24.561614467457485]]]}},{"type":"Feature","properties":{"plan_no":"2705/5","plan_id":"2620","block_no":"29","parcel_no":"328","parcel_id":14318687,"object_id":6179939,"area_m2":1084.99889403},"geometry":{"type":"Polygon","coordinates":[[[46.82180159947545,24.561743113122812],[46.8216427516928,24.562023707407057],[46.821370997175116,24.561895061473436],[46.82152984445374,24.561614467457485],[46.82180159947545,24.561743113122812]]]}},{"type":"Feature","properties":{"plan_no":"2705/5","plan_id":"2620","block_no":"29","parcel_no":"329","parcel_id":14317481,"object_id":6232918,"area_m2":1084.99889403},"geometry":{"type":"Polygon","coordinates":[[[46.82207335404028,24.56187175827528],[46.821914507727655,24.562152352803913],[46.8216427516928,24.562023707407057],[46.82180159947545,24.561743113122812],[46.82207335404028,24.56187175827528]]]}},{"type":"Feature","properties":{"plan_no":"2705/5","plan_id":"2620","block_no":"29","parcel_no":"330","parcel_id":14315587,"object_id":6230095,"area_m2":1084.99662012},"geometry":{"type":"Polygon","coordinates":[[[46.822345109135256,24.56200040290294],[46.82218626330565,24.56228099768793],[46.821914507727655,24.562152352803913],[46.82207335404028,24.56187175827528],[46.822345109135256,24.56200040290294]]]}},{"type":"Feature","properties":{"plan_no":"2705/5","plan_id":"2620","block_no":"29","parcel_no":"331","parcel_id":14318949,"object_id":7217476,"area_m2":1084.99662012},"geometry":{"type":"Polygon","coordinates":[[[46.82261686476036,24.562129047005776],[46.8224580194138,24.56240964204713],[46.82218626330565,24.56228099768793],[46.822345109135256,24.56200040290294],[46.82261686476036,24.562129047005776]]]}},{"type":"Feature","properties":{"plan_no":"2705/5","plan_id":"2620","block_no":"29","parcel_no":"332","parcel_id":14314943,"object_id":6196922,"area_m2":1085.00135686},"geometry":{"type":"Polygon","coordinates":[[[46.822888621915695,24.562257691474564],[46.82272977705217,24.562538286772245],[46.8224580194138,24.56240964204713],[46.82261686476036,24.562129047005776],[46.822888621915695,24.562257691474564]]]}},{"type":"Feature","properties":{"plan_no":"2705/5","plan_id":"2620","block_no":"29","parcel_no":"333","parcel_id":14319157,"object_id":6198192,"area_m2":1084.99662012},"geometry":{"type":"Polygon","coordinates":[[[46.823160378601095,24.562386334527762],[46.82300153422062,24.562666930081782],[46.82272977705217,24.562538286772245],[46.822888621915695,24.562257691474564],[46.823160378601095,24.562386334527762]]]}},{"type":"Feature","properties":{"plan_no":"2705/5","plan_id":"2620","block_no":"29","parcel_no":"334","parcel_id":14317397,"object_id":6197054,"area_m2":1079.371596055},"geometry":{"type":"Polygon","coordinates":[[[46.82340254952921,24.56250097153326],[46.823412410966306,24.562505640049537],[46.82340106499541,24.56252568273958],[46.823420789848235,24.562535019747475],[46.82341511637577,24.562545041550212],[46.82327329191922,24.56279557286648],[46.82300153422062,24.562666930081782],[46.823160378601095,24.562386334527762],[46.82340254952921,24.56250097153326]]]}},{"type":"Feature","properties":{"plan_no":"2705/5","plan_id":"2620","block_no":"29","parcel_no":"335","parcel_id":14316963,"object_id":6176980,"area_m2":1079.37151331},"geometry":{"type":"Polygon","coordinates":[[[46.823703893562296,24.562643619059624],[46.82354505014797,24.56292421512633],[46.82327329191922,24.56279557286648],[46.82341511637577,24.562545041550212],[46.823420789848235,24.562535019747475],[46.823440513716825,24.56254435676455],[46.82345185968272,24.56252431407188],[46.823461722110316,24.562528982572733],[46.823703893562296,24.562643619059624]]]}},{"type":"Feature","properties":{"plan_no":"2705/5","plan_id":"2620","block_no":"29","parcel_no":"336","parcel_id":14318675,"object_id":6234058,"area_m2":1085.00135686},"geometry":{"type":"Polygon","coordinates":[[[46.82397565283818,24.56277226142904],[46.82381680990694,24.56305285775206],[46.82354505014797,24.56292421512633],[46.823703893562296,24.562643619059624],[46.82397565283818,24.56277226142904]]]}},{"type":"Feature","properties":{"plan_no":"2705/5","plan_id":"2620","block_no":"29","parcel_no":"337","parcel_id":14318753,"object_id":6199115,"area_m2":1084.99580747},"geometry":{"type":"Polygon","coordinates":[[[46.82424741164411,24.562900902382832],[46.82408856820896,24.56318149897413],[46.82381680990694,24.56305285775206],[46.82397565283818,24.56277226142904],[46.82424741164411,24.562900902382832]]]}},{"type":"Feature","properties":{"plan_no":"2705/5","plan_id":"2620","block_no":"29","parcel_no":"338","parcel_id":14316491,"object_id":6167813,"area_m2":1179.904810235},"geometry":{"type":"Polygon","coordinates":[[[46.82424741164411,24.562900902382832],[46.824582152057495,24.563059355417252],[46.824585559996564,24.563106001044442],[46.82430660601505,24.563284709282865],[46.82408856820896,24.56318149897413],[46.82424741164411,24.562900902382832]]]}},{"type":"Feature","properties":{"plan_no":"2705/5","plan_id":"2620","block_no":"30","parcel_no":"339","parcel_id":14315241,"object_id":6196251,"area_m2":981.125407185},"geometry":{"type":"Polygon","coordinates":[[[46.8222770658796,24.565246215468836],[46.82211707611236,24.56534870683107],[46.82184528492627,24.565220048155624],[46.82183949355247,24.56514075040289],[46.82207885307713,24.564987415401166],[46.8222770658796,24.565246215468836]]]}},{"type":"Feature","properties":{"plan_no":"2705/5","plan_id":"2620","block_no":"30","parcel_no":"340","parcel_id":14317545,"object_id":6229496,"area_m2":1049.998038845},"geometry":{"type":"Polygon","coordinates":[[[46.82251961865947,24.5650908340965],[46.8222770658796,24.565246215468836],[46.82207885307713,24.564987415401166],[46.82232140466049,24.564832034369783],[46.82251961865947,24.5650908340965]]]}},{"type":"Feature","properties":{"plan_no":"2705/5","plan_id":"2620","block_no":"30","parcel_no":"341","parcel_id":14317313,"object_id":6146854,"area_m2":1050.002554405},"geometry":{"type":"Polygon","coordinates":[[[46.822762170827,24.564935452365216],[46.82251961865947,24.5650908340965],[46.82232140466049,24.564832034369783],[46.82256395660549,24.5646766520648],[46.822762170827,24.564935452365216]]]}},{"type":"Feature","properties":{"plan_no":"2705/5","plan_id":"2620","block_no":"30","parcel_no":"342","parcel_id":14315165,"object_id":6235862,"area_m2":1050.00280931},"geometry":{"type":"Polygon","coordinates":[[[46.82300472238216,24.564780070274974],[46.822762170827,24.564935452365216],[46.82256395660549,24.5646766520648],[46.82280650795119,24.56452127030357],[46.82300472238216,24.564780070274974]]]}},{"type":"Feature","properties":{"plan_no":"2705/5","plan_id":"2620","block_no":"30","parcel_no":"343","parcel_id":14318249,"object_id":6146361,"area_m2":1049.9999163},"geometry":{"type":"Polygon","coordinates":[[[46.823247272337944,24.56462468783774],[46.82300472238216,24.564780070274974],[46.82280650795119,24.56452127030357],[46.82304905769753,24.564365888195336],[46.823247272337944,24.56462468783774]]]}},{"type":"Feature","properties":{"plan_no":"2705/5","plan_id":"2620","block_no":"30","parcel_no":"344","parcel_id":14316073,"object_id":6196581,"area_m2":1050.00280931},"geometry":{"type":"Polygon","coordinates":[[[46.82348982266841,24.564469305029622],[46.823247272337944,24.56462468783774],[46.82304905769753,24.564365888195336],[46.82329160781855,24.56421050571623],[46.82348982266841,24.564469305029622]]]}},{"type":"Feature","properties":{"plan_no":"2705/5","plan_id":"2620","block_no":"30","parcel_no":"345","parcel_id":14317347,"object_id":6179575,"area_m2":1044.3786769950002},"geometry":{"type":"Polygon","coordinates":[[[46.82373237237345,24.564313920959883],[46.82348982266841,24.564469305029622],[46.82329160781855,24.56421050571623],[46.82350687038331,24.564072603004547],[46.8235159660278,24.56406677599537],[46.82353012442439,24.564085261324415],[46.82354831572494,24.56407360820548],[46.823555394431885,24.564082850874506],[46.82373237237345,24.564313920959883]]]}},{"type":"Feature","properties":{"plan_no":"2705/5","plan_id":"2620","block_no":"30","parcel_no":"346","parcel_id":14317505,"object_id":6156155,"area_m2":1044.37217319},"geometry":{"type":"Polygon","coordinates":[[[46.82397492049219,24.56415853744588],[46.82373237237345,24.564313920959883],[46.823555394431885,24.564082850874506],[46.82354831572494,24.56407360820548],[46.82356650702206,24.564061955084526],[46.82355234861015,24.564043468856305],[46.823561443276354,24.56403764275924],[46.82377670523655,24.563899739693202],[46.82397492049219,24.56415853744588]]]}},{"type":"Feature","properties":{"plan_no":"2705/5","plan_id":"2620","block_no":"30","parcel_no":"347","parcel_id":14315471,"object_id":6238191,"area_m2":1050.002554405},"geometry":{"type":"Polygon","coordinates":[[[46.82421746898561,24.564003153561014],[46.82397492049219,24.56415853744588],[46.82377670523655,24.563899739693202],[46.824019253507494,24.563744355234643],[46.82421746898561,24.564003153561014]]]}},{"type":"Feature","properties":{"plan_no":"2705/5","plan_id":"2620","block_no":"30","parcel_no":"348","parcel_id":14316143,"object_id":6196739,"area_m2":1050.00280931},"geometry":{"type":"Polygon","coordinates":[[[46.82446001686669,24.563847769317256],[46.82421746898561,24.564003153561014],[46.824019253507494,24.563744355234643],[46.824261801179176,24.56358897131989],[46.82446001686669,24.563847769317256]]]}},{"type":"Feature","properties":{"plan_no":"2705/5","plan_id":"2620","block_no":"30","parcel_no":"349","parcel_id":14318849,"object_id":6235706,"area_m2":1050.00280931},"geometry":{"type":"Polygon","coordinates":[[[46.82470256413543,24.563692384714606],[46.82446001686669,24.563847769317256],[46.824261801179176,24.56358897131989],[46.82450434823853,24.563433587046248],[46.82470256413543,24.563692384714606]]]}},{"type":"Feature","properties":{"plan_no":"2705/5","plan_id":"2620","block_no":"30","parcel_no":"350","parcel_id":14315453,"object_id":6208513,"area_m2":1049.9999163},"geometry":{"type":"Polygon","coordinates":[[[46.824945109804816,24.563536999765027],[46.82470256413543,24.563692384714606],[46.82450434823853,24.563433587046248],[46.82474689369853,24.563278202425675],[46.824945109804816,24.563536999765027]]]}},{"type":"Feature","properties":{"plan_no":"2705/5","plan_id":"2620","block_no":"30","parcel_no":"351","parcel_id":14319179,"object_id":6155225,"area_m2":1050.00280931},"geometry":{"type":"Polygon","coordinates":[[[46.825187655848886,24.56338161444462],[46.824945109804816,24.563536999765027],[46.82474689369853,24.563278202425675],[46.82498943953324,24.563122817434277],[46.825187655848886,24.56338161444462]]]}},{"type":"Feature","properties":{"plan_no":"2705/5","plan_id":"2620","block_no":"30","parcel_no":"352","parcel_id":14317457,"object_id":6156527,"area_m2":1050.00477922},"geometry":{"type":"Polygon","coordinates":[[[46.82543020126755,24.563226227862643],[46.825187655848886,24.56338161444462],[46.82498943953324,24.563122817434277],[46.82523198474255,24.562967431181292],[46.82543020126755,24.563226227862643]]]}},{"type":"Feature","properties":{"plan_no":"2705/5","plan_id":"2620","block_no":"30","parcel_no":"353","parcel_id":14316063,"object_id":6229500,"area_m2":1049.9999163},"geometry":{"type":"Polygon","coordinates":[[[46.82567274509995,24.563070841836478],[46.82543020126755,24.563226227862643],[46.82523198474255,24.562967431181292],[46.825474528365596,24.56281204548413],[46.82567274509995,24.563070841836478]]]}},{"type":"Feature","properties":{"plan_no":"2705/5","plan_id":"2620","block_no":"30","parcel_no":"354","parcel_id":14316929,"object_id":6231779,"area_m2":1050.002554405},"geometry":{"type":"Polygon","coordinates":[[[46.82591528929395,24.562915454536782],[46.82567274509995,24.563070841836478],[46.825474528365596,24.56281204548413],[46.825717072363354,24.562656659416163],[46.82591528929395,24.562915454536782]]]}},{"type":"Feature","properties":{"plan_no":"2705/5","plan_id":"2620","block_no":"30","parcel_no":"355","parcel_id":14317495,"object_id":6167737,"area_m2":1399.99947512},"geometry":{"type":"Polygon","coordinates":[[[46.82623868028856,24.56270827211994],[46.82591528929395,24.562915454536782],[46.825717072363354,24.562656659416163],[46.82604046307887,24.562449477437998],[46.82623868028856,24.56270827211994]]]}},{"type":"Feature","properties":{"plan_no":"2705/5","plan_id":"2620","block_no":"30","parcel_no":"356","parcel_id":14318211,"object_id":6199606,"area_m2":1200.00047456},"geometry":{"type":"Polygon","coordinates":[[[46.82623868028856,24.56270827211994],[46.826408581001836,24.562930096401814],[46.826085189768,24.563137279194688],[46.82591528929395,24.562915454536782],[46.82623868028856,24.56270827211994]]]}},{"type":"Feature","properties":{"plan_no":"2705/5","plan_id":"2620","block_no":"30","parcel_no":"357","parcel_id":14318263,"object_id":6167574,"area_m2":900.000580235},"geometry":{"type":"Polygon","coordinates":[[[46.826085189768,24.563137279194688],[46.825842645381485,24.563292665873675],[46.82567274509995,24.563070841836478],[46.82591528929395,24.562915454536782],[46.826085189768,24.563137279194688]]]}},{"type":"Feature","properties":{"plan_no":"2705/5","plan_id":"2620","block_no":"30","parcel_no":"358","parcel_id":14315927,"object_id":6348174,"area_m2":899.99849613},"geometry":{"type":"Polygon","coordinates":[[[46.825842645381485,24.563292665873675],[46.82560010039572,24.563448053096515],[46.82543020126755,24.563226227862643],[46.82567274509995,24.563070841836478],[46.825842645381485,24.563292665873675]]]}},{"type":"Feature","properties":{"plan_no":"2705/5","plan_id":"2620","block_no":"30","parcel_no":"359","parcel_id":14318517,"object_id":6146271,"area_m2":899.99849613},"geometry":{"type":"Polygon","coordinates":[[[46.82560010039572,24.563448053096515],[46.82535755577155,24.56360343904584],[46.825187655848886,24.56338161444462],[46.82543020126755,24.563226227862643],[46.82560010039572,24.563448053096515]]]}},{"type":"Feature","properties":{"plan_no":"2705/5","plan_id":"2620","block_no":"30","parcel_no":"360","parcel_id":14317725,"object_id":6167990,"area_m2":899.99849613},"geometry":{"type":"Polygon","coordinates":[[[46.82535755577155,24.56360343904584],[46.82511500954802,24.563758824648254],[46.824945109804816,24.563536999765027],[46.825187655848886,24.56338161444462],[46.82535755577155,24.56360343904584]]]}},{"type":"Feature","properties":{"plan_no":"2705/5","plan_id":"2620","block_no":"30","parcel_no":"361","parcel_id":14316027,"object_id":6156176,"area_m2":899.99641203},"geometry":{"type":"Polygon","coordinates":[[[46.82511500954802,24.563758824648254],[46.82487246271216,24.5639142098918],[46.82470256413543,24.563692384714606],[46.824945109804816,24.563536999765027],[46.82511500954802,24.563758824648254]]]}},{"type":"Feature","properties":{"plan_no":"2705/5","plan_id":"2620","block_no":"30","parcel_no":"362","parcel_id":14315429,"object_id":6177027,"area_m2":899.99641203},"geometry":{"type":"Polygon","coordinates":[[[46.82487246271216,24.5639142098918],[46.82462991625096,24.5640695947645],[46.82446001686669,24.563847769317256],[46.82470256413543,24.563692384714606],[46.82487246271216,24.5639142098918]]]}},{"type":"Feature","properties":{"plan_no":"2705/5","plan_id":"2620","block_no":"30","parcel_no":"363","parcel_id":14318713,"object_id":6234261,"area_m2":899.99849613},"geometry":{"type":"Polygon","coordinates":[[[46.82462991625096,24.5640695947645],[46.82438736819041,24.564224979290273],[46.82421746898561,24.564003153561014],[46.82446001686669,24.563847769317256],[46.82462991625096,24.5640695947645]]]}},{"type":"Feature","properties":{"plan_no":"2705/5","plan_id":"2620","block_no":"30","parcel_no":"364","parcel_id":14316153,"object_id":6238644,"area_m2":900.000580235},"geometry":{"type":"Polygon","coordinates":[[[46.82438736819041,24.564224979290273],[46.82414481953057,24.564380364359845],[46.82397492049219,24.56415853744588],[46.82421746898561,24.564003153561014],[46.82438736819041,24.564224979290273]]]}},{"type":"Feature","properties":{"plan_no":"2705/5","plan_id":"2620","block_no":"30","parcel_no":"365","parcel_id":14318933,"object_id":6238859,"area_m2":899.99849613},"geometry":{"type":"Polygon","coordinates":[[[46.82414481953057,24.564380364359845],[46.82390227123233,24.56453574815586],[46.82373237237345,24.564313920959883],[46.82397492049219,24.56415853744588],[46.82414481953057,24.564380364359845]]]}},{"type":"Feature","properties":{"plan_no":"2705/5","plan_id":"2620","block_no":"30","parcel_no":"366","parcel_id":14315655,"object_id":7189227,"area_m2":900.000580235},"geometry":{"type":"Polygon","coordinates":[[[46.82390227123233,24.56453574815586],[46.82365972133471,24.56469113160491],[46.82348982266841,24.564469305029622],[46.82373237237345,24.564313920959883],[46.82390227123233,24.56453574815586]]]}},{"type":"Feature","properties":{"plan_no":"2705/5","plan_id":"2620","block_no":"30","parcel_no":"367","parcel_id":14315723,"object_id":6209209,"area_m2":894.37731505},"geometry":{"type":"Polygon","coordinates":[[[46.82344445894251,24.564829035466914],[46.823435363241835,24.564834862474605],[46.82342120476661,24.56481637714249],[46.823403014363876,24.564828032045366],[46.823395941661694,24.56481879742447],[46.823247272337944,24.56462468783774],[46.82348982266841,24.564469305029622],[46.82365972133471,24.56469113160491],[46.82344445894251,24.564829035466914]]]}},{"type":"Feature","properties":{"plan_no":"2705/5","plan_id":"2620","block_no":"30","parcel_no":"368","parcel_id":14318165,"object_id":6383149,"area_m2":894.379652235},"geometry":{"type":"Polygon","coordinates":[[[46.823395941661694,24.56481879742447],[46.823403014363876,24.564828032045366],[46.82338482495779,24.564839687836972],[46.82339898144366,24.564858172293807],[46.8233898886867,24.56486399836045],[46.82317462068943,24.56500189741428],[46.82300472238216,24.564780070274974],[46.823247272337944,24.56462468783774],[46.823395941661694,24.56481879742447]]]}},{"type":"Feature","properties":{"plan_no":"2705/5","plan_id":"2620","block_no":"30","parcel_no":"369","parcel_id":14317729,"object_id":6199156,"area_m2":899.99849613},"geometry":{"type":"Polygon","coordinates":[[[46.82317462068943,24.56500189741428],[46.82293206895473,24.565157279786526],[46.822762170827,24.564935452365216],[46.82300472238216,24.564780070274974],[46.82317462068943,24.56500189741428]]]}},{"type":"Feature","properties":{"plan_no":"2705/5","plan_id":"2620","block_no":"30","parcel_no":"370","parcel_id":14317109,"object_id":6208043,"area_m2":900.000580235},"geometry":{"type":"Polygon","coordinates":[[[46.82293206895473,24.565157279786526],[46.82268951662072,24.565312662702535],[46.82251961865947,24.5650908340965],[46.822762170827,24.564935452365216],[46.82293206895473,24.565157279786526]]]}},{"type":"Feature","properties":{"plan_no":"2705/5","plan_id":"2620","block_no":"30","parcel_no":"371","parcel_id":14317015,"object_id":6146801,"area_m2":1258.1492200950001},"geometry":{"type":"Polygon","coordinates":[[[46.82268951662072,24.565312662702535],[46.822413910089985,24.565489219051997],[46.82211707611236,24.56534870683107],[46.8222770658796,24.565246215468836],[46.82251961865947,24.5650908340965],[46.82268951662072,24.565312662702535]]]}},{"type":"Feature","properties":{"plan_no":"2705/5","plan_id":"2620","block_no":"31","parcel_no":"372","parcel_id":14316925,"object_id":7171341,"area_m2":1439.99790272},"geometry":{"type":"Polygon","coordinates":[[[46.82465643852585,24.562433776657503],[46.82445221329191,24.562794544654512],[46.824171688452054,24.56266175412552],[46.824375914327156,24.56230098646871],[46.82465643852585,24.562433776657503]]]}},{"type":"Feature","properties":{"plan_no":"2705/5","plan_id":"2620","block_no":"31","parcel_no":"373","parcel_id":14318679,"object_id":6169948,"area_m2":1440.01052046},"geometry":{"type":"Polygon","coordinates":[[[46.824375914327156,24.56230098646871],[46.824171688452054,24.56266175412552],[46.823891161242166,24.562528964878528],[46.82409538969326,24.562168194829884],[46.824375914327156,24.56230098646871]]]}},{"type":"Feature","properties":{"plan_no":"2705/5","plan_id":"2620","block_no":"31","parcel_no":"374","parcel_id":14318441,"object_id":6208458,"area_m2":1440.009736305},"geometry":{"type":"Polygon","coordinates":[[[46.82409538969326,24.562168194829884],[46.823891161242166,24.562528964878528],[46.82361063754514,24.562396174133696],[46.823814866624296,24.562035403522557],[46.82409538969326,24.562168194829884]]]}},{"type":"Feature","properties":{"plan_no":"2705/5","plan_id":"2620","block_no":"31","parcel_no":"375","parcel_id":14315879,"object_id":6209425,"area_m2":1440.011857995},"geometry":{"type":"Polygon","coordinates":[[[46.823814866624296,24.562035403522557],[46.82361063754514,24.562396174133696],[46.82333011438685,24.56226338102421],[46.823534344120205,24.56190261165597],[46.823814866624296,24.562035403522557]]]}},{"type":"Feature","properties":{"plan_no":"2705/5","plan_id":"2620","block_no":"31","parcel_no":"376","parcel_id":14315827,"object_id":6155815,"area_m2":1440.01926541},"geometry":{"type":"Polygon","coordinates":[[[46.823534344120205,24.56190261165597],[46.82333011438685,24.56226338102421],[46.82304958985861,24.56213059008749],[46.823253821180906,24.56176981833939],[46.823534344120205,24.56190261165597]]]}},{"type":"Feature","properties":{"plan_no":"2705/5","plan_id":"2620","block_no":"31","parcel_no":"377","parcel_id":14318627,"object_id":7190753,"area_m2":1440.01627231},"geometry":{"type":"Polygon","coordinates":[[[46.822973299806556,24.561637025354344],[46.823253821180906,24.56176981833939],[46.82304958985861,24.56213059008749],[46.82276906881712,24.561997795847585],[46.822973299806556,24.561637025354344]]]}},{"type":"Feature","properties":{"plan_no":"2705/5","plan_id":"2620","block_no":"31","parcel_no":"378","parcel_id":14315161,"object_id":6235861,"area_m2":1440.01194173},"geometry":{"type":"Polygon","coordinates":[[[46.822973299806556,24.561637025354344],[46.82276906881712,24.561997795847585],[46.82248854834051,24.56186500104847],[46.82269277899707,24.561504231810066],[46.822973299806556,24.561637025354344]]]}},{"type":"Feature","properties":{"plan_no":"2705/5","plan_id":"2620","block_no":"31","parcel_no":"379","parcel_id":14318543,"object_id":6169774,"area_m2":1350.01331018},"geometry":{"type":"Polygon","coordinates":[[[46.82269277899707,24.561504231810066],[46.82248854834051,24.56186500104847],[46.82222555935718,24.561740504927293],[46.822429790627794,24.561379736910542],[46.82269277899707,24.561504231810066]]]}},{"type":"Feature","properties":{"plan_no":"2705/5","plan_id":"2620","block_no":"31","parcel_no":"380","parcel_id":14318529,"object_id":6235691,"area_m2":1350.00797308},"geometry":{"type":"Polygon","coordinates":[[[46.822429790627794,24.561379736910542],[46.82222555935718,24.561740504927293],[46.821962571857355,24.56161600830269],[46.82216680275499,24.56125524151953],[46.822429790627794,24.561379736910542]]]}},{"type":"Feature","properties":{"plan_no":"2705/5","plan_id":"2620","block_no":"31","parcel_no":"381","parcel_id":14318499,"object_id":6208463,"area_m2":1350.006604445},"geometry":{"type":"Polygon","coordinates":[[[46.82216680275499,24.56125524151953],[46.821962571857355,24.56161600830269],[46.82169958386701,24.56149151119854],[46.82190381537867,24.56113074563703],[46.82216680275499,24.56125524151953]]]}},{"type":"Feature","properties":{"plan_no":"2705/5","plan_id":"2620","block_no":"31","parcel_no":"382","parcel_id":14317011,"object_id":6179350,"area_m2":1164.447962725},"geometry":{"type":"Polygon","coordinates":[[[46.82234296156152,24.560944061509765],[46.82216680275499,24.56125524151953],[46.82190381537867,24.56113074563703],[46.82207997471661,24.56081956680508],[46.82234296156152,24.560944061509765]]]}},{"type":"Feature","properties":{"plan_no":"2705/5","plan_id":"2620","block_no":"31","parcel_no":"383","parcel_id":14315839,"object_id":6145467,"area_m2":1164.45020065},"geometry":{"type":"Polygon","coordinates":[[[46.82260594891594,24.561068556625663],[46.822429790627794,24.561379736910542],[46.82216680275499,24.56125524151953],[46.82234296156152,24.560944061509765],[46.82260594891594,24.561068556625663]]]}},{"type":"Feature","properties":{"plan_no":"2705/5","plan_id":"2620","block_no":"31","parcel_no":"384","parcel_id":14316121,"object_id":6177056,"area_m2":1164.45020065},"geometry":{"type":"Polygon","coordinates":[[[46.82286893676683,24.56119305125009],[46.82269277899707,24.561504231810066],[46.822429790627794,24.561379736910542],[46.82260594891594,24.561068556625663],[46.82286893676683,24.56119305125009]]]}},{"type":"Feature","properties":{"plan_no":"2705/5","plan_id":"2620","block_no":"31","parcel_no":"385","parcel_id":14315689,"object_id":6200729,"area_m2":1242.0769559999999},"geometry":{"type":"Polygon","coordinates":[[[46.82314945702335,24.561325844500935],[46.822973299806556,24.561637025354344],[46.82269277899707,24.561504231810066],[46.82286893676683,24.56119305125009],[46.82314945702335,24.561325844500935]]]}},{"type":"Feature","properties":{"plan_no":"2705/5","plan_id":"2620","block_no":"31","parcel_no":"386","parcel_id":14318993,"object_id":6238863,"area_m2":1242.0794217},"geometry":{"type":"Polygon","coordinates":[[[46.82342997883174,24.5614586371806],[46.823253821180906,24.56176981833939],[46.822973299806556,24.561637025354344],[46.82314945702335,24.561325844500935],[46.82342997883174,24.5614586371806]]]}},{"type":"Feature","properties":{"plan_no":"2705/5","plan_id":"2620","block_no":"31","parcel_no":"387","parcel_id":14315851,"object_id":6200735,"area_m2":1242.08667923},"geometry":{"type":"Polygon","coordinates":[[[46.82371050219199,24.561591429289106],[46.823534344120205,24.56190261165597],[46.823253821180906,24.56176981833939],[46.82342997883174,24.5614586371806],[46.82371050219199,24.561591429289106]]]}},{"type":"Feature","properties":{"plan_no":"2705/5","plan_id":"2620","block_no":"31","parcel_no":"388","parcel_id":14318695,"object_id":6146542,"area_m2":1242.083291035},"geometry":{"type":"Polygon","coordinates":[[[46.82399102413003,24.561724219959558],[46.823814866624296,24.562035403522557],[46.823534344120205,24.56190261165597],[46.82371050219199,24.561591429289106],[46.82399102413003,24.561724219959558]]]}},{"type":"Feature","properties":{"plan_no":"2705/5","plan_id":"2620","block_no":"31","parcel_no":"389","parcel_id":14319081,"object_id":6222718,"area_m2":1242.08561716},"geometry":{"type":"Polygon","coordinates":[[[46.82427154664597,24.56185701097346],[46.82409538969326,24.562168194829884],[46.823814866624296,24.562035403522557],[46.82399102413003,24.561724219959558],[46.82427154664597,24.56185701097346]]]}},{"type":"Feature","properties":{"plan_no":"2705/5","plan_id":"2620","block_no":"31","parcel_no":"390","parcel_id":14316961,"object_id":6196444,"area_m2":1242.09136631},"geometry":{"type":"Polygon","coordinates":[[[46.82455207071377,24.561989801416164],[46.824375914327156,24.56230098646871],[46.82409538969326,24.562168194829884],[46.82427154664597,24.56185701097346],[46.82455207071377,24.561989801416164]]]}},{"type":"Feature","properties":{"plan_no":"2705/5","plan_id":"2620","block_no":"31","parcel_no":"391","parcel_id":14316049,"object_id":6156179,"area_m2":1242.088935395},"geometry":{"type":"Polygon","coordinates":[[[46.82455207071377,24.561989801416164],[46.824832594346354,24.562122590408837],[46.82465643852585,24.562433776657503],[46.824375914327156,24.56230098646871],[46.82455207071377,24.561989801416164]]]}},{"type":"Feature","properties":{"plan_no":"2705/5","plan_id":"2620","block_no":"32","parcel_no":"392","parcel_id":14319051,"object_id":6211024,"area_m2":1302.593168},"geometry":{"type":"Polygon","coordinates":[[[46.82495402026282,24.561633022535485],[46.82484594141458,24.561823948566282],[46.82471289525147,24.561862622429405],[46.82444990437123,24.561738132126045],[46.8246033665811,24.561467036190002],[46.82495402026282,24.561633022535485]]]}},{"type":"Feature","properties":{"plan_no":"2705/5","plan_id":"2620","block_no":"32","parcel_no":"393","parcel_id":14317437,"object_id":6179742,"area_m2":1115.89116564},"geometry":{"type":"Polygon","coordinates":[[[46.8246033665811,24.561467036190002],[46.82444990437123,24.561738132126045],[46.824160614965905,24.561601191502486],[46.82431407767261,24.561330095830026],[46.8246033665811,24.561467036190002]]]}},{"type":"Feature","properties":{"plan_no":"2705/5","plan_id":"2620","block_no":"32","parcel_no":"394","parcel_id":14318837,"object_id":6199300,"area_m2":1115.891823675},"geometry":{"type":"Polygon","coordinates":[[[46.82431407767261,24.561330095830026],[46.824160614965905,24.561601191502486],[46.82387132617434,24.56146425118686],[46.8240247893648,24.561193154875312],[46.82431407767261,24.561330095830026]]]}},{"type":"Feature","properties":{"plan_no":"2705/5","plan_id":"2620","block_no":"32","parcel_no":"395","parcel_id":14318991,"object_id":6222927,"area_m2":1115.89407602},"geometry":{"type":"Polygon","coordinates":[[[46.8240247893648,24.561193154875312],[46.82387132617434,24.56146425118686],[46.82358203797042,24.561327309373812],[46.82373550165768,24.56105621332586],[46.8240247893648,24.561193154875312]]]}},{"type":"Feature","properties":{"plan_no":"2705/5","plan_id":"2620","block_no":"32","parcel_no":"396","parcel_id":14315829,"object_id":6164984,"area_m2":1115.89407602},"geometry":{"type":"Polygon","coordinates":[[[46.82373550165768,24.56105621332586],[46.82358203797042,24.561327309373812],[46.8232927503672,24.561190366966017],[46.823446214551254,24.560919271181696],[46.82373550165768,24.56105621332586]]]}},{"type":"Feature","properties":{"plan_no":"2705/5","plan_id":"2620","block_no":"32","parcel_no":"397","parcel_id":14317101,"object_id":6179355,"area_m2":1115.891768445},"geometry":{"type":"Polygon","coordinates":[[[46.823446214551254,24.560919271181696],[46.8232927503672,24.561190366966017],[46.823003463377745,24.561053424866223],[46.823156929045595,24.560782329333552],[46.823446214551254,24.560919271181696]]]}},{"type":"Feature","properties":{"plan_no":"2705/5","plan_id":"2620","block_no":"32","parcel_no":"398","parcel_id":14315837,"object_id":6231791,"area_m2":1115.89634482},"geometry":{"type":"Polygon","coordinates":[[[46.823156929045595,24.560782329333552],[46.823003463377745,24.561053424866223],[46.82271417697594,24.560916481269008],[46.822867642153554,24.56064538601192],[46.823156929045595,24.560782329333552]]]}},{"type":"Feature","properties":{"plan_no":"2705/5","plan_id":"2620","block_no":"32","parcel_no":"399","parcel_id":14317949,"object_id":6239043,"area_m2":1048.262365},"geometry":{"type":"Polygon","coordinates":[[[46.822867642153554,24.56064538601192],[46.82271417697594,24.560916481269008],[46.822442423965875,24.560787837175717],[46.822595889610135,24.56051674216627],[46.822867642153554,24.56064538601192]]]}},{"type":"Feature","properties":{"plan_no":"2705/5","plan_id":"2620","block_no":"32","parcel_no":"400","parcel_id":14316313,"object_id":6200983,"area_m2":1048.262365},"geometry":{"type":"Polygon","coordinates":[[[46.822595889610135,24.56051674216627],[46.822442423965875,24.560787837175717],[46.82217067148591,24.560659192557655],[46.8223241375968,24.560388097795833],[46.822595889610135,24.56051674216627]]]}},{"type":"Feature","properties":{"plan_no":"2705/5","plan_id":"2620","block_no":"32","parcel_no":"401","parcel_id":14318121,"object_id":6212920,"area_m2":1239.99837968},"geometry":{"type":"Polygon","coordinates":[[[46.82277742532172,24.560196061774544],[46.822595889610135,24.56051674216627],[46.8223241375968,24.560388097795833],[46.822505673860384,24.560067417697066],[46.82277742532172,24.560196061774544]]]}},{"type":"Feature","properties":{"plan_no":"2705/5","plan_id":"2620","block_no":"32","parcel_no":"402","parcel_id":14318487,"object_id":6234258,"area_m2":1239.99837968},"geometry":{"type":"Polygon","coordinates":[[[46.82304917731314,24.56032470532726],[46.822867642153554,24.56064538601192],[46.822595889610135,24.56051674216627],[46.82277742532172,24.560196061774544],[46.82304917731314,24.56032470532726]]]}},{"type":"Feature","properties":{"plan_no":"2705/5","plan_id":"2620","block_no":"32","parcel_no":"403","parcel_id":14317741,"object_id":6146698,"area_m2":1320.0014862},"geometry":{"type":"Polygon","coordinates":[[[46.82333846263054,24.560461648349033],[46.823156929045595,24.560782329333552],[46.822867642153554,24.56064538601192],[46.82304917731314,24.56032470532726],[46.82333846263054,24.560461648349033]]]}},{"type":"Feature","properties":{"plan_no":"2705/5","plan_id":"2620","block_no":"32","parcel_no":"404","parcel_id":14316859,"object_id":6196271,"area_m2":1319.996072775},"geometry":{"type":"Polygon","coordinates":[[[46.823627748535564,24.56059858987338],[46.823446214551254,24.560919271181696],[46.823156929045595,24.560782329333552],[46.82333846263054,24.560461648349033],[46.823627748535564,24.56059858987338]]]}},{"type":"Feature","properties":{"plan_no":"2705/5","plan_id":"2620","block_no":"32","parcel_no":"405","parcel_id":14318409,"object_id":6234254,"area_m2":1320.00050022},"geometry":{"type":"Polygon","coordinates":[[[46.823917035054336,24.560735531705728],[46.82373550165768,24.56105621332586],[46.823446214551254,24.560919271181696],[46.823627748535564,24.56059858987338],[46.823917035054336,24.560735531705728]]]}},{"type":"Feature","properties":{"plan_no":"2705/5","plan_id":"2620","block_no":"32","parcel_no":"406","parcel_id":14317215,"object_id":6179566,"area_m2":1320.00050022},"geometry":{"type":"Polygon","coordinates":[[[46.82420632217378,24.56087247294337],[46.8240247893648,24.561193154875312],[46.82373550165768,24.56105621332586],[46.823917035054336,24.560735531705728],[46.82420632217378,24.56087247294337]]]}},{"type":"Feature","properties":{"plan_no":"2705/5","plan_id":"2620","block_no":"32","parcel_no":"407","parcel_id":14318187,"object_id":6229446,"area_m2":1320.001012445},"geometry":{"type":"Polygon","coordinates":[[[46.82449560988083,24.56100941268356],[46.82431407767261,24.561330095830026],[46.8240247893648,24.561193154875312],[46.82420632217378,24.56087247294337],[46.82449560988083,24.56100941268356]]]}},{"type":"Feature","properties":{"plan_no":"2705/5","plan_id":"2620","block_no":"32","parcel_no":"408","parcel_id":14316165,"object_id":6156225,"area_m2":1320.0034106},"geometry":{"type":"Polygon","coordinates":[[[46.82478489820162,24.56114635273173],[46.8246033665811,24.561467036190002],[46.82431407767261,24.561330095830026],[46.82449560988083,24.56100941268356],[46.82478489820162,24.56114635273173]]]}},{"type":"Feature","properties":{"plan_no":"2705/5","plan_id":"2620","block_no":"32","parcel_no":"409","parcel_id":14318179,"object_id":7192229,"area_m2":1540.87333278},"geometry":{"type":"Polygon","coordinates":[[[46.82478489820162,24.56114635273173],[46.824871447787224,24.56119000644216],[46.82495562287183,24.561238079639836],[46.82503719797762,24.561290443552206],[46.825115954591276,24.561346957913294],[46.82495402026282,24.561633022535485],[46.8246033665811,24.561467036190002],[46.82478489820162,24.56114635273173]]]}},{"type":"Feature","properties":{"plan_no":"2705/5","plan_id":"2620","block_no":"33","parcel_no":"410","parcel_id":14315995,"object_id":6176882,"area_m2":1051.14113814},"geometry":{"type":"Polygon","coordinates":[[[46.82205111886311,24.559852234412467],[46.822330350074886,24.55998442110049],[46.82218060749731,24.560248993698636],[46.82190138576585,24.560116812059203],[46.82205111886311,24.559852234412467]]]}},{"type":"Feature","properties":{"plan_no":"2705/5","plan_id":"2620","block_no":"33","parcel_no":"411","parcel_id":14317207,"object_id":6381730,"area_m2":1051.09979075},"geometry":{"type":"Polygon","coordinates":[[[46.82218060749731,24.560248993698636],[46.82203086333201,24.560513566187588],[46.821751653054875,24.560381389572882],[46.82190138576585,24.560116812059203],[46.82218060749731,24.560248993698636]]]}},{"type":"Feature","properties":{"plan_no":"2705/5","plan_id":"2620","block_no":"33","parcel_no":"412","parcel_id":14316205,"object_id":6146762,"area_m2":1051.05844336},"geometry":{"type":"Polygon","coordinates":[[[46.82203086333201,24.560513566187588],[46.82188111955295,24.560778138543473],[46.821601918756194,24.560645966977397],[46.821751653054875,24.560381389572882],[46.82203086333201,24.560513566187588]]]}},{"type":"Feature","properties":{"plan_no":"2705/5","plan_id":"2620","block_no":"33","parcel_no":"413","parcel_id":14318221,"object_id":6229448,"area_m2":1051.09462033},"geometry":{"type":"Polygon","coordinates":[[[46.821751653054875,24.560381389572882],[46.821601918756194,24.560645966977397],[46.821322698635505,24.560513785166275],[46.8214724443374,24.560249213295],[46.821751653054875,24.560381389572882]]]}},{"type":"Feature","properties":{"plan_no":"2705/5","plan_id":"2620","block_no":"33","parcel_no":"414","parcel_id":14317587,"object_id":6156251,"area_m2":1051.06472774},"geometry":{"type":"Polygon","coordinates":[[[46.82190138576585,24.560116812059203],[46.821751653054875,24.560381389572882],[46.8214724443374,24.560249213295],[46.82162218247737,24.559984637775308],[46.82190138576585,24.560116812059203]]]}},{"type":"Feature","properties":{"plan_no":"2705/5","plan_id":"2620","block_no":"33","parcel_no":"415","parcel_id":14316125,"object_id":6177057,"area_m2":1051.04997515},"geometry":{"type":"Polygon","coordinates":[[[46.82205111886311,24.559852234412467],[46.82190138576585,24.560116812059203],[46.82162218247737,24.559984637775308],[46.821771919029636,24.55972006214641],[46.82205111886311,24.559852234412467]]]}},{"type":"Feature","properties":{"plan_no":"2705/5","plan_id":"2620","block_no":"34","parcel_no":"416","parcel_id":14315651,"object_id":6231786,"area_m2":1350.06577661},"geometry":{"type":"Polygon","coordinates":[[[46.82099483545062,24.56070006394373],[46.82079061178464,24.5610608318943],[46.82052759371037,24.560936351950325],[46.82073182692561,24.560575588724927],[46.82099483545062,24.56070006394373]]]}},{"type":"Feature","properties":{"plan_no":"2705/5","plan_id":"2620","block_no":"34","parcel_no":"417","parcel_id":14315557,"object_id":6146713,"area_m2":1349.998728715},"geometry":{"type":"Polygon","coordinates":[[[46.82073182692561,24.560575588724927],[46.82052759371037,24.560936351950325],[46.82026459304202,24.560811880339124],[46.82046882784523,24.560451117420794],[46.82073182692561,24.560575588724927]]]}},{"type":"Feature","properties":{"plan_no":"2705/5","plan_id":"2620","block_no":"34","parcel_no":"418","parcel_id":14319001,"object_id":6197975,"area_m2":1349.99745141},"geometry":{"type":"Polygon","coordinates":[[[46.82046882784523,24.560451117420794],[46.82026459304202,24.560811880339124],[46.82000159385707,24.56068740822452],[46.82020582926124,24.560326645625164],[46.82046882784523,24.560451117420794]]]}},{"type":"Feature","properties":{"plan_no":"2705/5","plan_id":"2620","block_no":"34","parcel_no":"419","parcel_id":14318953,"object_id":6145707,"area_m2":1350.00354152},"geometry":{"type":"Polygon","coordinates":[[[46.82020582926124,24.560326645625164],[46.82000159385707,24.56068740822452],[46.8197385941685,24.560562934727646],[46.81994283017361,24.560202172447305],[46.82020582926124,24.560326645625164]]]}},{"type":"Feature","properties":{"plan_no":"2705/5","plan_id":"2620","block_no":"34","parcel_no":"420","parcel_id":14315291,"object_id":6237985,"area_m2":1349.998728715},"geometry":{"type":"Polygon","coordinates":[[[46.81994283017361,24.560202172447305],[46.8197385941685,24.560562934727646],[46.81947559597637,24.560438461630103],[46.81967983159542,24.560077699680683],[46.81994283017361,24.560202172447305]]]}},{"type":"Feature","properties":{"plan_no":"2705/5","plan_id":"2620","block_no":"34","parcel_no":"421","parcel_id":14317999,"object_id":6176867,"area_m2":1349.99846657},"geometry":{"type":"Polygon","coordinates":[[[46.81967983159542,24.560077699680683],[46.81947559597637,24.560438461630103],[46.81921259728063,24.560313987150316],[46.819416834500615,24.559953226410688],[46.81967983159542,24.560077699680683]]]}},{"type":"Feature","properties":{"plan_no":"2705/5","plan_id":"2620","block_no":"34","parcel_no":"422","parcel_id":14317985,"object_id":6176866,"area_m2":1349.99480546},"geometry":{"type":"Polygon","coordinates":[[[46.819416834500615,24.559953226410688],[46.81921259728063,24.560313987150316],[46.81894960008133,24.56018951306987],[46.81915383790222,24.55982875264925],[46.819416834500615,24.559953226410688]]]}},{"type":"Feature","properties":{"plan_no":"2705/5","plan_id":"2620","block_no":"34","parcel_no":"423","parcel_id":14317521,"object_id":6146453,"area_m2":1350.00089556},"geometry":{"type":"Polygon","coordinates":[[[46.81915383790222,24.55982875264925],[46.81894960008133,24.56018951306987],[46.81868660237842,24.560065037607195],[46.8188908408002,24.559704277505585],[46.81915383790222,24.55982875264925]]]}},{"type":"Feature","properties":{"plan_no":"2705/5","plan_id":"2620","block_no":"34","parcel_no":"424","parcel_id":14317275,"object_id":6238570,"area_m2":1349.99480546},"geometry":{"type":"Polygon","coordinates":[[[46.8188908408002,24.559704277505585],[46.81868660237842,24.560065037607195],[46.818423606171955,24.55994056254387],[46.81862784519461,24.559579802761263],[46.8188908408002,24.559704277505585]]]}},{"type":"Feature","properties":{"plan_no":"2705/5","plan_id":"2620","block_no":"34","parcel_no":"425","parcel_id":14316397,"object_id":7189515,"area_m2":1350.001157705},"geometry":{"type":"Polygon","coordinates":[[[46.81862784519461,24.559579802761263],[46.818423606171955,24.55994056254387],[46.818160609474916,24.559816087001018],[46.8183648490854,24.55945532663474],[46.81862784519461,24.559579802761263]]]}},{"type":"Feature","properties":{"plan_no":"2705/5","plan_id":"2620","block_no":"34","parcel_no":"426","parcel_id":14317331,"object_id":6179573,"area_m2":1633.32002595},"geometry":{"type":"Polygon","coordinates":[[[46.8183648490854,24.55945532663474],[46.818160609474916,24.559816087001018],[46.81784242205195,24.559665488022283],[46.81804665742837,24.559304726296123],[46.8183648490854,24.55945532663474]]]}},{"type":"Feature","properties":{"plan_no":"2705/5","plan_id":"2620","block_no":"34","parcel_no":"427","parcel_id":14317229,"object_id":6179569,"area_m2":1408.77674793},"geometry":{"type":"Polygon","coordinates":[[[46.81854099808775,24.559144183314306],[46.8183648490854,24.55945532663474],[46.81804665742837,24.559304726296123],[46.81822282038069,24.558993548839005],[46.81854099808775,24.559144183314306]]]}},{"type":"Feature","properties":{"plan_no":"2705/5","plan_id":"2620","block_no":"34","parcel_no":"428","parcel_id":14317831,"object_id":6199380,"area_m2":1164.28107642},"geometry":{"type":"Polygon","coordinates":[[[46.818803978251616,24.55926868463207],[46.81862784519461,24.559579802761263],[46.8183648490854,24.55945532663474],[46.81854099808775,24.559144183314306],[46.818803978251616,24.55926868463207]]]}},{"type":"Feature","properties":{"plan_no":"2705/5","plan_id":"2620","block_no":"34","parcel_no":"429","parcel_id":14317555,"object_id":7217474,"area_m2":1164.180718105},"geometry":{"type":"Polygon","coordinates":[[[46.81906695892499,24.559393186361156],[46.8188908408002,24.559704277505585],[46.81862784519461,24.559579802761263],[46.818803978251616,24.55926868463207],[46.81906695892499,24.559393186361156]]]}},{"type":"Feature","properties":{"plan_no":"2705/5","plan_id":"2620","block_no":"34","parcel_no":"430","parcel_id":14316221,"object_id":6146764,"area_m2":1164.083782},"geometry":{"type":"Polygon","coordinates":[[[46.81932994008182,24.55951768669617],[46.81915383790222,24.55982875264925],[46.8188908408002,24.559704277505585],[46.81906695892499,24.559393186361156],[46.81932994008182,24.55951768669617]]]}},{"type":"Feature","properties":{"plan_no":"2705/5","plan_id":"2620","block_no":"34","parcel_no":"431","parcel_id":14317655,"object_id":6167983,"area_m2":1163.98383225},"geometry":{"type":"Polygon","coordinates":[[[46.819592921735136,24.559642186539797],[46.819416834500615,24.559953226410688],[46.81915383790222,24.55982875264925],[46.81932994008182,24.55951768669617],[46.819592921735136,24.559642186539797]]]}},{"type":"Feature","properties":{"plan_no":"2705/5","plan_id":"2620","block_no":"34","parcel_no":"432","parcel_id":14316993,"object_id":6146703,"area_m2":1163.88347459},"geometry":{"type":"Polygon","coordinates":[[[46.81985590289792,24.55976668590395],[46.81967983159542,24.560077699680683],[46.819416834500615,24.559953226410688],[46.819592921735136,24.559642186539797],[46.81985590289792,24.55976668590395]]]}},{"type":"Feature","properties":{"plan_no":"2705/5","plan_id":"2620","block_no":"34","parcel_no":"433","parcel_id":14316345,"object_id":6229279,"area_m2":1163.78713338},"geometry":{"type":"Polygon","coordinates":[[[46.820118885557214,24.559891185667475],[46.81994283017361,24.560202172447305],[46.81967983159542,24.560077699680683],[46.81985590289792,24.55976668590395],[46.820118885557214,24.559891185667475]]]}},{"type":"Feature","properties":{"plan_no":"2705/5","plan_id":"2620","block_no":"34","parcel_no":"434","parcel_id":14318293,"object_id":6212462,"area_m2":1163.6873706650001},"geometry":{"type":"Polygon","coordinates":[[[46.820381868712985,24.560015684939575],[46.82020582926124,24.560326645625164],[46.81994283017361,24.560202172447305],[46.820118885557214,24.559891185667475],[46.820381868712985,24.560015684939575]]]}},{"type":"Feature","properties":{"plan_no":"2705/5","plan_id":"2620","block_no":"34","parcel_no":"435","parcel_id":14316695,"object_id":6145959,"area_m2":1163.58518445},"geometry":{"type":"Polygon","coordinates":[[[46.82064485235218,24.560140182817566],[46.82046882784523,24.560451117420794],[46.82020582926124,24.560326645625164],[46.820381868712985,24.560015684939575],[46.82064485235218,24.560140182817566]]]}},{"type":"Feature","properties":{"plan_no":"2705/5","plan_id":"2620","block_no":"34","parcel_no":"436","parcel_id":14318535,"object_id":6169729,"area_m2":1163.48724445},"geometry":{"type":"Polygon","coordinates":[[[46.820907836487855,24.56026468020414],[46.82073182692561,24.560575588724927],[46.82046882784523,24.560451117420794],[46.82064485235218,24.560140182817566],[46.820907836487855,24.56026468020414]]]}},{"type":"Feature","properties":{"plan_no":"2705/5","plan_id":"2620","block_no":"34","parcel_no":"437","parcel_id":14318749,"object_id":6235700,"area_m2":1163.409107935},"geometry":{"type":"Polygon","coordinates":[[[46.820907836487855,24.56026468020414],[46.821170821133045,24.560389178001973],[46.82099483545062,24.56070006394373],[46.82073182692561,24.560575588724927],[46.820907836487855,24.56026468020414]]]}},{"type":"Feature","properties":{"plan_no":"2705/5","plan_id":"2620","block_no":"35","parcel_no":"438","parcel_id":14314977,"object_id":6208100,"area_m2":1014.44721655},"geometry":{"type":"Polygon","coordinates":[[[46.82141505905757,24.55995774464529],[46.82126159039872,24.560228838590568],[46.82099860702064,24.560104341825262],[46.821152075144035,24.559833248131582],[46.82141505905757,24.55995774464529]]]}},{"type":"Feature","properties":{"plan_no":"2705/5","plan_id":"2620","block_no":"35","parcel_no":"439","parcel_id":14315543,"object_id":6196674,"area_m2":1014.447474775},"geometry":{"type":"Polygon","coordinates":[[[46.821152075144035,24.559833248131582],[46.82099860702064,24.560104341825262],[46.82073562313899,24.559979843677752],[46.82088909172695,24.55970875112647],[46.821152075144035,24.559833248131582]]]}},{"type":"Feature","properties":{"plan_no":"2705/5","plan_id":"2620","block_no":"35","parcel_no":"440","parcel_id":14316945,"object_id":6231782,"area_m2":1014.447474775},"geometry":{"type":"Polygon","coordinates":[[[46.82088909172695,24.55970875112647],[46.82073562313899,24.559979843677752],[46.82047263976683,24.559855345941518],[46.820626108793284,24.559584252727205],[46.82088909172695,24.55970875112647]]]}},{"type":"Feature","properties":{"plan_no":"2705/5","plan_id":"2620","block_no":"35","parcel_no":"441","parcel_id":14318103,"object_id":6212918,"area_m2":1014.447474775},"geometry":{"type":"Polygon","coordinates":[[[46.820626108793284,24.559584252727205],[46.82047263976683,24.559855345941518],[46.82020965687811,24.559730846811167],[46.8203631263691,24.559459754739233],[46.820626108793284,24.559584252727205]]]}},{"type":"Feature","properties":{"plan_no":"2705/5","plan_id":"2620","block_no":"35","parcel_no":"442","parcel_id":14319181,"object_id":6355830,"area_m2":1008.82249827},"geometry":{"type":"Polygon","coordinates":[[[46.8203631263691,24.559459754739233],[46.82020965687811,24.559730846811167],[46.81997625974698,24.55962035436092],[46.81996639865491,24.5596156855974],[46.81997774496038,24.559595643142274],[46.81995802080687,24.559586305638323],[46.81996369444654,24.559576283953838],[46.82010014442835,24.55933525535715],[46.8203631263691,24.559459754739233]]]}},{"type":"Feature","properties":{"plan_no":"2705/5","plan_id":"2620","block_no":"35","parcel_no":"443","parcel_id":14317947,"object_id":6239042,"area_m2":1008.82246923},"geometry":{"type":"Polygon","coordinates":[[[46.81992695133266,24.55959701057214],[46.81991708925709,24.559592341817087],[46.819683692603114,24.559481847978958],[46.81983716299708,24.55921075638637],[46.82010014442835,24.55933525535715],[46.81996369444654,24.559576283953838],[46.81995802080687,24.559586305638323],[46.819938297643134,24.559576968119664],[46.81992695133266,24.55959701057214]]]}},{"type":"Feature","properties":{"plan_no":"2705/5","plan_id":"2620","block_no":"35","parcel_no":"444","parcel_id":14318717,"object_id":6179224,"area_m2":1014.44535472},"geometry":{"type":"Polygon","coordinates":[[[46.81983716299708,24.55921075638637],[46.819683692603114,24.559481847978958],[46.819420711216836,24.559357348277096],[46.81957418206228,24.559086256924214],[46.81983716299708,24.55921075638637]]]}},{"type":"Feature","properties":{"plan_no":"2705/5","plan_id":"2620","block_no":"35","parcel_no":"445","parcel_id":14315283,"object_id":6165501,"area_m2":1014.44694903},"geometry":{"type":"Polygon","coordinates":[[[46.81957418206228,24.559086256924214],[46.819420711216836,24.559357348277096],[46.819157730314,24.559232847181146],[46.81931120161092,24.558961756067955],[46.81957418206228,24.559086256924214]]]}},{"type":"Feature","properties":{"plan_no":"2705/5","plan_id":"2620","block_no":"35","parcel_no":"446","parcel_id":14316105,"object_id":6156184,"area_m2":1014.44535472},"geometry":{"type":"Polygon","coordinates":[[[46.81931120161092,24.558961756067955],[46.819157730314,24.559232847181146],[46.81889474992067,24.559108346496522],[46.81904822166904,24.558837255623022],[46.81931120161092,24.558961756067955]]]}},{"type":"Feature","properties":{"plan_no":"2705/5","plan_id":"2620","block_no":"35","parcel_no":"447","parcel_id":14315865,"object_id":6164987,"area_m2":1014.44694903},"geometry":{"type":"Polygon","coordinates":[[[46.81904822166904,24.558837255623022],[46.81889474992067,24.559108346496522],[46.81863177001079,24.55898384441782],[46.8187852422106,24.558712753784015],[46.81904822166904,24.558837255623022]]]}},{"type":"Feature","properties":{"plan_no":"2705/5","plan_id":"2620","block_no":"35","parcel_no":"448","parcel_id":14315145,"object_id":6146222,"area_m2":1227.37282884},"geometry":{"type":"Polygon","coordinates":[[[46.8187852422106,24.558712753784015],[46.81863177001079,24.55898384441782],[46.81831359262679,24.558833210114063],[46.818467065372786,24.558562119770254],[46.8187852422106,24.558712753784015]]]}},{"type":"Feature","properties":{"plan_no":"2705/5","plan_id":"2620","block_no":"35","parcel_no":"449","parcel_id":14317239,"object_id":6375100,"area_m2":1451.875985955},"geometry":{"type":"Polygon","coordinates":[[[46.81896678566135,24.558392077500365],[46.8187852422106,24.558712753784015],[46.818467065372786,24.558562119770254],[46.81864860945659,24.558241442926953],[46.81896678566135,24.558392077500365]]]}},{"type":"Feature","properties":{"plan_no":"2705/5","plan_id":"2620","block_no":"35","parcel_no":"450","parcel_id":14315299,"object_id":6209046,"area_m2":1200.001349025},"geometry":{"type":"Polygon","coordinates":[[[46.819229764572746,24.558516578153142],[46.81904822166904,24.558837255623022],[46.8187852422106,24.558712753784015],[46.81896678566135,24.558392077500365],[46.819229764572746,24.558516578153142]]]}},{"type":"Feature","properties":{"plan_no":"2705/5","plan_id":"2620","block_no":"35","parcel_no":"451","parcel_id":14315435,"object_id":6228403,"area_m2":1200.00172896},"geometry":{"type":"Polygon","coordinates":[[[46.81949274398059,24.55864107831454],[46.81931120161092,24.558961756067955],[46.81904822166904,24.558837255623022],[46.819229764572746,24.558516578153142],[46.81949274398059,24.55864107831454]]]}},{"type":"Feature","properties":{"plan_no":"2705/5","plan_id":"2620","block_no":"35","parcel_no":"452","parcel_id":14315697,"object_id":6155588,"area_m2":1200.00361489},"geometry":{"type":"Polygon","coordinates":[[[46.819755723897906,24.558765578887282],[46.81957418206228,24.559086256924214],[46.81931120161092,24.558961756067955],[46.81949274398059,24.55864107831454],[46.819755723897906,24.558765578887282]]]}},{"type":"Feature","properties":{"plan_no":"2705/5","plan_id":"2620","block_no":"35","parcel_no":"453","parcel_id":14318929,"object_id":6168330,"area_m2":1200.00172896},"geometry":{"type":"Polygon","coordinates":[[[46.82001870429866,24.558890078065918],[46.81983716299708,24.55921075638637],[46.81957418206228,24.559086256924214],[46.819755723897906,24.558765578887282],[46.82001870429866,24.558890078065918]]]}},{"type":"Feature","properties":{"plan_no":"2705/5","plan_id":"2620","block_no":"35","parcel_no":"454","parcel_id":14319171,"object_id":6222726,"area_m2":1200.00172896},"geometry":{"type":"Polygon","coordinates":[[[46.820281685195845,24.559014576753178],[46.82010014442835,24.55933525535715],[46.81983716299708,24.55921075638637],[46.82001870429866,24.558890078065918],[46.820281685195845,24.559014576753178]]]}},{"type":"Feature","properties":{"plan_no":"2705/5","plan_id":"2620","block_no":"35","parcel_no":"455","parcel_id":14316607,"object_id":6229299,"area_m2":1200.00361489},"geometry":{"type":"Polygon","coordinates":[[[46.82054466660253,24.55913907585175],[46.8203631263691,24.559459754739233],[46.82010014442835,24.55933525535715],[46.820281685195845,24.559014576753178],[46.82054466660253,24.55913907585175]]]}},{"type":"Feature","properties":{"plan_no":"2705/5","plan_id":"2620","block_no":"35","parcel_no":"456","parcel_id":14316423,"object_id":6155718,"area_m2":1200.00172896},"geometry":{"type":"Polygon","coordinates":[[[46.820807648492604,24.55926357355621],[46.820626108793284,24.559584252727205],[46.8203631263691,24.559459754739233],[46.82054466660253,24.55913907585175],[46.820807648492604,24.55926357355621]]]}},{"type":"Feature","properties":{"plan_no":"2705/5","plan_id":"2620","block_no":"35","parcel_no":"457","parcel_id":14315675,"object_id":6179805,"area_m2":1200.00361489},"geometry":{"type":"Polygon","coordinates":[[[46.821070630892166,24.559388071671957],[46.82088909172695,24.55970875112647],[46.820626108793284,24.559584252727205],[46.820807648492604,24.55926357355621],[46.821070630892166,24.559388071671957]]]}},{"type":"Feature","properties":{"plan_no":"2705/5","plan_id":"2620","block_no":"35","parcel_no":"458","parcel_id":14315763,"object_id":6240099,"area_m2":1200.00172896},"geometry":{"type":"Polygon","coordinates":[[[46.82133361377514,24.559512568393572],[46.821152075144035,24.559833248131582],[46.82088909172695,24.55970875112647],[46.821070630892166,24.559388071671957],[46.82133361377514,24.559512568393572]]]}},{"type":"Feature","properties":{"plan_no":"2705/5","plan_id":"2620","block_no":"35","parcel_no":"459","parcel_id":14318425,"object_id":6235685,"area_m2":1187.50092393},"geometry":{"type":"Polygon","coordinates":[[[46.82133361377514,24.559512568393572],[46.821552766236536,24.559616315891986],[46.8215739050657,24.559677149747557],[46.82141505905757,24.55995774464529],[46.821152075144035,24.559833248131582],[46.82133361377514,24.559512568393572]]]}},{"type":"Feature","properties":{"plan_no":"2705/5","plan_id":"2620","block_no":"36","parcel_no":"460","parcel_id":14317385,"object_id":7314727,"area_m2":1076.134581345},"geometry":{"type":"Polygon","coordinates":[[[46.817250338217,24.56016152889091],[46.817097697728684,24.56043114908799],[46.81681720245088,24.560298313156228],[46.816969829081565,24.56002872588943],[46.817250338217,24.56016152889091]]]}},{"type":"Feature","properties":{"plan_no":"2705/5","plan_id":"2620","block_no":"36","parcel_no":"461","parcel_id":14318117,"object_id":6167535,"area_m2":959.98237923},"geometry":{"type":"Polygon","coordinates":[[[46.81738649655478,24.55992102065343],[46.817250338217,24.56016152889091],[46.816969829081565,24.56002872588943],[46.817105991820554,24.559788219636587],[46.81738649655478,24.55992102065343]]]}},{"type":"Feature","properties":{"plan_no":"2705/5","plan_id":"2620","block_no":"36","parcel_no":"462","parcel_id":14318765,"object_id":6322195,"area_m2":959.96896781},"geometry":{"type":"Polygon","coordinates":[[[46.81752265439595,24.559680512315705],[46.81738649655478,24.55992102065343],[46.817105991820554,24.559788219636587],[46.81724215406292,24.55954771328352],[46.81752265439595,24.559680512315705]]]}},{"type":"Feature","properties":{"plan_no":"2705/5","plan_id":"2620","block_no":"36","parcel_no":"463","parcel_id":14317235,"object_id":7190756,"area_m2":959.94847968},"geometry":{"type":"Polygon","coordinates":[[[46.81765880876651,24.55944000301079],[46.81752265439595,24.559680512315705],[46.81724215406292,24.55954771328352],[46.817378314834684,24.55930720774483],[46.81765880876651,24.55944000301079]]]}},{"type":"Feature","properties":{"plan_no":"2705/5","plan_id":"2620","block_no":"36","parcel_no":"464","parcel_id":14319187,"object_id":6145939,"area_m2":959.93251654},"geometry":{"type":"Polygon","coordinates":[[[46.817794964627495,24.55919949448455],[46.81765880876651,24.55944000301079],[46.817378314834684,24.55930720774483],[46.81751447509684,24.55906670120321],[46.817794964627495,24.55919949448455]]]}},{"type":"Feature","properties":{"plan_no":"2705/5","plan_id":"2620","block_no":"36","parcel_no":"465","parcel_id":14317945,"object_id":6322620,"area_m2":959.92061341},"geometry":{"type":"Polygon","coordinates":[[[46.817931120978876,24.558958985846175],[46.817794964627495,24.55919949448455],[46.81751447509684,24.55906670120321],[46.81765063584938,24.558826194549457],[46.817931120978876,24.558958985846175]]]}},{"type":"Feature","properties":{"plan_no":"2705/5","plan_id":"2620","block_no":"36","parcel_no":"466","parcel_id":14318013,"object_id":6212914,"area_m2":959.905125045},"geometry":{"type":"Polygon","coordinates":[[[46.81806727584671,24.558718477119516],[46.817931120978876,24.558958985846175],[46.81765063584938,24.558826194549457],[46.817786796105345,24.558585687795485],[46.81806727584671,24.558718477119516]]]}},{"type":"Feature","properties":{"plan_no":"2705/5","plan_id":"2620","block_no":"36","parcel_no":"467","parcel_id":14316181,"object_id":6167483,"area_m2":959.88751856},"geometry":{"type":"Polygon","coordinates":[[[46.81820343021797,24.55847796829265],[46.81806727584671,24.558718477119516],[46.817786796105345,24.558585687795485],[46.81792295489075,24.558345181855906],[46.81820343021797,24.55847796829265]]]}},{"type":"Feature","properties":{"plan_no":"2705/5","plan_id":"2620","block_no":"36","parcel_no":"468","parcel_id":14316891,"object_id":6196273,"area_m2":959.87481088},"geometry":{"type":"Polygon","coordinates":[[[46.81833958409267,24.558237459365575],[46.81820343021797,24.55847796829265],[46.81792295489075,24.558345181855906],[46.818059113166576,24.558104674913412],[46.81833958409267,24.558237459365575]]]}},{"type":"Feature","properties":{"plan_no":"2705/5","plan_id":"2620","block_no":"36","parcel_no":"469","parcel_id":14316955,"object_id":6209163,"area_m2":959.86083075},"geometry":{"type":"Polygon","coordinates":[[[46.81847573747084,24.55799695033831],[46.81833958409267,24.558237459365575],[46.818059113166576,24.558104674913412],[46.818195271932815,24.55786416785879],[46.81847573747084,24.55799695033831]]]}},{"type":"Feature","properties":{"plan_no":"2705/5","plan_id":"2620","block_no":"36","parcel_no":"470","parcel_id":14315823,"object_id":6209254,"area_m2":959.8447737},"geometry":{"type":"Polygon","coordinates":[[[46.81861189035247,24.557756441210863],[46.81847573747084,24.55799695033831],[46.818195271932815,24.55786416785879],[46.81833143020251,24.55762366070397],[46.81861189035247,24.557756441210863]]]}},{"type":"Feature","properties":{"plan_no":"2705/5","plan_id":"2620","block_no":"36","parcel_no":"471","parcel_id":14317073,"object_id":6229286,"area_m2":959.82716735},"geometry":{"type":"Polygon","coordinates":[[[46.81874804273756,24.55751593198321],[46.81861189035247,24.557756441210863],[46.81833143020251,24.55762366070397],[46.8184675870017,24.557383154363574],[46.81874804273756,24.55751593198321]]]}},{"type":"Feature","properties":{"plan_no":"2705/5","plan_id":"2620","block_no":"36","parcel_no":"472","parcel_id":14318115,"object_id":6229439,"area_m2":959.8166712950001},"geometry":{"type":"Polygon","coordinates":[[[46.8188841956001,24.55727542174077],[46.81874804273756,24.55751593198321],[46.8184675870017,24.557383154363574],[46.81860374427831,24.557142647008366],[46.8188841956001,24.55727542174077]]]}},{"type":"Feature","properties":{"plan_no":"2705/5","plan_id":"2620","block_no":"36","parcel_no":"473","parcel_id":14316577,"object_id":6229296,"area_m2":959.79906498},"geometry":{"type":"Polygon","coordinates":[[[46.81902034699218,24.557034912312748],[46.8188841956001,24.55727542174077],[46.81860374427831,24.557142647008366],[46.8187399010584,24.556902139552964],[46.81902034699218,24.557034912312748]]]}},{"type":"Feature","properties":{"plan_no":"2705/5","plan_id":"2620","block_no":"36","parcel_no":"474","parcel_id":14317803,"object_id":7324055,"area_m2":959.781458735},"geometry":{"type":"Polygon","coordinates":[[[46.819156497887754,24.556794402784572],[46.81902034699218,24.557034912312748],[46.8187399010584,24.556902139552964],[46.81887605636803,24.55666163291199],[46.819156497887754,24.556794402784572]]]}},{"type":"Feature","properties":{"plan_no":"2705/5","plan_id":"2620","block_no":"36","parcel_no":"475","parcel_id":14317983,"object_id":6239046,"area_m2":959.768182095},"geometry":{"type":"Polygon","coordinates":[[[46.819012212155094,24.556421125256218],[46.81929264828684,24.55655389315623],[46.819156497887754,24.556794402784572],[46.81887605636803,24.55666163291199],[46.819012212155094,24.556421125256218]]]}},{"type":"Feature","properties":{"plan_no":"2705/5","plan_id":"2620","block_no":"36","parcel_no":"476","parcel_id":14315261,"object_id":6209166,"area_m2":899.995697295},"geometry":{"type":"Polygon","coordinates":[[[46.819012212155094,24.556421125256218],[46.81887605636803,24.55666163291199],[46.81861308274957,24.556537131355416],[46.81874923993709,24.55629662480306],[46.819012212155094,24.556421125256218]]]}},{"type":"Feature","properties":{"plan_no":"2705/5","plan_id":"2620","block_no":"36","parcel_no":"477","parcel_id":14318279,"object_id":6229450,"area_m2":899.992869065},"geometry":{"type":"Polygon","coordinates":[[[46.81887605636803,24.55666163291199],[46.8187399010584,24.556902139552964],[46.818476928039466,24.55677763867455],[46.81861308274957,24.556537131355416],[46.81887605636803,24.55666163291199]]]}},{"type":"Feature","properties":{"plan_no":"2705/5","plan_id":"2620","block_no":"36","parcel_no":"478","parcel_id":14318411,"object_id":6235904,"area_m2":899.99428309},"geometry":{"type":"Polygon","coordinates":[[[46.8187399010584,24.556902139552964],[46.81860374427831,24.557142647008366],[46.818340770858924,24.55701814591732],[46.818476928039466,24.55677763867455],[46.8187399010584,24.556902139552964]]]}},{"type":"Feature","properties":{"plan_no":"2705/5","plan_id":"2620","block_no":"36","parcel_no":"479","parcel_id":14316037,"object_id":6156177,"area_m2":899.993667425},"geometry":{"type":"Polygon","coordinates":[[[46.81860374427831,24.557142647008366],[46.8184675870017,24.557383154363574],[46.81820461316882,24.557258652157184],[46.818340770858924,24.55701814591732],[46.81860374427831,24.557142647008366]]]}},{"type":"Feature","properties":{"plan_no":"2705/5","plan_id":"2620","block_no":"36","parcel_no":"480","parcel_id":14317773,"object_id":6199158,"area_m2":899.99428318},"geometry":{"type":"Polygon","coordinates":[[[46.8184675870017,24.557383154363574],[46.81833143020251,24.55762366070397],[46.818068454995206,24.55749915919957],[46.81820461316882,24.557258652157184],[46.8184675870017,24.557383154363574]]]}},{"type":"Feature","properties":{"plan_no":"2705/5","plan_id":"2620","block_no":"36","parcel_no":"481","parcel_id":14318567,"object_id":6169944,"area_m2":899.99692872},"geometry":{"type":"Polygon","coordinates":[[[46.81833143020251,24.55762366070397],[46.818195271932815,24.55786416785879],[46.81793229632504,24.557739666141728],[46.818068454995206,24.55749915919957],[46.81833143020251,24.55762366070397]]]}},{"type":"Feature","properties":{"plan_no":"2705/5","plan_id":"2620","block_no":"36","parcel_no":"482","parcel_id":14318505,"object_id":6235690,"area_m2":899.99428318},"geometry":{"type":"Polygon","coordinates":[[[46.818195271932815,24.55786416785879],[46.818059113166576,24.558104674913412],[46.81779613813229,24.557980172069076],[46.81793229632504,24.557739666141728],[46.818195271932815,24.55786416785879]]]}},{"type":"Feature","properties":{"plan_no":"2705/5","plan_id":"2620","block_no":"36","parcel_no":"483","parcel_id":14315175,"object_id":6235865,"area_m2":894.37055917},"geometry":{"type":"Polygon","coordinates":[[[46.818059113166576,24.558104674913412],[46.81792295489075,24.558345181855906],[46.81769285111795,24.55823624216223],[46.817681893900776,24.55823105467622],[46.817692105510034,24.558213015977596],[46.817670191080765,24.55820264100432],[46.81767529689211,24.558193622106838],[46.81779613813229,24.557980172069076],[46.818059113166576,24.558104674913412]]]}},{"type":"Feature","properties":{"plan_no":"2705/5","plan_id":"2620","block_no":"36","parcel_no":"484","parcel_id":14317289,"object_id":6167728,"area_m2":894.36918178},"geometry":{"type":"Polygon","coordinates":[[[46.81792295489075,24.558345181855906],[46.817786796105345,24.558585687795485],[46.81752381929614,24.55846118544044],[46.8176446610266,24.558247735501627],[46.81764976684143,24.558238716604826],[46.817671682275694,24.558249092471556],[46.817681893900776,24.55823105467622],[46.81769285111795,24.55823624216223],[46.81792295489075,24.558345181855906]]]}},{"type":"Feature","properties":{"plan_no":"2705/5","plan_id":"2620","block_no":"36","parcel_no":"485","parcel_id":14318207,"object_id":6212971,"area_m2":899.99631305},"geometry":{"type":"Polygon","coordinates":[[[46.817786796105345,24.558585687795485],[46.81765063584938,24.558826194549457],[46.817387658626686,24.55870169107904],[46.81752381929614,24.55846118544044],[46.817786796105345,24.558585687795485]]]}},{"type":"Feature","properties":{"plan_no":"2705/5","plan_id":"2620","block_no":"36","parcel_no":"486","parcel_id":14315079,"object_id":6177219,"area_m2":899.99834317},"geometry":{"type":"Polygon","coordinates":[[[46.81765063584938,24.558826194549457],[46.81751447509684,24.55906670120321],[46.81725149747367,24.558942197520118],[46.817387658626686,24.55870169107904],[46.81765063584938,24.558826194549457]]]}},{"type":"Feature","properties":{"plan_no":"2705/5","plan_id":"2620","block_no":"36","parcel_no":"487","parcel_id":14319141,"object_id":6177501,"area_m2":899.998958925},"geometry":{"type":"Polygon","coordinates":[[[46.81751447509684,24.55906670120321],[46.817378314834684,24.55930720774483],[46.81711533582404,24.559182703860966],[46.81725149747367,24.558942197520118],[46.81751447509684,24.55906670120321]]]}},{"type":"Feature","properties":{"plan_no":"2705/5","plan_id":"2620","block_no":"36","parcel_no":"488","parcel_id":14316579,"object_id":6167814,"area_m2":899.99692888},"geometry":{"type":"Polygon","coordinates":[[[46.817378314834684,24.55930720774483],[46.81724215406292,24.55954771328352],[46.81697917465179,24.559423209186974],[46.81711533582404,24.559182703860966],[46.817378314834684,24.55930720774483]]]}},{"type":"Feature","properties":{"plan_no":"2705/5","plan_id":"2620","block_no":"36","parcel_no":"489","parcel_id":14316627,"object_id":7188995,"area_m2":900.0009888},"geometry":{"type":"Polygon","coordinates":[[[46.81724215406292,24.55954771328352],[46.817105991820554,24.559788219636587],[46.81684301200894,24.559663715327368],[46.81697917465179,24.559423209186974],[46.81724215406292,24.55954771328352]]]}},{"type":"Feature","properties":{"plan_no":"2705/5","plan_id":"2620","block_no":"36","parcel_no":"490","parcel_id":14316341,"object_id":7312826,"area_m2":900.0009888},"geometry":{"type":"Polygon","coordinates":[[[46.817105991820554,24.559788219636587],[46.816969829081565,24.56002872588943],[46.816706848869465,24.559904221367503],[46.81684301200894,24.559663715327368],[46.817105991820554,24.559788219636587]]]}},{"type":"Feature","properties":{"plan_no":"2705/5","plan_id":"2620","block_no":"36","parcel_no":"491","parcel_id":14317399,"object_id":6179579,"area_m2":1008.76968857},"geometry":{"type":"Polygon","coordinates":[[[46.816969829081565,24.56002872588943],[46.81681720245088,24.560298313156228],[46.816554238139496,24.560173778404284],[46.816706848869465,24.559904221367503],[46.816969829081565,24.56002872588943]]]}},{"type":"Feature","properties":{"plan_no":"2705/5","plan_id":"2620","block_no":"37","parcel_no":"492","parcel_id":14318113,"object_id":6156653,"area_m2":1400.00073483},"geometry":{"type":"Polygon","coordinates":[[[46.82332663773001,24.559795298605756],[46.823145103969225,24.56011597956073],[46.822838286970594,24.559970736949538],[46.823019821354606,24.55965005632526],[46.82332663773001,24.559795298605756]]]}},{"type":"Feature","properties":{"plan_no":"2705/5","plan_id":"2620","block_no":"37","parcel_no":"493","parcel_id":14316783,"object_id":6316462,"area_m2":1199.99555566},"geometry":{"type":"Polygon","coordinates":[[[46.823019821354606,24.55965005632526],[46.822838286970594,24.559970736949538],[46.822575302782276,24.559846242992936],[46.82275683770046,24.55952556265215],[46.823019821354606,24.55965005632526]]]}},{"type":"Feature","properties":{"plan_no":"2705/5","plan_id":"2620","block_no":"37","parcel_no":"494","parcel_id":14315719,"object_id":6200730,"area_m2":1200.001349025},"geometry":{"type":"Polygon","coordinates":[[[46.82275683770046,24.55952556265215],[46.822575302782276,24.559846242992936],[46.8223123181034,24.55972174855684],[46.82249385354269,24.55940106759681],[46.82275683770046,24.55952556265215]]]}},{"type":"Feature","properties":{"plan_no":"2705/5","plan_id":"2620","block_no":"37","parcel_no":"495","parcel_id":14317809,"object_id":6239036,"area_m2":1194.3783047250001},"geometry":{"type":"Polygon","coordinates":[[[46.82249385354269,24.55940106759681],[46.8223123181034,24.55972174855684],[46.82207891935884,24.559611258568836],[46.82206905721217,24.559606589959408],[46.82208040317136,24.55958654736533],[46.82206067986959,24.559577210133813],[46.82206635236217,24.55956718929451],[46.8222308689074,24.559276572964652],[46.82249385354269,24.55940106759681]]]}},{"type":"Feature","properties":{"plan_no":"2705/5","plan_id":"2620","block_no":"37","parcel_no":"496","parcel_id":14315323,"object_id":6228395,"area_m2":1194.37124676},"geometry":{"type":"Polygon","coordinates":[[[46.82202960961942,24.559587915502867],[46.822019747476226,24.55958324689],[46.82178635022187,24.559472757307542],[46.8219678867425,24.559152077817185],[46.8222308689074,24.559276572964652],[46.82206635236217,24.55956718929451],[46.82206067986959,24.559577210133813],[46.822040955583624,24.55956787291147],[46.82202960961942,24.559587915502867]]]}},{"type":"Feature","properties":{"plan_no":"2705/5","plan_id":"2620","block_no":"37","parcel_no":"497","parcel_id":14316395,"object_id":7324052,"area_m2":1200.002025775},"geometry":{"type":"Polygon","coordinates":[[[46.8219678867425,24.559152077817185],[46.82178635022187,24.559472757307542],[46.821523367019225,24.559348260494392],[46.821704903087,24.55902758129945],[46.8219678867425,24.559152077817185]]]}},{"type":"Feature","properties":{"plan_no":"2705/5","plan_id":"2620","block_no":"37","parcel_no":"498","parcel_id":14317411,"object_id":6179740,"area_m2":1199.99661235},"geometry":{"type":"Polygon","coordinates":[[[46.821704903087,24.55902758129945],[46.821523367019225,24.559348260494392],[46.82126038432606,24.55922376409251],[46.82144192191494,24.55890308516913],[46.821704903087,24.55902758129945]]]}},{"type":"Feature","properties":{"plan_no":"2705/5","plan_id":"2620","block_no":"37","parcel_no":"499","parcel_id":14315783,"object_id":6145287,"area_m2":1200.001349025},"geometry":{"type":"Polygon","coordinates":[[[46.82144192191494,24.55890308516913],[46.82126038432606,24.55922376409251],[46.820997402129336,24.55909926719923],[46.82117894023927,24.558778587656644],[46.82144192191494,24.55890308516913]]]}},{"type":"Feature","properties":{"plan_no":"2705/5","plan_id":"2620","block_no":"37","parcel_no":"500","parcel_id":14317673,"object_id":6156254,"area_m2":1200.00172896},"geometry":{"type":"Polygon","coordinates":[[[46.82117894023927,24.558778587656644],[46.820997402129336,24.55909926719923],[46.820734420429034,24.558974769814515],[46.82091595907307,24.55865409055543],[46.82117894023927,24.558778587656644]]]}},{"type":"Feature","properties":{"plan_no":"2705/5","plan_id":"2620","block_no":"37","parcel_no":"501","parcel_id":14315709,"object_id":6155589,"area_m2":1200.001349025},"geometry":{"type":"Polygon","coordinates":[[[46.82091595907307,24.55865409055543],[46.820734420429034,24.558974769814515],[46.82047143921214,24.5588502710357],[46.82065297840329,24.558529592962813],[46.82091595907307,24.55865409055543]]]}},{"type":"Feature","properties":{"plan_no":"2705/5","plan_id":"2620","block_no":"37","parcel_no":"502","parcel_id":14317077,"object_id":6156306,"area_m2":1200.001349025},"geometry":{"type":"Polygon","coordinates":[[[46.82065297840329,24.558529592962813],[46.82047143921214,24.5588502710357],[46.82020845850472,24.558725772668186],[46.8203899982169,24.5584050939761],[46.82065297840329,24.558529592962813]]]}},{"type":"Feature","properties":{"plan_no":"2705/5","plan_id":"2620","block_no":"37","parcel_no":"503","parcel_id":14317497,"object_id":7194721,"area_m2":1200.001349025},"geometry":{"type":"Polygon","coordinates":[[[46.8203899982169,24.5584050939761],[46.82020845850472,24.558725772668186],[46.81994547828071,24.55860127290658],[46.82012701853998,24.558280595400706],[46.8203899982169,24.5584050939761]]]}},{"type":"Feature","properties":{"plan_no":"2705/5","plan_id":"2620","block_no":"37","parcel_no":"504","parcel_id":14317633,"object_id":6146694,"area_m2":1200.001349025},"geometry":{"type":"Polygon","coordinates":[[[46.82012701853998,24.558280595400706],[46.81994547828071,24.55860127290658],[46.819682498566166,24.558476773556293],[46.81986403934644,24.558156095431247],[46.82012701853998,24.558280595400706]]]}},{"type":"Feature","properties":{"plan_no":"2705/5","plan_id":"2620","block_no":"37","parcel_no":"505","parcel_id":14318339,"object_id":6155895,"area_m2":1050.000861075},"geometry":{"type":"Polygon","coordinates":[[[46.820285865656324,24.55800000175848],[46.82012701853998,24.558280595400706],[46.81986403934644,24.558156095431247],[46.820022886943114,24.557875502939773],[46.820285865656324,24.55800000175848]]]}},{"type":"Feature","properties":{"plan_no":"2705/5","plan_id":"2620","block_no":"37","parcel_no":"506","parcel_id":14318599,"object_id":6179888,"area_m2":1050.000861075},"geometry":{"type":"Polygon","coordinates":[[[46.820548844878985,24.55812450098852],[46.8203899982169,24.5584050939761],[46.82012701853998,24.558280595400706],[46.820285865656324,24.55800000175848],[46.820548844878985,24.55812450098852]]]}},{"type":"Feature","properties":{"plan_no":"2705/5","plan_id":"2620","block_no":"37","parcel_no":"507","parcel_id":14318479,"object_id":7312828,"area_m2":1050.000861075},"geometry":{"type":"Polygon","coordinates":[[[46.82081182458504,24.558248998824464],[46.82065297840329,24.558529592962813],[46.8203899982169,24.5584050939761],[46.820548844878985,24.55812450098852],[46.82081182458504,24.558248998824464]]]}},{"type":"Feature","properties":{"plan_no":"2705/5","plan_id":"2620","block_no":"37","parcel_no":"508","parcel_id":14316721,"object_id":6165266,"area_m2":1050.00135888},"geometry":{"type":"Polygon","coordinates":[[[46.8210748047875,24.558373496169008],[46.82091595907307,24.55865409055543],[46.82065297840329,24.558529592962813],[46.82081182458504,24.558248998824464],[46.8210748047875,24.558373496169008]]]}},{"type":"Feature","properties":{"plan_no":"2705/5","plan_id":"2620","block_no":"37","parcel_no":"509","parcel_id":14318135,"object_id":6199601,"area_m2":1049.999108535},"geometry":{"type":"Polygon","coordinates":[[[46.821337784499384,24.558497993034095],[46.82117894023927,24.558778587656644],[46.82091595907307,24.55865409055543],[46.8210748047875,24.558373496169008],[46.821337784499384,24.558497993034095]]]}},{"type":"Feature","properties":{"plan_no":"2705/5","plan_id":"2620","block_no":"37","parcel_no":"510","parcel_id":14319105,"object_id":6211029,"area_m2":1050.00159494},"geometry":{"type":"Polygon","coordinates":[[[46.82160076570772,24.558622490298557],[46.82144192191494,24.55890308516913],[46.82117894023927,24.558778587656644],[46.821337784499384,24.558497993034095],[46.82160076570772,24.558622490298557]]]}},{"type":"Feature","properties":{"plan_no":"2705/5","plan_id":"2620","block_no":"37","parcel_no":"511","parcel_id":14319005,"object_id":6222929,"area_m2":1049.99861073},"geometry":{"type":"Polygon","coordinates":[[[46.821863747412465,24.558746987071597],[46.821704903087,24.55902758129945],[46.82144192191494,24.55890308516913],[46.82160076570772,24.558622490298557],[46.821863747412465,24.558746987071597]]]}},{"type":"Feature","properties":{"plan_no":"2705/5","plan_id":"2620","block_no":"37","parcel_no":"512","parcel_id":14316641,"object_id":6179638,"area_m2":1050.001697295},"geometry":{"type":"Polygon","coordinates":[[[46.822126729600576,24.55887148245052],[46.8219678867425,24.559152077817185],[46.821704903087,24.55902758129945],[46.821863747412465,24.558746987071597],[46.822126729600576,24.55887148245052]]]}},{"type":"Feature","properties":{"plan_no":"2705/5","plan_id":"2620","block_no":"37","parcel_no":"513","parcel_id":14319049,"object_id":7221869,"area_m2":1049.999108535},"geometry":{"type":"Polygon","coordinates":[[[46.82238971228509,24.558995977337993],[46.8222308689074,24.559276572964652],[46.8219678867425,24.559152077817185],[46.822126729600576,24.55887148245052],[46.82238971228509,24.558995977337993]]]}},{"type":"Feature","properties":{"plan_no":"2705/5","plan_id":"2620","block_no":"37","parcel_no":"514","parcel_id":14318383,"object_id":6385940,"area_m2":1050.001697295},"geometry":{"type":"Polygon","coordinates":[[[46.82265269547906,24.559120472636746],[46.82249385354269,24.55940106759681],[46.8222308689074,24.559276572964652],[46.82238971228509,24.558995977337993],[46.82265269547906,24.559120472636746]]]}},{"type":"Feature","properties":{"plan_no":"2705/5","plan_id":"2620","block_no":"37","parcel_no":"515","parcel_id":14316275,"object_id":6146766,"area_m2":1049.99944695},"geometry":{"type":"Polygon","coordinates":[[[46.82291567915639,24.55924496654135],[46.82275683770046,24.55952556265215],[46.82249385354269,24.55940106759681],[46.82265269547906,24.559120472636746],[46.82291567915639,24.55924496654135]]]}},{"type":"Feature","properties":{"plan_no":"2705/5","plan_id":"2620","block_no":"37","parcel_no":"516","parcel_id":14318943,"object_id":6222926,"area_m2":1049.99861073},"geometry":{"type":"Polygon","coordinates":[[[46.823178663343164,24.55936946085721],[46.823019821354606,24.55965005632526],[46.82275683770046,24.55952556265215],[46.82291567915639,24.55924496654135],[46.823178663343164,24.55936946085721]]]}},{"type":"Feature","properties":{"plan_no":"2705/5","plan_id":"2620","block_no":"37","parcel_no":"517","parcel_id":14316431,"object_id":6167812,"area_m2":1225.00007751},"geometry":{"type":"Polygon","coordinates":[[[46.823178663343164,24.55936946085721],[46.823485479173264,24.55951470284831],[46.82332663773001,24.559795298605756],[46.823019821354606,24.55965005632526],[46.823178663343164,24.55936946085721]]]}},{"type":"Feature","properties":{"plan_no":"2705/5","plan_id":"2620","block_no":"38","parcel_no":"518","parcel_id":14316849,"object_id":7324057,"area_m2":1330.00166404},"geometry":{"type":"Polygon","coordinates":[[[46.82374869959321,24.55904971448045],[46.82357624484298,24.559354362232195],[46.823269429324505,24.559209120406422],[46.82344188466677,24.55890447296885],[46.82374869959321,24.55904971448045]]]}},{"type":"Feature","properties":{"plan_no":"2705/5","plan_id":"2620","block_no":"38","parcel_no":"519","parcel_id":14316481,"object_id":6229291,"area_m2":1140.00174859},"geometry":{"type":"Polygon","coordinates":[[[46.82344188466677,24.55890447296885],[46.823269429324505,24.559209120406422],[46.8230064454048,24.559084626232313],[46.82317890125454,24.558779979064006],[46.82344188466677,24.55890447296885]]]}},{"type":"Feature","properties":{"plan_no":"2705/5","plan_id":"2620","block_no":"38","parcel_no":"520","parcel_id":14318701,"object_id":6155214,"area_m2":1139.998988455},"geometry":{"type":"Polygon","coordinates":[[[46.82317890125454,24.558779979064006],[46.8230064454048,24.559084626232313],[46.822743461994556,24.558960132469437],[46.82291591933872,24.5586554855585],[46.82317890125454,24.558779979064006]]]}},{"type":"Feature","properties":{"plan_no":"2705/5","plan_id":"2620","block_no":"38","parcel_no":"521","parcel_id":14317657,"object_id":6146695,"area_m2":1140.00137108},"geometry":{"type":"Polygon","coordinates":[[[46.82291591933872,24.5586554855585],[46.822743461994556,24.558960132469437],[46.82248047908072,24.55883563821512],[46.822652936932315,24.55853099157347],[46.82291591933872,24.5586554855585]]]}},{"type":"Feature","properties":{"plan_no":"2705/5","plan_id":"2620","block_no":"38","parcel_no":"522","parcel_id":14315549,"object_id":6165726,"area_m2":1140.00120717},"geometry":{"type":"Polygon","coordinates":[[[46.822652936932315,24.55853099157347],[46.82248047908072,24.55883563821512],[46.82221749765025,24.558711143457426],[46.82238995500925,24.5584064961943],[46.822652936932315,24.55853099157347]]]}},{"type":"Feature","properties":{"plan_no":"2705/5","plan_id":"2620","block_no":"38","parcel_no":"523","parcel_id":14318059,"object_id":6229438,"area_m2":1140.004558305},"geometry":{"type":"Polygon","coordinates":[[[46.82238995500925,24.5584064961943],[46.82221749765025,24.558711143457426],[46.821954514729164,24.558586647329477],[46.822126973595616,24.55828200122642],[46.82238995500925,24.5584064961943]]]}},{"type":"Feature","properties":{"plan_no":"2705/5","plan_id":"2620","block_no":"38","parcel_no":"524","parcel_id":14317261,"object_id":6167683,"area_m2":1134.37395393},"geometry":{"type":"Polygon","coordinates":[[[46.822126973595616,24.55828200122642],[46.821954514729164,24.558586647329477],[46.82172111943221,24.558476157521348],[46.821711258375935,24.558471488869948],[46.821722604304256,24.558451446302602],[46.821702880222325,24.558442109022938],[46.821708553673425,24.55843208728236],[46.82186399267838,24.558157505767117],[46.822126973595616,24.55828200122642]]]}},{"type":"Feature","properties":{"plan_no":"2705/5","plan_id":"2620","block_no":"38","parcel_no":"525","parcel_id":14316005,"object_id":6146501,"area_m2":1134.37538929},"geometry":{"type":"Polygon","coordinates":[[[46.82167181118381,24.558452813390556],[46.82166194914404,24.558448144747647],[46.82142855335022,24.558337654466243],[46.82160101224448,24.5580330089137],[46.82186399267838,24.558157505767117],[46.821708553673425,24.55843208728236],[46.821702880222325,24.558442109022938],[46.82168315713018,24.55843277172858],[46.82167181118381,24.558452813390556]]]}},{"type":"Feature","properties":{"plan_no":"2705/5","plan_id":"2620","block_no":"38","parcel_no":"526","parcel_id":14318385,"object_id":6208454,"area_m2":1139.99995696},"geometry":{"type":"Polygon","coordinates":[[[46.82160101224448,24.5580330089137],[46.82142855335022,24.558337654466243],[46.821165572918396,24.55821315775482],[46.821338032320035,24.557908512471602],[46.82160101224448,24.5580330089137]]]}},{"type":"Feature","properties":{"plan_no":"2705/5","plan_id":"2620","block_no":"38","parcel_no":"527","parcel_id":14317483,"object_id":6208315,"area_m2":1140.00174859},"geometry":{"type":"Polygon","coordinates":[[[46.821338032320035,24.557908512471602],[46.821165572918396,24.55821315775482],[46.82090259296992,24.558088659649307],[46.821075052878946,24.557784014635388],[46.821338032320035,24.557908512471602]]]}},{"type":"Feature","properties":{"plan_no":"2705/5","plan_id":"2620","block_no":"38","parcel_no":"528","parcel_id":14319145,"object_id":6238867,"area_m2":1139.99995696},"geometry":{"type":"Polygon","coordinates":[[[46.821075052878946,24.557784014635388],[46.82090259296992,24.558088659649307],[46.820639613530915,24.5579641619551],[46.82081207394728,24.557659517210496],[46.821075052878946,24.557784014635388]]]}},{"type":"Feature","properties":{"plan_no":"2705/5","plan_id":"2620","block_no":"38","parcel_no":"529","parcel_id":14315639,"object_id":6201449,"area_m2":1139.999529875},"geometry":{"type":"Polygon","coordinates":[[[46.82081207394728,24.557659517210496],[46.820639613530915,24.5579641619551],[46.820376634575275,24.55783966286683],[46.82054909551203,24.55753501929422],[46.82081207394728,24.557659517210496]]]}},{"type":"Feature","properties":{"plan_no":"2705/5","plan_id":"2620","block_no":"38","parcel_no":"530","parcel_id":14317409,"object_id":6147027,"area_m2":1140.05258567},"geometry":{"type":"Polygon","coordinates":[[[46.82054909551203,24.55753501929422],[46.820376634575275,24.55783966286683],[46.820113656129074,24.557715164189865],[46.820286092716245,24.5574105085468],[46.82054909551203,24.55753501929422]]]}},{"type":"Feature","properties":{"plan_no":"2705/5","plan_id":"2620","block_no":"38","parcel_no":"531","parcel_id":14315551,"object_id":6208515,"area_m2":1140.164092665},"geometry":{"type":"Polygon","coordinates":[[[46.82072155563914,24.557230374658243],[46.82054909551203,24.55753501929422],[46.820286092716245,24.5574105085468],[46.82045852849388,24.55710585184039],[46.82072155563914,24.557230374658243]]]}},{"type":"Feature","properties":{"plan_no":"2705/5","plan_id":"2620","block_no":"38","parcel_no":"532","parcel_id":14316909,"object_id":6196274,"area_m2":1139.99995696},"geometry":{"type":"Polygon","coordinates":[[[46.82098453356705,24.557354872305208],[46.82081207394728,24.557659517210496],[46.82054909551203,24.55753501929422],[46.82072155563914,24.557230374658243],[46.82098453356705,24.557354872305208]]]}},{"type":"Feature","properties":{"plan_no":"2705/5","plan_id":"2620","block_no":"38","parcel_no":"533","parcel_id":14318183,"object_id":6146930,"area_m2":1139.99995696},"geometry":{"type":"Polygon","coordinates":[[[46.82124751199136,24.557479369460797],[46.821075052878946,24.557784014635388],[46.82081207394728,24.557659517210496],[46.82098453356705,24.557354872305208],[46.82124751199136,24.557479369460797]]]}},{"type":"Feature","properties":{"plan_no":"2705/5","plan_id":"2620","block_no":"38","parcel_no":"534","parcel_id":14317301,"object_id":7171786,"area_m2":1140.00174859},"geometry":{"type":"Polygon","coordinates":[[[46.821510490925085,24.55760386702769],[46.821338032320035,24.557908512471602],[46.821075052878946,24.557784014635388],[46.82124751199136,24.557479369460797],[46.821510490925085,24.55760386702769]]]}},{"type":"Feature","properties":{"plan_no":"2705/5","plan_id":"2620","block_no":"38","parcel_no":"535","parcel_id":14317539,"object_id":6168204,"area_m2":1139.99995696},"geometry":{"type":"Polygon","coordinates":[[[46.82177347034216,24.55772836320051],[46.82160101224448,24.5580330089137],[46.821338032320035,24.557908512471602],[46.821510490925085,24.55760386702769],[46.82177347034216,24.55772836320051]]]}},{"type":"Feature","properties":{"plan_no":"2705/5","plan_id":"2620","block_no":"38","parcel_no":"536","parcel_id":14317267,"object_id":6357014,"area_m2":1140.00174859},"geometry":{"type":"Polygon","coordinates":[[[46.822036450268655,24.557852859784635],[46.82186399267838,24.558157505767117],[46.82160101224448,24.5580330089137],[46.82177347034216,24.55772836320051],[46.822036450268655,24.557852859784635]]]}},{"type":"Feature","properties":{"plan_no":"2705/5","plan_id":"2620","block_no":"38","parcel_no":"537","parcel_id":14315045,"object_id":6229921,"area_m2":1139.99995696},"geometry":{"type":"Polygon","coordinates":[[[46.8222994306785,24.557977354974646],[46.822126973595616,24.55828200122642],[46.82186399267838,24.558157505767117],[46.822036450268655,24.557852859784635],[46.8222994306785,24.557977354974646]]]}},{"type":"Feature","properties":{"plan_no":"2705/5","plan_id":"2620","block_no":"38","parcel_no":"538","parcel_id":14316791,"object_id":6208940,"area_m2":1139.99995696},"geometry":{"type":"Polygon","coordinates":[[[46.822562411584705,24.558101849673243],[46.82238995500925,24.5584064961943],[46.822126973595616,24.55828200122642],[46.8222994306785,24.557977354974646],[46.822562411584705,24.558101849673243]]]}},{"type":"Feature","properties":{"plan_no":"2705/5","plan_id":"2620","block_no":"38","parcel_no":"539","parcel_id":14316251,"object_id":6230829,"area_m2":1140.00174859},"geometry":{"type":"Polygon","coordinates":[[[46.82282539300035,24.558226344783108],[46.822652936932315,24.55853099157347],[46.82238995500925,24.5584064961943],[46.822562411584705,24.558101849673243],[46.82282539300035,24.558226344783108]]]}},{"type":"Feature","properties":{"plan_no":"2705/5","plan_id":"2620","block_no":"38","parcel_no":"540","parcel_id":14315375,"object_id":6165503,"area_m2":1139.99995696},"geometry":{"type":"Polygon","coordinates":[[[46.82308837489932,24.558350838498857],[46.82291591933872,24.5586554855585],[46.822652936932315,24.55853099157347],[46.82282539300035,24.558226344783108],[46.82308837489932,24.558350838498857]]]}},{"type":"Feature","properties":{"plan_no":"2705/5","plan_id":"2620","block_no":"38","parcel_no":"541","parcel_id":14316445,"object_id":6209890,"area_m2":1139.998988455},"geometry":{"type":"Polygon","coordinates":[[[46.82335135729467,24.558475331723166],[46.82317890125454,24.558779979064006],[46.82291591933872,24.5586554855585],[46.82308837489932,24.558350838498857],[46.82335135729467,24.558475331723166]]]}},{"type":"Feature","properties":{"plan_no":"2705/5","plan_id":"2620","block_no":"38","parcel_no":"542","parcel_id":14315721,"object_id":6164982,"area_m2":1140.00316272},"geometry":{"type":"Polygon","coordinates":[[[46.823614340199455,24.558599825358733],[46.82344188466677,24.55890447296885],[46.82317890125454,24.558779979064006],[46.82335135729467,24.558475331723166],[46.823614340199455,24.558599825358733]]]}},{"type":"Feature","properties":{"plan_no":"2705/5","plan_id":"2620","block_no":"38","parcel_no":"543","parcel_id":14316967,"object_id":6231783,"area_m2":1330.013873505},"geometry":{"type":"Polygon","coordinates":[[[46.823614340199455,24.558599825358733],[46.82392115950794,24.55874506920454],[46.82374869959321,24.55904971448045],[46.82344188466677,24.55890447296885],[46.823614340199455,24.558599825358733]]]}},{"type":"Feature","properties":{"plan_no":"2705/5","plan_id":"2620","block_no":"39","parcel_no":"544","parcel_id":14316109,"object_id":6196584,"area_m2":1079.99818496},"geometry":{"type":"Polygon","coordinates":[[[46.82400978053928,24.56015934715754],[46.82384640208786,24.560447960680982],[46.82358341500959,24.560323468620314],[46.823746793941815,24.56003485535199],[46.82400978053928,24.56015934715754]]]}},{"type":"Feature","properties":{"plan_no":"2705/5","plan_id":"2620","block_no":"39","parcel_no":"545","parcel_id":14318055,"object_id":6229437,"area_m2":1050.000861075},"geometry":{"type":"Polygon","coordinates":[[[46.824168620813275,24.55987875075428],[46.82400978053928,24.56015934715754],[46.823746793941815,24.56003485535199],[46.82390563467018,24.55975425829406],[46.824168620813275,24.55987875075428]]]}},{"type":"Feature","properties":{"plan_no":"2705/5","plan_id":"2620","block_no":"39","parcel_no":"546","parcel_id":14316447,"object_id":6238891,"area_m2":1050.001199485},"geometry":{"type":"Polygon","coordinates":[[[46.824327460411475,24.559598154214772],[46.824168620813275,24.55987875075428],[46.82390563467018,24.55975425829406],[46.82406447374884,24.55947366201451],[46.824327460411475,24.559598154214772]]]}},{"type":"Feature","properties":{"plan_no":"2705/5","plan_id":"2620","block_no":"39","parcel_no":"547","parcel_id":14317123,"object_id":6196873,"area_m2":1050.00034021},"geometry":{"type":"Polygon","coordinates":[[[46.824486296333745,24.559317554866787],[46.824327460411475,24.559598154214772],[46.82406447374884,24.55947366201451],[46.82422331312566,24.559193064684088],[46.824486296333745,24.559317554866787]]]}},{"type":"Feature","properties":{"plan_no":"2705/5","plan_id":"2620","block_no":"39","parcel_no":"548","parcel_id":14317203,"object_id":6167681,"area_m2":900.05505223},"geometry":{"type":"Polygon","coordinates":[[[46.82435947712859,24.55895252361576],[46.82462244756252,24.55907704533582],[46.824486296333745,24.559317554866787],[46.82422331312566,24.559193064684088],[46.82435947712859,24.55895252361576]]]}},{"type":"Feature","properties":{"plan_no":"2705/5","plan_id":"2620","block_no":"39","parcel_no":"549","parcel_id":14318439,"object_id":6155160,"area_m2":900.16905018},"geometry":{"type":"Polygon","coordinates":[[[46.82435947712859,24.55895252361576],[46.82422331312566,24.559193064684088],[46.82396032543981,24.55906857136156],[46.824096509191214,24.558828003185777],[46.82435947712859,24.55895252361576]]]}},{"type":"Feature","properties":{"plan_no":"2705/5","plan_id":"2620","block_no":"39","parcel_no":"550","parcel_id":14316477,"object_id":6209893,"area_m2":1050.00541537},"geometry":{"type":"Polygon","coordinates":[[[46.82422331312566,24.559193064684088],[46.82406447374884,24.55947366201451],[46.82380148955659,24.559349169298894],[46.82396032543981,24.55906857136156],[46.82422331312566,24.559193064684088]]]}},{"type":"Feature","properties":{"plan_no":"2705/5","plan_id":"2620","block_no":"39","parcel_no":"551","parcel_id":14316957,"object_id":7191267,"area_m2":1049.99861073},"geometry":{"type":"Polygon","coordinates":[[[46.82406447374884,24.55947366201451],[46.82390563467018,24.55975425829406],[46.82364264903657,24.559629766245052],[46.82380148955659,24.559349169298894],[46.82406447374884,24.55947366201451]]]}},{"type":"Feature","properties":{"plan_no":"2705/5","plan_id":"2620","block_no":"39","parcel_no":"552","parcel_id":14315265,"object_id":6231800,"area_m2":1050.000861075},"geometry":{"type":"Polygon","coordinates":[[[46.82390563467018,24.55975425829406],[46.823746793941815,24.56003485535199],[46.8234838078277,24.559910362152273],[46.82364264903657,24.559629766245052],[46.82390563467018,24.55975425829406]]]}},{"type":"Feature","properties":{"plan_no":"2705/5","plan_id":"2620","block_no":"39","parcel_no":"553","parcel_id":14318255,"object_id":6199609,"area_m2":1079.99988229},"geometry":{"type":"Polygon","coordinates":[[[46.823746793941815,24.56003485535199],[46.82358341500959,24.560323468620314],[46.82332042841468,24.560198975165466],[46.8234838078277,24.559910362152273],[46.823746793941815,24.56003485535199]]]}},{"type":"Feature","properties":{"plan_no":"2705/5","plan_id":"2620","block_no":"40","parcel_no":"554","parcel_id":14319029,"object_id":6155954,"area_m2":1400.0024604},"geometry":{"type":"Polygon","coordinates":[[[46.82615963246066,24.56215268228277],[46.82612931517665,24.56217210552136],[46.82593109908909,24.561913309713006],[46.82625448759717,24.561706127387566],[46.8264527039638,24.56196492275726],[46.82615963246066,24.56215268228277]]]}},{"type":"Feature","properties":{"plan_no":"2705/5","plan_id":"2620","block_no":"40","parcel_no":"555","parcel_id":14317995,"object_id":6146923,"area_m2":1399.99947512},"geometry":{"type":"Polygon","coordinates":[[[46.82625448759717,24.561706127387566],[46.82593109908909,24.561913309713006],[46.82573288384802,24.561654514490524],[46.82605627207702,24.561447332603745],[46.82625448759717,24.561706127387566]]]}},{"type":"Feature","properties":{"plan_no":"2705/5","plan_id":"2620","block_no":"40","parcel_no":"556","parcel_id":14318285,"object_id":6212972,"area_m2":1321.95992857},"geometry":{"type":"Polygon","coordinates":[[[46.82605627207702,24.561447332603745],[46.82573288384802,24.561654514490524],[46.825651901908856,24.561548781383866],[46.82560137541708,24.561485597019985],[46.82554826713452,24.561424566695273],[46.825854509020076,24.561196614153474],[46.8259163794477,24.56126787405444],[46.82597529002384,24.561341599676304],[46.82605627207702,24.561447332603745]]]}},{"type":"Feature","properties":{"plan_no":"2705/5","plan_id":"2620","block_no":"40","parcel_no":"557","parcel_id":14315575,"object_id":6165728,"area_m2":1413.725491065},"geometry":{"type":"Polygon","coordinates":[[[46.825854509020076,24.561196614153474],[46.82554826713452,24.561424566695273],[46.825478375841186,24.561351390928763],[46.825404886903634,24.56128182900134],[46.82532798694489,24.56121605756351],[46.82559037987964,24.560946223135918],[46.825667985364674,24.56101210254029],[46.8257324156771,24.56107129782527],[46.825794618454324,24.561132829617286],[46.825854509020076,24.561196614153474]]]}},{"type":"Feature","properties":{"plan_no":"2705/5","plan_id":"2620","block_no":"40","parcel_no":"558","parcel_id":14317589,"object_id":6156252,"area_m2":1442.91164632},"geometry":{"type":"Polygon","coordinates":[[[46.82559037987964,24.560946223135918],[46.82532798694489,24.56121605756351],[46.825244755614506,24.56115179420906],[46.82515837959282,24.561091824083487],[46.825069080114794,24.561036300788313],[46.82528271915466,24.56073261694873],[46.825376662145636,24.560790703961445],[46.82546795087122,24.560852879158922],[46.82552989894711,24.560898589002285],[46.82559037987964,24.560946223135918]]]}},{"type":"Feature","properties":{"plan_no":"2705/5","plan_id":"2620","block_no":"40","parcel_no":"559","parcel_id":14317473,"object_id":6208314,"area_m2":1274.96214895},"geometry":{"type":"Polygon","coordinates":[[[46.82528271915466,24.56073261694873],[46.825069080114794,24.561036300788313],[46.824984718424226,24.560989190038683],[46.82489832755911,24.560945912608194],[46.82481069164805,24.560904428576553],[46.82499222103834,24.56058374583827],[46.82507981501676,24.560625209515468],[46.82516655537534,24.560668283058256],[46.82525160615483,24.56071460351597],[46.82528271915466,24.56073261694873]]]}},{"type":"Feature","properties":{"plan_no":"2705/5","plan_id":"2620","block_no":"40","parcel_no":"560","parcel_id":14318977,"object_id":6238861,"area_m2":1199.99661235},"geometry":{"type":"Polygon","coordinates":[[[46.82499222103834,24.56058374583827],[46.82481069164805,24.560904428576553],[46.82454770274958,24.560779938318074],[46.82472923366115,24.560459255851303],[46.82499222103834,24.56058374583827]]]}},{"type":"Feature","properties":{"plan_no":"2705/5","plan_id":"2620","block_no":"40","parcel_no":"561","parcel_id":14316311,"object_id":6238883,"area_m2":1200.00096909},"geometry":{"type":"Polygon","coordinates":[[[46.82472923366115,24.560459255851303],[46.82454770274958,24.560779938318074],[46.82428471433447,24.560655446665404],[46.824466245780286,24.560334764482068],[46.82472923366115,24.560459255851303]]]}},{"type":"Feature","properties":{"plan_no":"2705/5","plan_id":"2620","block_no":"40","parcel_no":"562","parcel_id":14317871,"object_id":6316251,"area_m2":1199.99908316},"geometry":{"type":"Polygon","coordinates":[[[46.824466245780286,24.560334764482068],[46.82428471433447,24.560655446665404],[46.824021726428846,24.560530955423904],[46.82420325840891,24.560210273524028],[46.824466245780286,24.560334764482068]]]}},{"type":"Feature","properties":{"plan_no":"2705/5","plan_id":"2620","block_no":"40","parcel_no":"563","parcel_id":14316541,"object_id":7171789,"area_m2":1050.000861075},"geometry":{"type":"Polygon","coordinates":[[[46.82462508519796,24.56005416764986],[46.824466245780286,24.560334764482068],[46.82420325840891,24.560210273524028],[46.824362098280965,24.559929676037136],[46.82462508519796,24.56005416764986]]]}},{"type":"Feature","properties":{"plan_no":"2705/5","plan_id":"2620","block_no":"40","parcel_no":"564","parcel_id":14315717,"object_id":6355251,"area_m2":1049.99861073},"geometry":{"type":"Polygon","coordinates":[[[46.82488807161128,24.56017865788034],[46.82472923366115,24.560459255851303],[46.824466245780286,24.560334764482068],[46.82462508519796,24.56005416764986],[46.82488807161128,24.56017865788034]]]}},{"type":"Feature","properties":{"plan_no":"2705/5","plan_id":"2620","block_no":"40","parcel_no":"565","parcel_id":14318581,"object_id":6199068,"area_m2":1044.37215741},"geometry":{"type":"Polygon","coordinates":[[[46.825121473602685,24.5602891433019],[46.82513133490371,24.560293810810585],[46.825119989377,24.560313852705466],[46.825139713009854,24.56032319041823],[46.825134040739954,24.560333211360096],[46.82499222103834,24.56058374583827],[46.82472923366115,24.560459255851303],[46.82488807161128,24.56017865788034],[46.825121473602685,24.5602891433019]]]}},{"type":"Feature","properties":{"plan_no":"2705/5","plan_id":"2620","block_no":"40","parcel_no":"566","parcel_id":14315891,"object_id":6200737,"area_m2":1093.4372240750001},"geometry":{"type":"Polygon","coordinates":[[[46.82523861557642,24.56034459450496],[46.82533738278528,24.56039364033099],[46.82543422572993,24.56044638403837],[46.82525160615483,24.56071460351597],[46.82516655537534,24.560668283058256],[46.82507981501676,24.560625209515468],[46.82499222103834,24.56058374583827],[46.825134040739954,24.560333211360096],[46.825139713009854,24.56032319041823],[46.82515943761943,24.56033252721356],[46.82517078312806,24.560312484413306],[46.82518064643271,24.56031715370002],[46.82523861557642,24.56034459450496]]]}},{"type":"Feature","properties":{"plan_no":"2705/5","plan_id":"2620","block_no":"40","parcel_no":"567","parcel_id":14318973,"object_id":6155951,"area_m2":1001.32905029},"geometry":{"type":"Polygon","coordinates":[[[46.825680568633196,24.560603830217055],[46.82546795087122,24.560852879158922],[46.82537666214564,24.560790703961437],[46.82528271915466,24.56073261694873],[46.82525160615483,24.56071460351597],[46.82543422572993,24.56044638403837],[46.825518116421776,24.560496051554242],[46.825600262644116,24.560548554015764],[46.825680568633196,24.560603830217055]]]}},{"type":"Feature","properties":{"plan_no":"2705/5","plan_id":"2620","block_no":"40","parcel_no":"568","parcel_id":14315017,"object_id":6177214,"area_m2":1005.77898055},"geometry":{"type":"Polygon","coordinates":[[[46.82590833959671,24.560785132494544],[46.825667985364674,24.56101210254029],[46.82559037987964,24.560946223135918],[46.82552989894711,24.560898589002285],[46.82546795087122,24.560852879158922],[46.825680568633196,24.560603830217055],[46.82575858852692,24.560661599089563],[46.82583454307775,24.560722057775077],[46.82590833959671,24.560785132494544]]]}},{"type":"Feature","properties":{"plan_no":"2705/5","plan_id":"2620","block_no":"40","parcel_no":"569","parcel_id":14317475,"object_id":6385693,"area_m2":1047.87386371},"geometry":{"type":"Polygon","coordinates":[[[46.82612246841767,24.560997157037985],[46.825854509020076,24.561196614153474],[46.82579461845432,24.56113282961729],[46.825732415677095,24.561071297825272],[46.825667985364674,24.56101210254029],[46.82590833959671,24.560785132494544],[46.82598233086414,24.56085313341371],[46.82605374011806,24.56092384091768],[46.82612246841767,24.560997157037985]]]}},{"type":"Feature","properties":{"plan_no":"2705/5","plan_id":"2620","block_no":"40","parcel_no":"570","parcel_id":14316151,"object_id":6168108,"area_m2":1251.30529771},"geometry":{"type":"Polygon","coordinates":[[[46.82633923550782,24.561266047482675],[46.82605627207702,24.561447332603745],[46.82597529002384,24.561341599676304],[46.8259163794477,24.56126787405444],[46.825854509020076,24.561196614153474],[46.82612246841767,24.560997157037985],[46.82619200755789,24.56107736764528],[46.82625825536813,24.561160317396237],[46.82633923550782,24.561266047482675]]]}},{"type":"Feature","properties":{"plan_no":"2705/5","plan_id":"2620","block_no":"40","parcel_no":"571","parcel_id":14315357,"object_id":6196452,"area_m2":1224.999902355},"geometry":{"type":"Polygon","coordinates":[[[46.82653745128523,24.561524842785378],[46.82625448759717,24.561706127387566],[46.82605627207702,24.561447332603745],[46.82633923550782,24.561266047482675],[46.82653745128523,24.561524842785378]]]}},{"type":"Feature","properties":{"plan_no":"2705/5","plan_id":"2620","block_no":"40","parcel_no":"572","parcel_id":14315877,"object_id":6155818,"area_m2":1224.999902355},"geometry":{"type":"Polygon","coordinates":[[[46.826735667882964,24.561783636868537],[46.8264527039638,24.56196492275726],[46.82625448759717,24.561706127387566],[46.82653745128523,24.561524842785378],[46.826735667882964,24.561783636868537]]]}},{"type":"Feature","properties":{"plan_no":"2705/5","plan_id":"2620","block_no":"41","parcel_no":"1890","parcel_id":14318367,"object_id":6179881,"area_m2":3176.247434805},"geometry":{"type":"Polygon","coordinates":[[[46.82826847834318,24.562840764323102],[46.82798551456228,24.563022053077926],[46.82791677388087,24.563010981136607],[46.82753024408821,24.562506335078268],[46.82751750209672,24.562489699169728],[46.827537713509074,24.562476749863265],[46.82751222753398,24.562443476264324],[46.827522333244,24.562437002063263],[46.82781540216274,24.56224923908145],[46.82826847834318,24.562840764323102]]]}},{"type":"Feature","properties":{"plan_no":"2705/5","plan_id":"2620","block_no":"41","parcel_no":"32","parcel_id":14316321,"object_id":6155544,"area_m2":2867.4987902750004},"geometry":{"type":"Polygon","coordinates":[[[46.82810644946577,24.562062771321184],[46.82853120837178,24.562617326007107],[46.828519102578966,24.562680194547568],[46.82826847834318,24.562840764323102],[46.82781540216274,24.56224923908145],[46.82810644946577,24.562062771321184]]]}},{"type":"Feature","properties":{"plan_no":"2705/5","plan_id":"2620","block_no":"41","parcel_no":"573","parcel_id":14318881,"object_id":7280511,"area_m2":1199.999439305},"geometry":{"type":"Polygon","coordinates":[[[46.82751222753398,24.562443476264324],[46.82749201612387,24.56245642556726],[46.827322113297804,24.5622346025806],[46.82764550009762,24.562027417361534],[46.82781540216274,24.56224923908145],[46.827522333244,24.562437002063263],[46.82751222753398,24.562443476264324]]]}},{"type":"Feature","properties":{"plan_no":"2705/5","plan_id":"2620","block_no":"41","parcel_no":"574","parcel_id":14315363,"object_id":6146707,"area_m2":1200.00047456},"geometry":{"type":"Polygon","coordinates":[[[46.82764550009762,24.562027417361534],[46.827322113297804,24.5622346025806],[46.82715221207106,24.562012779349164],[46.82747559863172,24.561805594506115],[46.82764550009762,24.562027417361534]]]}},{"type":"Feature","properties":{"plan_no":"2705/5","plan_id":"2620","block_no":"41","parcel_no":"575","parcel_id":14316661,"object_id":6310848,"area_m2":1199.99966566},"geometry":{"type":"Polygon","coordinates":[[[46.82747559863172,24.561805594506115],[46.82715221207106,24.562012779349164],[46.82698231146971,24.561790956787632],[46.82730569777812,24.56158377141789],[46.82747559863172,24.561805594506115]]]}},{"type":"Feature","properties":{"plan_no":"2705/5","plan_id":"2620","block_no":"41","parcel_no":"576","parcel_id":14316235,"object_id":6167489,"area_m2":1200.00203118},"geometry":{"type":"Polygon","coordinates":[[[46.82730569777812,24.56158377141789],[46.82698231146971,24.561790956787632],[46.82681241048058,24.56156913310258],[46.82713579754991,24.56136194899957],[46.82730569777812,24.56158377141789]]]}},{"type":"Feature","properties":{"plan_no":"2705/5","plan_id":"2620","block_no":"41","parcel_no":"577","parcel_id":14314981,"object_id":6177167,"area_m2":1200.002145375},"geometry":{"type":"Polygon","coordinates":[[[46.82713579754991,24.56136194899957],[46.82681241048058,24.56156913310258],[46.82664251110381,24.561347310075472],[46.826965897920886,24.56114012544576],[46.82713579754991,24.56136194899957]]]}},{"type":"Feature","properties":{"plan_no":"2705/5","plan_id":"2620","block_no":"41","parcel_no":"578","parcel_id":14318185,"object_id":6239051,"area_m2":1200.00464277},"geometry":{"type":"Polygon","coordinates":[[[46.826965897920886,24.56114012544576],[46.82664251110381,24.561347310075472],[46.82647261232624,24.561125485912886],[46.82679599890414,24.560918301659164],[46.826965897920886,24.56114012544576]]]}},{"type":"Feature","properties":{"plan_no":"2705/5","plan_id":"2620","block_no":"41","parcel_no":"579","parcel_id":14318729,"object_id":6199114,"area_m2":1266.3410970749999},"geometry":{"type":"Polygon","coordinates":[[[46.82679599890414,24.560918301659164],[46.82647261232624,24.561125485912886],[46.826419359401,24.56105595670661],[46.82635505405297,24.56097513903914],[46.82628782203606,24.56089673923644],[46.826617640272715,24.560685432599865],[46.82679599890414,24.560918301659164]]]}},{"type":"Feature","properties":{"plan_no":"2705/5","plan_id":"2620","block_no":"41","parcel_no":"580","parcel_id":14317971,"object_id":6156482,"area_m2":1595.297348355},"geometry":{"type":"Polygon","coordinates":[[[46.826617640272715,24.560685432599865],[46.82628782203606,24.56089673923644],[46.82621278906274,24.560815646547574],[46.82613470160998,24.56073749079926],[46.8260536745475,24.560662386961678],[46.82638522194176,24.56039738847241],[46.82641014865058,24.560424069177078],[46.826454334812745,24.560474612370655],[46.82649630321955,24.56052701164712],[46.826617640272715,24.560685432599865]]]}},{"type":"Feature","properties":{"plan_no":"2705/5","plan_id":"2620","block_no":"41","parcel_no":"581","parcel_id":14315391,"object_id":6176990,"area_m2":1803.610604825},"geometry":{"type":"Polygon","coordinates":[[[46.82638522194176,24.56039738847241],[46.8260536745475,24.560662386961678],[46.82597193131272,24.560592101264984],[46.82588768901669,24.560524831129328],[46.825801058843496,24.560460665338717],[46.82604227327786,24.560124249035077],[46.82611649899493,24.560171399594672],[46.826188106206935,24.56022243918258],[46.82625689136016,24.560277222711502],[46.82632265892299,24.56033559445144],[46.82638522194176,24.56039738847241]]]}},{"type":"Feature","properties":{"plan_no":"2705/5","plan_id":"2620","block_no":"41","parcel_no":"582","parcel_id":14317677,"object_id":6146696,"area_m2":1511.57373036},"geometry":{"type":"Polygon","coordinates":[[[46.82604227327786,24.560124249035077],[46.825801058843496,24.560460665338717],[46.825713203028144,24.56040031032335],[46.825623292444455,24.5603430612263],[46.82553143684609,24.560288987931404],[46.82571702161789,24.55996113623225],[46.82589322401509,24.56004454338089],[46.82596872804931,24.560082564728493],[46.82604227327786,24.560124249035077]]]}},{"type":"Feature","properties":{"plan_no":"2705/5","plan_id":"2620","block_no":"41","parcel_no":"583","parcel_id":14316819,"object_id":6156368,"area_m2":1347.847750495},"geometry":{"type":"Polygon","coordinates":[[[46.82571702161789,24.55996113623225],[46.82553143684609,24.560288987931404],[46.82543180076736,24.560235001604184],[46.82533026807559,24.560184672842908],[46.82524182447297,24.560142806081682],[46.82542335176697,24.55982212292086],[46.82571702161789,24.55996113623225]]]}},{"type":"Feature","properties":{"plan_no":"2705/5","plan_id":"2620","block_no":"41","parcel_no":"584","parcel_id":14318267,"object_id":6238834,"area_m2":1199.99661235},"geometry":{"type":"Polygon","coordinates":[[[46.82542335176697,24.55982212292086],[46.82524182447297,24.560142806081682],[46.8249788368434,24.560018316496404],[46.825160365658654,24.559697633607044],[46.82542335176697,24.55982212292086]]]}},{"type":"Feature","properties":{"plan_no":"2705/5","plan_id":"2620","block_no":"41","parcel_no":"585","parcel_id":14319059,"object_id":6155219,"area_m2":1200.001349025},"geometry":{"type":"Polygon","coordinates":[[[46.825160365658654,24.559697633607044],[46.8249788368434,24.560018316496404],[46.8247158497102,24.559893826419607],[46.82489737904665,24.559573142910978],[46.825160365658654,24.559697633607044]]]}},{"type":"Feature","properties":{"plan_no":"2705/5","plan_id":"2620","block_no":"41","parcel_no":"586","parcel_id":14317187,"object_id":6229518,"area_m2":1200.00572827},"geometry":{"type":"Polygon","coordinates":[[[46.82489737904665,24.559573142910978],[46.8247158497102,24.559893826419607],[46.82445286306034,24.5597693349486],[46.82463439095704,24.559448651747317],[46.82489737904665,24.559573142910978]]]}},{"type":"Feature","properties":{"plan_no":"2705/5","plan_id":"2620","block_no":"41","parcel_no":"587","parcel_id":14315411,"object_id":6208512,"area_m2":1079.99748709},"geometry":{"type":"Polygon","coordinates":[[[46.825060754015674,24.559284528421884],[46.82489737904665,24.559573142910978],[46.82463439095704,24.559448651747317],[46.824797771367955,24.559160039258966],[46.825060754015674,24.559284528421884]]]}},{"type":"Feature","properties":{"plan_no":"2705/5","plan_id":"2620","block_no":"41","parcel_no":"588","parcel_id":14319061,"object_id":6145714,"area_m2":1080.000356525},"geometry":{"type":"Polygon","coordinates":[[[46.82532374013378,24.559409017960167],[46.825160365658654,24.559697633607044],[46.82489737904665,24.559573142910978],[46.825060754015674,24.559284528421884],[46.82532374013378,24.559409017960167]]]}},{"type":"Feature","properties":{"plan_no":"2705/5","plan_id":"2620","block_no":"41","parcel_no":"589","parcel_id":14316857,"object_id":6156370,"area_m2":1079.99947621},"geometry":{"type":"Polygon","coordinates":[[[46.82558672676134,24.55953350790965],[46.82542335176697,24.55982212292086],[46.825160365658654,24.559697633607044],[46.82532374013378,24.559409017960167],[46.82558672676134,24.55953350790965]]]}},{"type":"Feature","properties":{"plan_no":"2705/5","plan_id":"2620","block_no":"41","parcel_no":"590","parcel_id":14318609,"object_id":6169946,"area_m2":1205.978225785},"geometry":{"type":"Polygon","coordinates":[[[46.82588032579045,24.559672643674077],[46.82571702161789,24.55996113623225],[46.82542335176697,24.55982212292086],[46.82558672676134,24.55953350790965],[46.825853970101534,24.559660011533612],[46.82588032579045,24.559672643674077]]]}},{"type":"Feature","properties":{"plan_no":"2705/5","plan_id":"2620","block_no":"41","parcel_no":"591","parcel_id":14318447,"object_id":6208459,"area_m2":1378.1996113550001},"geometry":{"type":"Polygon","coordinates":[[[46.826225376616456,24.559868877753345],[46.82604227327786,24.560124249035077],[46.82596872804931,24.560082564728493],[46.82589322401509,24.56004454338089],[46.82571702161789,24.55996113623225],[46.82588032579045,24.559672643674077],[46.825998176415794,24.559732986489536],[46.8261132671837,24.559798439834868],[46.826225376616456,24.559868877753345]]]}},{"type":"Feature","properties":{"plan_no":"2705/5","plan_id":"2620","block_no":"41","parcel_no":"592","parcel_id":14317529,"object_id":7328605,"area_m2":1695.5756972949998},"geometry":{"type":"Polygon","coordinates":[[[46.82663635002812,24.560196667421334],[46.82638522194176,24.56039738847241],[46.82632265892299,24.560335594451445],[46.82625689136015,24.560277222711502],[46.826188106206935,24.56022243918258],[46.82611649899493,24.56017139959467],[46.82604227327786,24.560124249035077],[46.826225376616456,24.559868877753345],[46.82633359485046,24.559943743736902],[46.8264383056041,24.560023441664963],[46.82653929330059,24.560107807456742],[46.82663635002812,24.560196667421334]]]}},{"type":"Feature","properties":{"plan_no":"2705/5","plan_id":"2620","block_no":"41","parcel_no":"593","parcel_id":14317423,"object_id":6156524,"area_m2":1453.233787555},"geometry":{"type":"Polygon","coordinates":[[[46.82690864497089,24.560498993003524],[46.826617640272715,24.560685432599865],[46.82649630321955,24.56052701164712],[46.826454334812745,24.560474612370655],[46.82641014865058,24.560424069177078],[46.82638522194176,24.56039738847241],[46.82663635002812,24.560196667421334],[46.82673200859921,24.560292962332667],[46.82682284596686,24.560393817896777],[46.82690864497089,24.560498993003524]]]}},{"type":"Feature","properties":{"plan_no":"2705/5","plan_id":"2620","block_no":"41","parcel_no":"594","parcel_id":14316913,"object_id":6209160,"area_m2":1133.770909},"geometry":{"type":"Polygon","coordinates":[[[46.827087043928756,24.56073183594129],[46.82679599890414,24.560918301659164],[46.826617640272715,24.560685432599865],[46.82690864497089,24.560498993003524],[46.826918226992944,24.560511424759635],[46.827087043928756,24.56073183594129]]]}},{"type":"Feature","properties":{"plan_no":"2705/5","plan_id":"2620","block_no":"41","parcel_no":"595","parcel_id":14315103,"object_id":6177222,"area_m2":1080.000290065},"geometry":{"type":"Polygon","coordinates":[[[46.82725694414775,24.56095365937752],[46.826965897920886,24.56114012544576],[46.82679599890414,24.560918301659164],[46.827087043928756,24.56073183594129],[46.82725694414775,24.56095365937752]]]}},{"type":"Feature","properties":{"plan_no":"2705/5","plan_id":"2620","block_no":"41","parcel_no":"596","parcel_id":14316515,"object_id":6210279,"area_m2":1074.3752958950001},"geometry":{"type":"Polygon","coordinates":[[[46.82740772974583,24.561150527363257],[46.827414101160365,24.561158845773477],[46.82739388993617,24.5611717950539],[46.827406632766696,24.56118843187512],[46.82739652714589,24.561194906063935],[46.82713579754991,24.56136194899957],[46.826965897920886,24.56114012544576],[46.82725694414775,24.56095365937752],[46.82740772974583,24.561150527363257]]]}},{"type":"Feature","properties":{"plan_no":"2705/5","plan_id":"2620","block_no":"41","parcel_no":"597","parcel_id":14315637,"object_id":6155585,"area_m2":1074.37219423},"geometry":{"type":"Polygon","coordinates":[[[46.82759674443546,24.561397304672855],[46.82730569777812,24.56158377141789],[46.82713579754991,24.56136194899957],[46.82739652714589,24.561194906063935],[46.827406632766696,24.56118843187512],[46.82741937461365,24.561205068707],[46.8274395868271,24.561192119411086],[46.82744595724583,24.56120043692894],[46.82759674443546,24.561397304672855]]]}},{"type":"Feature","properties":{"plan_no":"2705/5","plan_id":"2620","block_no":"41","parcel_no":"598","parcel_id":14318769,"object_id":6179227,"area_m2":1080.00051683},"geometry":{"type":"Polygon","coordinates":[[[46.82776664550429,24.56161912742267],[46.82747559863172,24.561805594506115],[46.82730569777812,24.56158377141789],[46.82759674443546,24.561397304672855],[46.82776664550429,24.56161912742267]]]}},{"type":"Feature","properties":{"plan_no":"2705/5","plan_id":"2620","block_no":"41","parcel_no":"599","parcel_id":14315979,"object_id":6238419,"area_m2":1080.00051683},"geometry":{"type":"Polygon","coordinates":[[[46.827936547185416,24.561840949939683],[46.82764550009762,24.562027417361534],[46.82747559863172,24.561805594506115],[46.82776664550429,24.56161912742267],[46.827936547185416,24.561840949939683]]]}},{"type":"Feature","properties":{"plan_no":"2705/5","plan_id":"2620","block_no":"41","parcel_no":"600","parcel_id":14317513,"object_id":6229267,"area_m2":1079.99754117},"geometry":{"type":"Polygon","coordinates":[[[46.82810644946577,24.562062771321184],[46.82781540216274,24.56224923908145],[46.82764550009762,24.562027417361534],[46.827936547185416,24.561840949939683],[46.82810644946577,24.562062771321184]]]}},{"type":"Feature","properties":{"plan_no":"2705/5","plan_id":"2620","block_no":"42","parcel_no":"601","parcel_id":14315487,"object_id":7170849,"area_m2":1254.3899531050001},"geometry":{"type":"Polygon","coordinates":[[[46.828481240359054,24.56145065492538],[46.8284883142112,24.56145989019134],[46.82847012478314,24.561471545655678],[46.82848428255598,24.56149002960884],[46.82847526364529,24.561495809021032],[46.82816291729487,24.561695918955003],[46.82799301445933,24.561474096713173],[46.82833256788537,24.56125655050231],[46.828481240359054,24.56145065492538]]]}},{"type":"Feature","properties":{"plan_no":"2705/5","plan_id":"2620","block_no":"42","parcel_no":"602","parcel_id":14317959,"object_id":6146753,"area_m2":1044.381505345},"geometry":{"type":"Polygon","coordinates":[[[46.82852983196692,24.561460845327787],[46.828520662424104,24.561466720468047],[46.828506503635815,24.561448234724992],[46.8284883142112,24.56145989019134],[46.828481240359054,24.56145065492538],[46.82833256788537,24.56125655050231],[46.8286155273323,24.561075261315654],[46.82878542965422,24.56129708374833],[46.82852983196692,24.561460845327787]]]}},{"type":"Feature","properties":{"plan_no":"2705/5","plan_id":"2620","block_no":"42","parcel_no":"603","parcel_id":14316757,"object_id":6165270,"area_m2":900.00266434},"geometry":{"type":"Polygon","coordinates":[[[46.82902796639553,24.56114169182359],[46.82878542965422,24.56129708374833],[46.8286155273323,24.561075261315654],[46.8288580629204,24.560919870587604],[46.82902796639553,24.56114169182359]]]}},{"type":"Feature","properties":{"plan_no":"2705/5","plan_id":"2620","block_no":"42","parcel_no":"604","parcel_id":14318871,"object_id":6269274,"area_m2":900.00474845},"geometry":{"type":"Polygon","coordinates":[[[46.82927050253765,24.56098630044282],[46.82902796639553,24.56114169182359],[46.8288580629204,24.560919870587604],[46.82910059887011,24.560764478586144],[46.82927050253765,24.56098630044282]]]}},{"type":"Feature","properties":{"plan_no":"2705/5","plan_id":"2620","block_no":"42","parcel_no":"605","parcel_id":14318739,"object_id":6234262,"area_m2":900.00266433},"geometry":{"type":"Polygon","coordinates":[[[46.82951303708048,24.5608309087153],[46.82927050253765,24.56098630044282],[46.82910059887011,24.560764478586144],[46.82934313323364,24.560609087140637],[46.82951303708048,24.5608309087153]]]}},{"type":"Feature","properties":{"plan_no":"2705/5","plan_id":"2620","block_no":"42","parcel_no":"606","parcel_id":14315233,"object_id":6146227,"area_m2":900.00514406},"geometry":{"type":"Polygon","coordinates":[[[46.829755571998014,24.560675516617085],[46.82951303708048,24.5608309087153],[46.82934313323364,24.560609087140637],[46.829585667971884,24.560453695324433],[46.829755571998014,24.560675516617085]]]}},{"type":"Feature","properties":{"plan_no":"2705/5","plan_id":"2620","block_no":"42","parcel_no":"607","parcel_id":14317651,"object_id":6199154,"area_m2":900.00514406},"geometry":{"type":"Polygon","coordinates":[[[46.82999810630326,24.560520124160156],[46.829755571998014,24.560675516617085],[46.829585667971884,24.560453695324433],[46.82982820209784,24.560298303149516],[46.82999810630326,24.560520124160156]]]}},{"type":"Feature","properties":{"plan_no":"2705/5","plan_id":"2620","block_no":"42","parcel_no":"608","parcel_id":14318637,"object_id":6208690,"area_m2":900.00514406},"geometry":{"type":"Polygon","coordinates":[[[46.83024063999622,24.560364731344528],[46.82999810630326,24.560520124160156],[46.82982820209784,24.560298303149516],[46.83007073561153,24.560142910615895],[46.83024063999622,24.560364731344528]]]}},{"type":"Feature","properties":{"plan_no":"2705/5","plan_id":"2620","block_no":"42","parcel_no":"609","parcel_id":14318347,"object_id":6267519,"area_m2":1050.00290175},"geometry":{"type":"Polygon","coordinates":[[[46.830523594532934,24.5601834388296],[46.83024063999622,24.560364731344528],[46.83007073561153,24.560142910615895],[46.830353689952204,24.55996161933268],[46.830523594532934,24.5601834388296]]]}},{"type":"Feature","properties":{"plan_no":"2705/5","plan_id":"2620","block_no":"42","parcel_no":"610","parcel_id":14318615,"object_id":6239054,"area_m2":1031.87711253},"geometry":{"type":"Polygon","coordinates":[[[46.830778230395396,24.559965175684404],[46.83076612591229,24.560028045248806],[46.830523594532934,24.5601834388296],[46.830353689952204,24.55996161933268],[46.83060632746112,24.559799750730644],[46.83061643279498,24.55979327634146],[46.83062917587992,24.55980991287616],[46.83064938653247,24.55979696319148],[46.830655758076794,24.559805281457457],[46.830778230395396,24.559965175684404]]]}},{"type":"Feature","properties":{"plan_no":"2705/5","plan_id":"2620","block_no":"42","parcel_no":"611","parcel_id":14318767,"object_id":7320055,"area_m2":1044.37319529},"geometry":{"type":"Polygon","coordinates":[[[46.830617529823876,24.55975537274738],[46.83062390036379,24.55976369012429],[46.83060368971349,24.559776639805445],[46.83061643279498,24.55979327634146],[46.83060632746112,24.559799750730644],[46.830353689952204,24.55996161933268],[46.83018378697075,24.5597397995909],[46.83046674026893,24.559558508148477],[46.830617529823876,24.55975537274738]]]}},{"type":"Feature","properties":{"plan_no":"2705/5","plan_id":"2620","block_no":"42","parcel_no":"612","parcel_id":14317873,"object_id":6229434,"area_m2":1049.998038845},"geometry":{"type":"Polygon","coordinates":[[[46.830353689952204,24.55996161933268],[46.83007073561153,24.560142910615895],[46.829900832852324,24.559921091447823],[46.83018378697075,24.5597397995909],[46.830353689952204,24.55996161933268]]]}},{"type":"Feature","properties":{"plan_no":"2705/5","plan_id":"2620","block_no":"42","parcel_no":"613","parcel_id":14317635,"object_id":6239027,"area_m2":899.99849613},"geometry":{"type":"Polygon","coordinates":[[[46.83007073561153,24.560142910615895],[46.82982820209784,24.560298303149516],[46.82965829951791,24.560076483699437],[46.829900832852324,24.559921091447823],[46.83007073561153,24.560142910615895]]]}},{"type":"Feature","properties":{"plan_no":"2705/5","plan_id":"2620","block_no":"42","parcel_no":"614","parcel_id":14318071,"object_id":6212916,"area_m2":899.99641203},"geometry":{"type":"Polygon","coordinates":[[[46.82982820209784,24.560298303149516],[46.829585667971884,24.560453695324433],[46.82941576655823,24.560231875580364],[46.82965829951791,24.560076483699437],[46.82982820209784,24.560298303149516]]]}},{"type":"Feature","properties":{"plan_no":"2705/5","plan_id":"2620","block_no":"42","parcel_no":"615","parcel_id":14318605,"object_id":6235697,"area_m2":899.99641202},"geometry":{"type":"Polygon","coordinates":[[[46.829585667971884,24.560453695324433],[46.82934313323364,24.560609087140637],[46.82917323201238,24.560387268017262],[46.82941576655823,24.560231875580364],[46.829585667971884,24.560453695324433]]]}},{"type":"Feature","properties":{"plan_no":"2705/5","plan_id":"2620","block_no":"42","parcel_no":"616","parcel_id":14317149,"object_id":6146850,"area_m2":899.993932315},"geometry":{"type":"Polygon","coordinates":[[[46.82934313323364,24.560609087140637],[46.82910059887011,24.560764478586144],[46.82893069684116,24.560542659192752],[46.82917323201238,24.560387268017262],[46.82934313323364,24.560609087140637]]]}},{"type":"Feature","properties":{"plan_no":"2705/5","plan_id":"2620","block_no":"42","parcel_no":"617","parcel_id":14315773,"object_id":6179297,"area_m2":899.998100515},"geometry":{"type":"Polygon","coordinates":[[[46.82910059887011,24.560764478586144],[46.8288580629204,24.560919870587604],[46.828688161057656,24.56069805000951],[46.82893069684116,24.560542659192752],[46.82910059887011,24.560764478586144]]]}},{"type":"Feature","properties":{"plan_no":"2705/5","plan_id":"2620","block_no":"42","parcel_no":"618","parcel_id":14317631,"object_id":6146515,"area_m2":894.370795675},"geometry":{"type":"Polygon","coordinates":[[[46.828476558923334,24.56085842261416],[46.82846381599424,24.560841785889068],[46.82847291019173,24.560835959519753],[46.828688161057656,24.56069805000951],[46.8288580629204,24.560919870587604],[46.8286155273323,24.561075261315654],[46.828466863197534,24.56088116773878],[46.82845978434258,24.56087192530746],[46.82847797468907,24.560860270739212],[46.828476558923334,24.56085842261416]]]}},{"type":"Feature","properties":{"plan_no":"2705/5","plan_id":"2620","block_no":"42","parcel_no":"619","parcel_id":14315063,"object_id":6196244,"area_m2":1044.3721655250001},"geometry":{"type":"Polygon","coordinates":[[[46.82845978434258,24.56087192530746],[46.828466863197534,24.56088116773878],[46.8286155273323,24.561075261315654],[46.82833256788537,24.56125655050231],[46.82816266641116,24.561034729313203],[46.82841834012436,24.560870922301504],[46.828427435300064,24.560865095020016],[46.82844017822714,24.560881731748264],[46.82844159399265,24.560883579873682],[46.82845978434258,24.56087192530746]]]}},{"type":"Feature","properties":{"plan_no":"2705/5","plan_id":"2620","block_no":"42","parcel_no":"620","parcel_id":14315235,"object_id":6167994,"area_m2":1259.99906592},"geometry":{"type":"Polygon","coordinates":[[[46.82833256788537,24.56125655050231],[46.82799301445933,24.561474096713173],[46.8278231132362,24.561252275129263],[46.82816266641116,24.561034729313203],[46.82833256788537,24.56125655050231]]]}},{"type":"Feature","properties":{"plan_no":"2705/5","plan_id":"2620","block_no":"43","parcel_no":"621","parcel_id":14318941,"object_id":6222711,"area_m2":1120.00243449},"geometry":{"type":"Polygon","coordinates":[[[46.82794023635637,24.560901674216858],[46.82768152983826,24.561067423174155],[46.8274833126006,24.560808629457625],[46.82774201889552,24.56064288085126],[46.82794023635637,24.560901674216858]]]}},{"type":"Feature","properties":{"plan_no":"2705/5","plan_id":"2620","block_no":"43","parcel_no":"622","parcel_id":14318877,"object_id":6197967,"area_m2":959.99791407},"geometry":{"type":"Polygon","coordinates":[[[46.82774201889552,24.56064288085126],[46.8274833126006,24.560808629457625],[46.8273134132143,24.560586807175316],[46.827572119317914,24.56042105886974],[46.82774201889552,24.56064288085126]]]}},{"type":"Feature","properties":{"plan_no":"2705/5","plan_id":"2620","block_no":"43","parcel_no":"623","parcel_id":14317739,"object_id":6229658,"area_m2":960.00093284},"geometry":{"type":"Polygon","coordinates":[[[46.827572119317914,24.56042105886974],[46.8273134132143,24.560586807175316],[46.82714459611215,24.56036639625518],[46.82714351246627,24.560364984684153],[46.82740221935247,24.560199235764696],[46.827572119317914,24.56042105886974]]]}},{"type":"Feature","properties":{"plan_no":"2705/5","plan_id":"2620","block_no":"43","parcel_no":"624","parcel_id":14318689,"object_id":6199069,"area_m2":975.390633215},"geometry":{"type":"Polygon","coordinates":[[[46.82740221935247,24.560199235764696],[46.82714351246627,24.560364984684153],[46.82705543944938,24.560255564965377],[46.826962356555136,24.560150374157978],[46.82723155809459,24.55997790198825],[46.827272422620865,24.560029770449425],[46.82740221935247,24.560199235764696]]]}},{"type":"Feature","properties":{"plan_no":"2705/5","plan_id":"2620","block_no":"43","parcel_no":"625","parcel_id":14315747,"object_id":6209251,"area_m2":1250.97346817},"geometry":{"type":"Polygon","coordinates":[[[46.82723155809459,24.55997790198825],[46.826962356555136,24.560150374157978],[46.8268894926772,24.560074450533882],[46.82681408742354,24.56000105033549],[46.8267362281346,24.55993025858083],[46.82697324820281,24.559704683508226],[46.82705606490726,24.5597835083242],[46.82714639753612,24.55987837055566],[46.82723155809459,24.55997790198825]]]}},{"type":"Feature","properties":{"plan_no":"2705/5","plan_id":"2620","block_no":"43","parcel_no":"626","parcel_id":14315189,"object_id":6167947,"area_m2":1493.229523425},"geometry":{"type":"Polygon","coordinates":[[[46.82697324820281,24.559704683508226],[46.8267362281346,24.55993025858083],[46.82664168406613,24.559850415219426],[46.82654410577591,24.55977430989424],[46.82644364096378,24.559702057802458],[46.82661611191484,24.559432910942327],[46.82672846921835,24.559508136572788],[46.82683678118325,24.55958907838763],[46.826906028055326,24.55964568471604],[46.82697324820281,24.559704683508226]]]}},{"type":"Feature","properties":{"plan_no":"2705/5","plan_id":"2620","block_no":"43","parcel_no":"627","parcel_id":14316679,"object_id":6323425,"area_m2":934.10799154},"geometry":{"type":"Polygon","coordinates":[[[46.827031871135404,24.559385319127312],[46.82683678118325,24.55958907838763],[46.82672846921835,24.559508136572788],[46.82661611191484,24.559432910942327],[46.826766225228916,24.55919865423944],[46.82685707090279,24.559257563397804],[46.82694566048044,24.559319813796453],[46.827031871135404,24.559385319127312]]]}},{"type":"Feature","properties":{"plan_no":"2705/5","plan_id":"2620","block_no":"43","parcel_no":"628","parcel_id":14315187,"object_id":6196248,"area_m2":980.93451359},"geometry":{"type":"Polygon","coordinates":[[[46.827275705059535,24.559601846485698],[46.82705606490726,24.5597835083242],[46.82697324820281,24.559704683508226],[46.826906028055326,24.55964568471604],[46.82683678118325,24.55958907838763],[46.827031871135404,24.559385319127312],[46.82711591353053,24.559454341262114],[46.827197231826524,24.559526552854017],[46.827275705059535,24.559601846485698]]]}},{"type":"Feature","properties":{"plan_no":"2705/5","plan_id":"2620","block_no":"43","parcel_no":"629","parcel_id":14317845,"object_id":6229431,"area_m2":894.6841255},"geometry":{"type":"Polygon","coordinates":[[[46.8274741708056,24.559822464702528],[46.82723155809459,24.55997790198825],[46.82714639753611,24.559878370555662],[46.82705606490726,24.5597835083242],[46.827275705059535,24.559601846485698],[46.82734450397713,24.559672978707706],[46.827410688032224,24.559746550135053],[46.8274741708056,24.559822464702528]]]}},{"type":"Feature","properties":{"plan_no":"2705/5","plan_id":"2620","block_no":"43","parcel_no":"630","parcel_id":14315473,"object_id":6196455,"area_m2":900.03203571},"geometry":{"type":"Polygon","coordinates":[[[46.827644755949315,24.560043846972775],[46.82740221935247,24.560199235764696],[46.827272422620865,24.560029770449425],[46.82723155809459,24.55997790198825],[46.8274741708056,24.559822464702528],[46.827514959080695,24.55987438187293],[46.827644755949315,24.560043846972775]]]}},{"type":"Feature","properties":{"plan_no":"2705/5","plan_id":"2620","block_no":"43","parcel_no":"631","parcel_id":14316865,"object_id":6156534,"area_m2":900.000580235},"geometry":{"type":"Polygon","coordinates":[[[46.8278146551071,24.5602656698078],[46.827572119317914,24.56042105886974],[46.82740221935247,24.560199235764696],[46.827644755949315,24.560043846972775],[46.8278146551071,24.5602656698078]]]}},{"type":"Feature","properties":{"plan_no":"2705/5","plan_id":"2620","block_no":"43","parcel_no":"632","parcel_id":14315565,"object_id":6165727,"area_m2":899.99641203},"geometry":{"type":"Polygon","coordinates":[[[46.82798455487715,24.560487492410026],[46.82774201889552,24.56064288085126],[46.827572119317914,24.56042105886974],[46.8278146551071,24.5602656698078],[46.82798455487715,24.560487492410026]]]}},{"type":"Feature","properties":{"plan_no":"2705/5","plan_id":"2620","block_no":"43","parcel_no":"633","parcel_id":14316789,"object_id":6375226,"area_m2":1049.99769149},"geometry":{"type":"Polygon","coordinates":[[[46.82798455487715,24.560487492410026],[46.82818277253413,24.56074628454393],[46.82794023635637,24.560901674216858],[46.82774201889552,24.56064288085126],[46.82798455487715,24.560487492410026]]]}},{"type":"Feature","properties":{"plan_no":"2705/5","plan_id":"2620","block_no":"44","parcel_no":"634","parcel_id":14316173,"object_id":6167482,"area_m2":900.000580235},"geometry":{"type":"Polygon","coordinates":[[[46.82858700011044,24.56048730093455],[46.82834446396614,24.560642691217364],[46.82817456336224,24.560420869074736],[46.82841709834022,24.560265479085903],[46.82858700011044,24.56048730093455]]]}},{"type":"Feature","properties":{"plan_no":"2705/5","plan_id":"2620","block_no":"44","parcel_no":"635","parcel_id":14317355,"object_id":6311023,"area_m2":900.000580235},"geometry":{"type":"Polygon","coordinates":[[[46.82841709834022,24.560265479085903],[46.82817456336224,24.560420869074736],[46.828004662383606,24.560199046711286],[46.82824719816925,24.560043656992466],[46.82841709834022,24.560265479085903]]]}},{"type":"Feature","properties":{"plan_no":"2705/5","plan_id":"2620","block_no":"44","parcel_no":"636","parcel_id":14315075,"object_id":6154003,"area_m2":900.000580235},"geometry":{"type":"Polygon","coordinates":[[[46.82824719816925,24.560043656992466],[46.828004662383606,24.560199046711286],[46.827834763017314,24.559977225005753],[46.82807729861054,24.559821834666227],[46.82824719816925,24.560043656992466]]]}},{"type":"Feature","properties":{"plan_no":"2705/5","plan_id":"2620","block_no":"44","parcel_no":"637","parcel_id":14317081,"object_id":7311083,"area_m2":1216.92576247},"geometry":{"type":"Polygon","coordinates":[[[46.82807729861054,24.559821834666227],[46.827834763017314,24.559977225005753],[46.827676649042694,24.55977078839458],[46.827606415600094,24.559682722216607],[46.82784228089497,24.559518973242746],[46.82791918448212,24.559615399220178],[46.82807729861054,24.559821834666227]]]}},{"type":"Feature","properties":{"plan_no":"2705/5","plan_id":"2620","block_no":"44","parcel_no":"638","parcel_id":14314963,"object_id":6146326,"area_m2":1105.296532315},"geometry":{"type":"Polygon","coordinates":[[[46.82784228089497,24.559518973242746],[46.827606415600094,24.559682722216607],[46.82753448516586,24.559599334058827],[46.827459479119085,24.559518701155042],[46.82738150291486,24.559440936871457],[46.8275960156334,24.55925423383162],[46.827681395734025,24.559339379708554],[46.82776352266839,24.55942766758198],[46.82784228089497,24.559518973242746]]]}},{"type":"Feature","properties":{"plan_no":"2705/5","plan_id":"2620","block_no":"44","parcel_no":"639","parcel_id":14315907,"object_id":6240332,"area_m2":1091.4583139850001},"geometry":{"type":"Polygon","coordinates":[[[46.8275960156334,24.55925423383162],[46.82738150291486,24.559440936871457],[46.82730093915457,24.5593663019855],[46.82721771447706,24.55929464628979],[46.827131938985154,24.55922606458186],[46.82732275936744,24.55901896381182],[46.82741667812788,24.559094055706254],[46.82750780374048,24.559172513649774],[46.8275960156334,24.55925423383162]]]}},{"type":"Feature","properties":{"plan_no":"2705/5","plan_id":"2620","block_no":"44","parcel_no":"640","parcel_id":14316237,"object_id":6212552,"area_m2":1088.51718974},"geometry":{"type":"Polygon","coordinates":[[[46.82732275936744,24.55901896381182],[46.827131938985154,24.55922606458186],[46.82704551474089,24.55916183801782],[46.826956919677485,24.559100640662752],[46.82686625992198,24.559042545824287],[46.827016265191446,24.55880845634026],[46.827120960931964,24.558874892080617],[46.82722317075271,24.558945092210404],[46.82732275936744,24.55901896381182]]]}},{"type":"Feature","properties":{"plan_no":"2705/5","plan_id":"2620","block_no":"44","parcel_no":"641","parcel_id":14318743,"object_id":6169951,"area_m2":1463.4338731950002},"geometry":{"type":"Polygon","coordinates":[[[46.82754538527544,24.5587773426348],[46.82732275936744,24.55901896381182],[46.82722317075271,24.558945092210404],[46.827120960931964,24.558874892080617],[46.827016265191446,24.55880845634026],[46.82719121562974,24.55853543717144],[46.82731231547567,24.558611555382114],[46.82743042912834,24.558692229539897],[46.82754538527544,24.5587773426348]]]}},{"type":"Feature","properties":{"plan_no":"2705/5","plan_id":"2620","block_no":"44","parcel_no":"642","parcel_id":14317145,"object_id":6146849,"area_m2":1398.40332484},"geometry":{"type":"Polygon","coordinates":[[[46.82784628244668,24.55903641218656],[46.8275960156334,24.55925423383162],[46.82750780374049,24.55917251364977],[46.82741667812789,24.55909405570625],[46.82732275936744,24.55901896381182],[46.82754538527544,24.5587773426348],[46.827648803163434,24.55886003205555],[46.82774914644447,24.5589464266492],[46.82784628244668,24.55903641218656]]]}},{"type":"Feature","properties":{"plan_no":"2705/5","plan_id":"2620","block_no":"44","parcel_no":"643","parcel_id":14316299,"object_id":6209842,"area_m2":1416.1367197850002},"geometry":{"type":"Polygon","coordinates":[[[46.82811746020089,24.559327930193113],[46.82784228089497,24.559518973242746],[46.82776352266839,24.559427667581975],[46.827681395734025,24.55933937970855],[46.8275960156334,24.55925423383162],[46.82784628244668,24.55903641218656],[46.82794029907984,24.559130171162717],[46.82803073406071,24.559227389407702],[46.82811746020089,24.559327930193113]]]}},{"type":"Feature","properties":{"plan_no":"2705/5","plan_id":"2620","block_no":"44","parcel_no":"644","parcel_id":14315601,"object_id":7191370,"area_m2":1457.57827763},"geometry":{"type":"Polygon","coordinates":[[[46.82811746020089,24.559327930193113],[46.82820214106954,24.559434111855968],[46.82834114221096,24.559615591865054],[46.82834751359965,24.55962391023832],[46.82832730271542,24.55963685962657],[46.82834004449422,24.559653495483165],[46.8283299390565,24.559659970628562],[46.82807729861054,24.559821834666227],[46.82791918448212,24.559615399220178],[46.82784228089497,24.559518973242746],[46.82811746020089,24.559327930193113]]]}},{"type":"Feature","properties":{"plan_no":"2705/5","plan_id":"2620","block_no":"44","parcel_no":"645","parcel_id":14315123,"object_id":6154004,"area_m2":1044.3740715850001},"geometry":{"type":"Polygon","coordinates":[[[46.828530155147476,24.559862368090407],[46.82824719816925,24.560043656992466],[46.82807729861054,24.559821834666227],[46.8283299390565,24.559659970628562],[46.82834004449422,24.559653495483165],[46.828352787276536,24.55967013222917],[46.82837299817609,24.559657183740114],[46.82837936955601,24.559665501209025],[46.828530155147476,24.559862368090407]]]}},{"type":"Feature","properties":{"plan_no":"2705/5","plan_id":"2620","block_no":"44","parcel_no":"646","parcel_id":14316113,"object_id":6196585,"area_m2":1050.002554405},"geometry":{"type":"Polygon","coordinates":[[[46.82870005651465,24.560084189842872],[46.82841709834022,24.560265479085903],[46.82824719816925,24.560043656992466],[46.828530155147476,24.559862368090407],[46.82870005651465,24.560084189842872]]]}},{"type":"Feature","properties":{"plan_no":"2705/5","plan_id":"2620","block_no":"44","parcel_no":"647","parcel_id":14318431,"object_id":6179884,"area_m2":1050.002554405},"geometry":{"type":"Polygon","coordinates":[[[46.82870005651465,24.560084189842872],[46.828869957507074,24.560306011374504],[46.82858700011044,24.56048730093455],[46.82841709834022,24.560265479085903],[46.82870005651465,24.560084189842872]]]}},{"type":"Feature","properties":{"plan_no":"2705/5","plan_id":"2620","block_no":"45","parcel_no":"648","parcel_id":14315231,"object_id":6154007,"area_m2":1156.248007385},"geometry":{"type":"Polygon","coordinates":[[[46.82647637530861,24.55929389060363],[46.826281922577984,24.559597339774978],[46.82605846076068,24.559473297491945],[46.82607608860468,24.55944352872343],[46.82604619005452,24.559428718517438],[46.82619728998319,24.55916178309238],[46.82647637530861,24.55929389060363]]]}},{"type":"Feature","properties":{"plan_no":"2705/5","plan_id":"2620","block_no":"45","parcel_no":"649","parcel_id":14316843,"object_id":6238177,"area_m2":1146.404483065},"geometry":{"type":"Polygon","coordinates":[[[46.82665130343637,24.55902091018373],[46.82647637530861,24.55929389060363],[46.82619728998319,24.55916178309238],[46.826356124107676,24.558881183801137],[46.82665130343637,24.55902091018373]]]}},{"type":"Feature","properties":{"plan_no":"2705/5","plan_id":"2620","block_no":"45","parcel_no":"650","parcel_id":14317935,"object_id":6383147,"area_m2":1210.66059756},"geometry":{"type":"Polygon","coordinates":[[[46.82682622984609,24.55874792960742],[46.82665130343637,24.55902091018373],[46.826356124107676,24.558881183801137],[46.826514956582585,24.5586005852884],[46.82682622984609,24.55874792960742]]]}},{"type":"Feature","properties":{"plan_no":"2705/5","plan_id":"2620","block_no":"45","parcel_no":"651","parcel_id":14316621,"object_id":6229300,"area_m2":1458.3516621},"geometry":{"type":"Polygon","coordinates":[[[46.82669647955383,24.558279899934515],[46.82685053934346,24.55835282595202],[46.82693757379911,24.558395358106825],[46.8270235190602,24.55844005030702],[46.82682622984609,24.55874792960742],[46.826514956582585,24.5586005852884],[46.82669647955383,24.558279899934515]]]}},{"type":"Feature","properties":{"plan_no":"2705/5","plan_id":"2620","block_no":"45","parcel_no":"652","parcel_id":14317151,"object_id":7217469,"area_m2":1439.9057042650002},"geometry":{"type":"Polygon","coordinates":[[[46.82669647955383,24.558279899934515],[46.826514956582585,24.5586005852884],[46.826199416886965,24.558451219934977],[46.82638089775833,24.558130514673405],[46.82669647955383,24.558279899934515]]]}},{"type":"Feature","properties":{"plan_no":"2705/5","plan_id":"2620","block_no":"45","parcel_no":"653","parcel_id":14317137,"object_id":6167518,"area_m2":1259.75382546},"geometry":{"type":"Polygon","coordinates":[[[46.826514956582585,24.5586005852884],[46.826356124107676,24.558881183801137],[46.82604062063112,24.55873183576166],[46.826199416886965,24.558451219934977],[46.826514956582585,24.5586005852884]]]}},{"type":"Feature","properties":{"plan_no":"2705/5","plan_id":"2620","block_no":"45","parcel_no":"654","parcel_id":14315091,"object_id":6177220,"area_m2":1259.60909799},"geometry":{"type":"Polygon","coordinates":[[[46.826356124107676,24.558881183801137],[46.82619728998319,24.55916178309238],[46.8258818237128,24.55901245235493],[46.82604062063112,24.55873183576166],[46.826356124107676,24.558881183801137]]]}},{"type":"Feature","properties":{"plan_no":"2705/5","plan_id":"2620","block_no":"45","parcel_no":"655","parcel_id":14315465,"object_id":6385835,"area_m2":1318.926561295},"geometry":{"type":"Polygon","coordinates":[[[46.82599987371522,24.559444276347257],[46.82598100851937,24.55943551880994],[46.825713952420685,24.5593091034093],[46.8258818237128,24.55901245235493],[46.82619728998319,24.55916178309238],[46.82604619005452,24.559428718517438],[46.82601750158303,24.559414508487617],[46.82599987371522,24.559444276347257]]]}},{"type":"Feature","properties":{"plan_no":"2705/5","plan_id":"2620","block_no":"46","parcel_no":"656","parcel_id":14315255,"object_id":6176982,"area_m2":1100.804598605},"geometry":{"type":"Polygon","coordinates":[[[46.824121347731854,24.55851708494884],[46.82410432990857,24.558547148580296],[46.823802773949076,24.558404396479993],[46.82394799751946,24.558147851238367],[46.824249551988906,24.558290602187913],[46.824121347731854,24.55851708494884]]]}},{"type":"Feature","properties":{"plan_no":"2705/5","plan_id":"2620","block_no":"46","parcel_no":"657","parcel_id":14317755,"object_id":6199157,"area_m2":1024.0003596},"geometry":{"type":"Polygon","coordinates":[[[46.82394799751946,24.558147851238367],[46.823802773949076,24.558404396479993],[46.82352225882156,24.55827160407062],[46.823667482847775,24.55801505907085],[46.82394799751946,24.558147851238367]]]}},{"type":"Feature","properties":{"plan_no":"2705/5","plan_id":"2620","block_no":"46","parcel_no":"658","parcel_id":14318545,"object_id":6146273,"area_m2":1023.9975376},"geometry":{"type":"Polygon","coordinates":[[[46.823667482847775,24.55801505907085],[46.82352225882156,24.55827160407062],[46.82324174524579,24.558138811090146],[46.82338696972782,24.557882266332264],[46.823667482847775,24.55801505907085]]]}},{"type":"Feature","properties":{"plan_no":"2705/5","plan_id":"2620","block_no":"46","parcel_no":"659","parcel_id":14315883,"object_id":6240330,"area_m2":1024.0003596},"geometry":{"type":"Polygon","coordinates":[[[46.82338696972782,24.557882266332264],[46.82324174524579,24.558138811090146],[46.82296123124779,24.558006017562487],[46.82310645618562,24.55774947304646],[46.82338696972782,24.557882266332264]]]}},{"type":"Feature","properties":{"plan_no":"2705/5","plan_id":"2620","block_no":"46","parcel_no":"660","parcel_id":14315239,"object_id":6176506,"area_m2":1023.9997028},"geometry":{"type":"Polygon","coordinates":[[[46.82310645618562,24.55774947304646],[46.82296123124779,24.558006017562487],[46.82268071781456,24.557873223475678],[46.822825944195145,24.557616679189586],[46.82310645618562,24.55774947304646]]]}},{"type":"Feature","properties":{"plan_no":"2705/5","plan_id":"2620","block_no":"46","parcel_no":"661","parcel_id":14317565,"object_id":6238418,"area_m2":1087.820059},"geometry":{"type":"Polygon","coordinates":[[[46.822825944195145,24.557616679189586],[46.82268071781456,24.557873223475678],[46.82238274019299,24.55773216128651],[46.82252793226559,24.55747560052382],[46.822825944195145,24.557616679189586]]]}},{"type":"Feature","properties":{"plan_no":"2705/5","plan_id":"2620","block_no":"46","parcel_no":"662","parcel_id":14316075,"object_id":7190906,"area_m2":1019.952179275},"geometry":{"type":"Polygon","coordinates":[[[46.82296209504682,24.557376166541026],[46.822825944195145,24.557616679189586],[46.82252793226559,24.55747560052382],[46.822664048831335,24.557235074993454],[46.82296209504682,24.557376166541026]]]}},{"type":"Feature","properties":{"plan_no":"2705/5","plan_id":"2620","block_no":"46","parcel_no":"663","parcel_id":14315127,"object_id":6382094,"area_m2":960.006629475},"geometry":{"type":"Polygon","coordinates":[[[46.823242605623015,24.557508960183085],[46.82310645618562,24.55774947304646],[46.822825944195145,24.557616679189586],[46.82296209504682,24.557376166541026],[46.823242605623015,24.557508960183085]]]}},{"type":"Feature","properties":{"plan_no":"2705/5","plan_id":"2620","block_no":"46","parcel_no":"664","parcel_id":14316745,"object_id":6165268,"area_m2":960.00706286},"geometry":{"type":"Polygon","coordinates":[[[46.823523117763976,24.557641754156773],[46.82338696972782,24.557882266332264],[46.82310645618562,24.55774947304646],[46.823242605623015,24.557508960183085],[46.823523117763976,24.557641754156773]]]}},{"type":"Feature","properties":{"plan_no":"2705/5","plan_id":"2620","block_no":"46","parcel_no":"665","parcel_id":14317197,"object_id":6208089,"area_m2":960.00286752},"geometry":{"type":"Polygon","coordinates":[[[46.823803630456624,24.557774546668636],[46.823667482847775,24.55801505907085],[46.82338696972782,24.557882266332264],[46.823523117763976,24.557641754156773],[46.823803630456624,24.557774546668636]]]}},{"type":"Feature","properties":{"plan_no":"2705/5","plan_id":"2620","block_no":"46","parcel_no":"666","parcel_id":14318903,"object_id":6238857,"area_m2":960.00480929},"geometry":{"type":"Polygon","coordinates":[[[46.824084144714035,24.557907339512102],[46.82394799751946,24.558147851238367],[46.823667482847775,24.55801505907085],[46.823803630456624,24.557774546668636],[46.824084144714035,24.557907339512102]]]}},{"type":"Feature","properties":{"plan_no":"2705/5","plan_id":"2620","block_no":"46","parcel_no":"667","parcel_id":14316657,"object_id":6966253,"area_m2":1031.97577313},"geometry":{"type":"Polygon","coordinates":[[[46.824084144714035,24.557907339512102],[46.824385664944664,24.558050075278278],[46.824368671020835,24.55808014496612],[46.824249551988906,24.558290602187913],[46.82394799751946,24.558147851238367],[46.824084144714035,24.557907339512102]]]}},{"type":"Feature","properties":{"plan_no":"2705/5","plan_id":"2620","block_no":"47","parcel_no":"668","parcel_id":14317147,"object_id":6238791,"area_m2":900.000988875},"geometry":{"type":"Polygon","coordinates":[[[46.826046741956176,24.558328121668037],[46.825910599220315,24.558568634952007],[46.82564761340587,24.5584441454662],[46.82578375754247,24.558203633285512],[46.826046741956176,24.558328121668037]]]}},{"type":"Feature","properties":{"plan_no":"2705/5","plan_id":"2620","block_no":"47","parcel_no":"669","parcel_id":14314915,"object_id":6167771,"area_m2":899.99631313},"geometry":{"type":"Polygon","coordinates":[[[46.82578375754247,24.558203633285512],[46.82564761340587,24.5584441454662],[46.82538463007479,24.558319656367697],[46.82552077362508,24.55807914441152],[46.82578375754247,24.558203633285512]]]}},{"type":"Feature","properties":{"plan_no":"2705/5","plan_id":"2620","block_no":"47","parcel_no":"670","parcel_id":14315043,"object_id":6229706,"area_m2":899.998959},"geometry":{"type":"Polygon","coordinates":[[[46.82552077362508,24.55807914441152],[46.82538463007479,24.558319656367697],[46.82512164625307,24.558195166789655],[46.82525779019094,24.55795465414333],[46.82552077362508,24.55807914441152]]]}},{"type":"Feature","properties":{"plan_no":"2705/5","plan_id":"2620","block_no":"47","parcel_no":"671","parcel_id":14316743,"object_id":6966254,"area_m2":900.003019},"geometry":{"type":"Polygon","coordinates":[[[46.82525779019094,24.55795465414333],[46.82512164625307,24.558195166789655],[46.82485866192762,24.558070675829395],[46.82499480725314,24.55783016338367],[46.82525779019094,24.55795465414333]]]}},{"type":"Feature","properties":{"plan_no":"2705/5","plan_id":"2620","block_no":"47","parcel_no":"672","parcel_id":14317059,"object_id":6208037,"area_m2":899.998958925},"geometry":{"type":"Polygon","coordinates":[[[46.82499480725314,24.55783016338367],[46.82485866192762,24.558070675829395],[46.824595680085544,24.557946185256466],[46.82473182482473,24.557705673035247],[46.82499480725314,24.55783016338367]]]}},{"type":"Feature","properties":{"plan_no":"2705/5","plan_id":"2620","block_no":"47","parcel_no":"673","parcel_id":14316327,"object_id":6209844,"area_m2":900.00098912},"geometry":{"type":"Polygon","coordinates":[[[46.82473182482473,24.557705673035247],[46.824595680085544,24.557946185256466],[46.82433269773976,24.557821693301324],[46.824468842879575,24.55758118129267],[46.82473182482473,24.557705673035247]]]}},{"type":"Feature","properties":{"plan_no":"2705/5","plan_id":"2620","block_no":"47","parcel_no":"674","parcel_id":14319111,"object_id":6222720,"area_m2":899.998958925},"geometry":{"type":"Polygon","coordinates":[[[46.824468842879575,24.55758118129267],[46.82433269773976,24.557821693301324],[46.82406971590337,24.557697201757453],[46.824205862430794,24.557456689949408],[46.824468842879575,24.55758118129267]]]}},{"type":"Feature","properties":{"plan_no":"2705/5","plan_id":"2620","block_no":"47","parcel_no":"675","parcel_id":14316999,"object_id":7195651,"area_m2":900.003018925},"geometry":{"type":"Polygon","coordinates":[[[46.824205862430794,24.557456689949408],[46.82406971590337,24.557697201757453],[46.82380673456333,24.557572709722123],[46.82394288147831,24.557332197223943],[46.824205862430794,24.557456689949408]]]}},{"type":"Feature","properties":{"plan_no":"2705/5","plan_id":"2620","block_no":"47","parcel_no":"676","parcel_id":14315693,"object_id":7191261,"area_m2":900.0036346},"geometry":{"type":"Polygon","coordinates":[[[46.82394288147831,24.557332197223943],[46.82380673456333,24.557572709722123],[46.823543753719626,24.557448217195358],[46.823679901035206,24.557207704909743],[46.82394288147831,24.557332197223943]]]}},{"type":"Feature","properties":{"plan_no":"2705/5","plan_id":"2620","block_no":"47","parcel_no":"677","parcel_id":14318985,"object_id":6211021,"area_m2":900.003018925},"geometry":{"type":"Polygon","coordinates":[[[46.823679901035206,24.557207704909743],[46.823543753719626,24.557448217195358],[46.8232807733592,24.557323723274457],[46.823416921088445,24.557083212104118],[46.823679901035206,24.557207704909743]]]}},{"type":"Feature","properties":{"plan_no":"2705/5","plan_id":"2620","block_no":"47","parcel_no":"678","parcel_id":14317909,"object_id":6238825,"area_m2":900.003018925},"geometry":{"type":"Polygon","coordinates":[[[46.823416921088445,24.557083212104118],[46.8232807733592,24.557323723274457],[46.82301779350818,24.557199229764848],[46.82315394162495,24.556958717904376],[46.823416921088445,24.557083212104118]]]}},{"type":"Feature","properties":{"plan_no":"2705/5","plan_id":"2620","block_no":"47","parcel_no":"679","parcel_id":14319041,"object_id":6222930,"area_m2":900.003018925},"geometry":{"type":"Polygon","coordinates":[[[46.82315394162495,24.556958717904376],[46.82301779350818,24.557199229764848],[46.822754814140445,24.55707473486114],[46.82289096267087,24.556834224115924],[46.82315394162495,24.556958717904376]]]}},{"type":"Feature","properties":{"plan_no":"2705/5","plan_id":"2620","block_no":"47","parcel_no":"680","parcel_id":14315567,"object_id":6177200,"area_m2":1049.99871308},"geometry":{"type":"Polygon","coordinates":[[[46.82331278032871,24.556678122414713],[46.82315394162495,24.556958717904376],[46.82289096267087,24.556834224115924],[46.82304980184196,24.55655362887426],[46.82331278032871,24.556678122414713]]]}},{"type":"Feature","properties":{"plan_no":"2705/5","plan_id":"2620","block_no":"47","parcel_no":"681","parcel_id":14316765,"object_id":7171113,"area_m2":1050.000861075},"geometry":{"type":"Polygon","coordinates":[[[46.823575759311794,24.55680261546376],[46.823416921088445,24.557083212104118],[46.82315394162495,24.556958717904376],[46.82331278032871,24.556678122414713],[46.823575759311794,24.55680261546376]]]}},{"type":"Feature","properties":{"plan_no":"2705/5","plan_id":"2620","block_no":"47","parcel_no":"682","parcel_id":14317841,"object_id":6209963,"area_m2":1049.999108535},"geometry":{"type":"Polygon","coordinates":[[[46.823838737804216,24.55692710803332],[46.823679901035206,24.557207704909743],[46.823416921088445,24.557083212104118],[46.823575759311794,24.55680261546376],[46.823838737804216,24.55692710803332]]]}},{"type":"Feature","properties":{"plan_no":"2705/5","plan_id":"2620","block_no":"47","parcel_no":"683","parcel_id":14317781,"object_id":6322619,"area_m2":1049.99944695},"geometry":{"type":"Polygon","coordinates":[[[46.824101717793,24.557051601002232],[46.82394288147831,24.557332197223943],[46.823679901035206,24.557207704909743],[46.823838737804216,24.55692710803332],[46.824101717793,24.557051601002232]]]}},{"type":"Feature","properties":{"plan_no":"2705/5","plan_id":"2620","block_no":"47","parcel_no":"684","parcel_id":14317643,"object_id":6199153,"area_m2":1049.99894914},"geometry":{"type":"Polygon","coordinates":[[[46.8243646982781,24.55717609347971],[46.824205862430794,24.557456689949408],[46.82394288147831,24.557332197223943],[46.824101717793,24.557051601002232],[46.8243646982781,24.55717609347971]]]}},{"type":"Feature","properties":{"plan_no":"2705/5","plan_id":"2620","block_no":"47","parcel_no":"685","parcel_id":14315047,"object_id":6177217,"area_m2":1049.99646274},"geometry":{"type":"Polygon","coordinates":[[[46.82462767924647,24.557300584563052],[46.824468842879575,24.55758118129267],[46.824205862430794,24.557456689949408],[46.8243646982781,24.55717609347971],[46.82462767924647,24.557300584563052]]]}},{"type":"Feature","properties":{"plan_no":"2705/5","plan_id":"2620","block_no":"47","parcel_no":"686","parcel_id":14317777,"object_id":6168033,"area_m2":1050.000861075},"geometry":{"type":"Polygon","coordinates":[[[46.82489066071114,24.557425075154953],[46.82473182482473,24.557705673035247],[46.824468842879575,24.55758118129267],[46.82462767924647,24.557300584563052],[46.82489066071114,24.557425075154953]]]}},{"type":"Feature","properties":{"plan_no":"2705/5","plan_id":"2620","block_no":"47","parcel_no":"687","parcel_id":14316505,"object_id":6210239,"area_m2":1050.000861075},"geometry":{"type":"Polygon","coordinates":[[[46.8251536426852,24.557549566158084],[46.82499480725314,24.55783016338367],[46.82473182482473,24.557705673035247],[46.82489066071114,24.557425075154953],[46.8251536426852,24.557549566158084]]]}},{"type":"Feature","properties":{"plan_no":"2705/5","plan_id":"2620","block_no":"47","parcel_no":"688","parcel_id":14314951,"object_id":6177165,"area_m2":1050.000861075},"geometry":{"type":"Polygon","coordinates":[[[46.825416625142516,24.557674055767066],[46.82525779019094,24.55795465414333],[46.82499480725314,24.55783016338367],[46.8251536426852,24.557549566158084],[46.825416625142516,24.557674055767066]]]}},{"type":"Feature","properties":{"plan_no":"2705/5","plan_id":"2620","block_no":"47","parcel_no":"689","parcel_id":14315181,"object_id":6146223,"area_m2":1050.003506875},"geometry":{"type":"Polygon","coordinates":[[[46.82567960809613,24.557798544884584],[46.82552077362508,24.55807914441152],[46.82525779019094,24.55795465414333],[46.825416625142516,24.557674055767066],[46.82567960809613,24.557798544884584]]]}},{"type":"Feature","properties":{"plan_no":"2705/5","plan_id":"2620","block_no":"47","parcel_no":"690","parcel_id":14319195,"object_id":6321986,"area_m2":1050.003506875},"geometry":{"type":"Polygon","coordinates":[[[46.82594259155915,24.557923034413324],[46.82578375754247,24.558203633285512],[46.82552077362508,24.55807914441152],[46.82567960809613,24.557798544884584],[46.82594259155915,24.557923034413324]]]}},{"type":"Feature","properties":{"plan_no":"2705/5","plan_id":"2620","block_no":"47","parcel_no":"691","parcel_id":14316723,"object_id":6196222,"area_m2":1050.00135888},"geometry":{"type":"Polygon","coordinates":[[[46.82594259155915,24.557923034413324],[46.82620557550539,24.558047522547877],[46.826046741956176,24.558328121668037],[46.82578375754247,24.558203633285512],[46.82594259155915,24.557923034413324]]]}},{"type":"Feature","properties":{"plan_no":"2705/5","plan_id":"2620","block_no":"48","parcel_no":"692","parcel_id":14317377,"object_id":6208269,"area_m2":1110.005002785},"geometry":{"type":"Polygon","coordinates":[[[46.82237527286,24.557352504429545],[46.82220735621229,24.557649133497875],[46.82194437460297,24.557524637217945],[46.82211229273169,24.55722800839988],[46.82237527286,24.557352504429545]]]}},{"type":"Feature","properties":{"plan_no":"2705/5","plan_id":"2620","block_no":"48","parcel_no":"693","parcel_id":14317699,"object_id":6156427,"area_m2":1044.377817665},"geometry":{"type":"Polygon","coordinates":[[[46.8225012399308,24.557056346474546],[46.82251219821655,24.557061534495876],[46.82250198640202,24.557079572587615],[46.82252390097855,24.557089946847498],[46.822518795564974,24.55709896588786],[46.82237527286,24.557352504429545],[46.82211229273169,24.55722800839988],[46.82227113411657,24.556947412960845],[46.8225012399308,24.557056346474546]]]}},{"type":"Feature","properties":{"plan_no":"2705/5","plan_id":"2620","block_no":"48","parcel_no":"694","parcel_id":14315197,"object_id":6235868,"area_m2":1044.37751509},"geometry":{"type":"Polygon","coordinates":[[[46.82251219821655,24.557061534495876],[46.8225012399308,24.557056346474546],[46.82227113411657,24.556947412960845],[46.82242997385182,24.55666681830016],[46.82269295303241,24.5567913129311],[46.82254943000989,24.55704485161972],[46.82254432459981,24.557053870660788],[46.82252240902826,24.557043495512797],[46.82251219821655,24.557061534495876]]]}},{"type":"Feature","properties":{"plan_no":"2705/5","plan_id":"2620","block_no":"48","parcel_no":"695","parcel_id":14318149,"object_id":6239050,"area_m2":1200.002405715},"geometry":{"type":"Polygon","coordinates":[[[46.8226115051206,24.556346137348555],[46.82287448279319,24.5564706326107],[46.82269295303241,24.5567913129311],[46.82242997385182,24.55666681830016],[46.8226115051206,24.556346137348555]]]}},{"type":"Feature","properties":{"plan_no":"2705/5","plan_id":"2620","block_no":"48","parcel_no":"696","parcel_id":14317575,"object_id":6199359,"area_m2":1199.99887821},"geometry":{"type":"Polygon","coordinates":[[[46.8226115051206,24.556346137348555],[46.82242997385182,24.55666681830016],[46.82216699712845,24.556542322251257],[46.822348527957395,24.556221642497725],[46.8226115051206,24.556346137348555]]]}},{"type":"Feature","properties":{"plan_no":"2705/5","plan_id":"2620","block_no":"48","parcel_no":"697","parcel_id":14318821,"object_id":7303499,"area_m2":1049.9963603850001},"geometry":{"type":"Polygon","coordinates":[[[46.82242997385182,24.55666681830016],[46.82227113411657,24.556947412960845],[46.82200815693894,24.556822917566635],[46.82216699712845,24.556542322251257],[46.82242997385182,24.55666681830016]]]}},{"type":"Feature","properties":{"plan_no":"2705/5","plan_id":"2620","block_no":"48","parcel_no":"698","parcel_id":14315859,"object_id":6231793,"area_m2":1049.99827231},"geometry":{"type":"Polygon","coordinates":[[[46.82227113411657,24.556947412960845],[46.82211229273169,24.55722800839988],[46.82184931508674,24.55710351275765],[46.82200815693894,24.556822917566635],[46.82227113411657,24.556947412960845]]]}},{"type":"Feature","properties":{"plan_no":"2705/5","plan_id":"2620","block_no":"48","parcel_no":"699","parcel_id":14316803,"object_id":6176807,"area_m2":1109.99346949},"geometry":{"type":"Polygon","coordinates":[[[46.82211229273169,24.55722800839988],[46.82194437460297,24.557524637217945],[46.82168139745098,24.557400141301592],[46.82184931508674,24.55710351275765],[46.82211229273169,24.55722800839988]]]}},{"type":"Feature","properties":{"plan_no":"2705/5","plan_id":"2620","block_no":"49","parcel_no":"700","parcel_id":14316965,"object_id":6385833,"area_m2":960.003735555},"geometry":{"type":"Polygon","coordinates":[[[46.82165130429123,24.557060600220677],[46.82150607797611,24.55731714347001],[46.82124309769046,24.557192645879713],[46.821388325419804,24.5569361028452],[46.82165130429123,24.557060600220677]]]}},{"type":"Feature","properties":{"plan_no":"2705/5","plan_id":"2620","block_no":"49","parcel_no":"701","parcel_id":14318493,"object_id":6179886,"area_m2":959.99870088},"geometry":{"type":"Polygon","coordinates":[[[46.821388325419804,24.5569361028452],[46.82124309769046,24.557192645879713],[46.820980119888176,24.557068148676862],[46.821125348044774,24.55681160586912],[46.821388325419804,24.5569361028452]]]}},{"type":"Feature","properties":{"plan_no":"2705/5","plan_id":"2620","block_no":"49","parcel_no":"702","parcel_id":14316401,"object_id":6239105,"area_m2":960.00020962},"geometry":{"type":"Polygon","coordinates":[[[46.821125348044774,24.55681160586912],[46.820980119888176,24.557068148676862],[46.82071714256925,24.556943650079937],[46.82086237115306,24.556687107498977],[46.821125348044774,24.55681160586912]]]}},{"type":"Feature","properties":{"plan_no":"2705/5","plan_id":"2620","block_no":"49","parcel_no":"703","parcel_id":14316619,"object_id":6238896,"area_m2":960.00077815},"geometry":{"type":"Polygon","coordinates":[[[46.82086237115306,24.556687107498977],[46.82071714256925,24.556943650079937],[46.82045416575974,24.556819151894363],[46.820599394757735,24.556562608637467],[46.82086237115306,24.556687107498977]]]}},{"type":"Feature","properties":{"plan_no":"2705/5","plan_id":"2620","block_no":"49","parcel_no":"704","parcel_id":14319031,"object_id":6211023,"area_m2":959.99852467},"geometry":{"type":"Polygon","coordinates":[[[46.820599394757735,24.556562608637467],[46.82045416575974,24.556819151894363],[46.820191190433576,24.556694653205504],[46.82033641985878,24.556438110175407],[46.820599394757735,24.556562608637467]]]}},{"type":"Feature","properties":{"plan_no":"2705/5","plan_id":"2620","block_no":"49","parcel_no":"705","parcel_id":14317891,"object_id":7171105,"area_m2":960.00077815},"geometry":{"type":"Polygon","coordinates":[[[46.82033641985878,24.556438110175407],[46.820191190433576,24.556694653205504],[46.81992821460379,24.55657015313454],[46.82007344446924,24.556313611233914],[46.82033641985878,24.556438110175407]]]}},{"type":"Feature","properties":{"plan_no":"2705/5","plan_id":"2620","block_no":"49","parcel_no":"706","parcel_id":14317801,"object_id":7189290,"area_m2":960.00077815},"geometry":{"type":"Polygon","coordinates":[[[46.82007344446924,24.556313611233914],[46.81992821460379,24.55657015313454],[46.81966523928343,24.55644565347492],[46.81981046956303,24.556189110898377],[46.82007344446924,24.556313611233914]]]}},{"type":"Feature","properties":{"plan_no":"2705/5","plan_id":"2620","block_no":"49","parcel_no":"707","parcel_id":14318003,"object_id":6209970,"area_m2":960.00077815},"geometry":{"type":"Polygon","coordinates":[[[46.81981046956303,24.556189110898377],[46.81966523928343,24.55644565347492],[46.81940226444642,24.556321152421273],[46.81954749516623,24.556064610974218],[46.81981046956303,24.556189110898377]]]}},{"type":"Feature","properties":{"plan_no":"2705/5","plan_id":"2620","block_no":"49","parcel_no":"708","parcel_id":14317881,"object_id":6167526,"area_m2":959.99870088},"geometry":{"type":"Polygon","coordinates":[[[46.81954749516623,24.556064610974218],[46.81940226444642,24.556321152421273],[46.819139290118834,24.556196651779],[46.81928452126581,24.55594011055874],[46.81954749516623,24.556064610974218]]]}},{"type":"Feature","properties":{"plan_no":"2705/5","plan_id":"2620","block_no":"49","parcel_no":"709","parcel_id":14315085,"object_id":6146173,"area_m2":959.994329345},"geometry":{"type":"Polygon","coordinates":[[[46.81928452126581,24.55594011055874],[46.819139290118834,24.556196651779],[46.81887631827459,24.556072151524294],[46.81902154884874,24.55581560964005],[46.81928452126581,24.55594011055874]]]}},{"type":"Feature","properties":{"plan_no":"2705/5","plan_id":"2620","block_no":"49","parcel_no":"710","parcel_id":14318017,"object_id":6146924,"area_m2":900.000989045},"geometry":{"type":"Polygon","coordinates":[[[46.81942067556342,24.55569960260244],[46.81928452126581,24.55594011055874],[46.81902154884874,24.55581560964005],[46.81915770254682,24.555575101005562],[46.81942067556342,24.55569960260244]]]}},{"type":"Feature","properties":{"plan_no":"2705/5","plan_id":"2620","block_no":"49","parcel_no":"711","parcel_id":14317927,"object_id":6209968,"area_m2":900.0009888},"geometry":{"type":"Polygon","coordinates":[[[46.819683649063364,24.555824102805307],[46.81954749516623,24.556064610974218],[46.81928452126581,24.55594011055874],[46.81942067556342,24.55569960260244],[46.819683649063364,24.555824102805307]]]}},{"type":"Feature","properties":{"plan_no":"2705/5","plan_id":"2620","block_no":"49","parcel_no":"712","parcel_id":14318395,"object_id":6179883,"area_m2":899.998958925},"geometry":{"type":"Polygon","coordinates":[[[46.81994662207271,24.55594860252878],[46.81981046956303,24.556189110898377],[46.81954749516623,24.556064610974218],[46.819683649063364,24.555824102805307],[46.81994662207271,24.55594860252878]]]}},{"type":"Feature","properties":{"plan_no":"2705/5","plan_id":"2620","block_no":"49","parcel_no":"713","parcel_id":14315427,"object_id":7315124,"area_m2":900.00098912},"geometry":{"type":"Polygon","coordinates":[[[46.82020959657844,24.55607310265171],[46.82007344446924,24.556313611233914],[46.81981046956303,24.556189110898377],[46.81994662207271,24.55594860252878],[46.82020959657844,24.55607310265171]]]}},{"type":"Feature","properties":{"plan_no":"2705/5","plan_id":"2620","block_no":"49","parcel_no":"714","parcel_id":14316709,"object_id":6231766,"area_m2":899.99957468},"geometry":{"type":"Polygon","coordinates":[[[46.82047257156748,24.5561976013806],[46.82033641985878,24.556438110175407],[46.82007344446924,24.556313611233914],[46.82020959657844,24.55607310265171],[46.82047257156748,24.5561976013806]]]}},{"type":"Feature","properties":{"plan_no":"2705/5","plan_id":"2620","block_no":"49","parcel_no":"715","parcel_id":14318077,"object_id":6199557,"area_m2":899.99834325},"geometry":{"type":"Polygon","coordinates":[[[46.82073554706594,24.556322100520838],[46.820599394757735,24.556562608637467],[46.82033641985878,24.556438110175407],[46.82047257156748,24.5561976013806],[46.82073554706594,24.556322100520838]]]}},{"type":"Feature","properties":{"plan_no":"2705/5","plan_id":"2620","block_no":"49","parcel_no":"716","parcel_id":14317681,"object_id":6176647,"area_m2":900.000373125},"geometry":{"type":"Polygon","coordinates":[[[46.82099852304771,24.55644659826704],[46.82086237115306,24.556687107498977],[46.820599394757735,24.556562608637467],[46.82073554706594,24.556322100520838],[46.82099852304771,24.55644659826704]]]}},{"type":"Feature","properties":{"plan_no":"2705/5","plan_id":"2620","block_no":"49","parcel_no":"717","parcel_id":14316317,"object_id":6229277,"area_m2":900.003018925},"geometry":{"type":"Polygon","coordinates":[[[46.82126149952585,24.55657109552189],[46.821125348044774,24.55681160586912],[46.82086237115306,24.556687107498977],[46.82099852304771,24.55644659826704],[46.82126149952585,24.55657109552189]]]}},{"type":"Feature","properties":{"plan_no":"2705/5","plan_id":"2620","block_no":"49","parcel_no":"718","parcel_id":14319191,"object_id":6222942,"area_m2":900.003018925},"geometry":{"type":"Polygon","coordinates":[[[46.821524476513396,24.55669559318807],[46.821388325419804,24.5569361028452],[46.821125348044774,24.55681160586912],[46.82126149952585,24.55657109552189],[46.821524476513396,24.55669559318807]]]}},{"type":"Feature","properties":{"plan_no":"2705/5","plan_id":"2620","block_no":"49","parcel_no":"719","parcel_id":14315949,"object_id":6176879,"area_m2":900.00363468},"geometry":{"type":"Polygon","coordinates":[[[46.821524476513396,24.55669559318807],[46.82178745398425,24.55682008946018],[46.82165130429123,24.557060600220677],[46.821388325419804,24.5569361028452],[46.821524476513396,24.55669559318807]]]}},{"type":"Feature","properties":{"plan_no":"2705/5","plan_id":"2620","block_no":"49","parcel_no":"79","parcel_id":14317531,"object_id":6146493,"area_m2":4240.01089221},"geometry":{"type":"Polygon","coordinates":[[[46.81902154884874,24.55581560964005],[46.81887631827459,24.556072151524294],[46.818350370101385,24.55582314600165],[46.81830809804139,24.5557014761513],[46.818498715313154,24.555364766271953],[46.81863175802877,24.55532609814333],[46.81915770254682,24.555575101005562],[46.81902154884874,24.55581560964005]]]}},{"type":"Feature","properties":{"plan_no":"2705/5","plan_id":"2620","block_no":"50","parcel_no":"720","parcel_id":14318475,"object_id":7173012,"area_m2":899.998343},"geometry":{"type":"Polygon","coordinates":[[[46.82201437006217,24.55641924066636],[46.821878220183514,24.556659749800254],[46.821615242979675,24.556535253669868],[46.821751393258886,24.556294744748563],[46.82201437006217,24.55641924066636]]]}},{"type":"Feature","properties":{"plan_no":"2705/5","plan_id":"2620","block_no":"50","parcel_no":"721","parcel_id":14319065,"object_id":6222717,"area_m2":900.000373195},"geometry":{"type":"Polygon","coordinates":[[[46.821751393258886,24.556294744748563],[46.821615242979675,24.556535253669868],[46.82135226625916,24.55641075614543],[46.821488415951926,24.55617024744862],[46.821751393258886,24.556294744748563]]]}},{"type":"Feature","properties":{"plan_no":"2705/5","plan_id":"2620","block_no":"50","parcel_no":"722","parcel_id":14314997,"object_id":6167773,"area_m2":899.99428326},"geometry":{"type":"Polygon","coordinates":[[[46.821488415951926,24.55617024744862],[46.82135226625916,24.55641075614543],[46.821089291035,24.55628625902038],[46.82122544112829,24.55604575053618],[46.821488415951926,24.55617024744862]]]}},{"type":"Feature","properties":{"plan_no":"2705/5","plan_id":"2620","block_no":"50","parcel_no":"723","parcel_id":14317177,"object_id":6179359,"area_m2":899.99692888},"geometry":{"type":"Polygon","coordinates":[[[46.82122544112829,24.55604575053618],[46.821089291035,24.55628625902038],[46.820826315320225,24.556161761415908],[46.82096246581404,24.555921253144298],[46.82122544112829,24.55604575053618]]]}},{"type":"Feature","properties":{"plan_no":"2705/5","plan_id":"2620","block_no":"50","parcel_no":"724","parcel_id":14317537,"object_id":6229270,"area_m2":899.99834332},"geometry":{"type":"Polygon","coordinates":[[[46.82096246581404,24.555921253144298],[46.820826315320225,24.556161761415908],[46.82056334008879,24.556037262417387],[46.82069949098309,24.555796754358372],[46.82096246581404,24.555921253144298]]]}},{"type":"Feature","properties":{"plan_no":"2705/5","plan_id":"2620","block_no":"50","parcel_no":"725","parcel_id":14314999,"object_id":6167774,"area_m2":894.37125338},"geometry":{"type":"Polygon","coordinates":[[[46.82069949098309,24.555796754358372],[46.82056334008879,24.556037262417387],[46.8203299497534,24.555926770084202],[46.820320088948456,24.55592210132563],[46.82033143490397,24.55590205885714],[46.820311712311714,24.55589272135116],[46.82031738480247,24.55588270057462],[46.82043651666154,24.555672255983808],[46.82069949098309,24.555796754358372]]]}},{"type":"Feature","properties":{"plan_no":"2705/5","plan_id":"2620","block_no":"50","parcel_no":"726","parcel_id":14316807,"object_id":6165271,"area_m2":894.372367445},"geometry":{"type":"Polygon","coordinates":[[[46.82028064277476,24.555903426320157],[46.820270780986355,24.55589875757004],[46.820037391141035,24.555788264751758],[46.82017354283633,24.555547757117935],[46.82043651666154,24.555672255983808],[46.82031738480247,24.55588270057462],[46.820311712311714,24.55589272135116],[46.820291988735285,24.55588338385432],[46.82028064277476,24.555903426320157]]]}},{"type":"Feature","properties":{"plan_no":"2705/5","plan_id":"2620","block_no":"50","parcel_no":"727","parcel_id":14315683,"object_id":6146092,"area_m2":899.99834332},"geometry":{"type":"Polygon","coordinates":[[[46.82017354283633,24.555547757117935],[46.820037391141035,24.555788264751758],[46.81977441739867,24.55566376427924],[46.81991056949443,24.55542325685802],[46.82017354283633,24.555547757117935]]]}},{"type":"Feature","properties":{"plan_no":"2705/5","plan_id":"2620","block_no":"50","parcel_no":"728","parcel_id":14319047,"object_id":6222716,"area_m2":899.998959},"geometry":{"type":"Polygon","coordinates":[[[46.81991056949443,24.55542325685802],[46.81977441739867,24.55566376427924],[46.819511444165705,24.555539264218112],[46.819647596648906,24.555298756106794],[46.81991056949443,24.55542325685802]]]}},{"type":"Feature","properties":{"plan_no":"2705/5","plan_id":"2620","block_no":"50","parcel_no":"729","parcel_id":14315787,"object_id":6209252,"area_m2":899.998959},"geometry":{"type":"Polygon","coordinates":[[[46.819647596648906,24.555298756106794],[46.819511444165705,24.555539264218112],[46.81924847141607,24.555414762762975],[46.819384624312754,24.55517425576696],[46.819647596648906,24.555298756106794]]]}},{"type":"Feature","properties":{"plan_no":"2705/5","plan_id":"2620","block_no":"50","parcel_no":"730","parcel_id":14316685,"object_id":6230980,"area_m2":1050.000861075},"geometry":{"type":"Polygon","coordinates":[[[46.81980644158299,24.555018163923982],[46.819647596648906,24.555298756106794],[46.819384624312754,24.55517425576696],[46.81954346970102,24.554893662929498],[46.81980644158299,24.555018163923982]]]}},{"type":"Feature","properties":{"plan_no":"2705/5","plan_id":"2620","block_no":"50","parcel_no":"731","parcel_id":14316267,"object_id":6212555,"area_m2":1050.000861075},"geometry":{"type":"Polygon","coordinates":[[[46.82006941394829,24.555142663524475],[46.81991056949443,24.55542325685802],[46.819647596648906,24.555298756106794],[46.81980644158299,24.555018163923982],[46.82006941394829,24.555142663524475]]]}},{"type":"Feature","properties":{"plan_no":"2705/5","plan_id":"2620","block_no":"50","parcel_no":"732","parcel_id":14318139,"object_id":6199602,"area_m2":1050.003506875},"geometry":{"type":"Polygon","coordinates":[[[46.820332386809916,24.55526716263366],[46.82017354283633,24.555547757117935],[46.81991056949443,24.55542325685802],[46.82006941394829,24.555142663524475],[46.820332386809916,24.55526716263366]]]}},{"type":"Feature","properties":{"plan_no":"2705/5","plan_id":"2620","block_no":"50","parcel_no":"733","parcel_id":14317071,"object_id":6167512,"area_m2":1050.003506875},"geometry":{"type":"Polygon","coordinates":[[[46.82059536018093,24.55539166215423],[46.82043651666154,24.555672255983808],[46.82017354283633,24.555547757117935],[46.820332386809916,24.55526716263366],[46.82059536018093,24.55539166215423]]]}},{"type":"Feature","properties":{"plan_no":"2705/5","plan_id":"2620","block_no":"50","parcel_no":"734","parcel_id":14315159,"object_id":6328971,"area_m2":1050.00135888},"geometry":{"type":"Polygon","coordinates":[[[46.82085833403524,24.555516160280757],[46.82069949098309,24.555796754358372],[46.82043651666154,24.555672255983808],[46.82059536018093,24.55539166215423],[46.82085833403524,24.555516160280757]]]}},{"type":"Feature","properties":{"plan_no":"2705/5","plan_id":"2620","block_no":"50","parcel_no":"735","parcel_id":14315663,"object_id":6164980,"area_m2":1050.003506875},"geometry":{"type":"Polygon","coordinates":[[[46.82112130838589,24.555640657915944],[46.82096246581404,24.555921253144298],[46.82069949098309,24.555796754358372],[46.82085833403524,24.555516160280757],[46.82112130838589,24.555640657915944]]]}},{"type":"Feature","properties":{"plan_no":"2705/5","plan_id":"2620","block_no":"50","parcel_no":"736","parcel_id":14318069,"object_id":6239048,"area_m2":1050.003506875},"geometry":{"type":"Polygon","coordinates":[[[46.821384283245926,24.55576515596251],[46.82122544112829,24.55604575053618],[46.82096246581404,24.555921253144298],[46.82112130838589,24.555640657915944],[46.821384283245926,24.55576515596251]]]}},{"type":"Feature","properties":{"plan_no":"2705/5","plan_id":"2620","block_no":"50","parcel_no":"737","parcel_id":14315195,"object_id":6229926,"area_m2":1050.000522655},"geometry":{"type":"Polygon","coordinates":[[[46.82164725858925,24.555889652615026],[46.821488415951926,24.55617024744862],[46.82122544112829,24.55604575053618],[46.821384283245926,24.55576515596251],[46.82164725858925,24.555889652615026]]]}},{"type":"Feature","properties":{"plan_no":"2705/5","plan_id":"2620","block_no":"50","parcel_no":"738","parcel_id":14317597,"object_id":6146511,"area_m2":1050.00525942},"geometry":{"type":"Polygon","coordinates":[[[46.82191023444196,24.55601414967888],[46.821751393258886,24.556294744748563],[46.821488415951926,24.55617024744862],[46.82164725858925,24.555889652615026],[46.82191023444196,24.55601414967888]]]}},{"type":"Feature","properties":{"plan_no":"2705/5","plan_id":"2620","block_no":"50","parcel_no":"739","parcel_id":14318145,"object_id":6212921,"area_m2":1050.00135888},"geometry":{"type":"Polygon","coordinates":[[[46.82191023444196,24.55601414967888],[46.822173210777954,24.55613864534867],[46.82201437006217,24.55641924066636],[46.821751393258886,24.556294744748563],[46.82191023444196,24.55601414967888]]]}},{"type":"Feature","properties":{"plan_no":"2705/5","plan_id":"2620","block_no":"50","parcel_no":"80","parcel_id":14318623,"object_id":6357026,"area_m2":4449.999694635},"geometry":{"type":"Polygon","coordinates":[[[46.819384624312754,24.55517425576696],[46.81924847141607,24.555414762762975],[46.81872252743196,24.555165760184224],[46.81868025528447,24.55504409043632],[46.81888448655755,24.554683328781458],[46.81901752743914,24.554644660369327],[46.81954346970102,24.554893662929498],[46.819384624312754,24.55517425576696]]]}},{"type":"Feature","properties":{"plan_no":"2705/5","plan_id":"2620","block_no":"51","parcel_no":"740","parcel_id":14315617,"object_id":6386044,"area_m2":1050.00250696},"geometry":{"type":"Polygon","coordinates":[[[46.8205381688096,24.55480548082232],[46.82040201756296,24.555045989635776],[46.82009521609184,24.554900740441514],[46.82023136780569,24.55466023187608],[46.8205381688096,24.55480548082232]]]}},{"type":"Feature","properties":{"plan_no":"2705/5","plan_id":"2620","block_no":"51","parcel_no":"741","parcel_id":14317211,"object_id":6229519,"area_m2":1044.376752995},"geometry":{"type":"Polygon","coordinates":[[[46.82064144659019,24.55454940917852],[46.82065240458354,24.554554597353942],[46.82064219365917,24.554572635317015],[46.820664107650984,24.554583009885054],[46.820659002202035,24.55459202976975],[46.8205381688096,24.55480548082232],[46.82023136780569,24.55466023187608],[46.820367519023115,24.5544197232105],[46.82064144659019,24.55454940917852]]]}},{"type":"Feature","properties":{"plan_no":"2705/5","plan_id":"2620","block_no":"51","parcel_no":"742","parcel_id":14315369,"object_id":6176989,"area_m2":1044.37293734},"geometry":{"type":"Polygon","coordinates":[[[46.82065240458354,24.554554597353942],[46.82064144659019,24.55454940917852],[46.820367519023115,24.5544197232105],[46.82050366877021,24.554179215359408],[46.82081046883969,24.554324463809603],[46.820689635937384,24.55453791496104],[46.82068453047889,24.55454693394374],[46.82066261649208,24.554536559378363],[46.82065240458354,24.554554597353942]]]}},{"type":"Feature","properties":{"plan_no":"2705/5","plan_id":"2620","block_no":"51","parcel_no":"743","parcel_id":14317479,"object_id":6196260,"area_m2":1050.00035924},"geometry":{"type":"Polygon","coordinates":[[[46.820946617610126,24.55408395470767],[46.82081046883969,24.554324463809603],[46.82050366877021,24.554179215359408],[46.82063981899481,24.553938706493557],[46.820946617610126,24.55408395470767]]]}},{"type":"Feature","properties":{"plan_no":"2705/5","plan_id":"2620","block_no":"51","parcel_no":"744","parcel_id":14316801,"object_id":6156367,"area_m2":1050.00035924},"geometry":{"type":"Polygon","coordinates":[[[46.82108276687113,24.553843445493687],[46.820946617610126,24.55408395470767],[46.82063981899481,24.553938706493557],[46.82077596773606,24.553698197539493],[46.82108276687113,24.553843445493687]]]}},{"type":"Feature","properties":{"plan_no":"2705/5","plan_id":"2620","block_no":"51","parcel_no":"745","parcel_id":14315433,"object_id":6165675,"area_m2":1050.00250696},"geometry":{"type":"Polygon","coordinates":[[[46.82121891563573,24.553602936179576],[46.82108276687113,24.553843445493687],[46.82077596773606,24.553698197539493],[46.82091211696788,24.553457688473376],[46.82121891563573,24.553602936179576]]]}},{"type":"Feature","properties":{"plan_no":"2705/5","plan_id":"2620","block_no":"51","parcel_no":"746","parcel_id":14316873,"object_id":6355424,"area_m2":1049.99777038},"geometry":{"type":"Polygon","coordinates":[[[46.82135506293005,24.55336242767998],[46.82121891563573,24.553602936179576],[46.82091211696788,24.553457688473376],[46.821048264729406,24.55321718022177],[46.82135506293005,24.55336242767998]]]}},{"type":"Feature","properties":{"plan_no":"2705/5","plan_id":"2620","block_no":"51","parcel_no":"747","parcel_id":14317321,"object_id":6156357,"area_m2":1050.002609845},"geometry":{"type":"Polygon","coordinates":[[[46.82149120971497,24.55312191817757],[46.82135506293005,24.55336242767998],[46.821048264729406,24.55321718022177],[46.82118441295543,24.55297667005269],[46.82149120971497,24.55312191817757]]]}},{"type":"Feature","properties":{"plan_no":"2705/5","plan_id":"2620","block_no":"51","parcel_no":"748","parcel_id":14316871,"object_id":6322812,"area_m2":1049.99952308},"geometry":{"type":"Polygon","coordinates":[[[46.821627356990476,24.55288140856312],[46.82149120971497,24.55312191817757],[46.82118441295543,24.55297667005269],[46.821320559724235,24.552736161600855],[46.821627356990476,24.55288140856312]]]}},{"type":"Feature","properties":{"plan_no":"2705/5","plan_id":"2620","block_no":"51","parcel_no":"749","parcel_id":14316467,"object_id":6209892,"area_m2":1050.000020985},"geometry":{"type":"Polygon","coordinates":[[[46.821763502795726,24.5526408997632],[46.821627356990476,24.55288140856312],[46.821320559724235,24.552736161600855],[46.82145670598366,24.5524956521462],[46.821763502795726,24.5526408997632]]]}},{"type":"Feature","properties":{"plan_no":"2705/5","plan_id":"2620","block_no":"51","parcel_no":"750","parcel_id":14318915,"object_id":6211019,"area_m2":1050.00392141},"geometry":{"type":"Polygon","coordinates":[[[46.821899649078546,24.552400389948524],[46.821763502795726,24.5526408997632],[46.82145670598366,24.5524956521462],[46.82159285273366,24.552255142579508],[46.821899649078546,24.552400389948524]]]}},{"type":"Feature","properties":{"plan_no":"2705/5","plan_id":"2620","block_no":"51","parcel_no":"751","parcel_id":14315919,"object_id":6231797,"area_m2":1050.002168705},"geometry":{"type":"Polygon","coordinates":[[[46.82203579486502,24.55215988003377],[46.821899649078546,24.552400389948524],[46.82159285273366,24.552255142579508],[46.82172899801345,24.55201463382735],[46.82203579486502,24.55215988003377]]]}},{"type":"Feature","properties":{"plan_no":"2705/5","plan_id":"2620","block_no":"51","parcel_no":"752","parcel_id":14317471,"object_id":6147030,"area_m2":1050.00515259},"geometry":{"type":"Polygon","coordinates":[[[46.82217194015518,24.55191937001892],[46.82203579486502,24.55215988003377],[46.82172899801345,24.55201463382735],[46.8218651437708,24.55177412406046],[46.82217194015518,24.55191937001892]]]}},{"type":"Feature","properties":{"plan_no":"2705/5","plan_id":"2620","block_no":"51","parcel_no":"753","parcel_id":14318855,"object_id":6316078,"area_m2":1050.002168705},"geometry":{"type":"Polygon","coordinates":[[[46.82200128903184,24.551533614193474],[46.82230808397513,24.551678860818622],[46.82217194015518,24.55191937001892],[46.8218651437708,24.55177412406046],[46.82200128903184,24.551533614193474]]]}},{"type":"Feature","properties":{"plan_no":"2705/5","plan_id":"2620","block_no":"51","parcel_no":"754","parcel_id":14315445,"object_id":6165676,"area_m2":849.997738145},"geometry":{"type":"Polygon","coordinates":[[[46.82200128903184,24.551533614193474],[46.8218651437708,24.55177412406046],[46.82160217809748,24.551649627224762],[46.821692941273334,24.55148928777511],[46.82182597880348,24.551450617101082],[46.82200128903184,24.551533614193474]]]}},{"type":"Feature","properties":{"plan_no":"2705/5","plan_id":"2620","block_no":"51","parcel_no":"755","parcel_id":14315945,"object_id":7299108,"area_m2":899.99834317},"geometry":{"type":"Polygon","coordinates":[[[46.8218651437708,24.55177412406046],[46.82172899801345,24.55201463382735],[46.82146603193968,24.551890136779114],[46.82160217809748,24.551649627224762],[46.8218651437708,24.55177412406046]]]}},{"type":"Feature","properties":{"plan_no":"2705/5","plan_id":"2620","block_no":"51","parcel_no":"756","parcel_id":14316187,"object_id":6179255,"area_m2":894.369264425},"geometry":{"type":"Polygon","coordinates":[[[46.82172899801345,24.55201463382735],[46.82159285273366,24.552255142579508],[46.82136275766495,24.55214620794709],[46.82135179986227,24.552141019811312],[46.82136201149582,24.55212298180004],[46.82134009690857,24.55211260732073],[46.82134520224511,24.55210358922421],[46.82146603193968,24.551890136779114],[46.82172899801345,24.55201463382735]]]}},{"type":"Feature","properties":{"plan_no":"2705/5","plan_id":"2620","block_no":"51","parcel_no":"757","parcel_id":14318891,"object_id":6145658,"area_m2":894.374028505},"geometry":{"type":"Polygon","coordinates":[[[46.82159285273366,24.552255142579508],[46.82145670598366,24.5524956521462],[46.821193739109,24.55237115467288],[46.82131456833277,24.552157704143976],[46.82131967462062,24.55214868332812],[46.82134158822594,24.552159057822028],[46.82135179986227,24.552141019811312],[46.82136275766495,24.55214620794709],[46.82159285273366,24.552255142579508]]]}},{"type":"Feature","properties":{"plan_no":"2705/5","plan_id":"2620","block_no":"51","parcel_no":"758","parcel_id":14315405,"object_id":6165504,"area_m2":899.998958925},"geometry":{"type":"Polygon","coordinates":[[[46.82145670598366,24.5524956521462],[46.821320559724235,24.552736161600855],[46.82105759146221,24.552611663926925],[46.821193739109,24.55237115467288],[46.82145670598366,24.5524956521462]]]}},{"type":"Feature","properties":{"plan_no":"2705/5","plan_id":"2620","block_no":"51","parcel_no":"759","parcel_id":14316179,"object_id":6213015,"area_m2":899.99692888},"geometry":{"type":"Polygon","coordinates":[[[46.821320559724235,24.552736161600855],[46.82118441295543,24.55297667005269],[46.82092144429295,24.55285217216621],[46.82105759146221,24.552611663926925],[46.821320559724235,24.552736161600855]]]}},{"type":"Feature","properties":{"plan_no":"2705/5","plan_id":"2620","block_no":"51","parcel_no":"760","parcel_id":14314941,"object_id":7322861,"area_m2":900.003018925},"geometry":{"type":"Polygon","coordinates":[[[46.82118441295543,24.55297667005269],[46.821048264729406,24.55321718022177],[46.820785295653444,24.553092681220008],[46.82092144429295,24.55285217216621],[46.82118441295543,24.55297667005269]]]}},{"type":"Feature","properties":{"plan_no":"2705/5","plan_id":"2620","block_no":"51","parcel_no":"761","parcel_id":14318157,"object_id":6212922,"area_m2":900.000988875},"geometry":{"type":"Polygon","coordinates":[[[46.821048264729406,24.55321718022177],[46.82091211696788,24.553457688473376],[46.820649146517546,24.55333319017368],[46.820785295653444,24.553092681220008],[46.821048264729406,24.55321718022177]]]}},{"type":"Feature","properties":{"plan_no":"2705/5","plan_id":"2620","block_no":"51","parcel_no":"762","parcel_id":14315569,"object_id":6230092,"area_m2":894.377328035},"geometry":{"type":"Polygon","coordinates":[[[46.82091211696788,24.553457688473376],[46.82077596773606,24.553698197539493],[46.82054586857807,24.553589260912304],[46.82053491167526,24.55358407361416],[46.82054512254523,24.553566035659863],[46.820523208731665,24.55355566015963],[46.82052831320597,24.553546643000278],[46.820649146517546,24.55333319017368],[46.82091211696788,24.553457688473376]]]}},{"type":"Feature","properties":{"plan_no":"2705/5","plan_id":"2620","block_no":"51","parcel_no":"763","parcel_id":14318537,"object_id":6235693,"area_m2":894.37458932},"geometry":{"type":"Polygon","coordinates":[[[46.82077596773606,24.553698197539493],[46.82063981899481,24.553938706493557],[46.82037684871749,24.55381420685409],[46.82049768058438,24.55360075685833],[46.82050278699697,24.55359173696771],[46.820524700802515,24.55360211156788],[46.82053491167526,24.55358407361416],[46.82054586857807,24.553589260912304],[46.82077596773606,24.553698197539493]]]}},{"type":"Feature","properties":{"plan_no":"2705/5","plan_id":"2620","block_no":"51","parcel_no":"764","parcel_id":14315055,"object_id":6196243,"area_m2":900.00240325},"geometry":{"type":"Polygon","coordinates":[[[46.82063981899481,24.553938706493557],[46.82050366877021,24.554179215359408],[46.82024069809243,24.554054715507366],[46.82037684871749,24.55381420685409],[46.82063981899481,24.553938706493557]]]}},{"type":"Feature","properties":{"plan_no":"2705/5","plan_id":"2620","block_no":"51","parcel_no":"765","parcel_id":14318485,"object_id":6208462,"area_m2":900.000988875},"geometry":{"type":"Polygon","coordinates":[[[46.82050366877021,24.554179215359408],[46.820367519023115,24.5544197232105],[46.82010454697095,24.554295224060503],[46.82024069809243,24.554054715507366],[46.82050366877021,24.554179215359408]]]}},{"type":"Feature","properties":{"plan_no":"2705/5","plan_id":"2620","block_no":"51","parcel_no":"766","parcel_id":14316497,"object_id":6229293,"area_m2":900.000988875},"geometry":{"type":"Polygon","coordinates":[[[46.820367519023115,24.5544197232105],[46.82023136780569,24.55466023187608],[46.81996839632699,24.55453573159887],[46.82010454697095,24.554295224060503],[46.820367519023115,24.5544197232105]]]}},{"type":"Feature","properties":{"plan_no":"2705/5","plan_id":"2620","block_no":"51","parcel_no":"767","parcel_id":14319131,"object_id":6145888,"area_m2":900.00240325},"geometry":{"type":"Polygon","coordinates":[[[46.82023136780569,24.55466023187608],[46.82009521609184,24.554900740441514],[46.819832244212684,24.554776239951728],[46.81996839632699,24.55453573159887],[46.82023136780569,24.55466023187608]]]}},{"type":"Feature","properties":{"plan_no":"2705/5","plan_id":"2620","block_no":"52","parcel_no":"768","parcel_id":14317247,"object_id":6179571,"area_m2":1224.997709325},"geometry":{"type":"Polygon","coordinates":[[[46.821086804940094,24.555014392834327],[46.820927963942324,24.55529498618962],[46.8206211613131,24.55514973814179],[46.82078000384293,24.554869145063915],[46.821086804940094,24.555014392834327]]]}},{"type":"Feature","properties":{"plan_no":"2705/5","plan_id":"2620","block_no":"52","parcel_no":"769","parcel_id":14317967,"object_id":6146921,"area_m2":1154.998349},"geometry":{"type":"Polygon","coordinates":[[[46.82137607579145,24.555151340550573],[46.821217235307664,24.555431934178692],[46.820927963942324,24.55529498618962],[46.821086804940094,24.555014392834327],[46.82137607579145,24.555151340550573]]]}},{"type":"Feature","properties":{"plan_no":"2705/5","plan_id":"2620","block_no":"52","parcel_no":"770","parcel_id":14317975,"object_id":6239045,"area_m2":1149.373137215},"geometry":{"type":"Polygon","coordinates":[[[46.82148678367181,24.555559544234704],[46.821476921872,24.55555487556439],[46.821217235307664,24.555431934178692],[46.82137607579145,24.555151340550573],[46.8216653472303,24.55528828676962],[46.82152352537126,24.555538817308687],[46.821517852019255,24.555548839039243],[46.82149812940698,24.55553950169009],[46.82148678367181,24.555559544234704]]]}},{"type":"Feature","properties":{"plan_no":"2705/5","plan_id":"2620","block_no":"52","parcel_no":"771","parcel_id":14319175,"object_id":6145937,"area_m2":1149.37796028},"geometry":{"type":"Polygon","coordinates":[[[46.82195461928276,24.555425233296827],[46.82179577983999,24.555705828373256],[46.821536091694426,24.555582887587786],[46.821526229891106,24.55557821892095],[46.82153757562128,24.555558176373683],[46.821517852019255,24.555548839039243],[46.82152352537126,24.555538817308687],[46.8216653472303,24.55528828676962],[46.82195461928276,24.555425233296827]]]}},{"type":"Feature","properties":{"plan_no":"2705/5","plan_id":"2620","block_no":"52","parcel_no":"772","parcel_id":14318625,"object_id":6234475,"area_m2":1154.99884368},"geometry":{"type":"Polygon","coordinates":[[[46.822243891922696,24.5555621783268],[46.82208505200698,24.555842773687957],[46.82179577983999,24.555705828373256],[46.82195461928276,24.555425233296827],[46.822243891922696,24.5555621783268]]]}},{"type":"Feature","properties":{"plan_no":"2705/5","plan_id":"2620","block_no":"52","parcel_no":"773","parcel_id":14317157,"object_id":6167519,"area_m2":1155.00281492},"geometry":{"type":"Polygon","coordinates":[[[46.822533165176225,24.55569912366492],[46.822374325774554,24.55597971929889],[46.82208505200698,24.555842773687957],[46.822243891922696,24.5555621783268],[46.822533165176225,24.55569912366492]]]}},{"type":"Feature","properties":{"plan_no":"2705/5","plan_id":"2620","block_no":"52","parcel_no":"774","parcel_id":14316455,"object_id":6201026,"area_m2":1085.001628025},"geometry":{"type":"Polygon","coordinates":[[[46.82280490692916,24.555827768310298],[46.82264606899733,24.55610836418859],[46.822374325774554,24.55597971929889],[46.822533165176225,24.55569912366492],[46.82280490692916,24.555827768310298]]]}},{"type":"Feature","properties":{"plan_no":"2705/5","plan_id":"2620","block_no":"52","parcel_no":"775","parcel_id":14316261,"object_id":6230830,"area_m2":1084.9985414550001},"geometry":{"type":"Polygon","coordinates":[[[46.823076649212034,24.55595641243099],[46.82291781077613,24.55623700857746],[46.82264606899733,24.55610836418859],[46.82280490692916,24.555827768310298],[46.823076649212034,24.55595641243099]]]}},{"type":"Feature","properties":{"plan_no":"2705/5","plan_id":"2620","block_no":"52","parcel_no":"776","parcel_id":14315359,"object_id":6146706,"area_m2":1085.00390194},"geometry":{"type":"Polygon","coordinates":[[[46.82334839301183,24.556085056015032],[46.82318955505884,24.556365652417778],[46.82291781077613,24.55623700857746],[46.823076649212034,24.55595641243099],[46.82334839301183,24.556085056015032]]]}},{"type":"Feature","properties":{"plan_no":"2705/5","plan_id":"2620","block_no":"52","parcel_no":"777","parcel_id":14316369,"object_id":6179856,"area_m2":1085.00081537},"geometry":{"type":"Polygon","coordinates":[[[46.8236201363546,24.55621369908634],[46.82346129888453,24.55649429574534],[46.82318955505884,24.556365652417778],[46.82334839301183,24.556085056015032],[46.8236201363546,24.55621369908634]]]}},{"type":"Feature","properties":{"plan_no":"2705/5","plan_id":"2620","block_no":"52","parcel_no":"778","parcel_id":14316735,"object_id":6147045,"area_m2":1085.00390194},"geometry":{"type":"Polygon","coordinates":[[[46.82389188121428,24.556342341620987],[46.82373304422715,24.55662293853622],[46.82346129888453,24.55649429574534],[46.8236201363546,24.55621369908634],[46.82389188121428,24.556342341620987]]]}},{"type":"Feature","properties":{"plan_no":"2705/5","plan_id":"2620","block_no":"52","parcel_no":"779","parcel_id":14317425,"object_id":6179741,"area_m2":1085.00081537},"geometry":{"type":"Polygon","coordinates":[[[46.82416362561694,24.556470983642846],[46.824004789112756,24.55675158081434],[46.82373304422715,24.55662293853622],[46.82389188121428,24.556342341620987],[46.82416362561694,24.556470983642846]]]}},{"type":"Feature","properties":{"plan_no":"2705/5","plan_id":"2620","block_no":"52","parcel_no":"780","parcel_id":14315163,"object_id":6208150,"area_m2":1190.00227141},"geometry":{"type":"Polygon","coordinates":[[[46.82446166851633,24.556612074987783],[46.824302832541825,24.556892672440295],[46.824004789112756,24.55675158081434],[46.82416362561694,24.556470983642846],[46.82446166851633,24.556612074987783]]]}},{"type":"Feature","properties":{"plan_no":"2705/5","plan_id":"2620","block_no":"52","parcel_no":"781","parcel_id":14314953,"object_id":6146324,"area_m2":1019.99714626},"geometry":{"type":"Polygon","coordinates":[[[46.82429976982317,24.55623047271506],[46.824597812268536,24.556371563819106],[46.82446166851633,24.556612074987783],[46.82416362561694,24.556470983642846],[46.82429976982317,24.55623047271506]]]}},{"type":"Feature","properties":{"plan_no":"2705/5","plan_id":"2620","block_no":"52","parcel_no":"782","parcel_id":14315205,"object_id":6167992,"area_m2":929.99632182},"geometry":{"type":"Polygon","coordinates":[[[46.82429976982317,24.55623047271506],[46.82416362561694,24.556470983642846],[46.82389188121428,24.556342341620987],[46.82402802583446,24.556101830912834],[46.82429976982317,24.55623047271506]]]}},{"type":"Feature","properties":{"plan_no":"2705/5","plan_id":"2620","block_no":"52","parcel_no":"783","parcel_id":14316699,"object_id":6238898,"area_m2":929.99837526},"geometry":{"type":"Polygon","coordinates":[[[46.82402802583446,24.556101830912834],[46.82389188121428,24.556342341620987],[46.8236201363546,24.55621369908634],[46.82375628237567,24.555973188585877],[46.82402802583446,24.556101830912834]]]}},{"type":"Feature","properties":{"plan_no":"2705/5","plan_id":"2620","block_no":"52","parcel_no":"784","parcel_id":14318021,"object_id":6199388,"area_m2":929.99837526},"geometry":{"type":"Polygon","coordinates":[[[46.82375628237567,24.555973188585877],[46.8236201363546,24.55621369908634],[46.82334839301183,24.556085056015032],[46.82348453845986,24.555844545746158],[46.82375628237567,24.555973188585877]]]}},{"type":"Feature","properties":{"plan_no":"2705/5","plan_id":"2620","block_no":"52","parcel_no":"785","parcel_id":14318065,"object_id":6199391,"area_m2":929.99837526},"geometry":{"type":"Polygon","coordinates":[[[46.82348453845986,24.555844545746158],[46.82334839301183,24.556085056015032],[46.823076649212034,24.55595641243099],[46.82321279606095,24.555715902369812],[46.82348453845986,24.555844545746158]]]}},{"type":"Feature","properties":{"plan_no":"2705/5","plan_id":"2620","block_no":"52","parcel_no":"786","parcel_id":14318317,"object_id":6235900,"area_m2":929.99837526},"geometry":{"type":"Polygon","coordinates":[[[46.82321279606095,24.555715902369812],[46.823076649212034,24.55595641243099],[46.82280490692916,24.555827768310298],[46.82294105320502,24.55558725848071],[46.82321279606095,24.555715902369812]]]}},{"type":"Feature","properties":{"plan_no":"2705/5","plan_id":"2620","block_no":"52","parcel_no":"787","parcel_id":14317465,"object_id":6196259,"area_m2":929.99632182},"geometry":{"type":"Polygon","coordinates":[[[46.82294105320502,24.55558725848071],[46.82280490692916,24.555827768310298],[46.822533165176225,24.55569912366492],[46.82266931186599,24.55545861405498],[46.82294105320502,24.55558725848071]]]}},{"type":"Feature","properties":{"plan_no":"2705/5","plan_id":"2620","block_no":"52","parcel_no":"788","parcel_id":14318189,"object_id":6176921,"area_m2":989.99991573},"geometry":{"type":"Polygon","coordinates":[[[46.82266931186599,24.55545861405498],[46.822533165176225,24.55569912366492],[46.822243891922696,24.5555621783268],[46.82238003903999,24.55532166804798],[46.82266931186599,24.55545861405498]]]}},{"type":"Feature","properties":{"plan_no":"2705/5","plan_id":"2620","block_no":"52","parcel_no":"789","parcel_id":14316279,"object_id":6212557,"area_m2":989.99708685},"geometry":{"type":"Polygon","coordinates":[[[46.82238003903999,24.55532166804798],[46.822243891922696,24.5555621783268],[46.82195461928276,24.555425233296827],[46.822090766853684,24.555184724154525],[46.82238003903999,24.55532166804798]]]}},{"type":"Feature","properties":{"plan_no":"2705/5","plan_id":"2620","block_no":"52","parcel_no":"790","parcel_id":14316731,"object_id":6196223,"area_m2":989.99775332},"geometry":{"type":"Polygon","coordinates":[[[46.822090766853684,24.555184724154525],[46.82195461928276,24.555425233296827],[46.8216653472303,24.55528828676962],[46.8218014952418,24.555047777861148],[46.822090766853684,24.555184724154525]]]}},{"type":"Feature","properties":{"plan_no":"2705/5","plan_id":"2620","block_no":"52","parcel_no":"791","parcel_id":14317327,"object_id":6147025,"area_m2":989.99850129},"geometry":{"type":"Polygon","coordinates":[[[46.8218014952418,24.555047777861148],[46.8216653472303,24.55528828676962],[46.82137607579145,24.555151340550573],[46.82151222423045,24.554910830973224],[46.8218014952418,24.555047777861148]]]}},{"type":"Feature","properties":{"plan_no":"2705/5","plan_id":"2620","block_no":"52","parcel_no":"792","parcel_id":14318589,"object_id":6208688,"area_m2":990.0006637},"geometry":{"type":"Polygon","coordinates":[[[46.82151222423045,24.554910830973224],[46.82137607579145,24.555151340550573],[46.821086804940094,24.555014392834327],[46.82122295381964,24.55477388349081],[46.82151222423045,24.554910830973224]]]}},{"type":"Feature","properties":{"plan_no":"2705/5","plan_id":"2620","block_no":"52","parcel_no":"793","parcel_id":14318979,"object_id":6155952,"area_m2":1049.99821152},"geometry":{"type":"Polygon","coordinates":[[[46.82122295381964,24.55477388349081],[46.821086804940094,24.555014392834327],[46.82078000384293,24.554869145063915],[46.82091615318971,24.554628635968392],[46.82122295381964,24.55477388349081]]]}},{"type":"Feature","properties":{"plan_no":"2705/5","plan_id":"2620","block_no":"53","parcel_no":"794","parcel_id":14315831,"object_id":6209256,"area_m2":1050.00111939},"geometry":{"type":"Polygon","coordinates":[[[46.82142873179156,24.55431220067064],[46.82126989235684,24.55459279431558],[46.82100692013642,24.55446829680474],[46.821165758051436,24.554187702528957],[46.82142873179156,24.55431220067064]]]}},{"type":"Feature","properties":{"plan_no":"2705/5","plan_id":"2620","block_no":"53","parcel_no":"795","parcel_id":14318427,"object_id":6146269,"area_m2":1050.00372068},"geometry":{"type":"Polygon","coordinates":[[[46.82169170405408,24.55443669834487],[46.821532863151816,24.55471729496978],[46.82126989235684,24.55459279431558],[46.82142873179156,24.55431220067064],[46.82169170405408,24.55443669834487]]]}},{"type":"Feature","properties":{"plan_no":"2705/5","plan_id":"2620","block_no":"53","parcel_no":"796","parcel_id":14318199,"object_id":6356008,"area_m2":1050.00279526},"geometry":{"type":"Polygon","coordinates":[[[46.82195467681291,24.554561195527775],[46.821795838299614,24.55484178876599],[46.821532863151816,24.55471729496978],[46.82169170405408,24.55443669834487],[46.82195467681291,24.554561195527775]]]}},{"type":"Feature","properties":{"plan_no":"2705/5","plan_id":"2620","block_no":"53","parcel_no":"797","parcel_id":14315757,"object_id":6200731,"area_m2":1049.993816945},"geometry":{"type":"Polygon","coordinates":[[[46.82221765005497,24.554685691316642],[46.822058811021996,24.55496628481478],[46.821795838299614,24.55484178876599],[46.82195467681291,24.554561195527775],[46.82221765005497,24.554685691316642]]]}},{"type":"Feature","properties":{"plan_no":"2705/5","plan_id":"2620","block_no":"53","parcel_no":"798","parcel_id":14318261,"object_id":7324918,"area_m2":1049.99606728},"geometry":{"type":"Polygon","coordinates":[[[46.82248062379331,24.55481018661417],[46.822321785227615,24.55509078036029],[46.822058811021996,24.55496628481478],[46.82221765005497,24.554685691316642],[46.82248062379331,24.55481018661417]]]}},{"type":"Feature","properties":{"plan_no":"2705/5","plan_id":"2620","block_no":"53","parcel_no":"799","parcel_id":14316355,"object_id":6239102,"area_m2":1044.3732202750002},"geometry":{"type":"Polygon","coordinates":[[[46.82256503731491,24.5552059391089],[46.822555175508626,24.555201270509702],[46.822321785227615,24.55509078036029],[46.82248062379331,24.55481018661417],[46.822743598041015,24.554934682323044],[46.822601778732654,24.55518521283795],[46.82259610645712,24.555195233688995],[46.82257638284498,24.555185896494006],[46.82256503731491,24.5552059391089]]]}},{"type":"Feature","properties":{"plan_no":"2705/5","plan_id":"2620","block_no":"53","parcel_no":"800","parcel_id":14317227,"object_id":6179568,"area_m2":1044.37048692},"geometry":{"type":"Polygon","coordinates":[[[46.82300657178499,24.555059176649777],[46.82284773614082,24.555339771770715],[46.82261434536979,24.55522928210645],[46.82260448356003,24.555224613510703],[46.822615829085095,24.555204570893153],[46.82259610645712,24.555195233688995],[46.822601778732654,24.55518521283795],[46.822743598041015,24.554934682323044],[46.82300657178499,24.555059176649777]]]}},{"type":"Feature","properties":{"plan_no":"2705/5","plan_id":"2620","block_no":"53","parcel_no":"801","parcel_id":14318793,"object_id":7331079,"area_m2":1049.99504862},"geometry":{"type":"Polygon","coordinates":[[[46.8232695470122,24.55518367047323],[46.82311071084838,24.555464265854077],[46.82284773614082,24.555339771770715],[46.82300657178499,24.555059176649777],[46.8232695470122,24.55518367047323]]]}},{"type":"Feature","properties":{"plan_no":"2705/5","plan_id":"2620","block_no":"53","parcel_no":"802","parcel_id":14318683,"object_id":6179938,"area_m2":1049.99905149},"geometry":{"type":"Polygon","coordinates":[[[46.823532523735715,24.55530816469606],[46.8233736870392,24.555588759434116],[46.82311071084838,24.555464265854077],[46.8232695470122,24.55518367047323],[46.823532523735715,24.55530816469606]]]}},{"type":"Feature","properties":{"plan_no":"2705/5","plan_id":"2620","block_no":"53","parcel_no":"803","parcel_id":14317723,"object_id":6176691,"area_m2":1049.9982152750001},"geometry":{"type":"Polygon","coordinates":[[[46.823795499955494,24.555432657536755],[46.823636663739364,24.555713253425484],[46.8233736870392,24.555588759434116],[46.823532523735715,24.55530816469606],[46.823795499955494,24.555432657536755]]]}},{"type":"Feature","properties":{"plan_no":"2705/5","plan_id":"2620","block_no":"53","parcel_no":"804","parcel_id":14316145,"object_id":6353678,"area_m2":1049.99871308},"geometry":{"type":"Polygon","coordinates":[[[46.82405847667157,24.55555714988606],[46.82389964092276,24.55583774602276],[46.823636663739364,24.555713253425484],[46.823795499955494,24.555432657536755],[46.82405847667157,24.55555714988606]]]}},{"type":"Feature","properties":{"plan_no":"2705/5","plan_id":"2620","block_no":"53","parcel_no":"805","parcel_id":14315733,"object_id":6155591,"area_m2":1049.99646274},"geometry":{"type":"Polygon","coordinates":[[[46.824321452896946,24.5556816417559],[46.82416261860246,24.55596223812863],[46.82389964092276,24.55583774602276],[46.82405847667157,24.55555714988606],[46.824321452896946,24.5556816417559]]]}},{"type":"Feature","properties":{"plan_no":"2705/5","plan_id":"2620","block_no":"53","parcel_no":"806","parcel_id":14318685,"object_id":6239057,"area_m2":1050.001199485},"geometry":{"type":"Polygon","coordinates":[[[46.8245844316056,24.55580613401315],[46.82442559679151,24.5560867306458],[46.82416261860246,24.55596223812863],[46.824321452896946,24.5556816417559],[46.8245844316056,24.55580613401315]]]}},{"type":"Feature","properties":{"plan_no":"2705/5","plan_id":"2620","block_no":"53","parcel_no":"807","parcel_id":14317111,"object_id":6238789,"area_m2":1049.992459865},"geometry":{"type":"Polygon","coordinates":[[[46.82484740683653,24.555930624021393],[46.824688575463774,24.55621122176883],[46.82442559679151,24.5560867306458],[46.8245844316056,24.55580613401315],[46.82484740683653,24.555930624021393]]]}},{"type":"Feature","properties":{"plan_no":"2705/5","plan_id":"2620","block_no":"53","parcel_no":"808","parcel_id":14316271,"object_id":6167978,"area_m2":1139.99678828},"geometry":{"type":"Polygon","coordinates":[[[46.82475687957789,24.555501485395798],[46.8250198582754,24.55562597689242],[46.82484740683653,24.555930624021393],[46.8245844316056,24.55580613401315],[46.82475687957789,24.555501485395798]]]}},{"type":"Feature","properties":{"plan_no":"2705/5","plan_id":"2620","block_no":"53","parcel_no":"809","parcel_id":14318171,"object_id":6167537,"area_m2":1140.00413122},"geometry":{"type":"Polygon","coordinates":[[[46.82475687957789,24.555501485395798],[46.8245844316056,24.55580613401315],[46.824321452896946,24.5556816417559],[46.82449390236362,24.555376993395807],[46.82475687957789,24.555501485395798]]]}},{"type":"Feature","properties":{"plan_no":"2705/5","plan_id":"2620","block_no":"53","parcel_no":"810","parcel_id":14315869,"object_id":6179302,"area_m2":1139.998988455},"geometry":{"type":"Polygon","coordinates":[[[46.82449390236362,24.555376993395807],[46.824321452896946,24.5556816417559],[46.82405847667157,24.55555714988606],[46.82423092565868,24.555252501807118],[46.82449390236362,24.555376993395807]]]}},{"type":"Feature","properties":{"plan_no":"2705/5","plan_id":"2620","block_no":"53","parcel_no":"811","parcel_id":14318619,"object_id":6179934,"area_m2":1139.99995696},"geometry":{"type":"Polygon","coordinates":[[[46.82423092565868,24.555252501807118],[46.82405847667157,24.55555714988606],[46.823795499955494,24.555432657536755],[46.823967949450015,24.55512800972703],[46.82423092565868,24.555252501807118]]]}},{"type":"Feature","properties":{"plan_no":"2705/5","plan_id":"2620","block_no":"53","parcel_no":"812","parcel_id":14317857,"object_id":6229432,"area_m2":1139.99995696},"geometry":{"type":"Polygon","coordinates":[[[46.823967949450015,24.55512800972703],[46.823795499955494,24.555432657536755],[46.823532523735715,24.55530816469606],[46.823704973737605,24.55500351715558],[46.823967949450015,24.55512800972703]]]}},{"type":"Feature","properties":{"plan_no":"2705/5","plan_id":"2620","block_no":"53","parcel_no":"813","parcel_id":14316347,"object_id":7324156,"area_m2":1140.002881},"geometry":{"type":"Polygon","coordinates":[[[46.823704973737605,24.55500351715558],[46.823532523735715,24.55530816469606],[46.8232695470122,24.55518367047323],[46.82344199753453,24.55487902410467],[46.823704973737605,24.55500351715558]]]}},{"type":"Feature","properties":{"plan_no":"2705/5","plan_id":"2620","block_no":"53","parcel_no":"814","parcel_id":14315343,"object_id":6196451,"area_m2":1139.999529875},"geometry":{"type":"Polygon","coordinates":[[[46.82344199753453,24.55487902410467],[46.8232695470122,24.55518367047323],[46.82300657178499,24.555059176649777],[46.82317902280161,24.55475452964775],[46.82344199753453,24.55487902410467]]]}},{"type":"Feature","properties":{"plan_no":"2705/5","plan_id":"2620","block_no":"53","parcel_no":"815","parcel_id":14316613,"object_id":7171782,"area_m2":1139.99660583},"geometry":{"type":"Polygon","coordinates":[[[46.82317902280161,24.55475452964775],[46.82300657178499,24.555059176649777],[46.822743598041015,24.554934682323044],[46.82291604956499,24.554630035590222],[46.82317902280161,24.55475452964775]]]}},{"type":"Feature","properties":{"plan_no":"2705/5","plan_id":"2620","block_no":"53","parcel_no":"816","parcel_id":14319189,"object_id":6145940,"area_m2":1140.00174859},"geometry":{"type":"Polygon","coordinates":[[[46.82291604956499,24.554630035590222],[46.822743598041015,24.554934682323044],[46.82248062379331,24.55481018661417],[46.822653075824626,24.55450554015058],[46.82291604956499,24.554630035590222]]]}},{"type":"Feature","properties":{"plan_no":"2705/5","plan_id":"2620","block_no":"53","parcel_no":"817","parcel_id":14315237,"object_id":6196250,"area_m2":1140.002175675},"geometry":{"type":"Polygon","coordinates":[[[46.822653075824626,24.55450554015058],[46.82248062379331,24.55481018661417],[46.82221765005497,24.554685691316642],[46.82239010258054,24.554381044219607],[46.822653075824626,24.55450554015058]]]}},{"type":"Feature","properties":{"plan_no":"2705/5","plan_id":"2620","block_no":"53","parcel_no":"818","parcel_id":14317091,"object_id":6146847,"area_m2":1140.00163425},"geometry":{"type":"Polygon","coordinates":[[[46.82239010258054,24.554381044219607],[46.82221765005497,24.554685691316642],[46.82195467681291,24.554561195527775],[46.82212713083275,24.55425654868805],[46.82239010258054,24.554381044219607]]]}},{"type":"Feature","properties":{"plan_no":"2705/5","plan_id":"2620","block_no":"53","parcel_no":"819","parcel_id":14315665,"object_id":6209203,"area_m2":1140.0035898},"geometry":{"type":"Polygon","coordinates":[[[46.82212713083275,24.55425654868805],[46.82195467681291,24.554561195527775],[46.82169170405408,24.55443669834487],[46.82186415859428,24.554132052677094],[46.82212713083275,24.55425654868805]]]}},{"type":"Feature","properties":{"plan_no":"2705/5","plan_id":"2620","block_no":"53","parcel_no":"820","parcel_id":14318777,"object_id":6235702,"area_m2":1140.00413122},"geometry":{"type":"Polygon","coordinates":[[[46.82186415859428,24.554132052677094],[46.82169170405408,24.55443669834487],[46.82142873179156,24.55431220067064],[46.821601185852096,24.554007555284034],[46.82186415859428,24.554132052677094]]]}},{"type":"Feature","properties":{"plan_no":"2705/5","plan_id":"2620","block_no":"53","parcel_no":"821","parcel_id":14315577,"object_id":6208516,"area_m2":1140.003326625},"geometry":{"type":"Polygon","coordinates":[[[46.821601185852096,24.554007555284034],[46.82142873179156,24.55431220067064],[46.821165758051436,24.554187702528957],[46.82133821559314,24.553883058278508],[46.821601185852096,24.554007555284034]]]}},{"type":"Feature","properties":{"plan_no":"2705/5","plan_id":"2620","block_no":"54","parcel_no":"822","parcel_id":14316651,"object_id":6201203,"area_m2":900.011344635},"geometry":{"type":"Polygon","coordinates":[[[46.824877256437404,24.556859635866342],[46.82474113077445,24.557100163306007],[46.82447815302245,24.55697566694771],[46.82461427619049,24.55673514426993],[46.824877256437404,24.556859635866342]]]}},{"type":"Feature","properties":{"plan_no":"2705/5","plan_id":"2620","block_no":"54","parcel_no":"823","parcel_id":14318229,"object_id":6322185,"area_m2":900.00039619},"geometry":{"type":"Polygon","coordinates":[[[46.825013378721515,24.556619113778723],[46.824877256437404,24.556859635866342],[46.82461427619049,24.55673514426993],[46.82475039887527,24.55649462239482],[46.825013378721515,24.556619113778723]]]}},{"type":"Feature","properties":{"plan_no":"2705/5","plan_id":"2620","block_no":"54","parcel_no":"824","parcel_id":14317315,"object_id":6167731,"area_m2":900.001011975},"geometry":{"type":"Polygon","coordinates":[[[46.825149500496245,24.556378590688382],[46.825013378721515,24.556619113778723],[46.82475039887527,24.55649462239482],[46.82488652106373,24.55625410041968],[46.825149500496245,24.556378590688382]]]}},{"type":"Feature","properties":{"plan_no":"2705/5","plan_id":"2620","block_no":"54","parcel_no":"825","parcel_id":14317859,"object_id":6168036,"area_m2":900.00409116},"geometry":{"type":"Polygon","coordinates":[[[46.82541247845111,24.55650308048955],[46.82527636302502,24.55674360552607],[46.825013378721515,24.556619113778723],[46.825149500496245,24.556378590688382],[46.82541247845111,24.55650308048955]]]}},{"type":"Feature","properties":{"plan_no":"2705/5","plan_id":"2620","block_no":"54","parcel_no":"826","parcel_id":14317431,"object_id":6147029,"area_m2":900.007900145},"geometry":{"type":"Polygon","coordinates":[[[46.82527636302502,24.55674360552607],[46.82514023718062,24.556984126971308],[46.824877256437404,24.556859635866342],[46.825013378721515,24.556619113778723],[46.82527636302502,24.55674360552607]]]}},{"type":"Feature","properties":{"plan_no":"2705/5","plan_id":"2620","block_no":"54","parcel_no":"827","parcel_id":14315031,"object_id":6239619,"area_m2":900.045421315},"geometry":{"type":"Polygon","coordinates":[[[46.82514023718062,24.556984126971308],[46.825004103231635,24.5572246682716],[46.82474113077445,24.557100163306007],[46.824877256437404,24.556859635866342],[46.82514023718062,24.556984126971308]]]}},{"type":"Feature","properties":{"plan_no":"2705/5","plan_id":"2620","block_no":"55","parcel_no":"828","parcel_id":14315107,"object_id":6239623,"area_m2":1399.99178956},"geometry":{"type":"Polygon","coordinates":[[[46.82568891137078,24.557193030831513],[46.82553007949916,24.55747362580651],[46.82517943516375,24.55730764191439],[46.82533826959333,24.557027044537982],[46.82568891137078,24.557193030831513]]]}},{"type":"Feature","properties":{"plan_no":"2705/5","plan_id":"2620","block_no":"55","parcel_no":"829","parcel_id":14317181,"object_id":6179527,"area_m2":1259.992375145},"geometry":{"type":"Polygon","coordinates":[[[46.82600449002094,24.557342417745073],[46.82584565677552,24.557623015749655],[46.82553007949916,24.55747362580651],[46.82568891137078,24.557193030831513],[46.82600449002094,24.557342417745073]]]}},{"type":"Feature","properties":{"plan_no":"2705/5","plan_id":"2620","block_no":"55","parcel_no":"830","parcel_id":14318251,"object_id":6156700,"area_m2":1049.99871308},"geometry":{"type":"Polygon","coordinates":[[[46.8262674727688,24.557466905847743],[46.826108639990814,24.557747504100263],[46.82584565677552,24.557623015749655],[46.82600449002094,24.557342417745073],[46.8262674727688,24.557466905847743]]]}},{"type":"Feature","properties":{"plan_no":"2705/5","plan_id":"2620","block_no":"55","parcel_no":"831","parcel_id":14318001,"object_id":6167531,"area_m2":1050.000861075},"geometry":{"type":"Polygon","coordinates":[[[46.82653045601295,24.557591393458928],[46.82637162371549,24.55787199286211],[46.826108639990814,24.557747504100263],[46.8262674727688,24.557466905847743],[46.82653045601295,24.557591393458928]]]}},{"type":"Feature","properties":{"plan_no":"2705/5","plan_id":"2620","block_no":"55","parcel_no":"832","parcel_id":14316877,"object_id":6231778,"area_m2":1050.00135888},"geometry":{"type":"Polygon","coordinates":[[[46.82679343975338,24.55771588057863],[46.8266346079234,24.55799648022976],[46.82637162371549,24.55787199286211],[46.82653045601295,24.557591393458928],[46.82679343975338,24.55771588057863]]]}},{"type":"Feature","properties":{"plan_no":"2705/5","plan_id":"2620","block_no":"55","parcel_no":"833","parcel_id":14315511,"object_id":6146710,"area_m2":1050.00300907},"geometry":{"type":"Polygon","coordinates":[[[46.82705642400319,24.557840368109517],[46.826897592640684,24.558120968008616],[46.8266346079234,24.55799648022976],[46.82679343975338,24.55771588057863],[46.82705642400319,24.557840368109517]]]}},{"type":"Feature","properties":{"plan_no":"2705/5","plan_id":"2620","block_no":"55","parcel_no":"834","parcel_id":14314947,"object_id":6176998,"area_m2":1084.0714253449999},"geometry":{"type":"Polygon","coordinates":[[[46.827333262324395,24.55797826254094],[46.82715776349436,24.558250427164783],[46.827061508261885,24.558200132382762],[46.82696396410016,24.558152385431104],[46.826897592640684,24.558120968008616],[46.82705642400319,24.557840368109517],[46.82712275757786,24.55787176787019],[46.827228710169976,24.55792363110446],[46.827333262324395,24.55797826254094]]]}},{"type":"Feature","properties":{"plan_no":"2705/5","plan_id":"2620","block_no":"55","parcel_no":"835","parcel_id":14316207,"object_id":6179256,"area_m2":1099.938312835},"geometry":{"type":"Polygon","coordinates":[[[46.82760522091592,24.55813768111106],[46.827408136609186,24.558397196026082],[46.827284258386506,24.558321579706192],[46.82715776349436,24.558250427164783],[46.827333262324395,24.55797826254094],[46.82747066266757,24.5580555476037],[46.82760522091592,24.55813768111106]]]}},{"type":"Feature","properties":{"plan_no":"2705/5","plan_id":"2620","block_no":"55","parcel_no":"836","parcel_id":14318787,"object_id":6146546,"area_m2":1110.683522905},"geometry":{"type":"Polygon","coordinates":[[[46.827865954579934,24.558316928500876],[46.82764817784798,24.55856221647894],[46.82752965709423,24.558477524525323],[46.827408136609186,24.558397196026082],[46.82760522091592,24.55813768111106],[46.827737217742225,24.558224933812525],[46.827865954579934,24.558316928500876]]]}},{"type":"Feature","properties":{"plan_no":"2705/5","plan_id":"2620","block_no":"55","parcel_no":"837","parcel_id":14318203,"object_id":6146931,"area_m2":1225.050983015},"geometry":{"type":"Polygon","coordinates":[[[46.82816006161721,24.558556333392207],[46.82787162772742,24.558741132367256],[46.82776153509431,24.558649635818707],[46.82764817784798,24.55856221647894],[46.827865954579934,24.558316928500876],[46.82796634908432,24.55839380281839],[46.8280644136638,24.558473627973925],[46.82816006161721,24.558556333392207]]]}},{"type":"Feature","properties":{"plan_no":"2705/5","plan_id":"2620","block_no":"55","parcel_no":"838","parcel_id":14315583,"object_id":6230094,"area_m2":1322.0584070349998},"geometry":{"type":"Polygon","coordinates":[[[46.828052619270586,24.558106682095158],[46.82817387925804,24.558199908576746],[46.82829192618397,24.558297171543508],[46.82840662574488,24.55839836033811],[46.82816006161721,24.558556333392207],[46.8280644136638,24.558473627973925],[46.82796634908432,24.55839380281839],[46.827865954579934,24.558316928500876],[46.828052619270586,24.558106682095158]]]}},{"type":"Feature","properties":{"plan_no":"2705/5","plan_id":"2620","block_no":"55","parcel_no":"839","parcel_id":14318641,"object_id":6146381,"area_m2":1025.06840947},"geometry":{"type":"Polygon","coordinates":[[[46.828052619270586,24.558106682095158],[46.827865954579934,24.558316928500876],[46.827737217742225,24.55822493381253],[46.82760522091592,24.55813768111106],[46.827774147613226,24.557915242185818],[46.82791512557735,24.55800842800147],[46.828052619270586,24.558106682095158]]]}},{"type":"Feature","properties":{"plan_no":"2705/5","plan_id":"2620","block_no":"55","parcel_no":"840","parcel_id":14318233,"object_id":6146974,"area_m2":1015.157388225},"geometry":{"type":"Polygon","coordinates":[[[46.827774147613226,24.557915242185818],[46.82760522091592,24.55813768111106],[46.827470662667565,24.5580555476037],[46.827333262324395,24.55797826254094],[46.82748369278143,24.557744974660146],[46.82763043770176,24.55782751975264],[46.827774147613226,24.557915242185818]]]}},{"type":"Feature","properties":{"plan_no":"2705/5","plan_id":"2620","block_no":"55","parcel_no":"841","parcel_id":14316443,"object_id":6145979,"area_m2":982.971454905},"geometry":{"type":"Polygon","coordinates":[[[46.82748369278143,24.557744974660146],[46.827333262324395,24.55797826254094],[46.827228710169976,24.55792363110446],[46.82712275757786,24.55787176787019],[46.82705642400319,24.557840368109517],[46.827192563789175,24.55759985394115],[46.82725887043127,24.55763124133357],[46.827372028908236,24.55768663076787],[46.82748369278143,24.557744974660146]]]}},{"type":"Feature","properties":{"plan_no":"2705/5","plan_id":"2620","block_no":"55","parcel_no":"842","parcel_id":14316219,"object_id":6230828,"area_m2":899.998959},"geometry":{"type":"Polygon","coordinates":[[[46.827192563789175,24.55759985394115],[46.82705642400319,24.557840368109517],[46.82679343975338,24.55771588057863],[46.82692957995315,24.557475367525488],[46.827192563789175,24.55759985394115]]]}},{"type":"Feature","properties":{"plan_no":"2705/5","plan_id":"2620","block_no":"55","parcel_no":"843","parcel_id":14315351,"object_id":6176987,"area_m2":899.99631313},"geometry":{"type":"Polygon","coordinates":[[[46.82692957995315,24.557475367525488],[46.82679343975338,24.55771588057863],[46.82653045601295,24.557591393458928],[46.82666659760037,24.557350880606347],[46.82692957995315,24.557475367525488]]]}},{"type":"Feature","properties":{"plan_no":"2705/5","plan_id":"2620","block_no":"55","parcel_no":"844","parcel_id":14318445,"object_id":6199061,"area_m2":899.998343},"geometry":{"type":"Polygon","coordinates":[[[46.82666659760037,24.557350880606347],[46.82653045601295,24.557591393458928],[46.8262674727688,24.557466905847743],[46.826403614756906,24.55722639320769],[46.82666659760037,24.557350880606347]]]}},{"type":"Feature","properties":{"plan_no":"2705/5","plan_id":"2620","block_no":"55","parcel_no":"845","parcel_id":14317375,"object_id":6167733,"area_m2":894.37452798},"geometry":{"type":"Polygon","coordinates":[[[46.826403614756906,24.55722639320769],[46.8262674727688,24.557466905847743],[46.82600449002094,24.557342417745073],[46.826123615238785,24.55713196824061],[46.826129287300965,24.557121947270424],[46.82614901145708,24.557131283964846],[46.826160356550254,24.557111241107943],[46.82617021764115,24.557115909465423],[46.826403614756906,24.55722639320769]]]}},{"type":"Feature","properties":{"plan_no":"2705/5","plan_id":"2620","block_no":"55","parcel_no":"846","parcel_id":14316419,"object_id":6179149,"area_m2":1074.38253729},"geometry":{"type":"Polygon","coordinates":[[[46.82611104617145,24.557087899370018],[46.826120909232785,24.55709256770703],[46.82610956414768,24.557112611463975],[46.826129287300965,24.557121947270424],[46.826123615238785,24.55713196824061],[46.82600449002094,24.557342417745073],[46.82568891137078,24.557193030831513],[46.82582505616198,24.55695251502431],[46.82611104617145,24.557087899370018]]]}},{"type":"Feature","properties":{"plan_no":"2705/5","plan_id":"2620","block_no":"55","parcel_no":"847","parcel_id":14318601,"object_id":6179889,"area_m2":1200.00908054},"geometry":{"type":"Polygon","coordinates":[[[46.82582505616198,24.55695251502431],[46.82568891137078,24.557193030831513],[46.82533826959333,24.557027044537982],[46.825474412984015,24.55678653174618],[46.82582505616198,24.55695251502431]]]}},{"type":"Feature","properties":{"plan_no":"2705/5","plan_id":"2620","block_no":"56","parcel_no":"848","parcel_id":14315329,"object_id":6228396,"area_m2":1085.00081537},"geometry":{"type":"Polygon","coordinates":[[[46.825995753141065,24.556474230135077],[46.82583692084838,24.556754829001108],[46.82556517431508,24.556626190138275],[46.825724007090756,24.556345591528437],[46.825995753141065,24.556474230135077]]]}},{"type":"Feature","properties":{"plan_no":"2705/5","plan_id":"2620","block_no":"56","parcel_no":"849","parcel_id":14316509,"object_id":6359276,"area_m2":1155.00281492},"geometry":{"type":"Polygon","coordinates":[[[46.82628503213387,24.55661116789167],[46.82612620035536,24.556891767030464],[46.82583692084838,24.556754829001108],[46.825995753141065,24.556474230135077],[46.82628503213387,24.55661116789167]]]}},{"type":"Feature","properties":{"plan_no":"2705/5","plan_id":"2620","block_no":"56","parcel_no":"850","parcel_id":14316337,"object_id":6229278,"area_m2":1155.003445015},"geometry":{"type":"Polygon","coordinates":[[[46.826574311714076,24.55674810415091],[46.826415480462835,24.55702870446513],[46.82612620035536,24.556891767030464],[46.82628503213387,24.55661116789167],[46.826574311714076,24.55674810415091]]]}},{"type":"Feature","properties":{"plan_no":"2705/5","plan_id":"2620","block_no":"56","parcel_no":"851","parcel_id":14317129,"object_id":6167517,"area_m2":1155.003445015},"geometry":{"type":"Polygon","coordinates":[[[46.82686359190785,24.556885040718157],[46.826704761157735,24.557165640402427],[46.826415480462835,24.55702870446513],[46.826574311714076,24.55674810415091],[46.82686359190785,24.556885040718157]]]}},{"type":"Feature","properties":{"plan_no":"2705/5","plan_id":"2620","block_no":"56","parcel_no":"852","parcel_id":14315327,"object_id":6196449,"area_m2":1155.00281492},"geometry":{"type":"Polygon","coordinates":[[[46.82715287270211,24.557021976690727],[46.8269940424662,24.55730257664771],[46.826704761157735,24.557165640402427],[46.82686359190785,24.556885040718157],[46.82715287270211,24.557021976690727]]]}},{"type":"Feature","properties":{"plan_no":"2705/5","plan_id":"2620","block_no":"56","parcel_no":"853","parcel_id":14318553,"object_id":6234472,"area_m2":1155.000534635},"geometry":{"type":"Polygon","coordinates":[[[46.82744215409684,24.557158912068576],[46.82728332436208,24.557439511395607],[46.8269940424662,24.55730257664771],[46.82715287270211,24.557021976690727],[46.82744215409684,24.557158912068576]]]}},{"type":"Feature","properties":{"plan_no":"2705/5","plan_id":"2620","block_no":"56","parcel_no":"854","parcel_id":14317503,"object_id":6229266,"area_m2":1078.1242952050002},"geometry":{"type":"Polygon","coordinates":[[[46.82771662510554,24.557294426639224],[46.82754398017581,24.55756811176043],[46.8274473217722,24.557518443655038],[46.827349607079334,24.557470887304444],[46.82728332436208,24.557439511395607],[46.82744215409684,24.557158912068576],[46.82750839594255,24.5571902685463],[46.82761307664824,24.557241215817356],[46.82771662510554,24.557294426639224]]]}},{"type":"Feature","properties":{"plan_no":"2705/5","plan_id":"2620","block_no":"56","parcel_no":"855","parcel_id":14315385,"object_id":6156587,"area_m2":1090.58688983},"geometry":{"type":"Polygon","coordinates":[[[46.82798719836902,24.557447497123718],[46.82779654769135,24.557710999105655],[46.82767131295887,24.557637701177086],[46.82754398017581,24.55756811176043],[46.82771662510554,24.557294426639224],[46.82785303585502,24.5573689748478],[46.82798719836902,24.557447497123718]]]}},{"type":"Feature","properties":{"plan_no":"2705/5","plan_id":"2620","block_no":"56","parcel_no":"856","parcel_id":14315867,"object_id":6200736,"area_m2":1097.818927215},"geometry":{"type":"Polygon","coordinates":[[[46.82824869605011,24.557616601844096],[46.828040646871514,24.55786885070965],[46.82791977722193,24.557788100266652],[46.82779654769135,24.557710999105655],[46.82798719836902,24.557447497123718],[46.82811921208642,24.55753009352216],[46.82824869605011,24.557616601844096]]]}},{"type":"Feature","properties":{"plan_no":"2705/5","plan_id":"2620","block_no":"56","parcel_no":"857","parcel_id":14315275,"object_id":6209167,"area_m2":1109.47698122},"geometry":{"type":"Polygon","coordinates":[[[46.828500883356384,24.557802154494095],[46.828276053429875,24.55804205665843],[46.82815967019245,24.55795365959736],[46.828040646871514,24.55786885070965],[46.82824869605011,24.557616601844096],[46.82837620438895,24.55770745544917],[46.828500883356384,24.557802154494095]]]}},{"type":"Feature","properties":{"plan_no":"2705/5","plan_id":"2620","block_no":"56","parcel_no":"858","parcel_id":14317303,"object_id":6167729,"area_m2":1582.49827513},"geometry":{"type":"Polygon","coordinates":[[[46.82885743934899,24.558109523131684],[46.82857072208965,24.558293224511896],[46.82847480854668,24.558206817544523],[46.82837656101623,24.558123073920914],[46.828276053429875,24.55804205665843],[46.828500883356384,24.557802154494095],[46.82862291167131,24.557900887129872],[46.82874180220553,24.558003376562905],[46.82885743934899,24.558109523131684]]]}},{"type":"Feature","properties":{"plan_no":"2705/5","plan_id":"2620","block_no":"56","parcel_no":"859","parcel_id":14318571,"object_id":7194739,"area_m2":2067.908448395},"geometry":{"type":"Polygon","coordinates":[[[46.82874498815258,24.557541683894108],[46.82889029738605,24.557659671759318],[46.82903142253575,24.557782633549287],[46.82916819343222,24.55791042099605],[46.82885743934899,24.558109523131684],[46.82874180220553,24.558003376562905],[46.82862291167131,24.557900887129872],[46.828500883356384,24.557802154494095],[46.82874498815258,24.557541683894108]]]}},{"type":"Feature","properties":{"plan_no":"2705/5","plan_id":"2620","block_no":"56","parcel_no":"860","parcel_id":14318327,"object_id":6347586,"area_m2":1291.06017657},"geometry":{"type":"Polygon","coordinates":[[[46.82874498815258,24.557541683894108],[46.828500883356384,24.557802154494095],[46.82837620438895,24.557707455449172],[46.82824869605011,24.557616601844096],[46.82847458133794,24.557342726776135],[46.82861130089955,24.557440144697853],[46.82874498815258,24.557541683894108]]]}},{"type":"Feature","properties":{"plan_no":"2705/5","plan_id":"2620","block_no":"56","parcel_no":"861","parcel_id":14318243,"object_id":7324056,"area_m2":1277.483975005},"geometry":{"type":"Polygon","coordinates":[[[46.82847458133794,24.557342726776135],[46.82824869605011,24.557616601844096],[46.82811921208641,24.557530093522175],[46.82798719836902,24.557447497123718],[46.82819419155105,24.55716140753378],[46.82833574302859,24.557249969350448],[46.82847458133794,24.557342726776135]]]}},{"type":"Feature","properties":{"plan_no":"2705/5","plan_id":"2620","block_no":"56","parcel_no":"862","parcel_id":14316525,"object_id":6229295,"area_m2":1269.0721283},"geometry":{"type":"Polygon","coordinates":[[[46.82819419155105,24.55716140753378],[46.82798719836902,24.557447497123718],[46.82785303585502,24.557368974847805],[46.82771662510554,24.557294426639224],[46.82790407182723,24.556997277936404],[46.828050336834345,24.557077212489233],[46.82819419155105,24.55716140753378]]]}},{"type":"Feature","properties":{"plan_no":"2705/5","plan_id":"2620","block_no":"56","parcel_no":"863","parcel_id":14317827,"object_id":7323834,"area_m2":1233.77721744},"geometry":{"type":"Polygon","coordinates":[[[46.82790407182723,24.556997277936404],[46.82771662510554,24.557294426639224],[46.82761307664824,24.557241215817356],[46.82750839594255,24.5571902685463],[46.82744215409684,24.557158912068576],[46.82761459655447,24.556854260525988],[46.82768100127383,24.556885693507603],[46.827793142317155,24.55694027472242],[46.82790407182723,24.556997277936404]]]}},{"type":"Feature","properties":{"plan_no":"2705/5","plan_id":"2620","block_no":"56","parcel_no":"864","parcel_id":14315367,"object_id":6165502,"area_m2":1254.00138596},"geometry":{"type":"Polygon","coordinates":[[[46.82761459655447,24.556854260525988],[46.82744215409684,24.557158912068576],[46.82715287270211,24.557021976690727],[46.827325315718014,24.556717325444232],[46.82761459655447,24.556854260525988]]]}},{"type":"Feature","properties":{"plan_no":"2705/5","plan_id":"2620","block_no":"56","parcel_no":"865","parcel_id":14317855,"object_id":6146748,"area_m2":1253.99813716},"geometry":{"type":"Polygon","coordinates":[[[46.827325315718014,24.556717325444232],[46.82715287270211,24.557021976690727],[46.82686359190785,24.556885040718157],[46.82703603648209,24.556580390658496],[46.827325315718014,24.556717325444232]]]}},{"type":"Feature","properties":{"plan_no":"2705/5","plan_id":"2620","block_no":"56","parcel_no":"866","parcel_id":14315821,"object_id":6145466,"area_m2":1254.00003112},"geometry":{"type":"Polygon","coordinates":[[[46.82703603648209,24.556580390658496],[46.82686359190785,24.556885040718157],[46.826574311714076,24.55674810415091],[46.82674675684659,24.556443454387356],[46.82703603648209,24.556580390658496]]]}},{"type":"Feature","properties":{"plan_no":"2705/5","plan_id":"2620","block_no":"56","parcel_no":"867","parcel_id":14315495,"object_id":6177030,"area_m2":1254.00059049},"geometry":{"type":"Polygon","coordinates":[[[46.82674675684659,24.556443454387356],[46.826574311714076,24.55674810415091],[46.82628503213387,24.55661116789167],[46.826457477811545,24.556306517521527],[46.82674675684659,24.556443454387356]]]}},{"type":"Feature","properties":{"plan_no":"2705/5","plan_id":"2620","block_no":"56","parcel_no":"868","parcel_id":14318939,"object_id":6197973,"area_m2":1254.0029415},"geometry":{"type":"Polygon","coordinates":[[[46.826457477811545,24.556306517521527],[46.82628503213387,24.55661116789167],[46.825995753141065,24.556474230135077],[46.82616819937698,24.556169580061045],[46.826457477811545,24.556306517521527]]]}},{"type":"Feature","properties":{"plan_no":"2705/5","plan_id":"2620","block_no":"56","parcel_no":"869","parcel_id":14317449,"object_id":6156526,"area_m2":1178.003040325},"geometry":{"type":"Polygon","coordinates":[[[46.82616819937698,24.556169580061045],[46.825995753141065,24.556474230135077],[46.825724007090756,24.556345591528437],[46.82589645383799,24.556040940829877],[46.82616819937698,24.556169580061045]]]}},{"type":"Feature","properties":{"plan_no":"2705/5","plan_id":"2620","block_no":"57","parcel_no":"870","parcel_id":14315819,"object_id":6200733,"area_m2":1305.303732805},"geometry":{"type":"Polygon","coordinates":[[[46.82865344095574,24.556766587682272],[46.828459639024686,24.557108980800134],[46.828328646330846,24.557026363237494],[46.82819550494965,24.556947254956594],[46.82837292511238,24.556633804366008],[46.82865344095574,24.556766587682272]]]}},{"type":"Feature","properties":{"plan_no":"2705/5","plan_id":"2620","block_no":"57","parcel_no":"871","parcel_id":14318435,"object_id":6208457,"area_m2":1143.41568206},"geometry":{"type":"Polygon","coordinates":[[[46.82837292511238,24.556633804366008],[46.82819550494965,24.556947254956594],[46.828068890633034,24.55687633481806],[46.82794056896251,24.556808552813848],[46.82810994233698,24.556509319946713],[46.82837292511238,24.556633804366008]]]}},{"type":"Feature","properties":{"plan_no":"2705/5","plan_id":"2620","block_no":"57","parcel_no":"872","parcel_id":14315057,"object_id":6239620,"area_m2":1113.14894409},"geometry":{"type":"Polygon","coordinates":[[[46.82810994233698,24.556509319946713],[46.82794056896251,24.556808552813848],[46.82777184724788,24.556725393007685],[46.82767905490135,24.55668147035349],[46.827846960057805,24.556384835035917],[46.82810994233698,24.556509319946713]]]}},{"type":"Feature","properties":{"plan_no":"2705/5","plan_id":"2620","block_no":"57","parcel_no":"873","parcel_id":14316753,"object_id":6146470,"area_m2":1109.99896663},"geometry":{"type":"Polygon","coordinates":[[[46.827846960057805,24.556384835035917],[46.82767905490135,24.55668147035349],[46.82741607457198,24.55655698285979],[46.82758397827485,24.556260349633636],[46.827846960057805,24.556384835035917]]]}},{"type":"Feature","properties":{"plan_no":"2705/5","plan_id":"2620","block_no":"57","parcel_no":"874","parcel_id":14317401,"object_id":6238577,"area_m2":1109.99816964},"geometry":{"type":"Polygon","coordinates":[[[46.82758397827485,24.556260349633636],[46.82741607457198,24.55655698285979],[46.82715309277801,24.556432495801236],[46.82732099697506,24.556135862837177],[46.82758397827485,24.556260349633636]]]}},{"type":"Feature","properties":{"plan_no":"2705/5","plan_id":"2620","block_no":"57","parcel_no":"875","parcel_id":14318825,"object_id":7312829,"area_m2":1109.99642516},"geometry":{"type":"Polygon","coordinates":[[[46.82732099697506,24.556135862837177],[46.82715309277801,24.556432495801236],[46.826890111493384,24.556308009153927],[46.82705801618459,24.55601137645196],[46.82732099697506,24.556135862837177]]]}},{"type":"Feature","properties":{"plan_no":"2705/5","plan_id":"2620","block_no":"57","parcel_no":"876","parcel_id":14317365,"object_id":6179577,"area_m2":1109.99816964},"geometry":{"type":"Polygon","coordinates":[[[46.82705801618459,24.55601137645196],[46.826890111493384,24.556308009153927],[46.82662713069192,24.556183521112438],[46.82679503587727,24.555886888672557],[46.82705801618459,24.55601137645196]]]}},{"type":"Feature","properties":{"plan_no":"2705/5","plan_id":"2620","block_no":"57","parcel_no":"877","parcel_id":14316281,"object_id":6212558,"area_m2":1109.99316223},"geometry":{"type":"Polygon","coordinates":[[[46.82679503587727,24.555886888672557],[46.82662713069192,24.556183521112438],[46.826364151386734,24.556059033470216],[46.826532057066224,24.555762401292434],[46.82679503587727,24.555886888672557]]]}},{"type":"Feature","properties":{"plan_no":"2705/5","plan_id":"2620","block_no":"57","parcel_no":"878","parcel_id":14318335,"object_id":6234252,"area_m2":1109.99909404},"geometry":{"type":"Polygon","coordinates":[[[46.826532057066224,24.555762401292434],[46.826364151386734,24.556059033470216],[46.826101171577776,24.55593454444581],[46.826269076764426,24.555637912542092],[46.826532057066224,24.555762401292434]]]}},{"type":"Feature","properties":{"plan_no":"2705/5","plan_id":"2620","block_no":"57","parcel_no":"879","parcel_id":14318007,"object_id":6239047,"area_m2":1109.994560375},"geometry":{"type":"Polygon","coordinates":[[[46.826269076764426,24.555637912542092],[46.826101171577776,24.55593454444581],[46.825838192265074,24.55581005492996],[46.82600609795891,24.55551342419104],[46.826269076764426,24.555637912542092]]]}},{"type":"Feature","properties":{"plan_no":"2705/5","plan_id":"2620","block_no":"57","parcel_no":"880","parcel_id":14317875,"object_id":6209964,"area_m2":1109.98910232},"geometry":{"type":"Polygon","coordinates":[[[46.82600609795891,24.55551342419104],[46.825838192265074,24.55581005492996],[46.825575214448655,24.555685565813413],[46.825743120636595,24.555388935336612],[46.82600609795891,24.55551342419104]]]}},{"type":"Feature","properties":{"plan_no":"2705/5","plan_id":"2620","block_no":"57","parcel_no":"881","parcel_id":14317623,"object_id":6146514,"area_m2":1109.991914575},"geometry":{"type":"Polygon","coordinates":[[[46.825743120636595,24.555388935336612],[46.825575214448655,24.555685565813413],[46.82531223612846,24.555561075314706],[46.82548014282355,24.555264446002703],[46.825743120636595,24.555388935336612]]]}},{"type":"Feature","properties":{"plan_no":"2705/5","plan_id":"2620","block_no":"57","parcel_no":"882","parcel_id":14317485,"object_id":6232919,"area_m2":1109.99146391},"geometry":{"type":"Polygon","coordinates":[[[46.82548014282355,24.555264446002703],[46.82531223612846,24.555561075314706],[46.82504925830453,24.55543658432457],[46.8252171654937,24.555139955274672],[46.82548014282355,24.555264446002703]]]}},{"type":"Feature","properties":{"plan_no":"2705/5","plan_id":"2620","block_no":"57","parcel_no":"883","parcel_id":14315201,"object_id":6235869,"area_m2":1109.987380925},"geometry":{"type":"Polygon","coordinates":[[[46.8252171654937,24.555139955274672],[46.82504925830453,24.55543658432457],[46.82478628197688,24.555312093733765],[46.82495418867315,24.55501546495793],[46.8252171654937,24.555139955274672]]]}},{"type":"Feature","properties":{"plan_no":"2705/5","plan_id":"2620","block_no":"57","parcel_no":"884","parcel_id":14315325,"object_id":6237986,"area_m2":1104.3668047350002},"geometry":{"type":"Polygon","coordinates":[[[46.82495418867315,24.55501546495793],[46.82478628197688,24.555312093733765],[46.82455288976798,24.55520160716914],[46.824543027897455,24.555196938704363],[46.8245543731018,24.555176895958837],[46.82453464936536,24.555167559028536],[46.82454032245444,24.555157537198856],[46.8246912123358,24.55489097324709],[46.82495418867315,24.55501546495793]]]}},{"type":"Feature","properties":{"plan_no":"2705/5","plan_id":"2620","block_no":"57","parcel_no":"885","parcel_id":14315753,"object_id":6164983,"area_m2":1104.361888005},"geometry":{"type":"Polygon","coordinates":[[[46.82450358140931,24.555178264826438],[46.82449371954228,24.555173596358205],[46.824260328810325,24.555063109296448],[46.82442823650776,24.55476648194756],[46.8246912123358,24.55489097324709],[46.82454032245444,24.555157537198856],[46.82453464936536,24.555167559028536],[46.82451492661866,24.55515822208355],[46.82450358140931,24.555178264826438]]]}},{"type":"Feature","properties":{"plan_no":"2705/5","plan_id":"2620","block_no":"57","parcel_no":"886","parcel_id":14317697,"object_id":6176690,"area_m2":1109.98740398},"geometry":{"type":"Polygon","coordinates":[[[46.82442823650776,24.55476648194756],[46.824260328810325,24.555063109296448],[46.82399735297143,24.554938616340696],[46.824165261162904,24.554641989253934],[46.82442823650776,24.55476648194756]]]}},{"type":"Feature","properties":{"plan_no":"2705/5","plan_id":"2620","block_no":"57","parcel_no":"887","parcel_id":14318997,"object_id":6373184,"area_m2":1109.98473513},"geometry":{"type":"Polygon","coordinates":[[[46.824165261162904,24.554641989253934],[46.82399735297143,24.554938616340696],[46.823734377641884,24.554814123796284],[46.82390228731432,24.554517496959683],[46.824165261162904,24.554641989253934]]]}},{"type":"Feature","properties":{"plan_no":"2705/5","plan_id":"2620","block_no":"57","parcel_no":"888","parcel_id":14315077,"object_id":6229924,"area_m2":1109.98881811},"geometry":{"type":"Polygon","coordinates":[[[46.82390228731432,24.554517496959683],[46.823734377641884,24.554814123796284],[46.82347140279553,24.554689629857776],[46.82363931296197,24.5543930032833],[46.82390228731432,24.554517496959683]]]}},{"type":"Feature","properties":{"plan_no":"2705/5","plan_id":"2620","block_no":"57","parcel_no":"889","parcel_id":14317291,"object_id":6238571,"area_m2":1527.694582185},"geometry":{"type":"Polygon","coordinates":[[[46.82363931296197,24.5543930032833],[46.82347140279553,24.554689629857776],[46.823109486679066,24.554518294823726],[46.82327735679931,24.55422165104554],[46.82363931296197,24.5543930032833]]]}},{"type":"Feature","properties":{"plan_no":"2705/5","plan_id":"2620","block_no":"57","parcel_no":"890","parcel_id":14318595,"object_id":6155166,"area_m2":1445.31338687},"geometry":{"type":"Polygon","coordinates":[[[46.82379814962096,24.554112402905005],[46.82363931296197,24.5543930032833],[46.82327735679931,24.55422165104554],[46.82343615731024,24.553941032493626],[46.82379814962096,24.554112402905005]]]}},{"type":"Feature","properties":{"plan_no":"2705/5","plan_id":"2620","block_no":"57","parcel_no":"891","parcel_id":14317911,"object_id":6199382,"area_m2":1050.01642053},"geometry":{"type":"Polygon","coordinates":[[[46.824061123506,24.55423689633343],[46.82390228731432,24.554517496959683],[46.82363931296197,24.5543930032833],[46.82379814962096,24.554112402905005],[46.824061123506,24.55423689633343]]]}},{"type":"Feature","properties":{"plan_no":"2705/5","plan_id":"2620","block_no":"57","parcel_no":"892","parcel_id":14317089,"object_id":7189311,"area_m2":1050.008437765},"geometry":{"type":"Polygon","coordinates":[[[46.824324095926436,24.55436139019708],[46.824165261162904,24.554641989253934],[46.82390228731432,24.554517496959683],[46.824061123506,24.55423689633343],[46.824324095926436,24.55436139019708]]]}},{"type":"Feature","properties":{"plan_no":"2705/5","plan_id":"2620","block_no":"57","parcel_no":"893","parcel_id":14316043,"object_id":6156178,"area_m2":1050.0097148},"geometry":{"type":"Polygon","coordinates":[[[46.82458707080396,24.55448588264276],[46.82442823650776,24.55476648194756],[46.824165261162904,24.554641989253934],[46.824324095926436,24.55436139019708],[46.82458707080396,24.55448588264276]]]}},{"type":"Feature","properties":{"plan_no":"2705/5","plan_id":"2620","block_no":"57","parcel_no":"894","parcel_id":14315007,"object_id":7191737,"area_m2":1044.3832964750002},"geometry":{"type":"Polygon","coordinates":[[[46.82482046165658,24.554596368337183],[46.82483032348756,24.554601036786266],[46.82481897738708,24.554621079560423],[46.824838701053636,24.554630416457858],[46.824833028009884,24.55464043829671],[46.8246912123358,24.55489097324709],[46.82442823650776,24.55476648194756],[46.82458707080396,24.55448588264276],[46.82482046165658,24.554596368337183]]]}},{"type":"Feature","properties":{"plan_no":"2705/5","plan_id":"2620","block_no":"57","parcel_no":"895","parcel_id":14316947,"object_id":7192227,"area_m2":1044.384637625},"geometry":{"type":"Polygon","coordinates":[[[46.825113022034664,24.55473486515725],[46.82495418867315,24.55501546495793],[46.8246912123358,24.55489097324709],[46.824833028009884,24.55464043829671],[46.824838701053636,24.554630416457858],[46.824858423736025,24.554639753364512],[46.82486976884454,24.554619710599653],[46.824879630679014,24.5546243790453],[46.825113022034664,24.55473486515725]]]}},{"type":"Feature","properties":{"plan_no":"2705/5","plan_id":"2620","block_no":"57","parcel_no":"896","parcel_id":14318163,"object_id":6212924,"area_m2":1050.0075668},"geometry":{"type":"Polygon","coordinates":[[[46.82537599840091,24.554859356128734],[46.8252171654937,24.555139955274672],[46.82495418867315,24.55501546495793],[46.825113022034664,24.55473486515725],[46.82537599840091,24.554859356128734]]]}},{"type":"Feature","properties":{"plan_no":"2705/5","plan_id":"2620","block_no":"57","parcel_no":"897","parcel_id":14318819,"object_id":6199296,"area_m2":1050.007069},"geometry":{"type":"Polygon","coordinates":[[[46.8256389752634,24.554983846608824],[46.82548014282355,24.555264446002703],[46.8252171654937,24.555139955274672],[46.82537599840091,24.554859356128734],[46.8256389752634,24.554983846608824]]]}},{"type":"Feature","properties":{"plan_no":"2705/5","plan_id":"2620","block_no":"57","parcel_no":"898","parcel_id":14318879,"object_id":6197968,"area_m2":1050.00267065},"geometry":{"type":"Polygon","coordinates":[[[46.82590195163517,24.55510833660946],[46.825743120636595,24.555388935336612],[46.82548014282355,24.555264446002703],[46.8256389752634,24.554983846608824],[46.82590195163517,24.55510833660946]]]}},{"type":"Feature","properties":{"plan_no":"2705/5","plan_id":"2620","block_no":"57","parcel_no":"899","parcel_id":14316465,"object_id":6155719,"area_m2":1049.99827231},"geometry":{"type":"Polygon","coordinates":[[[46.826164928490094,24.55523282521597],[46.82600609795891,24.55551342419104],[46.825743120636595,24.555388935336612],[46.82590195163517,24.55510833660946],[46.826164928490094,24.55523282521597]]]}},{"type":"Feature","properties":{"plan_no":"2705/5","plan_id":"2620","block_no":"57","parcel_no":"900","parcel_id":14317523,"object_id":6335206,"area_m2":1050.000861075},"geometry":{"type":"Polygon","coordinates":[[[46.82642790684129,24.55535731422179],[46.826269076764426,24.555637912542092],[46.82600609795891,24.55551342419104],[46.826164928490094,24.55523282521597],[46.82642790684129,24.55535731422179]]]}},{"type":"Feature","properties":{"plan_no":"2705/5","plan_id":"2620","block_no":"57","parcel_no":"901","parcel_id":14317585,"object_id":7326558,"area_m2":1050.001199485},"geometry":{"type":"Polygon","coordinates":[[[46.82669088568871,24.55548180273617],[46.826532057066224,24.555762401292434],[46.826269076764426,24.555637912542092],[46.82642790684129,24.55535731422179],[46.82669088568871,24.55548180273617]]]}},{"type":"Feature","properties":{"plan_no":"2705/5","plan_id":"2620","block_no":"57","parcel_no":"902","parcel_id":14315667,"object_id":6240096,"area_m2":1049.993714595},"geometry":{"type":"Polygon","coordinates":[[[46.826953864045414,24.555606290771056],[46.82679503587727,24.555886888672557],[46.826532057066224,24.555762401292434],[46.82669088568871,24.55548180273617],[46.826953864045414,24.555606290771056]]]}},{"type":"Feature","properties":{"plan_no":"2705/5","plan_id":"2620","block_no":"57","parcel_no":"903","parcel_id":14318037,"object_id":6156474,"area_m2":1049.99630334},"geometry":{"type":"Polygon","coordinates":[[[46.8272168438853,24.555730778302543],[46.82705801618459,24.55601137645196],[46.82679503587727,24.555886888672557],[46.826953864045414,24.555606290771056],[46.8272168438853,24.555730778302543]]]}},{"type":"Feature","properties":{"plan_no":"2705/5","plan_id":"2620","block_no":"57","parcel_no":"904","parcel_id":14314989,"object_id":6321774,"area_m2":1049.992402825},"geometry":{"type":"Polygon","coordinates":[[[46.827479823221374,24.55585526445183],[46.82732099697506,24.556135862837177],[46.82705801618459,24.55601137645196],[46.8272168438853,24.555730778302543],[46.827479823221374,24.55585526445183]]]}},{"type":"Feature","properties":{"plan_no":"2705/5","plan_id":"2620","block_no":"57","parcel_no":"905","parcel_id":14317113,"object_id":6156350,"area_m2":1049.99488921},"geometry":{"type":"Polygon","coordinates":[[[46.82774280405371,24.555979751000375],[46.82758397827485,24.556260349633636],[46.82732099697506,24.556135862837177],[46.827479823221374,24.55585526445183],[46.82774280405371,24.555979751000375]]]}},{"type":"Feature","properties":{"plan_no":"2705/5","plan_id":"2620","block_no":"57","parcel_no":"906","parcel_id":14315303,"object_id":6209047,"area_m2":1049.992741225},"geometry":{"type":"Polygon","coordinates":[[[46.82800578538229,24.55610423705745],[46.827846960057805,24.556384835035917],[46.82758397827485,24.556260349633636],[46.82774280405371,24.555979751000375],[46.82800578538229,24.55610423705745]]]}},{"type":"Feature","properties":{"plan_no":"2705/5","plan_id":"2620","block_no":"57","parcel_no":"907","parcel_id":14315025,"object_id":6167776,"area_m2":1049.9933413850001},"geometry":{"type":"Polygon","coordinates":[[[46.828268768167845,24.556228720805663],[46.82810994233698,24.556509319946713],[46.827846960057805,24.556384835035917],[46.82800578538229,24.55610423705745],[46.828268768167845,24.556228720805663]]]}},{"type":"Feature","properties":{"plan_no":"2705/5","plan_id":"2620","block_no":"57","parcel_no":"908","parcel_id":14316897,"object_id":6209159,"area_m2":1049.991407205},"geometry":{"type":"Polygon","coordinates":[[[46.828531749514994,24.55635320679441],[46.82837292511238,24.556633804366008],[46.82810994233698,24.556509319946713],[46.828268768167845,24.556228720805663],[46.828531749514994,24.55635320679441]]]}},{"type":"Feature","properties":{"plan_no":"2705/5","plan_id":"2620","block_no":"57","parcel_no":"909","parcel_id":14315531,"object_id":6196672,"area_m2":1119.98328592},"geometry":{"type":"Polygon","coordinates":[[[46.828531749514994,24.55635320679441],[46.82881226291196,24.55648599167562],[46.82865344095574,24.556766587682272],[46.82837292511238,24.556633804366008],[46.828531749514994,24.55635320679441]]]}},{"type":"Feature","properties":{"plan_no":"2705/5","plan_id":"2620","block_no":"58","parcel_no":"910","parcel_id":14316747,"object_id":6165269,"area_m2":1224.99699132},"geometry":{"type":"Polygon","coordinates":[[[46.82906184444192,24.556045047528738],[46.82890302065183,24.55632564829868],[46.828596208342155,24.556180416282945],[46.82875503267764,24.555899815802206],[46.82906184444192,24.556045047528738]]]}},{"type":"Feature","properties":{"plan_no":"2705/5","plan_id":"2620","block_no":"58","parcel_no":"911","parcel_id":14318525,"object_id":6208687,"area_m2":1049.995703175},"geometry":{"type":"Polygon","coordinates":[[[46.82875503267764,24.555899815802206],[46.828596208342155,24.556180416282945],[46.82833322729867,24.556055929483968],[46.82849205114088,24.555775331068514],[46.82875503267764,24.555899815802206]]]}},{"type":"Feature","properties":{"plan_no":"2705/5","plan_id":"2620","block_no":"58","parcel_no":"912","parcel_id":14319097,"object_id":6211028,"area_m2":1049.98975703},"geometry":{"type":"Polygon","coordinates":[[[46.82849205114088,24.555775331068514],[46.82833322729867,24.556055929483968],[46.828070245803715,24.555931444913615],[46.82822907110035,24.55565084673407],[46.82849205114088,24.555775331068514]]]}},{"type":"Feature","properties":{"plan_no":"2705/5","plan_id":"2620","block_no":"58","parcel_no":"913","parcel_id":14315645,"object_id":6231785,"area_m2":1044.3716728250001},"geometry":{"type":"Polygon","coordinates":[[[46.82822907110035,24.55565084673407],[46.828070245803715,24.555931444913615],[46.82783684991089,24.55582096548685],[46.8278269878836,24.555816297247397],[46.82783833259719,24.555796254283273],[46.82781860854722,24.55578691780362],[46.82782428139091,24.55577689586463],[46.82796609055599,24.555526361017428],[46.82822907110035,24.55565084673407]]]}},{"type":"Feature","properties":{"plan_no":"2705/5","plan_id":"2620","block_no":"58","parcel_no":"914","parcel_id":14317127,"object_id":6347185,"area_m2":1044.37241842},"geometry":{"type":"Polygon","coordinates":[[[46.82778754076839,24.555797624270717],[46.827777678744596,24.555792956027812],[46.8275442842763,24.55568247249302],[46.827703110507834,24.5554018748093],[46.82796609055599,24.555526361017428],[46.82782428139091,24.55577689586463],[46.82781860854722,24.55578691780362],[46.827798884513115,24.555777582223914],[46.82778754076839,24.555797624270717]]]}},{"type":"Feature","properties":{"plan_no":"2705/5","plan_id":"2620","block_no":"58","parcel_no":"915","parcel_id":14316081,"object_id":6238641,"area_m2":1049.991068805},"geometry":{"type":"Polygon","coordinates":[[[46.827703110507834,24.5554018748093],[46.8275442842763,24.55568247249302],[46.82728130525695,24.555557986436252],[46.82744013194285,24.555277388097736],[46.827703110507834,24.5554018748093]]]}},{"type":"Feature","properties":{"plan_no":"2705/5","plan_id":"2620","block_no":"58","parcel_no":"916","parcel_id":14317251,"object_id":7326965,"area_m2":1049.99630334},"geometry":{"type":"Polygon","coordinates":[[[46.82744013194285,24.555277388097736],[46.82728130525695,24.555557986436252],[46.8270183257338,24.555433498997292],[46.82717715288712,24.555152900906684],[46.82744013194285,24.555277388097736]]]}},{"type":"Feature","properties":{"plan_no":"2705/5","plan_id":"2620","block_no":"58","parcel_no":"917","parcel_id":14315217,"object_id":6146225,"area_m2":1049.995964935},"geometry":{"type":"Polygon","coordinates":[[[46.82717715288712,24.555152900906684],[46.8270183257338,24.555433498997292],[46.82675534671995,24.555309011969598],[46.82691417531455,24.55502841321222],[46.82717715288712,24.555152900906684]]]}},{"type":"Feature","properties":{"plan_no":"2705/5","plan_id":"2620","block_no":"58","parcel_no":"918","parcel_id":14315207,"object_id":6208322,"area_m2":1050.00036327},"geometry":{"type":"Polygon","coordinates":[[[46.82691417531455,24.55502841321222],[46.82675534671995,24.555309011969598],[46.82649236818923,24.55518452354774],[46.826651197251245,24.55490392503828],[46.82691417531455,24.55502841321222]]]}},{"type":"Feature","properties":{"plan_no":"2705/5","plan_id":"2620","block_no":"58","parcel_no":"919","parcel_id":14318155,"object_id":6383754,"area_m2":1049.998112925},"geometry":{"type":"Polygon","coordinates":[[[46.826651197251245,24.55490392503828],[46.82649236818923,24.55518452354774],[46.8262293911417,24.555060034622482],[46.82638821968416,24.554779436372904],[46.826651197251245,24.55490392503828]]]}},{"type":"Feature","properties":{"plan_no":"2705/5","plan_id":"2620","block_no":"58","parcel_no":"920","parcel_id":14316517,"object_id":6179633,"area_m2":1049.998112925},"geometry":{"type":"Polygon","coordinates":[[[46.82638821968416,24.554779436372904],[46.8262293911417,24.555060034622482],[46.825966413603446,24.554935545217756],[46.826125243600245,24.55465494720416],[46.82638821968416,24.554779436372904]]]}},{"type":"Feature","properties":{"plan_no":"2705/5","plan_id":"2620","block_no":"58","parcel_no":"921","parcel_id":14315033,"object_id":7295575,"area_m2":1050.00036327},"geometry":{"type":"Polygon","coordinates":[[[46.826125243600245,24.55465494720416],[46.825966413603446,24.554935545217756],[46.82570343656142,24.55481105532161],[46.8258622670256,24.55453045755594],[46.826125243600245,24.55465494720416]]]}},{"type":"Feature","properties":{"plan_no":"2705/5","plan_id":"2620","block_no":"58","parcel_no":"922","parcel_id":14318955,"object_id":6178198,"area_m2":1049.998112925},"geometry":{"type":"Polygon","coordinates":[[[46.8258622670256,24.55453045755594],[46.82570343656142,24.55481105532161],[46.82544046100258,24.5546865649221],[46.82559929094717,24.554405967416308],[46.8258622670256,24.55453045755594]]]}},{"type":"Feature","properties":{"plan_no":"2705/5","plan_id":"2620","block_no":"58","parcel_no":"923","parcel_id":14319129,"object_id":6238866,"area_m2":1049.998112925},"geometry":{"type":"Polygon","coordinates":[[[46.82559929094717,24.554405967416308],[46.82544046100258,24.5546865649221],[46.825177484953024,24.554562074043137],[46.82533631635191,24.55428147677332],[46.82559929094717,24.554405967416308]]]}},{"type":"Feature","properties":{"plan_no":"2705/5","plan_id":"2620","block_no":"58","parcel_no":"924","parcel_id":14315939,"object_id":6179304,"area_m2":1050.000861075},"geometry":{"type":"Polygon","coordinates":[[[46.82533631635191,24.55428147677332],[46.825177484953024,24.554562074043137],[46.824914509412764,24.554437583575492],[46.825073341265934,24.55415698565089],[46.82533631635191,24.55428147677332]]]}},{"type":"Feature","properties":{"plan_no":"2705/5","plan_id":"2620","block_no":"58","parcel_no":"925","parcel_id":14316701,"object_id":6196219,"area_m2":1050.00267065},"geometry":{"type":"Polygon","coordinates":[[[46.825073341265934,24.55415698565089],[46.824914509412764,24.554437583575492],[46.82465153436874,24.554313092616443],[46.824810367663126,24.554032494025122],[46.825073341265934,24.55415698565089]]]}},{"type":"Feature","properties":{"plan_no":"2705/5","plan_id":"2620","block_no":"58","parcel_no":"926","parcel_id":14315585,"object_id":7295576,"area_m2":1050.007069},"geometry":{"type":"Polygon","coordinates":[[[46.824810367663126,24.554032494025122],[46.82465153436874,24.554313092616443],[46.82438855980787,24.554188600263306],[46.82454739356959,24.55390800191993],[46.824810367663126,24.554032494025122]]]}},{"type":"Feature","properties":{"plan_no":"2705/5","plan_id":"2620","block_no":"58","parcel_no":"927","parcel_id":14316363,"object_id":6145764,"area_m2":1050.00207049},"geometry":{"type":"Polygon","coordinates":[[[46.82454739356959,24.55390800191993],[46.82438855980787,24.554188600263306],[46.824125587704096,24.5540641064922],[46.824284419972294,24.553783509323363],[46.82454739356959,24.55390800191993]]]}},{"type":"Feature","properties":{"plan_no":"2705/5","plan_id":"2620","block_no":"58","parcel_no":"928","parcel_id":14317467,"object_id":6167735,"area_m2":1050.00075872},"geometry":{"type":"Polygon","coordinates":[[[46.824284419972294,24.553783509323363],[46.824125587704096,24.5540641064922],[46.82386261413573,24.553939613156327],[46.824021447858165,24.55365901622351],[46.824284419972294,24.553783509323363]]]}},{"type":"Feature","properties":{"plan_no":"2705/5","plan_id":"2620","block_no":"58","parcel_no":"929","parcel_id":14319133,"object_id":6177500,"area_m2":1340.49343467},"geometry":{"type":"Polygon","coordinates":[[[46.824021447858165,24.55365901622351],[46.82386261413573,24.553939613156327],[46.823526886731955,24.553780677073018],[46.82368572303791,24.553500081335553],[46.824021447858165,24.55365901622351]]]}},{"type":"Feature","properties":{"plan_no":"2705/5","plan_id":"2620","block_no":"58","parcel_no":"930","parcel_id":14318913,"object_id":7191714,"area_m2":1531.97771963},"geometry":{"type":"Polygon","coordinates":[[[46.82420297016842,24.553338334635182],[46.824021447858165,24.55365901622351],[46.82368572303791,24.553500081335553],[46.82386724900384,24.553179400975853],[46.82420297016842,24.553338334635182]]]}},{"type":"Feature","properties":{"plan_no":"2705/5","plan_id":"2620","block_no":"58","parcel_no":"931","parcel_id":14317159,"object_id":6208086,"area_m2":1199.998498275},"geometry":{"type":"Polygon","coordinates":[[[46.824465942735436,24.553462827439756],[46.824284419972294,24.553783509323363],[46.824021447858165,24.55365901622351],[46.82420297016842,24.553338334635182],[46.824465942735436,24.553462827439756]]]}},{"type":"Feature","properties":{"plan_no":"2705/5","plan_id":"2620","block_no":"58","parcel_no":"932","parcel_id":14317595,"object_id":7295578,"area_m2":1200.00096909},"geometry":{"type":"Polygon","coordinates":[[[46.82472891579868,24.553587319752964],[46.82454739356959,24.55390800191993],[46.824284419972294,24.553783509323363],[46.824465942735436,24.553462827439756],[46.82472891579868,24.553587319752964]]]}},{"type":"Feature","properties":{"plan_no":"2705/5","plan_id":"2620","block_no":"58","parcel_no":"933","parcel_id":14315707,"object_id":6231788,"area_m2":1200.00096909},"geometry":{"type":"Polygon","coordinates":[[[46.824991889358124,24.553711811574793],[46.824810367663126,24.554032494025122],[46.82454739356959,24.55390800191993],[46.82472891579868,24.553587319752964],[46.824991889358124,24.553711811574793]]]}},{"type":"Feature","properties":{"plan_no":"2705/5","plan_id":"2620","block_no":"58","parcel_no":"934","parcel_id":14315729,"object_id":7173003,"area_m2":1199.99744159},"geometry":{"type":"Polygon","coordinates":[[[46.82525486242684,24.55383630291721],[46.825073341265934,24.55415698565089],[46.824810367663126,24.554032494025122],[46.824991889358124,24.553711811574793],[46.82525486242684,24.55383630291721]]]}},{"type":"Feature","properties":{"plan_no":"2705/5","plan_id":"2620","block_no":"58","parcel_no":"935","parcel_id":14315491,"object_id":6228406,"area_m2":1200.00096909},"geometry":{"type":"Polygon","coordinates":[[[46.825517836978726,24.553960793756293],[46.82533631635191,24.55428147677332],[46.825073341265934,24.55415698565089],[46.82525486242684,24.55383630291721],[46.825517836978726,24.553960793756293]]]}},{"type":"Feature","properties":{"plan_no":"2705/5","plan_id":"2620","block_no":"58","parcel_no":"936","parcel_id":14318341,"object_id":7295579,"area_m2":1199.99744159},"geometry":{"type":"Polygon","coordinates":[[[46.825780811039856,24.554085284115942],[46.82559929094717,24.554405967416308],[46.82533631635191,24.55428147677332],[46.825517836978726,24.553960793756293],[46.825780811039856,24.554085284115942]]]}},{"type":"Feature","properties":{"plan_no":"2705/5","plan_id":"2620","block_no":"58","parcel_no":"937","parcel_id":14318437,"object_id":6235687,"area_m2":1200.00096909},"geometry":{"type":"Polygon","coordinates":[[[46.82604378658416,24.554209773972232],[46.8258622670256,24.55453045755594],[46.82559929094717,24.554405967416308],[46.825780811039856,24.554085284115942],[46.82604378658416,24.554209773972232]]]}},{"type":"Feature","properties":{"plan_no":"2705/5","plan_id":"2620","block_no":"58","parcel_no":"938","parcel_id":14315333,"object_id":6355201,"area_m2":1199.998498275},"geometry":{"type":"Polygon","coordinates":[[[46.82630676163772,24.554334263349073],[46.826125243600245,24.55465494720416],[46.8258622670256,24.55453045755594],[46.82604378658416,24.554209773972232],[46.82630676163772,24.554334263349073]]]}},{"type":"Feature","properties":{"plan_no":"2705/5","plan_id":"2620","block_no":"58","parcel_no":"939","parcel_id":14315267,"object_id":6237983,"area_m2":1199.998498275},"geometry":{"type":"Polygon","coordinates":[[[46.826569738174435,24.554458752222544],[46.82638821968416,24.554779436372904],[46.826125243600245,24.55465494720416],[46.82630676163772,24.554334263349073],[46.826569738174435,24.554458752222544]]]}},{"type":"Feature","properties":{"plan_no":"2705/5","plan_id":"2620","block_no":"58","parcel_no":"940","parcel_id":14317053,"object_id":6167510,"area_m2":1200.00096909},"geometry":{"type":"Polygon","coordinates":[[[46.826832715207345,24.554583240604575],[46.826651197251245,24.55490392503828],[46.82638821968416,24.554779436372904],[46.826569738174435,24.554458752222544],[46.826832715207345,24.554583240604575]]]}},{"type":"Feature","properties":{"plan_no":"2705/5","plan_id":"2620","block_no":"58","parcel_no":"941","parcel_id":14316563,"object_id":6179634,"area_m2":1200.00096909},"geometry":{"type":"Polygon","coordinates":[[[46.82709569273647,24.55470772849519],[46.82691417531455,24.55502841321222],[46.826651197251245,24.55490392503828],[46.826832715207345,24.554583240604575],[46.82709569273647,24.55470772849519]]]}},{"type":"Feature","properties":{"plan_no":"2705/5","plan_id":"2620","block_no":"58","parcel_no":"942","parcel_id":14317337,"object_id":6208266,"area_m2":1199.99744159},"geometry":{"type":"Polygon","coordinates":[[[46.82735866977485,24.554832215906337],[46.82717715288712,24.555152900906684],[46.82691417531455,24.55502841321222],[46.82709569273647,24.55470772849519],[46.82735866977485,24.554832215906337]]]}},{"type":"Feature","properties":{"plan_no":"2705/5","plan_id":"2620","block_no":"58","parcel_no":"943","parcel_id":14315317,"object_id":6176985,"area_m2":1200.00096909},"geometry":{"type":"Polygon","coordinates":[[[46.82762164829637,24.554956702814067],[46.82744013194285,24.555277388097736],[46.82717715288712,24.555152900906684],[46.82735866977485,24.554832215906337],[46.82762164829637,24.554956702814067]]]}},{"type":"Feature","properties":{"plan_no":"2705/5","plan_id":"2620","block_no":"58","parcel_no":"944","parcel_id":14316693,"object_id":7295577,"area_m2":1199.99744159},"geometry":{"type":"Polygon","coordinates":[[[46.82788462632715,24.555081189242316],[46.827703110507834,24.5554018748093],[46.82744013194285,24.555277388097736],[46.82762164829637,24.554956702814067],[46.82788462632715,24.555081189242316]]]}},{"type":"Feature","properties":{"plan_no":"2705/5","plan_id":"2620","block_no":"58","parcel_no":"945","parcel_id":14318785,"object_id":6179228,"area_m2":1200.00096909},"geometry":{"type":"Polygon","coordinates":[[[46.82814760584108,24.55520567516713],[46.82796609055599,24.555526361017428],[46.827703110507834,24.5554018748093],[46.82788462632715,24.555081189242316],[46.82814760584108,24.55520567516713]]]}},{"type":"Feature","properties":{"plan_no":"2705/5","plan_id":"2620","block_no":"58","parcel_no":"946","parcel_id":14318491,"object_id":6155163,"area_m2":1200.004199775},"geometry":{"type":"Polygon","coordinates":[[[46.82841058681197,24.55533015878309],[46.82822907110035,24.55565084673407],[46.82796609055599,24.555526361017428],[46.82814760584108,24.55520567516713],[46.82841058681197,24.55533015878309]]]}},{"type":"Feature","properties":{"plan_no":"2705/5","plan_id":"2620","block_no":"58","parcel_no":"947","parcel_id":14319117,"object_id":7171979,"area_m2":1198.51602894},"geometry":{"type":"Polygon","coordinates":[[[46.82867274727881,24.555456091029132],[46.82849205114088,24.555775331068514],[46.82822907110035,24.55565084673407],[46.82841058681197,24.55533015878309],[46.82852945281184,24.555386427246752],[46.82867274727881,24.555456091029132]]]}},{"type":"Feature","properties":{"plan_no":"2705/5","plan_id":"2620","block_no":"58","parcel_no":"948","parcel_id":14318697,"object_id":6179221,"area_m2":1177.966843875},"geometry":{"type":"Polygon","coordinates":[[[46.8289300170169,24.555590663832508],[46.82875503267764,24.555899815802206],[46.82849205114088,24.555775331068514],[46.82867274727881,24.555456091029132],[46.82880202421851,24.555522149951383],[46.8289300170169,24.555590663832508]]]}},{"type":"Feature","properties":{"plan_no":"2705/5","plan_id":"2620","block_no":"58","parcel_no":"949","parcel_id":14317001,"object_id":6310833,"area_m2":1300.882481025},"geometry":{"type":"Polygon","coordinates":[[[46.8289300170169,24.555590663832508],[46.82907758267885,24.555673629946135],[46.82922324888669,24.5557598874472],[46.82906184444192,24.556045047528738],[46.82875503267764,24.555899815802206],[46.8289300170169,24.555590663832508]]]}},{"type":"Feature","properties":{"plan_no":"2705/5","plan_id":"2620","block_no":"59","parcel_no":"950","parcel_id":14317169,"object_id":6156353,"area_m2":1695.63432206},"geometry":{"type":"Polygon","coordinates":[[[46.82860257932268,24.55893416417324],[46.82827434182049,24.559144466124355],[46.82819066055288,24.55905019663721],[46.82810387169197,24.55895878009397],[46.82801407244358,24.55887031888358],[46.82837604811112,24.558638402648985],[46.82860257932268,24.55893416417324]]]}},{"type":"Feature","properties":{"plan_no":"2705/5","plan_id":"2620","block_no":"59","parcel_no":"951","parcel_id":14317407,"object_id":6232917,"area_m2":1199.994574365},"geometry":{"type":"Polygon","coordinates":[[[46.82884511097705,24.558778772761215],[46.82860257932268,24.55893416417324],[46.82837604811112,24.558638402648985],[46.82861857953953,24.558483012515623],[46.82884511097705,24.558778772761215]]]}},{"type":"Feature","properties":{"plan_no":"2705/5","plan_id":"2620","block_no":"59","parcel_no":"952","parcel_id":14317383,"object_id":6156360,"area_m2":1199.995383255},"geometry":{"type":"Polygon","coordinates":[[[46.829087642032306,24.55862338189319],[46.82884511097705,24.558778772761215],[46.82861857953953,24.558483012515623],[46.828861111329616,24.558327621108898],[46.829087642032306,24.55862338189319]]]}},{"type":"Feature","properties":{"plan_no":"2705/5","plan_id":"2620","block_no":"59","parcel_no":"953","parcel_id":14316163,"object_id":6168109,"area_m2":1199.99855766},"geometry":{"type":"Polygon","coordinates":[[[46.82933017344922,24.55846798975181],[46.829087642032306,24.55862338189319],[46.828861111329616,24.558327621108898],[46.829103642507505,24.558172229343466],[46.82933017344922,24.55846798975181]]]}},{"type":"Feature","properties":{"plan_no":"2705/5","plan_id":"2620","block_no":"59","parcel_no":"954","parcel_id":14317569,"object_id":7149501,"area_m2":1199.99300007},"geometry":{"type":"Polygon","coordinates":[[[46.82957270328005,24.558312598166427],[46.82933017344922,24.55846798975181],[46.829103642507505,24.558172229343466],[46.8293461720993,24.55801683813405],[46.82957270328005,24.558312598166427]]]}},{"type":"Feature","properties":{"plan_no":"2705/5","plan_id":"2620","block_no":"59","parcel_no":"955","parcel_id":14316815,"object_id":6231774,"area_m2":1199.995497455},"geometry":{"type":"Polygon","coordinates":[[[46.82981523348565,24.55815720621039],[46.82957270328005,24.558312598166427],[46.8293461720993,24.55801683813405],[46.82958870107891,24.557861446565965],[46.82981523348565,24.55815720621039]]]}},{"type":"Feature","properties":{"plan_no":"2705/5","plan_id":"2620","block_no":"59","parcel_no":"956","parcel_id":14318477,"object_id":6199063,"area_m2":1199.99799484},"geometry":{"type":"Polygon","coordinates":[[[46.83005776307905,24.558001813895686],[46.82981523348565,24.55815720621039],[46.82958870107891,24.557861446565965],[46.82983123043329,24.557706054627236],[46.83005776307905,24.558001813895686]]]}},{"type":"Feature","properties":{"plan_no":"2705/5","plan_id":"2620","block_no":"59","parcel_no":"957","parcel_id":14317701,"object_id":6239031,"area_m2":1199.99799484},"geometry":{"type":"Polygon","coordinates":[[[46.83030029206023,24.557846421222333],[46.83005776307905,24.558001813895686],[46.82983123043329,24.557706054627236],[46.8300737591755,24.557550662329852],[46.83030029206023,24.557846421222333]]]}},{"type":"Feature","properties":{"plan_no":"2705/5","plan_id":"2620","block_no":"59","parcel_no":"958","parcel_id":14315215,"object_id":6315862,"area_m2":1199.99799484},"geometry":{"type":"Polygon","coordinates":[[[46.83054282042921,24.557691028190327],[46.83030029206023,24.557846421222333],[46.8300737591755,24.557550662329852],[46.8303162873055,24.557395269673822],[46.83054282042921,24.557691028190327]]]}},{"type":"Feature","properties":{"plan_no":"2705/5","plan_id":"2620","block_no":"59","parcel_no":"959","parcel_id":14319043,"object_id":6222931,"area_m2":1199.995497455},"geometry":{"type":"Polygon","coordinates":[[[46.83078534719902,24.55753563481168],[46.83054282042921,24.557691028190327],[46.8303162873055,24.557395269673822],[46.830558814823306,24.55723987665915],[46.83078534719902,24.55753563481168]]]}},{"type":"Feature","properties":{"plan_no":"2705/5","plan_id":"2620","block_no":"59","parcel_no":"960","parcel_id":14316025,"object_id":6238640,"area_m2":1199.995497455},"geometry":{"type":"Polygon","coordinates":[[[46.8310278743436,24.557380241062415],[46.83078534719902,24.55753563481168],[46.830558814823306,24.55723987665915],[46.83080134074197,24.557084483297846],[46.8310278743436,24.557380241062415]]]}},{"type":"Feature","properties":{"plan_no":"2705/5","plan_id":"2620","block_no":"59","parcel_no":"961","parcel_id":14315817,"object_id":6179300,"area_m2":1199.99799484},"geometry":{"type":"Polygon","coordinates":[[[46.83127040087599,24.557224846954526],[46.8310278743436,24.557380241062415],[46.83080134074197,24.557084483297846],[46.83104386703542,24.556929089565926],[46.83127040087599,24.557224846954526]]]}},{"type":"Feature","properties":{"plan_no":"2705/5","plan_id":"2620","block_no":"59","parcel_no":"962","parcel_id":14317451,"object_id":6179264,"area_m2":1194.3740057450002},"geometry":{"type":"Polygon","coordinates":[[[46.83151292679619,24.557069452488008],[46.83127040087599,24.557224846954526],[46.83104386703542,24.556929089565926],[46.831259108453324,24.556791176867662],[46.831268203204274,24.55678534943651],[46.83128236180781,24.556803834937718],[46.83130055130822,24.55679218007215],[46.831307630112114,24.55680142237591],[46.83151292679619,24.557069452488008]]]}},{"type":"Feature","properties":{"plan_no":"2705/5","plan_id":"2620","block_no":"59","parcel_no":"963","parcel_id":14315519,"object_id":6230091,"area_m2":1194.3754330650002},"geometry":{"type":"Polygon","coordinates":[[[46.83175545210419,24.556914057662905],[46.83151292679619,24.557069452488008],[46.831307630112114,24.55680142237591],[46.83130055130822,24.55679218007215],[46.83131873981822,24.55678052521656],[46.83130458221253,24.55676204060957],[46.83131367597219,24.55675621318791],[46.831528916785686,24.55661830013556],[46.83175545210419,24.556914057662905]]]}},{"type":"Feature","properties":{"plan_no":"2705/5","plan_id":"2620","block_no":"59","parcel_no":"964","parcel_id":14318989,"object_id":6211022,"area_m2":1200.00216305},"geometry":{"type":"Polygon","coordinates":[[[46.831997976800004,24.5567586624792],[46.83175545210419,24.556914057662905],[46.831528916785686,24.55661830013556],[46.831771441242594,24.55646290532784],[46.831997976800004,24.5567586624792]]]}},{"type":"Feature","properties":{"plan_no":"2705/5","plan_id":"2620","block_no":"59","parcel_no":"965","parcel_id":14315761,"object_id":7295573,"area_m2":1556.457488715},"geometry":{"type":"Polygon","coordinates":[[[46.83231916469292,24.556552863554],[46.831997976800004,24.5567586624792],[46.831771441242594,24.55646290532784],[46.83207759164921,24.556266741754094],[46.83219999105499,24.55640844089385],[46.83231916469292,24.556552863554]]]}},{"type":"Feature","properties":{"plan_no":"2705/5","plan_id":"2620","block_no":"59","parcel_no":"966","parcel_id":14317277,"object_id":6208265,"area_m2":1597.02538221},"geometry":{"type":"Polygon","coordinates":[[[46.83231916469292,24.556552863554],[46.83244639467602,24.55671473281947],[46.832547877757115,24.556847224595245],[46.83222451245878,24.557054419228614],[46.831997976800004,24.5567586624792],[46.83231916469292,24.556552863554]]]}},{"type":"Feature","properties":{"plan_no":"2705/5","plan_id":"2620","block_no":"59","parcel_no":"967","parcel_id":14316459,"object_id":6209891,"area_m2":1200.00047456},"geometry":{"type":"Polygon","coordinates":[[[46.83222451245878,24.557054419228614],[46.83198198752406,24.55720981478829],[46.83175545210419,24.556914057662905],[46.831997976800004,24.5567586624792],[46.83222451245878,24.557054419228614]]]}},{"type":"Feature","properties":{"plan_no":"2705/5","plan_id":"2620","block_no":"59","parcel_no":"968","parcel_id":14318909,"object_id":6210529,"area_m2":1200.00284008},"geometry":{"type":"Polygon","coordinates":[[[46.83198198752406,24.55720981478829],[46.83173946199025,24.557365210892076],[46.83151292679619,24.557069452488008],[46.83175545210419,24.556914057662905],[46.83198198752406,24.55720981478829]]]}},{"type":"Feature","properties":{"plan_no":"2705/5","plan_id":"2620","block_no":"59","parcel_no":"969","parcel_id":14314957,"object_id":6153859,"area_m2":1200.002145375},"geometry":{"type":"Polygon","coordinates":[[[46.83173946199025,24.557365210892076],[46.8314969368181,24.55752060572256],[46.83127040087599,24.557224846954526],[46.83151292679619,24.557069452488008],[46.83173946199025,24.557365210892076]]]}},{"type":"Feature","properties":{"plan_no":"2705/5","plan_id":"2620","block_no":"59","parcel_no":"970","parcel_id":14316111,"object_id":6168106,"area_m2":1194.37826256},"geometry":{"type":"Polygon","coordinates":[[[46.83128169448076,24.557658517903032],[46.83127259967029,24.557664345337997],[46.8312584409757,24.55764586074614],[46.83124025134018,24.557657514710105],[46.831233172488524,24.557648272406702],[46.8310278743436,24.557380241062415],[46.83127040087599,24.557224846954526],[46.8314969368181,24.55752060572256],[46.83128169448076,24.557658517903032]]]}},{"type":"Feature","properties":{"plan_no":"2705/5","plan_id":"2620","block_no":"59","parcel_no":"971","parcel_id":14318531,"object_id":6235692,"area_m2":1194.3795844},"geometry":{"type":"Polygon","coordinates":[[[46.831233172488524,24.557648272406702],[46.83124025134018,24.557657514710105],[46.831222061701226,24.557669168672057],[46.831236220406694,24.557687654170135],[46.83122712559193,24.557693481602577],[46.83101188266324,24.55783139433167],[46.83078534719902,24.55753563481168],[46.8310278743436,24.557380241062415],[46.831233172488524,24.557648272406702]]]}},{"type":"Feature","properties":{"plan_no":"2705/5","plan_id":"2620","block_no":"59","parcel_no":"972","parcel_id":14317435,"object_id":7189179,"area_m2":1200.00133647},"geometry":{"type":"Polygon","coordinates":[[[46.83101188266324,24.55783139433167],[46.830769355654475,24.5579867880863],[46.83054282042921,24.557691028190327],[46.83078534719902,24.55753563481168],[46.83101188266324,24.55783139433167]]]}},{"type":"Feature","properties":{"plan_no":"2705/5","plan_id":"2620","block_no":"59","parcel_no":"973","parcel_id":14314985,"object_id":6196967,"area_m2":1200.00464277},"geometry":{"type":"Polygon","coordinates":[[[46.830769355654475,24.5579867880863],[46.83052682704651,24.55814218149428],[46.83030029206023,24.557846421222333],[46.83054282042921,24.557691028190327],[46.830769355654475,24.5579867880863]]]}},{"type":"Feature","properties":{"plan_no":"2705/5","plan_id":"2620","block_no":"59","parcel_no":"974","parcel_id":14319053,"object_id":6145713,"area_m2":1200.00464277},"geometry":{"type":"Polygon","coordinates":[[[46.83052682704651,24.55814218149428],[46.83028429782634,24.558297574543616],[46.83005776307905,24.558001813895686],[46.83030029206023,24.557846421222333],[46.83052682704651,24.55814218149428]]]}},{"type":"Feature","properties":{"plan_no":"2705/5","plan_id":"2620","block_no":"59","parcel_no":"975","parcel_id":14317063,"object_id":6156305,"area_m2":1200.00464277},"geometry":{"type":"Polygon","coordinates":[[[46.83028429782634,24.558297574543616],[46.830041767993954,24.5584529672343],[46.82981523348565,24.55815720621039],[46.83005776307905,24.558001813895686],[46.83028429782634,24.558297574543616]]]}},{"type":"Feature","properties":{"plan_no":"2705/5","plan_id":"2620","block_no":"59","parcel_no":"976","parcel_id":14316923,"object_id":6209161,"area_m2":1200.003833865},"geometry":{"type":"Polygon","coordinates":[[[46.830041767993954,24.5584529672343],[46.829799238536324,24.558608359554327],[46.82957270328005,24.558312598166427],[46.82981523348565,24.55815720621039],[46.830041767993954,24.5584529672343]]]}},{"type":"Feature","properties":{"plan_no":"2705/5","plan_id":"2620","block_no":"59","parcel_no":"977","parcel_id":14318807,"object_id":7314926,"area_m2":1200.00619939},"geometry":{"type":"Polygon","coordinates":[[[46.829799238536324,24.558608359554327],[46.82955670749259,24.558763752430377],[46.82933017344922,24.55846798975181],[46.82957270328005,24.558312598166427],[46.829799238536324,24.558608359554327]]]}},{"type":"Feature","properties":{"plan_no":"2705/5","plan_id":"2620","block_no":"59","parcel_no":"978","parcel_id":14316527,"object_id":6201031,"area_m2":1200.007008295},"geometry":{"type":"Polygon","coordinates":[[[46.82955670749259,24.558763752430377],[46.82931417582354,24.558919144045042],[46.829087642032306,24.55862338189319],[46.82933017344922,24.55846798975181],[46.82955670749259,24.558763752430377]]]}},{"type":"Feature","properties":{"plan_no":"2705/5","plan_id":"2620","block_no":"59","parcel_no":"979","parcel_id":14315321,"object_id":7194736,"area_m2":1200.00133647},"geometry":{"type":"Polygon","coordinates":[[[46.82931417582354,24.558919144045042],[46.829071644529236,24.55907453528904],[46.82884511097705,24.558778772761215],[46.829087642032306,24.55862338189319],[46.82931417582354,24.558919144045042]]]}},{"type":"Feature","properties":{"plan_no":"2705/5","plan_id":"2620","block_no":"59","parcel_no":"980","parcel_id":14316015,"object_id":6211070,"area_m2":1200.00203118},"geometry":{"type":"Polygon","coordinates":[[[46.829071644529236,24.55907453528904],[46.82882911163573,24.559229926186323],[46.82860257932268,24.55893416417324],[46.82884511097705,24.558778772761215],[46.829071644529236,24.55907453528904]]]}},{"type":"Feature","properties":{"plan_no":"2705/5","plan_id":"2620","block_no":"59","parcel_no":"981","parcel_id":14316139,"object_id":6211076,"area_m2":1608.24807803},"geometry":{"type":"Polygon","coordinates":[[[46.82882911163573,24.559229926186323],[46.828502535536636,24.559439162968843],[46.82842979886771,24.55933838357379],[46.82835370545001,24.55924011404008],[46.82827434182049,24.559144466124355],[46.82860257932268,24.55893416417324],[46.82882911163573,24.559229926186323]]]}},{"type":"Feature","properties":{"plan_no":"2705/5","plan_id":"2620","block_no":"60","parcel_no":"1000","parcel_id":14315133,"object_id":6167944,"area_m2":1200.004528575},"geometry":{"type":"Polygon","coordinates":[[[46.832548331815744,24.557949205327187],[46.832305805684676,24.558104602370946],[46.83207926678269,24.55780884501386],[46.83232179268798,24.557653449248793],[46.832548331815744,24.557949205327187]]]}},{"type":"Feature","properties":{"plan_no":"2705/5","plan_id":"2620","block_no":"60","parcel_no":"1001","parcel_id":14317509,"object_id":7193815,"area_m2":1200.002145375},"geometry":{"type":"Polygon","coordinates":[[[46.832305805684676,24.558104602370946],[46.83206327892825,24.55825999815341],[46.831836741252154,24.557964240408324],[46.83207926678269,24.55780884501386],[46.832305805684676,24.558104602370946]]]}},{"type":"Feature","properties":{"plan_no":"2705/5","plan_id":"2620","block_no":"60","parcel_no":"1002","parcel_id":14318527,"object_id":6169728,"area_m2":1200.002145375},"geometry":{"type":"Polygon","coordinates":[[[46.83206327892825,24.55825999815341],[46.83182075254657,24.55841539356526],[46.83159421412243,24.558119635456173],[46.831836741252154,24.557964240408324],[46.83206327892825,24.55825999815341]]]}},{"type":"Feature","properties":{"plan_no":"2705/5","plan_id":"2620","block_no":"60","parcel_no":"1003","parcel_id":14317919,"object_id":7170845,"area_m2":1200.00464277},"geometry":{"type":"Polygon","coordinates":[[[46.83182075254657,24.55841539356526],[46.83157822456568,24.558570788630487],[46.83135168638048,24.5582750301454],[46.83159421412243,24.558119635456173],[46.83182075254657,24.55841539356526]]]}},{"type":"Feature","properties":{"plan_no":"2705/5","plan_id":"2620","block_no":"60","parcel_no":"1004","parcel_id":14318967,"object_id":7326966,"area_m2":1200.00464277},"geometry":{"type":"Polygon","coordinates":[[[46.83157822456568,24.558570788630487],[46.83133569597255,24.558726183337082],[46.8311091580263,24.558430424476],[46.83135168638048,24.5582750301454],[46.83157822456568,24.558570788630487]]]}},{"type":"Feature","properties":{"plan_no":"2705/5","plan_id":"2620","block_no":"60","parcel_no":"1005","parcel_id":14318875,"object_id":6178196,"area_m2":1200.0068941},"geometry":{"type":"Polygon","coordinates":[[[46.83133569597255,24.558726183337082],[46.831093166780285,24.55888157858776],[46.830866629073,24.55858581935066],[46.8311091580263,24.558430424476],[46.83133569597255,24.558726183337082]]]}},{"type":"Feature","properties":{"plan_no":"2705/5","plan_id":"2620","block_no":"60","parcel_no":"1006","parcel_id":14317799,"object_id":6229427,"area_m2":1200.00133647},"geometry":{"type":"Polygon","coordinates":[[[46.831093166780285,24.55888157858776],[46.83085063794965,24.55903697256508],[46.83062410048134,24.558741212951983],[46.830866629073,24.55858581935066],[46.831093166780285,24.55888157858776]]]}},{"type":"Feature","properties":{"plan_no":"2705/5","plan_id":"2620","block_no":"60","parcel_no":"1007","parcel_id":14315581,"object_id":6177201,"area_m2":1200.00464277},"geometry":{"type":"Polygon","coordinates":[[[46.83085063794965,24.55903697256508],[46.83060810751978,24.559192366195738],[46.83038157029046,24.558896606206645],[46.83062410048134,24.558741212951983],[46.83085063794965,24.55903697256508]]]}},{"type":"Feature","properties":{"plan_no":"2705/5","plan_id":"2620","block_no":"60","parcel_no":"1008","parcel_id":14317671,"object_id":7192037,"area_m2":1200.002145375},"geometry":{"type":"Polygon","coordinates":[[[46.83060810751978,24.559192366195738],[46.83036557647767,24.559347759467734],[46.83013904047433,24.559051999090656],[46.83038157029046,24.558896606206645],[46.83060810751978,24.559192366195738]]]}},{"type":"Feature","properties":{"plan_no":"2705/5","plan_id":"2620","block_no":"60","parcel_no":"1009","parcel_id":14317599,"object_id":6199148,"area_m2":1200.00203118},"geometry":{"type":"Polygon","coordinates":[[[46.83036557647767,24.559347759467734],[46.83012304581028,24.55950315236907],[46.82989650907208,24.559207392530684],[46.83013904047433,24.559051999090656],[46.83036557647767,24.559347759467734]]]}},{"type":"Feature","properties":{"plan_no":"2705/5","plan_id":"2620","block_no":"60","parcel_no":"1010","parcel_id":14315625,"object_id":6164978,"area_m2":1199.99966566},"geometry":{"type":"Polygon","coordinates":[[[46.83012304581028,24.55950315236907],[46.829880513543664,24.559658544923714],[46.829653978031466,24.559362784697342],[46.82989650907208,24.559207392530684],[46.83012304581028,24.55950315236907]]]}},{"type":"Feature","properties":{"plan_no":"2705/5","plan_id":"2620","block_no":"60","parcel_no":"1011","parcel_id":14317869,"object_id":6229433,"area_m2":1200.00272588},"geometry":{"type":"Polygon","coordinates":[[[46.829880513543664,24.559658544923714],[46.82963798067789,24.559813938022376],[46.829411445404716,24.559518177420006],[46.829653978031466,24.559362784697342],[46.829880513543664,24.559658544923714]]]}},{"type":"Feature","properties":{"plan_no":"2705/5","plan_id":"2620","block_no":"60","parcel_no":"1012","parcel_id":14318847,"object_id":6235705,"area_m2":1199.99716827},"geometry":{"type":"Polygon","coordinates":[[[46.82963798067789,24.559813938022376],[46.829395448173734,24.55996932984765],[46.82916891313961,24.559673568869286],[46.829411445404716,24.559518177420006],[46.82963798067789,24.559813938022376]]]}},{"type":"Feature","properties":{"plan_no":"2705/5","plan_id":"2620","block_no":"60","parcel_no":"1013","parcel_id":14315737,"object_id":6209210,"area_m2":1599.99953065},"geometry":{"type":"Polygon","coordinates":[[[46.829395448173734,24.55996932984765],[46.82907206956213,24.560176518402017],[46.82884553484676,24.55988075692233],[46.82916891313961,24.559673568869286],[46.829395448173734,24.55996932984765]]]}},{"type":"Feature","properties":{"plan_no":"2705/5","plan_id":"2620","block_no":"60","parcel_no":"982","parcel_id":14316201,"object_id":6156000,"area_m2":1600.00456078},"geometry":{"type":"Polygon","coordinates":[[[46.82916891313961,24.559673568869286],[46.82884553484676,24.55988075692233],[46.828619000232855,24.559584995040733],[46.82894237819385,24.559377806586316],[46.82916891313961,24.559673568869286]]]}},{"type":"Feature","properties":{"plan_no":"2705/5","plan_id":"2620","block_no":"60","parcel_no":"983","parcel_id":14319009,"object_id":6177496,"area_m2":1200.00133647},"geometry":{"type":"Polygon","coordinates":[[[46.829411445404716,24.559518177420006],[46.82916891313961,24.559673568869286],[46.82894237819385,24.559377806586316],[46.82918491021991,24.559222415513027],[46.829411445404716,24.559518177420006]]]}},{"type":"Feature","properties":{"plan_no":"2705/5","plan_id":"2620","block_no":"60","parcel_no":"984","parcel_id":14317973,"object_id":6239044,"area_m2":1200.004528575},"geometry":{"type":"Polygon","coordinates":[[[46.829653978031466,24.559362784697342],[46.829411445404716,24.559518177420006],[46.82918491021991,24.559222415513027],[46.82942744262071,24.559067024069055],[46.829653978031466,24.559362784697342]]]}},{"type":"Feature","properties":{"plan_no":"2705/5","plan_id":"2620","block_no":"60","parcel_no":"985","parcel_id":14316557,"object_id":6385836,"area_m2":1200.00203118},"geometry":{"type":"Polygon","coordinates":[[[46.82989650907208,24.559207392530684],[46.829653978031466,24.559362784697342],[46.82942744262071,24.559067024069055],[46.82966997439618,24.558911631363696],[46.82989650907208,24.559207392530684]]]}},{"type":"Feature","properties":{"plan_no":"2705/5","plan_id":"2620","block_no":"60","parcel_no":"986","parcel_id":14315523,"object_id":6153653,"area_m2":1200.00203118},"geometry":{"type":"Polygon","coordinates":[[[46.83013904047433,24.559051999090656],[46.82989650907208,24.559207392530684],[46.82966997439618,24.558911631363696],[46.82991250458554,24.558756239214347],[46.83013904047433,24.559051999090656]]]}},{"type":"Feature","properties":{"plan_no":"2705/5","plan_id":"2620","block_no":"60","parcel_no":"987","parcel_id":14317297,"object_id":6146853,"area_m2":1199.99966566},"geometry":{"type":"Polygon","coordinates":[[[46.83038157029046,24.558896606206645],[46.83013904047433,24.559051999090656],[46.82991250458554,24.558756239214347],[46.83015503514965,24.558600846694333],[46.83038157029046,24.558896606206645]]]}},{"type":"Feature","properties":{"plan_no":"2705/5","plan_id":"2620","block_no":"60","parcel_no":"988","parcel_id":14318715,"object_id":6169949,"area_m2":1199.99966566},"geometry":{"type":"Polygon","coordinates":[[[46.83062410048134,24.558741212951983],[46.83038157029046,24.558896606206645],[46.83015503514965,24.558600846694333],[46.83039756411456,24.55844545382765],[46.83062410048134,24.558741212951983]]]}},{"type":"Feature","properties":{"plan_no":"2705/5","plan_id":"2620","block_no":"60","parcel_no":"989","parcel_id":14315481,"object_id":6165677,"area_m2":1199.99966566},"geometry":{"type":"Polygon","coordinates":[[[46.830866629073,24.55858581935066],[46.83062410048134,24.558741212951983],[46.83039756411456,24.55844545382765],[46.83064009345422,24.558290060590327],[46.830866629073,24.55858581935066]]]}},{"type":"Feature","properties":{"plan_no":"2705/5","plan_id":"2620","block_no":"60","parcel_no":"990","parcel_id":14317019,"object_id":6208705,"area_m2":1200.00036036},"geometry":{"type":"Polygon","coordinates":[[[46.8311091580263,24.558430424476],[46.830866629073,24.55858581935066],[46.83064009345422,24.558290060590327],[46.83088262218167,24.558134666994352],[46.8311091580263,24.558430424476]]]}},{"type":"Feature","properties":{"plan_no":"2705/5","plan_id":"2620","block_no":"60","parcel_no":"991","parcel_id":14316023,"object_id":6199404,"area_m2":1199.99799484},"geometry":{"type":"Polygon","coordinates":[[[46.83135168638048,24.5582750301454],[46.8311091580263,24.558430424476],[46.83088262218167,24.558134666994352],[46.83112515029689,24.557979273039745],[46.83135168638048,24.5582750301454]]]}},{"type":"Feature","properties":{"plan_no":"2705/5","plan_id":"2620","block_no":"60","parcel_no":"992","parcel_id":14317097,"object_id":6167514,"area_m2":1199.99799484},"geometry":{"type":"Polygon","coordinates":[[[46.83159421412243,24.558119635456173],[46.83135168638048,24.5582750301454],[46.83112515029689,24.557979273039745],[46.831367677799896,24.557823878726506],[46.83159421412243,24.558119635456173]]]}},{"type":"Feature","properties":{"plan_no":"2705/5","plan_id":"2620","block_no":"60","parcel_no":"993","parcel_id":14318451,"object_id":6155161,"area_m2":1199.99799484},"geometry":{"type":"Polygon","coordinates":[[[46.831836741252154,24.557964240408324],[46.83159421412243,24.558119635456173],[46.831367677799896,24.557823878726506],[46.8316102046907,24.55766848405464],[46.831836741252154,24.557964240408324]]]}},{"type":"Feature","properties":{"plan_no":"2705/5","plan_id":"2620","block_no":"60","parcel_no":"994","parcel_id":14315547,"object_id":6165725,"area_m2":1199.99468856},"geometry":{"type":"Polygon","coordinates":[[[46.83207926678269,24.55780884501386],[46.831836741252154,24.557964240408324],[46.8316102046907,24.55766848405464],[46.83185272998231,24.55751308903617],[46.83207926678269,24.55780884501386]]]}},{"type":"Feature","properties":{"plan_no":"2705/5","plan_id":"2620","block_no":"60","parcel_no":"995","parcel_id":14315223,"object_id":6229927,"area_m2":1199.99799484},"geometry":{"type":"Polygon","coordinates":[[[46.83232179268798,24.557653449248793],[46.83207926678269,24.55780884501386],[46.83185272998231,24.55751308903617],[46.83209525564869,24.557357693647095],[46.83232179268798,24.557653449248793]]]}},{"type":"Feature","properties":{"plan_no":"2705/5","plan_id":"2620","block_no":"60","parcel_no":"996","parcel_id":14316749,"object_id":6196224,"area_m2":1200.00036036},"geometry":{"type":"Polygon","coordinates":[[[46.83256431798104,24.557498053125137],[46.83232179268798,24.557653449248793],[46.83209525564869,24.557357693647095],[46.83233778068974,24.55720229699671],[46.83256431798104,24.557498053125137]]]}},{"type":"Feature","properties":{"plan_no":"2705/5","plan_id":"2620","block_no":"60","parcel_no":"997","parcel_id":14315271,"object_id":6176983,"area_m2":1599.99953065},"geometry":{"type":"Polygon","coordinates":[[[46.83288768375715,24.557290857739787],[46.83256431798104,24.557498053125137],[46.83233778068974,24.55720229699671],[46.83266114614733,24.556995102112683],[46.83288768375715,24.557290857739787]]]}},{"type":"Feature","properties":{"plan_no":"2705/5","plan_id":"2620","block_no":"60","parcel_no":"998","parcel_id":14316107,"object_id":6401676,"area_m2":1599.99953065},"geometry":{"type":"Polygon","coordinates":[[[46.83288768375715,24.557290857739787],[46.833114222455336,24.557586612952857],[46.83279085636073,24.557793808839534],[46.83256431798104,24.557498053125137],[46.83288768375715,24.557290857739787]]]}},{"type":"Feature","properties":{"plan_no":"2705/5","plan_id":"2620","block_no":"60","parcel_no":"999","parcel_id":14318833,"object_id":6235704,"area_m2":1199.99966566},"geometry":{"type":"Polygon","coordinates":[[[46.83279085636073,24.557793808839534],[46.832548331815744,24.557949205327187],[46.83232179268798,24.557653449248793],[46.83256431798104,24.557498053125137],[46.83279085636073,24.557793808839534]]]}},{"type":"Feature","properties":{"plan_no":"2705/5","plan_id":"2620","block_no":"61","parcel_no":"1014","parcel_id":14318805,"object_id":6179229,"area_m2":1080.00051683},"geometry":{"type":"Polygon","coordinates":[[[46.83173611382637,24.559075872041852],[46.83144507897898,24.55926234617032],[46.83127517519094,24.559040527697586],[46.831566209823265,24.55885405390752],[46.83173611382637,24.559075872041852]]]}},{"type":"Feature","properties":{"plan_no":"2705/5","plan_id":"2620","block_no":"61","parcel_no":"1015","parcel_id":14318639,"object_id":6234476,"area_m2":929.99824643},"geometry":{"type":"Polygon","coordinates":[[[46.83198672606994,24.55891529621232],[46.83173611382637,24.559075872041852],[46.831566209823265,24.55885405390752],[46.83181682189478,24.558693479272087],[46.83198672606994,24.55891529621232]]]}},{"type":"Feature","properties":{"plan_no":"2705/5","plan_id":"2620","block_no":"61","parcel_no":"1016","parcel_id":14316823,"object_id":6176808,"area_m2":930.0002892},"geometry":{"type":"Polygon","coordinates":[[[46.832237338646756,24.55875471998783],[46.83198672606994,24.55891529621232],[46.83181682189478,24.558693479272087],[46.83206743428644,24.558532903339007],[46.832237338646756,24.55875471998783]]]}},{"type":"Feature","properties":{"plan_no":"2705/5","plan_id":"2620","block_no":"61","parcel_no":"1017","parcel_id":14316045,"object_id":6146684,"area_m2":929.996121},"geometry":{"type":"Polygon","coordinates":[[[46.83248794959596,24.558594144295142],[46.832237338646756,24.55875471998783],[46.83206743428644,24.558532903339007],[46.83231804505048,24.55837232793773],[46.83248794959596,24.558594144295142]]]}},{"type":"Feature","properties":{"plan_no":"2705/5","plan_id":"2620","block_no":"61","parcel_no":"1018","parcel_id":14316167,"object_id":6229504,"area_m2":929.99780949},"geometry":{"type":"Polygon","coordinates":[[[46.83273855987829,24.558433567316843],[46.83248794959596,24.558594144295142],[46.83231804505048,24.55837232793773],[46.83256865514766,24.55821175125083],[46.83273855987829,24.558433567316843]]]}},{"type":"Feature","properties":{"plan_no":"2705/5","plan_id":"2620","block_no":"61","parcel_no":"1019","parcel_id":14315515,"object_id":6196670,"area_m2":929.9986139},"geometry":{"type":"Polygon","coordinates":[[[46.832989169520005,24.558272990858317],[46.83273855987829,24.558433567316843],[46.83256865514766,24.55821175125083],[46.83281926557809,24.55805117416901],[46.832989169520005,24.558272990858317]]]}},{"type":"Feature","properties":{"plan_no":"2705/5","plan_id":"2620","block_no":"61","parcel_no":"1020","parcel_id":14317929,"object_id":7174103,"area_m2":929.9986139},"geometry":{"type":"Polygon","coordinates":[[[46.83323977948183,24.55811241310222],[46.832989169520005,24.558272990858317],[46.83281926557809,24.55805117416901],[46.83306987438093,24.557890597619014],[46.83323977948183,24.55811241310222]]]}},{"type":"Feature","properties":{"plan_no":"2705/5","plan_id":"2620","block_no":"61","parcel_no":"1021","parcel_id":14318969,"object_id":6167494,"area_m2":929.9986139},"geometry":{"type":"Polygon","coordinates":[[[46.83349038781606,24.557951835877933],[46.83323977948183,24.55811241310222],[46.83306987438093,24.557890597619014],[46.8333204835039,24.557730019771416],[46.83349038781606,24.557951835877933]]]}},{"type":"Feature","properties":{"plan_no":"2705/5","plan_id":"2620","block_no":"61","parcel_no":"1022","parcel_id":14317067,"object_id":6208039,"area_m2":929.9986139},"geometry":{"type":"Polygon","coordinates":[[[46.83374099647041,24.55779125735605],[46.83349038781606,24.557951835877933],[46.8333204835039,24.557730019771416],[46.833571090999286,24.557569442455662],[46.83374099647041,24.55779125735605]]]}},{"type":"Feature","properties":{"plan_no":"2705/5","plan_id":"2620","block_no":"61","parcel_no":"1023","parcel_id":14316837,"object_id":7265263,"area_m2":929.996121},"geometry":{"type":"Polygon","coordinates":[[[46.833991603497196,24.55763067936602],[46.83374099647041,24.55779125735605],[46.833571090999286,24.557569442455662],[46.83382169784097,24.557408864757036],[46.833991603497196,24.55763067936602]]]}},{"type":"Feature","properties":{"plan_no":"2705/5","plan_id":"2620","block_no":"61","parcel_no":"1024","parcel_id":14317747,"object_id":6156431,"area_m2":900.000580235},"geometry":{"type":"Polygon","coordinates":[[[46.83423412650051,24.557475280676023],[46.833991603497196,24.55763067936602],[46.83382169784097,24.557408864757036],[46.834064220652024,24.557253465446347],[46.83423412650051,24.557475280676023]]]}},{"type":"Feature","properties":{"plan_no":"2705/5","plan_id":"2620","block_no":"61","parcel_no":"1025","parcel_id":14317225,"object_id":6179567,"area_m2":900.00097585},"geometry":{"type":"Polygon","coordinates":[[[46.8344766488916,24.55731988162748],[46.83423412650051,24.557475280676023],[46.834064220652024,24.557253465446347],[46.834306742864,24.55709806667981],[46.8344766488916,24.55731988162748]]]}},{"type":"Feature","properties":{"plan_no":"2705/5","plan_id":"2620","block_no":"61","parcel_no":"1026","parcel_id":14318175,"object_id":6199604,"area_m2":900.000580235},"geometry":{"type":"Polygon","coordinates":[[[46.83471917067046,24.557164482220394],[46.8344766488916,24.55731988162748],[46.834306742864,24.55709806667981],[46.83454926347679,24.556942667566748],[46.83471917067046,24.557164482220394]]]}},{"type":"Feature","properties":{"plan_no":"2705/5","plan_id":"2620","block_no":"61","parcel_no":"1027","parcel_id":14316501,"object_id":6238894,"area_m2":900.000580235},"geometry":{"type":"Polygon","coordinates":[[[46.83471917067046,24.557164482220394],[46.83488907747625,24.557386295750433],[46.83464655553143,24.557541696342224],[46.8344766488916,24.55731988162748],[46.83471917067046,24.557164482220394]]]}},{"type":"Feature","properties":{"plan_no":"2705/5","plan_id":"2620","block_no":"61","parcel_no":"1028","parcel_id":14315467,"object_id":6687928,"area_m2":900.00097585},"geometry":{"type":"Polygon","coordinates":[[[46.83464655553143,24.557541696342224],[46.83440403296123,24.55769709567278],[46.83423412650051,24.557475280676023],[46.8344766488916,24.55731988162748],[46.83464655553143,24.557541696342224]]]}},{"type":"Feature","properties":{"plan_no":"2705/5","plan_id":"2620","block_no":"61","parcel_no":"1029","parcel_id":14315243,"object_id":6176507,"area_m2":900.000580235},"geometry":{"type":"Polygon","coordinates":[[[46.83440403296123,24.55769709567278],[46.83416151076576,24.557852494632776],[46.833991603497196,24.55763067936602],[46.83423412650051,24.557475280676023],[46.83440403296123,24.55769709567278]]]}},{"type":"Feature","properties":{"plan_no":"2705/5","plan_id":"2620","block_no":"61","parcel_no":"1030","parcel_id":14317783,"object_id":6239033,"area_m2":930.00292105},"geometry":{"type":"Polygon","coordinates":[[[46.83416151076576,24.557852494632776],[46.83391090258005,24.55801307382892],[46.83374099647041,24.55779125735605],[46.833991603497196,24.55763067936602],[46.83416151076576,24.557852494632776]]]}},{"type":"Feature","properties":{"plan_no":"2705/5","plan_id":"2620","block_no":"61","parcel_no":"1031","parcel_id":14318131,"object_id":6199599,"area_m2":930.00292105},"geometry":{"type":"Polygon","coordinates":[[[46.83391090258005,24.55801307382892],[46.833660294714434,24.558173651727508],[46.83349038781606,24.557951835877933],[46.83374099647041,24.55779125735605],[46.83391090258005,24.55801307382892]]]}},{"type":"Feature","properties":{"plan_no":"2705/5","plan_id":"2620","block_no":"61","parcel_no":"1032","parcel_id":14317525,"object_id":6229268,"area_m2":930.00042814},"geometry":{"type":"Polygon","coordinates":[[[46.833660294714434,24.558173651727508],[46.833409686195075,24.558334229243204],[46.83323977948183,24.55811241310222],[46.83349038781606,24.557951835877933],[46.833660294714434,24.558173651727508]]]}},{"type":"Feature","properties":{"plan_no":"2705/5","plan_id":"2620","block_no":"61","parcel_no":"1033","parcel_id":14314991,"object_id":6770555,"area_m2":930.00459636},"geometry":{"type":"Polygon","coordinates":[[[46.833409686195075,24.558334229243204],[46.83315907604812,24.55849480729072],[46.832989169520005,24.558272990858317],[46.83323977948183,24.55811241310222],[46.833409686195075,24.558334229243204]]]}},{"type":"Feature","properties":{"plan_no":"2705/5","plan_id":"2620","block_no":"61","parcel_no":"1034","parcel_id":14316601,"object_id":6229298,"area_m2":930.00042814},"geometry":{"type":"Polygon","coordinates":[[[46.83315907604812,24.55849480729072],[46.83290846622128,24.558655384040655],[46.83273855987829,24.558433567316843],[46.832989169520005,24.558272990858317],[46.83315907604812,24.55849480729072]]]}},{"type":"Feature","properties":{"plan_no":"2705/5","plan_id":"2620","block_no":"61","parcel_no":"1035","parcel_id":14316361,"object_id":6201023,"area_m2":930.00248411},"geometry":{"type":"Polygon","coordinates":[[[46.83290846622128,24.558655384040655],[46.832657854766815,24.55881596132237],[46.83248794959596,24.558594144295142],[46.83273855987829,24.558433567316843],[46.83290846622128,24.558655384040655]]]}},{"type":"Feature","properties":{"plan_no":"2705/5","plan_id":"2620","block_no":"61","parcel_no":"1036","parcel_id":14315517,"object_id":6165679,"area_m2":929.99868337},"geometry":{"type":"Polygon","coordinates":[[[46.832657854766815,24.55881596132237],[46.83240724363245,24.55897653730647],[46.832237338646756,24.55875471998783],[46.83248794959596,24.558594144295142],[46.832657854766815,24.55881596132237]]]}},{"type":"Feature","properties":{"plan_no":"2705/5","plan_id":"2620","block_no":"61","parcel_no":"1037","parcel_id":14317637,"object_id":6210347,"area_m2":930.000358675},"geometry":{"type":"Polygon","coordinates":[[[46.83240724363245,24.55897653730647],[46.83215663184434,24.559137112907663],[46.83198672606994,24.55891529621232],[46.832237338646756,24.55875471998783],[46.83240724363245,24.55897653730647]]]}},{"type":"Feature","properties":{"plan_no":"2705/5","plan_id":"2620","block_no":"61","parcel_no":"1038","parcel_id":14315853,"object_id":6155816,"area_m2":924.378483655},"geometry":{"type":"Polygon","coordinates":[[[46.83193337844119,24.55928016054852],[46.83192420922323,24.559286035879083],[46.831910050238406,24.559267551368528],[46.831891861445115,24.55927920630969],[46.831884788501455,24.559269973001893],[46.83173611382637,24.559075872041852],[46.83198672606994,24.55891529621232],[46.83215663184434,24.559137112907663],[46.83193337844119,24.55928016054852]]]}},{"type":"Feature","properties":{"plan_no":"2705/5","plan_id":"2620","block_no":"61","parcel_no":"1039","parcel_id":14317507,"object_id":6211067,"area_m2":1074.3801871950002},"geometry":{"type":"Polygon","coordinates":[[[46.831884788501455,24.559269973001893],[46.831891861445115,24.55927920630969],[46.83187367266149,24.559290862151524],[46.83188783065709,24.55930934667761],[46.83187882379167,24.559315118008694],[46.831614983366165,24.559484163507495],[46.83144507897898,24.55926234617032],[46.83173611382637,24.559075872041852],[46.831884788501455,24.559269973001893]]]}},{"type":"Feature","properties":{"plan_no":"2705/5","plan_id":"2620","block_no":"62","parcel_no":"1040","parcel_id":14318235,"object_id":6238832,"area_m2":1029.64761444},"geometry":{"type":"Polygon","coordinates":[[[46.83109861640816,24.55667355626633],[46.83085475760428,24.556829805011766],[46.83074901087488,24.556721336734324],[46.83064101442443,24.556615108185056],[46.83085661874364,24.556429462923273],[46.830979015422756,24.556550123749243],[46.83109861640816,24.55667355626633]]]}},{"type":"Feature","properties":{"plan_no":"2705/5","plan_id":"2620","block_no":"62","parcel_no":"1041","parcel_id":14318467,"object_id":6234257,"area_m2":984.00568496},"geometry":{"type":"Polygon","coordinates":[[[46.83085661874364,24.556429462923273],[46.83064101442443,24.556615108185056],[46.83053041508793,24.55651076723727],[46.83041766878223,24.556408749997683],[46.83062446720068,24.55621490211945],[46.83074166024442,24.55632097364968],[46.83085661874364,24.556429462923273]]]}},{"type":"Feature","properties":{"plan_no":"2705/5","plan_id":"2620","block_no":"62","parcel_no":"1042","parcel_id":14315993,"object_id":6168057,"area_m2":984.00842206},"geometry":{"type":"Polygon","coordinates":[[[46.83062446720068,24.55621490211945],[46.83041766878223,24.556408749997683],[46.83030240919053,24.556308718811096],[46.830185108884535,24.556211088641657],[46.83038272460887,24.556009392111555],[46.83050465780355,24.55611089799793],[46.83062446720068,24.55621490211945]]]}},{"type":"Feature","properties":{"plan_no":"2705/5","plan_id":"2620","block_no":"62","parcel_no":"1043","parcel_id":14315173,"object_id":6235864,"area_m2":984.003574905},"geometry":{"type":"Polygon","coordinates":[[[46.83038272460887,24.556009392111555],[46.830185108884535,24.556211088641657],[46.83006538927402,24.556115544466714],[46.829943736628756,24.55602247401809],[46.830131813669325,24.555813287961254],[46.8302582755267,24.555910052385638],[46.83038272460887,24.556009392111555]]]}},{"type":"Feature","properties":{"plan_no":"2705/5","plan_id":"2620","block_no":"62","parcel_no":"1044","parcel_id":14315801,"object_id":7311081,"area_m2":984.00966694},"geometry":{"type":"Polygon","coordinates":[[[46.830131813669325,24.555813287961254],[46.829943736628756,24.55602247401809],[46.82981976817476,24.555931580673533],[46.82969397523662,24.555843229587595],[46.82987217460304,24.555626928267525],[46.83000294388898,24.55571878490483],[46.830131813669325,24.555813287961254]]]}},{"type":"Feature","properties":{"plan_no":"2705/5","plan_id":"2620","block_no":"62","parcel_no":"1045","parcel_id":14318053,"object_id":6146926,"area_m2":984.015552205},"geometry":{"type":"Polygon","coordinates":[[[46.82987217460304,24.555626928267525],[46.82969397523662,24.555843229587595],[46.82956597368564,24.555757145625506],[46.829436258594384,24.55567366604306],[46.82960425833403,24.55545064156983],[46.82973910806722,24.555537429888503],[46.82987217460304,24.555626928267525]]]}},{"type":"Feature","properties":{"plan_no":"2705/5","plan_id":"2620","block_no":"62","parcel_no":"1046","parcel_id":14318611,"object_id":6235914,"area_m2":984.01433625},"geometry":{"type":"Polygon","coordinates":[[[46.82960425833403,24.55545064156983],[46.829436258594384,24.55567366604306],[46.82930444685838,24.55559254387627],[46.82917103326618,24.555514083994108],[46.82932852933254,24.555284738188238],[46.82946722744383,24.555366304430464],[46.82960425833403,24.55545064156983]]]}},{"type":"Feature","properties":{"plan_no":"2705/5","plan_id":"2620","block_no":"62","parcel_no":"1047","parcel_id":14318509,"object_id":6208640,"area_m2":984.01337502},"geometry":{"type":"Polygon","coordinates":[[[46.82932852933254,24.555284738188238],[46.82917103326618,24.555514083994108],[46.82903564261549,24.555438061762132],[46.828898762180216,24.555364755865444],[46.82904547240618,24.555129502015546],[46.82918777619701,24.555205706373012],[46.82932852933254,24.555284738188238]]]}},{"type":"Feature","properties":{"plan_no":"2705/5","plan_id":"2620","block_no":"62","parcel_no":"1048","parcel_id":14315119,"object_id":6208148,"area_m2":983.208091545},"geometry":{"type":"Polygon","coordinates":[[[46.82904547240618,24.555129502015546],[46.828898762180216,24.555364755865444],[46.82876002955344,24.555293967003422],[46.8286199209171,24.555225942193683],[46.82875605612989,24.55498542686003],[46.82890147787961,24.55505603094424],[46.82904547240618,24.555129502015546]]]}},{"type":"Feature","properties":{"plan_no":"2705/5","plan_id":"2620","block_no":"62","parcel_no":"1049","parcel_id":14315921,"object_id":6155821,"area_m2":1005.806275505},"geometry":{"type":"Polygon","coordinates":[[[46.82875605612989,24.55498542686003],[46.8286199209171,24.555225942193683],[46.82832602508926,24.55508682308861],[46.82846215976289,24.554846308004382],[46.82875602432478,24.55498541189739],[46.82875605612989,24.55498542686003]]]}},{"type":"Feature","properties":{"plan_no":"2705/5","plan_id":"2620","block_no":"62","parcel_no":"1050","parcel_id":14317981,"object_id":6167530,"area_m2":899.998959},"geometry":{"type":"Polygon","coordinates":[[[46.82846215976289,24.554846308004382],[46.82832602508926,24.55508682308861],[46.82806304567706,24.554962337469274],[46.82819918076445,24.55472182350022],[46.82846215976289,24.554846308004382]]]}},{"type":"Feature","properties":{"plan_no":"2705/5","plan_id":"2620","block_no":"62","parcel_no":"1051","parcel_id":14315845,"object_id":6231792,"area_m2":899.99243576},"geometry":{"type":"Polygon","coordinates":[[[46.82819918076445,24.55472182350022],[46.82806304567706,24.554962337469274],[46.82780006677413,24.554837852261173],[46.82793620622308,24.554597339359407],[46.82819918076445,24.55472182350022]]]}},{"type":"Feature","properties":{"plan_no":"2705/5","plan_id":"2620","block_no":"62","parcel_no":"1052","parcel_id":14315705,"object_id":6348173,"area_m2":899.993484975},"geometry":{"type":"Polygon","coordinates":[[[46.82833531632942,24.55448130851651],[46.82819918076445,24.55472182350022],[46.82793620622308,24.554597339359407],[46.82807233822782,24.55435682373336],[46.82833531632942,24.55448130851651]]]}},{"type":"Feature","properties":{"plan_no":"2705/5","plan_id":"2620","block_no":"62","parcel_no":"1053","parcel_id":14316191,"object_id":7323926,"area_m2":900.0009888},"geometry":{"type":"Polygon","coordinates":[[[46.82859829492718,24.554605792808207],[46.82846215976289,24.554846308004382],[46.82819918076445,24.55472182350022],[46.82833531632942,24.55448130851651],[46.82859829492718,24.554605792808207]]]}},{"type":"Feature","properties":{"plan_no":"2705/5","plan_id":"2620","block_no":"62","parcel_no":"1054","parcel_id":14315131,"object_id":6196246,"area_m2":1005.80830522},"geometry":{"type":"Polygon","coordinates":[[[46.8288921908595,24.5547449123291],[46.82875605612989,24.55498542686003],[46.82875602432478,24.55498541189739],[46.82846215976289,24.554846308004382],[46.82859829492718,24.554605792808207],[46.82889212624933,24.554744881513155],[46.8288921908595,24.5547449123291]]]}},{"type":"Feature","properties":{"plan_no":"2705/5","plan_id":"2620","block_no":"62","parcel_no":"1055","parcel_id":14315341,"object_id":6196450,"area_m2":1020.57899992},"geometry":{"type":"Polygon","coordinates":[[[46.829192389505565,24.5548939150836],[46.82904547240618,24.555129502015546],[46.82890147787961,24.55505603094424],[46.82875605612989,24.55498542686003],[46.8288921908595,24.5547449123291],[46.8290430393842,24.55481790427568],[46.829192389505565,24.5548939150836]]]}},{"type":"Feature","properties":{"plan_no":"2705/5","plan_id":"2620","block_no":"62","parcel_no":"1056","parcel_id":14315141,"object_id":6229925,"area_m2":1024.067788195},"geometry":{"type":"Polygon","coordinates":[[[46.82948634385628,24.55505492791317],[46.82932852933254,24.555284738188238],[46.829187776197,24.55520570637302],[46.82904547240618,24.555129502015546],[46.829192389505565,24.5548939150836],[46.829340184115296,24.554972929142824],[46.82948634385628,24.55505492791317]]]}},{"type":"Feature","properties":{"plan_no":"2705/5","plan_id":"2620","block_no":"62","parcel_no":"1057","parcel_id":14318331,"object_id":6234251,"area_m2":1024.28016892},"geometry":{"type":"Polygon","coordinates":[[[46.829772563527,24.55522721054636],[46.82960425833403,24.55545064156983],[46.82946722744383,24.555366304430468],[46.82932852933254,24.555284738188238],[46.82948634385628,24.55505492791317],[46.8296303339903,24.55513960675622],[46.829772563527,24.55522721054636]]]}},{"type":"Feature","properties":{"plan_no":"2705/5","plan_id":"2620","block_no":"62","parcel_no":"1058","parcel_id":14318083,"object_id":6212917,"area_m2":1023.66272544},"geometry":{"type":"Polygon","coordinates":[[[46.83005052177818,24.555410446197982],[46.82987217460304,24.555626928267525],[46.82973910806723,24.555537429888503],[46.82960425833403,24.55545064156983],[46.829772563527,24.55522721054636],[46.8299124852513,24.555317398502567],[46.83005052177818,24.555410446197982]]]}},{"type":"Feature","properties":{"plan_no":"2705/5","plan_id":"2620","block_no":"62","parcel_no":"1059","parcel_id":14315213,"object_id":7329396,"area_m2":1022.21750272},"geometry":{"type":"Polygon","coordinates":[[[46.83031971232436,24.555604299780242],[46.830131813669325,24.555813287961254],[46.83000294388898,24.55571878490483],[46.82987217460304,24.555626928267525],[46.83005052177818,24.555410446197982],[46.83018612175538,24.55550597782868],[46.83031971232436,24.555604299780242]]]}},{"type":"Feature","properties":{"plan_no":"2705/5","plan_id":"2620","block_no":"62","parcel_no":"1060","parcel_id":14315191,"object_id":6235867,"area_m2":1019.9270834650001},"geometry":{"type":"Polygon","coordinates":[[[46.83057964032012,24.555808408983207],[46.83038272460887,24.556009392111555],[46.8302582755267,24.555910052385638],[46.830131813669325,24.555813287961254],[46.83031971232436,24.555604299780242],[46.830450741574296,24.555704997809716],[46.83057964032012,24.555808408983207]]]}},{"type":"Feature","properties":{"plan_no":"2705/5","plan_id":"2620","block_no":"62","parcel_no":"1061","parcel_id":14318125,"object_id":6167536,"area_m2":1016.81312505},"geometry":{"type":"Polygon","coordinates":[[[46.830829834399886,24.556022397671043],[46.83062446720068,24.55621490211945],[46.83050465780355,24.556110897997925],[46.83038272460887,24.556009392111555],[46.83057964032012,24.555808408983207],[46.83070586201653,24.55591408838657],[46.830829834399886,24.556022397671043]]]}},{"type":"Feature","properties":{"plan_no":"2705/5","plan_id":"2620","block_no":"62","parcel_no":"1062","parcel_id":14315451,"object_id":7329937,"area_m2":1012.88629281},"geometry":{"type":"Polygon","coordinates":[[[46.83106983676882,24.55624587329339],[46.83085661874364,24.556429462923273],[46.83074166024443,24.556320973649672],[46.83062446720068,24.55621490211945],[46.830829834399886,24.556022397671043],[46.830951018863686,24.55613286469554],[46.83106983676882,24.55624587329339]]]}},{"type":"Feature","properties":{"plan_no":"2705/5","plan_id":"2620","block_no":"62","parcel_no":"1063","parcel_id":14316195,"object_id":6201390,"area_m2":1142.5513807},"geometry":{"type":"Polygon","coordinates":[[[46.83106983676882,24.55624587329339],[46.83120575899259,24.556381263021507],[46.831338242652386,24.55652001931607],[46.83109861640816,24.55667355626633],[46.830979015422756,24.556550123749243],[46.83085661874364,24.556429462923273],[46.83106983676882,24.55624587329339]]]}},{"type":"Feature","properties":{"plan_no":"2705/5","plan_id":"2620","block_no":"63","parcel_no":"1064","parcel_id":14317719,"object_id":6146697,"area_m2":900.644427675},"geometry":{"type":"Polygon","coordinates":[[[46.83172814455346,24.556270193740176],[46.83150079945423,24.55641586346139],[46.83140267026316,24.55631194111444],[46.83130265813452,24.55620982957512],[46.83150513592625,24.556039544411938],[46.83161776799283,24.556153778682056],[46.83172814455346,24.556270193740176]]]}},{"type":"Feature","properties":{"plan_no":"2705/5","plan_id":"2620","block_no":"63","parcel_no":"1065","parcel_id":14317667,"object_id":6167984,"area_m2":1045.78563912},"geometry":{"type":"Polygon","coordinates":[[[46.83150513592625,24.556039544411938],[46.83130265813452,24.55620982957512],[46.831177927788794,24.556087517983233],[46.831050525356744,24.555967992233022],[46.83124378077117,24.55579066793887],[46.83137581262783,24.55591368399264],[46.83150513592625,24.556039544411938]]]}},{"type":"Feature","properties":{"plan_no":"2705/5","plan_id":"2620","block_no":"63","parcel_no":"1066","parcel_id":14315889,"object_id":6231796,"area_m2":1026.676013215},"geometry":{"type":"Polygon","coordinates":[[[46.83124378077117,24.55579066793887],[46.831050525356744,24.555967992233022],[46.830921851500506,24.555852456162366],[46.830790710420864,24.555739728339127],[46.830974758286615,24.555555699667842],[46.83111051997826,24.555671752124965],[46.83124378077117,24.55579066793887]]]}},{"type":"Feature","properties":{"plan_no":"2705/5","plan_id":"2620","block_no":"63","parcel_no":"1067","parcel_id":14317121,"object_id":6167516,"area_m2":1011.100965015},"geometry":{"type":"Polygon","coordinates":[[[46.830974758286615,24.555555699667842],[46.830790710420864,24.555739728339127],[46.83065824900964,24.55563070657531],[46.83052350581334,24.55552451786828],[46.83069833687338,24.555334092779187],[46.830837703989474,24.55544345377584],[46.830974758286615,24.555555699667842]]]}},{"type":"Feature","properties":{"plan_no":"2705/5","plan_id":"2620","block_no":"63","parcel_no":"1068","parcel_id":14318215,"object_id":6239053,"area_m2":998.72146222},"geometry":{"type":"Polygon","coordinates":[[[46.83069833687338,24.555334092779187],[46.83052350581334,24.55552451786828],[46.83038738237879,24.55542180455006],[46.83024914834833,24.55532194981558],[46.83041473505122,24.555125400374397],[46.8305576065459,24.55522829171091],[46.83069833687338,24.555334092779187]]]}},{"type":"Feature","properties":{"plan_no":"2705/5","plan_id":"2620","block_no":"63","parcel_no":"1069","parcel_id":14315873,"object_id":6209424,"area_m2":989.31118154},"geometry":{"type":"Polygon","coordinates":[[[46.83041473505122,24.555125400374397],[46.83024914834833,24.55532194981558],[46.830109463058264,24.555225376364934],[46.829967823669676,24.55513169234693],[46.8301241173797,24.554929266496885],[46.830270418368116,24.555025863332162],[46.83041473505122,24.555125400374397]]]}},{"type":"Feature","properties":{"plan_no":"2705/5","plan_id":"2620","block_no":"63","parcel_no":"1070","parcel_id":14318245,"object_id":6156699,"area_m2":982.680843845},"geometry":{"type":"Polygon","coordinates":[[[46.8301241173797,24.554929266496885],[46.829967823669676,24.55513169234693],[46.82982464940756,24.555041136631985],[46.82967966836879,24.554953502704553],[46.82982660327495,24.554745421510074],[46.829976278568616,24.554835858024777],[46.8301241173797,24.554929266496885]]]}},{"type":"Feature","properties":{"plan_no":"2705/5","plan_id":"2620","block_no":"63","parcel_no":"1071","parcel_id":14317761,"object_id":7310566,"area_m2":978.706238815},"geometry":{"type":"Polygon","coordinates":[[[46.82982660327495,24.554745421510074],[46.82967966836879,24.554953502704553],[46.82953306133149,24.554868871687503],[46.82938478538243,24.55478719993373],[46.82952226981284,24.55457367122886],[46.82967528538057,24.5546580422706],[46.82982660327495,24.554745421510074]]]}},{"type":"Feature","properties":{"plan_no":"2705/5","plan_id":"2620","block_no":"63","parcel_no":"1072","parcel_id":14318063,"object_id":6146927,"area_m2":977.293217615},"geometry":{"type":"Polygon","coordinates":[[[46.82952226981284,24.55457367122886],[46.82938478538243,24.55478719993373],[46.82923478061415,24.554708435741233],[46.82908323817539,24.554632672176247],[46.82921115554526,24.554413887844174],[46.82936749599529,24.554492254341273],[46.82952226981284,24.55457367122886]]]}},{"type":"Feature","properties":{"plan_no":"2705/5","plan_id":"2620","block_no":"63","parcel_no":"1073","parcel_id":14318159,"object_id":6229444,"area_m2":967.394258765},"geometry":{"type":"Polygon","coordinates":[[[46.82921115554526,24.554413887844174],[46.82908323817539,24.554632672176247],[46.82898286092776,24.554584528465966],[46.82877671000763,24.554486944810673],[46.82890149112361,24.554266486958912],[46.82910761193784,24.554364056377725],[46.82921115554526,24.554413887844174]]]}},{"type":"Feature","properties":{"plan_no":"2705/5","plan_id":"2620","block_no":"63","parcel_no":"1074","parcel_id":14316177,"object_id":6146538,"area_m2":956.8105864},"geometry":{"type":"Polygon","coordinates":[[[46.82890149112361,24.554266486958912],[46.82877671000763,24.554486944810673],[46.82849948726605,24.554355717757357],[46.828489626322664,24.55435104954319],[46.8285009708117,24.554331006539318],[46.82848124695563,24.55432167013419],[46.82848691968704,24.554311648175325],[46.82859468400853,24.554121255512193],[46.82890149112361,24.554266486958912]]]}},{"type":"Feature","properties":{"plan_no":"2705/5","plan_id":"2620","block_no":"63","parcel_no":"1075","parcel_id":14315415,"object_id":6228401,"area_m2":956.811915245},"geometry":{"type":"Polygon","coordinates":[[[46.82845017959526,24.554332376715582],[46.82844031766842,24.554327708509934],[46.82816309459585,24.55419647990318],[46.828287876581825,24.553976023408524],[46.82859468400853,24.554121255512193],[46.82848691968704,24.554311648175325],[46.82848124695563,24.55432167013419],[46.8284615240893,24.55431233371435],[46.82845017959526,24.554332376715582]]]}},{"type":"Feature","properties":{"plan_no":"2705/5","plan_id":"2620","block_no":"63","parcel_no":"1076","parcel_id":14318579,"object_id":6199067,"area_m2":962.5647651},"geometry":{"type":"Polygon","coordinates":[[[46.82871948149506,24.5539007687136],[46.82859468400853,24.554121255512193],[46.828287876581825,24.553976023408524],[46.82841267449687,24.553755536837162],[46.82871948149506,24.5539007687136]]]}},{"type":"Feature","properties":{"plan_no":"2705/5","plan_id":"2620","block_no":"63","parcel_no":"1077","parcel_id":14318827,"object_id":7337257,"area_m2":962.56233978},"geometry":{"type":"Polygon","coordinates":[[[46.82902628818161,24.55404599993309],[46.82890149112361,24.554266486958912],[46.82859468400853,24.554121255512193],[46.82871948149506,24.5539007687136],[46.82902628818161,24.55404599993309]]]}},{"type":"Feature","properties":{"plan_no":"2705/5","plan_id":"2620","block_no":"63","parcel_no":"1078","parcel_id":14319155,"object_id":6198191,"area_m2":977.729469365},"geometry":{"type":"Polygon","coordinates":[[[46.829339165931266,24.554194944288632],[46.82921115554526,24.554413887844174],[46.82910761193784,24.554364056377725],[46.82890149112361,24.554266486958912],[46.82902628818161,24.55404599993309],[46.829232379876935,24.55414355510346],[46.829339165931266,24.554194944288632]]]}},{"type":"Feature","properties":{"plan_no":"2705/5","plan_id":"2620","block_no":"63","parcel_no":"1079","parcel_id":14315111,"object_id":6239624,"area_m2":1009.741761605},"geometry":{"type":"Polygon","coordinates":[[[46.8296600192693,24.554359730201316],[46.82952226981284,24.55457367122886],[46.82936749599529,24.55449225434127],[46.82921115554526,24.554413887844174],[46.829339165931266,24.554194944288632],[46.82950039993166,24.55427576529648],[46.8296600192693,24.554359730201316]]]}},{"type":"Feature","properties":{"plan_no":"2705/5","plan_id":"2620","block_no":"63","parcel_no":"1080","parcel_id":14316943,"object_id":6231781,"area_m2":1011.99326205},"geometry":{"type":"Polygon","coordinates":[[[46.82997388014452,24.554536857521278],[46.82982660327495,24.554745421510074],[46.829675285380574,24.554658042270592],[46.82952226981284,24.55457367122886],[46.8296600192693,24.554359730201316],[46.829817824656985,24.55444674349292],[46.82997388014452,24.554536857521278]]]}},{"type":"Feature","properties":{"plan_no":"2705/5","plan_id":"2620","block_no":"63","parcel_no":"1081","parcel_id":14315113,"object_id":6167779,"area_m2":1016.08544315},"geometry":{"type":"Polygon","coordinates":[[[46.830280707100975,24.554726457706668],[46.8301241173797,24.554929266496885],[46.82997627856861,24.55483585802478],[46.82982660327495,24.554745421510074],[46.82997388014452,24.554536857521278],[46.83012824017523,24.55463012582319],[46.830280707100975,24.554726457706668]]]}},{"type":"Feature","properties":{"plan_no":"2705/5","plan_id":"2620","block_no":"63","parcel_no":"1082","parcel_id":14315947,"object_id":6211068,"area_m2":1022.07888894},"geometry":{"type":"Polygon","coordinates":[[[46.83058042217191,24.554928731275915],[46.83041473505122,24.555125400374397],[46.83027041836812,24.55502586333216],[46.8301241173797,24.554929266496885],[46.830280707100975,24.554726457706668],[46.83043158742778,24.55482607898939],[46.83058042217191,24.554928731275915]]]}},{"type":"Feature","properties":{"plan_no":"2705/5","plan_id":"2620","block_no":"63","parcel_no":"1083","parcel_id":14315115,"object_id":7195657,"area_m2":1030.070219455},"geometry":{"type":"Polygon","coordinates":[[[46.83087290116812,24.55514395876031],[46.83069833687338,24.555334092779187],[46.8305576065459,24.55522829171091],[46.83041473505122,24.555125400374397],[46.83058042217191,24.554928731275915],[46.83072776579086,24.55503484459563],[46.83087290116812,24.55514395876031]]]}},{"type":"Feature","properties":{"plan_no":"2705/5","plan_id":"2620","block_no":"63","parcel_no":"1084","parcel_id":14315503,"object_id":6196629,"area_m2":1040.203836},"geometry":{"type":"Polygon","coordinates":[[[46.83115797469139,24.55537250249776],[46.830974758286615,24.555555699667842],[46.830837703989474,24.55544345377584],[46.83069833687338,24.555334092779187],[46.83087290116812,24.55514395876031],[46.83101663086002,24.555256742630117],[46.83115797469139,24.55537250249776]]]}},{"type":"Feature","properties":{"plan_no":"2705/5","plan_id":"2620","block_no":"63","parcel_no":"1085","parcel_id":14318039,"object_id":6156648,"area_m2":1052.67009418},"geometry":{"type":"Polygon","coordinates":[[[46.831435421488514,24.555614824771123],[46.83124378077117,24.55579066793887],[46.83111051997826,24.55567175212497],[46.830974758286615,24.555555699667842],[46.83115797469139,24.55537250249776],[46.83129798761769,24.55549218719014],[46.831435421488514,24.555614824771123]]]}},{"type":"Feature","properties":{"plan_no":"2705/5","plan_id":"2620","block_no":"63","parcel_no":"1086","parcel_id":14316519,"object_id":6201030,"area_m2":1067.69817907},"geometry":{"type":"Polygon","coordinates":[[[46.8317049586343,24.55587149153928],[46.83150513592625,24.556039544411938],[46.831375812627826,24.555913683992646],[46.83124378077117,24.55579066793887],[46.831435421488514,24.555614824771123],[46.83157158600803,24.5557416922098],[46.8317049586343,24.55587149153928]]]}},{"type":"Feature","properties":{"plan_no":"2705/5","plan_id":"2620","block_no":"63","parcel_no":"1087","parcel_id":14318301,"object_id":6230636,"area_m2":987.904374145},"geometry":{"type":"Polygon","coordinates":[[[46.8317049586343,24.55587149153928],[46.83182953006409,24.55599801842639],[46.83195141856695,24.556127131892588],[46.83172814455346,24.556270193740176],[46.83161776799283,24.556153778682056],[46.83150513592625,24.556039544411938],[46.8317049586343,24.55587149153928]]]}},{"type":"Feature","properties":{"plan_no":"2705/5","plan_id":"2620","block_no":"64","parcel_no":"1088","parcel_id":14316647,"object_id":7108298,"area_m2":1254.37472609},"geometry":{"type":"Polygon","coordinates":[[[46.82778811147095,24.55446624464662],[46.82762474744783,24.554754861552496],[46.827347525149115,24.554623632347667],[46.82733766323453,24.554618964068936],[46.827349007934025,24.554598921140407],[46.82732928509642,24.554589584570238],[46.827334956959184,24.55457956356371],[46.8274813039915,24.554321010901006],[46.82778811147095,24.55446624464662]]]}},{"type":"Feature","properties":{"plan_no":"2705/5","plan_id":"2620","block_no":"64","parcel_no":"1089","parcel_id":14318423,"object_id":6169724,"area_m2":1155.00100672},"geometry":{"type":"Polygon","coordinates":[[[46.827937860700935,24.55420167880337],[46.82778811147095,24.55446624464662],[46.8274813039915,24.554321010901006],[46.827631053735644,24.55405644533044],[46.827937860700935,24.55420167880337]]]}},{"type":"Feature","properties":{"plan_no":"2705/5","plan_id":"2620","block_no":"64","parcel_no":"1090","parcel_id":14317373,"object_id":6238575,"area_m2":1155.00100672},"geometry":{"type":"Polygon","coordinates":[[[46.828087609330446,24.55393711283914],[46.827937860700935,24.55420167880337],[46.827631053735644,24.55405644533044],[46.8277808028793,24.553791879638894],[46.828087609330446,24.55393711283914]]]}},{"type":"Feature","properties":{"plan_no":"2705/5","plan_id":"2620","block_no":"64","parcel_no":"1091","parcel_id":14316137,"object_id":6238643,"area_m2":1155.00671033},"geometry":{"type":"Polygon","coordinates":[[[46.82793055335711,24.553527311094296],[46.82823735735946,24.55367254675393],[46.828087609330446,24.55393711283914],[46.8277808028793,24.553791879638894],[46.82793055335711,24.553527311094296]]]}},{"type":"Feature","properties":{"plan_no":"2705/5","plan_id":"2620","block_no":"64","parcel_no":"1092","parcel_id":14317533,"object_id":6229269,"area_m2":1155.004952835},"geometry":{"type":"Polygon","coordinates":[[[46.82793055335711,24.553527311094296],[46.8277808028793,24.553791879638894],[46.82747399809045,24.55364664575777],[46.82762374714777,24.553382080217894],[46.82793055335711,24.553527311094296]]]}},{"type":"Feature","properties":{"plan_no":"2705/5","plan_id":"2620","block_no":"64","parcel_no":"1093","parcel_id":14318635,"object_id":6320899,"area_m2":1154.99809653},"geometry":{"type":"Polygon","coordinates":[[[46.8277808028793,24.553791879638894],[46.827631053735644,24.55405644533044],[46.82732424843263,24.553911211176654],[46.82747399809045,24.55364664575777],[46.8277808028793,24.553791879638894]]]}},{"type":"Feature","properties":{"plan_no":"2705/5","plan_id":"2620","block_no":"64","parcel_no":"1094","parcel_id":14316705,"object_id":6386046,"area_m2":1154.99809653},"geometry":{"type":"Polygon","coordinates":[[[46.827631053735644,24.55405644533044],[46.8274813039915,24.554321010901006],[46.827174498174344,24.554175776474544],[46.82732424843263,24.553911211176654],[46.827631053735644,24.55405644533044]]]}},{"type":"Feature","properties":{"plan_no":"2705/5","plan_id":"2620","block_no":"64","parcel_no":"1095","parcel_id":14316309,"object_id":6145760,"area_m2":1254.3734824750002},"geometry":{"type":"Polygon","coordinates":[[[46.82729821657015,24.554600290935184],[46.82728835465906,24.554595622653],[46.82701113302943,24.554464392785487],[46.827174498174344,24.554175776474544],[46.8274813039915,24.554321010901006],[46.827334956959184,24.55457956356371],[46.82732928509642,24.554589584570238],[46.82730956127464,24.55458024800929],[46.82729821657015,24.554600290935184]]]}},{"type":"Feature","properties":{"plan_no":"2705/5","plan_id":"2620","block_no":"65","parcel_no":"1096","parcel_id":14316085,"object_id":6168105,"area_m2":974.96879382},"geometry":{"type":"Polygon","coordinates":[[[46.82697195262645,24.55414088720179],[46.82683581759096,24.55438139654453],[46.82655093060462,24.554246536214166],[46.8266870660741,24.55400602710161],[46.82697195262645,24.55414088720179]]]}},{"type":"Feature","properties":{"plan_no":"2705/5","plan_id":"2620","block_no":"65","parcel_no":"1097","parcel_id":14315711,"object_id":6155590,"area_m2":929.98246334},"geometry":{"type":"Polygon","coordinates":[[[46.8266870660741,24.55400602710161],[46.82655093060462,24.554246536214166],[46.82627918902052,24.55411789832601],[46.826415324903955,24.553877389433044],[46.8266870660741,24.55400602710161]]]}},{"type":"Feature","properties":{"plan_no":"2705/5","plan_id":"2620","block_no":"65","parcel_no":"1098","parcel_id":14318503,"object_id":6208639,"area_m2":929.98246334},"geometry":{"type":"Polygon","coordinates":[[[46.826415324903955,24.553877389433044],[46.82627918902052,24.55411789832601],[46.826007447966255,24.55398925991316],[46.82614358426364,24.553748751239752],[46.826415324903955,24.553877389433044]]]}},{"type":"Feature","properties":{"plan_no":"2705/5","plan_id":"2620","block_no":"65","parcel_no":"1099","parcel_id":14315967,"object_id":6229499,"area_m2":929.98510892},"geometry":{"type":"Polygon","coordinates":[[[46.82614358426364,24.553748751239752],[46.826007447966255,24.55398925991316],[46.82573570645487,24.553860620987546],[46.8258718431662,24.55362011253371],[46.82614358426364,24.553748751239752]]]}},{"type":"Feature","properties":{"plan_no":"2705/5","plan_id":"2620","block_no":"65","parcel_no":"1100","parcel_id":14317979,"object_id":6167529,"area_m2":929.98187118},"geometry":{"type":"Polygon","coordinates":[[[46.8258718431662,24.55362011253371],[46.82573570645487,24.553860620987546],[46.825463966460276,24.553731981525267],[46.82560010457247,24.553491473279074],[46.8258718431662,24.55362011253371]]]}},{"type":"Feature","properties":{"plan_no":"2705/5","plan_id":"2620","block_no":"65","parcel_no":"1101","parcel_id":14316759,"object_id":6208939,"area_m2":929.98659097},"geometry":{"type":"Polygon","coordinates":[[[46.82560010457247,24.553491473279074],[46.825463966460276,24.553731981525267],[46.82519222699552,24.55360334153832],[46.82532836452161,24.553362832620945],[46.82560010457247,24.553491473279074]]]}},{"type":"Feature","properties":{"plan_no":"2705/5","plan_id":"2620","block_no":"65","parcel_no":"1102","parcel_id":14318951,"object_id":7273601,"area_m2":929.98659097},"geometry":{"type":"Polygon","coordinates":[[[46.82532836452161,24.553362832620945],[46.82519222699552,24.55360334153832],[46.82492048706057,24.553474700135926],[46.82505662600059,24.553234192328883],[46.82532836452161,24.553362832620945]]]}},{"type":"Feature","properties":{"plan_no":"2705/5","plan_id":"2620","block_no":"65","parcel_no":"1103","parcel_id":14318041,"object_id":6199389,"area_m2":929.98451676},"geometry":{"type":"Polygon","coordinates":[[[46.82505662600059,24.553234192328883],[46.82492048706057,24.553474700135926],[46.82464874865548,24.553346059099606],[46.82478488702245,24.55310555152412],[46.82505662600059,24.553234192328883]]]}},{"type":"Feature","properties":{"plan_no":"2705/5","plan_id":"2620","block_no":"65","parcel_no":"1104","parcel_id":14315701,"object_id":6164981,"area_m2":929.98246334},"geometry":{"type":"Polygon","coordinates":[[[46.82478488702245,24.55310555152412],[46.82464874865548,24.553346059099606],[46.824377010780225,24.553217417538637],[46.824513149561085,24.55297691018272],[46.82478488702245,24.55310555152412]]]}},{"type":"Feature","properties":{"plan_no":"2705/5","plan_id":"2620","block_no":"65","parcel_no":"1105","parcel_id":14319149,"object_id":6238868,"area_m2":929.98246334},"geometry":{"type":"Polygon","coordinates":[[[46.824513149561085,24.55297691018272],[46.824377010780225,24.553217417538637],[46.824105273434824,24.553088775452995],[46.824241412629554,24.55284826831667],[46.824513149561085,24.55297691018272]]]}},{"type":"Feature","properties":{"plan_no":"2705/5","plan_id":"2620","block_no":"65","parcel_no":"1106","parcel_id":14316319,"object_id":6145761,"area_m2":929.98510892},"geometry":{"type":"Polygon","coordinates":[[[46.824241412629554,24.55284826831667],[46.824105273434824,24.553088775452995],[46.82383353563232,24.55296013285465],[46.823969675240924,24.55271962593792],[46.824241412629554,24.55284826831667]]]}},{"type":"Feature","properties":{"plan_no":"2705/5","plan_id":"2620","block_no":"65","parcel_no":"1107","parcel_id":14315293,"object_id":6196446,"area_m2":929.98246334},"geometry":{"type":"Polygon","coordinates":[[[46.823969675240924,24.55271962593792],[46.82383353563232,24.55296013285465],[46.8235617993466,24.552831489719722],[46.82369793936906,24.552590983022604],[46.823969675240924,24.55271962593792]]]}},{"type":"Feature","properties":{"plan_no":"2705/5","plan_id":"2620","block_no":"65","parcel_no":"1108","parcel_id":14318005,"object_id":6167532,"area_m2":929.98246334},"geometry":{"type":"Polygon","coordinates":[[[46.82369793936906,24.552590983022604],[46.8235617993466,24.552831489719722],[46.823290063590726,24.552702846060182],[46.82342620402704,24.552462339582643],[46.82369793936906,24.552590983022604]]]}},{"type":"Feature","properties":{"plan_no":"2705/5","plan_id":"2620","block_no":"65","parcel_no":"1109","parcel_id":14315219,"object_id":6176505,"area_m2":1064.99633058},"geometry":{"type":"Polygon","coordinates":[[[46.82342620402704,24.552462339582643],[46.823290063590726,24.552702846060182],[46.82297887796206,24.552555525785888],[46.823115018872286,24.552315019559853],[46.82342620402704,24.552462339582643]]]}},{"type":"Feature","properties":{"plan_no":"2705/5","plan_id":"2620","block_no":"65","parcel_no":"1110","parcel_id":14317805,"object_id":6229428,"area_m2":1065.014845815},"geometry":{"type":"Polygon","coordinates":[[[46.82356234587565,24.55222182846765],[46.82342620402704,24.552462339582643],[46.823115018872286,24.552315019559853],[46.82325116218175,24.552074508684402],[46.82356234587565,24.55222182846765]]]}},{"type":"Feature","properties":{"plan_no":"2705/5","plan_id":"2620","block_no":"65","parcel_no":"1111","parcel_id":14317243,"object_id":6238569,"area_m2":929.99905581},"geometry":{"type":"Polygon","coordinates":[[[46.82383408080382,24.552350471688015],[46.82369793936906,24.552590983022604],[46.82342620402704,24.552462339582643],[46.82356234587565,24.55222182846765],[46.82383408080382,24.552350471688015]]]}},{"type":"Feature","properties":{"plan_no":"2705/5","plan_id":"2620","block_no":"65","parcel_no":"1112","parcel_id":14315539,"object_id":6208514,"area_m2":930.00044948},"geometry":{"type":"Polygon","coordinates":[[[46.82410581726181,24.552479115274494],[46.823969675240924,24.55271962593792],[46.82369793936906,24.552590983022604],[46.82383408080382,24.552350471688015],[46.82410581726181,24.552479115274494]]]}},{"type":"Feature","properties":{"plan_no":"2705/5","plan_id":"2620","block_no":"65","parcel_no":"1113","parcel_id":14316537,"object_id":6155767,"area_m2":929.99837526},"geometry":{"type":"Polygon","coordinates":[[[46.82437755324964,24.552607757445596],[46.824241412629554,24.55284826831667],[46.823969675240924,24.55271962593792],[46.82410581726181,24.552479115274494],[46.82437755324964,24.552607757445596]]]}},{"type":"Feature","properties":{"plan_no":"2705/5","plan_id":"2620","block_no":"65","parcel_no":"1114","parcel_id":14315339,"object_id":6208507,"area_m2":924.372969795},"geometry":{"type":"Polygon","coordinates":[[[46.82461970573328,24.552722393665213],[46.82462956740623,24.55272706213754],[46.82461822240768,24.55274710488136],[46.82463794575817,24.552756441825256],[46.82463227277192,24.552766463654912],[46.824513149561085,24.55297691018272],[46.824241412629554,24.55284826831667],[46.82437755324964,24.552607757445596],[46.82461970573328,24.552722393665213]]]}},{"type":"Feature","properties":{"plan_no":"2705/5","plan_id":"2620","block_no":"65","parcel_no":"1115","parcel_id":14317907,"object_id":6238824,"area_m2":924.372459615},"geometry":{"type":"Polygon","coordinates":[[[46.82492102780169,24.552865040201898],[46.82478488702245,24.55310555152412],[46.824513149561085,24.55297691018272],[46.82463227277192,24.552766463654912],[46.82463794575817,24.552756441825256],[46.82465766812452,24.55276577877835],[46.824669013118076,24.55274573603186],[46.824678874794515,24.55275040450073],[46.82492102780169,24.552865040201898]]]}},{"type":"Feature","properties":{"plan_no":"2705/5","plan_id":"2620","block_no":"65","parcel_no":"1116","parcel_id":14318963,"object_id":6155950,"area_m2":929.99837526},"geometry":{"type":"Polygon","coordinates":[[[46.825192765378986,24.552993680799048],[46.82505662600059,24.553234192328883],[46.82478488702245,24.55310555152412],[46.82492102780169,24.552865040201898],[46.825192765378986,24.552993680799048]]]}},{"type":"Feature","properties":{"plan_no":"2705/5","plan_id":"2620","block_no":"65","parcel_no":"1117","parcel_id":14316907,"object_id":6156536,"area_m2":929.99632182},"geometry":{"type":"Polygon","coordinates":[[[46.82546450348609,24.553122320871523],[46.82532836452161,24.553362832620945],[46.82505662600059,24.553234192328883],[46.825192765378986,24.552993680799048],[46.82546450348609,24.553122320871523]]]}},{"type":"Feature","properties":{"plan_no":"2705/5","plan_id":"2620","block_no":"65","parcel_no":"1118","parcel_id":14318521,"object_id":6234259,"area_m2":930.00038188},"geometry":{"type":"Polygon","coordinates":[[[46.825736243123025,24.553250961310074],[46.82560010457247,24.553491473279074],[46.82532836452161,24.553362832620945],[46.82546450348609,24.553122320871523],[46.825736243123025,24.553250961310074]]]}},{"type":"Feature","properties":{"plan_no":"2705/5","plan_id":"2620","block_no":"65","parcel_no":"1119","parcel_id":14316019,"object_id":6146682,"area_m2":929.9936762},"geometry":{"type":"Polygon","coordinates":[[[46.82600798130283,24.553379600345135],[46.8258718431662,24.55362011253371],[46.82560010457247,24.553491473279074],[46.825736243123025,24.553250961310074],[46.82600798130283,24.553379600345135]]]}},{"type":"Feature","properties":{"plan_no":"2705/5","plan_id":"2620","block_no":"65","parcel_no":"1120","parcel_id":14319109,"object_id":6222719,"area_m2":929.99830766},"geometry":{"type":"Polygon","coordinates":[[[46.826279721999406,24.553508239734303],[46.82614358426364,24.553748751239752],[46.8258718431662,24.55362011253371],[46.82600798130283,24.553379600345135],[46.826279721999406,24.553508239734303]]]}},{"type":"Feature","properties":{"plan_no":"2705/5","plan_id":"2620","block_no":"65","parcel_no":"1121","parcel_id":14317087,"object_id":6208040,"area_m2":929.99358783},"geometry":{"type":"Polygon","coordinates":[[[46.82655146222577,24.553636877708026],[46.826415324903955,24.553877389433044],[46.82614358426364,24.553748751239752],[46.826279721999406,24.553508239734303],[46.82655146222577,24.553636877708026]]]}},{"type":"Feature","properties":{"plan_no":"2705/5","plan_id":"2620","block_no":"65","parcel_no":"1122","parcel_id":14318613,"object_id":7273589,"area_m2":929.996960815},"geometry":{"type":"Polygon","coordinates":[[[46.82682320394273,24.553765513339652],[46.8266870660741,24.55400602710161],[46.826415324903955,24.553877389433044],[46.82655146222577,24.553636877708026],[46.82682320394273,24.553765513339652]]]}},{"type":"Feature","properties":{"plan_no":"2705/5","plan_id":"2620","block_no":"65","parcel_no":"1123","parcel_id":14318315,"object_id":7189912,"area_m2":974.984906185},"geometry":{"type":"Polygon","coordinates":[[[46.82682320394273,24.553765513339652],[46.82710808908724,24.553900374124314],[46.82697195262645,24.55414088720179],[46.8266870660741,24.55400602710161],[46.82682320394273,24.553765513339652]]]}},{"type":"Feature","properties":{"plan_no":"2705/5","plan_id":"2620","block_no":"66","parcel_no":"1124","parcel_id":14318169,"object_id":6199603,"area_m2":901.9282647250001},"geometry":{"type":"Polygon","coordinates":[[[46.82729076401905,24.553503997439535],[46.82730172314551,24.55350918510924],[46.827291513278716,24.55352722346508],[46.82731342657586,24.553537597057687],[46.82730832165576,24.553546617138764],[46.82719884742155,24.553740030801524],[46.82690955648472,24.553603086515047],[46.82703434888123,24.5533826154951],[46.82729076401905,24.553503997439535]]]}},{"type":"Feature","properties":{"plan_no":"2705/5","plan_id":"2620","block_no":"66","parcel_no":"1125","parcel_id":14318927,"object_id":6197972,"area_m2":907.5027283},"geometry":{"type":"Polygon","coordinates":[[[46.82703434888123,24.5533826154951],[46.82690955648472,24.553603086515047],[46.8266202840441,24.553466150445573],[46.826745076831465,24.55324567873718],[46.82703434888123,24.5533826154951]]]}},{"type":"Feature","properties":{"plan_no":"2705/5","plan_id":"2620","block_no":"66","parcel_no":"1126","parcel_id":14317349,"object_id":6179576,"area_m2":935.002336555},"geometry":{"type":"Polygon","coordinates":[[[46.826745076831465,24.55324567873718],[46.8266202840441,24.553466150445573],[46.82632224671221,24.553325063023443],[46.82644703992882,24.553104592438512],[46.826745076831465,24.55324567873718]]]}},{"type":"Feature","properties":{"plan_no":"2705/5","plan_id":"2620","block_no":"66","parcel_no":"1127","parcel_id":14316569,"object_id":6145986,"area_m2":935.00476172},"geometry":{"type":"Polygon","coordinates":[[[46.82644703992882,24.553104592438512],[46.82632224671221,24.553325063023443],[46.826024209043766,24.55318397588482],[46.82614900266348,24.552963504617924],[46.82644703992882,24.553104592438512]]]}},{"type":"Feature","properties":{"plan_no":"2705/5","plan_id":"2620","block_no":"66","parcel_no":"1128","parcel_id":14318653,"object_id":6347588,"area_m2":935.00076238},"geometry":{"type":"Polygon","coordinates":[[[46.82614900266348,24.552963504617924],[46.826024209043766,24.55318397588482],[46.82572617398651,24.553042888091106],[46.82585096802237,24.55282241704498],[46.82614900266348,24.552963504617924]]]}},{"type":"Feature","properties":{"plan_no":"2705/5","plan_id":"2620","block_no":"66","parcel_no":"1129","parcel_id":14315855,"object_id":6155817,"area_m2":935.0077603},"geometry":{"type":"Polygon","coordinates":[[[46.82585096802237,24.55282241704498],[46.82572617398651,24.553042888091106],[46.82542813759269,24.552901799690186],[46.825552932031634,24.552681327962095],[46.82585096802237,24.55282241704498]]]}},{"type":"Feature","properties":{"plan_no":"2705/5","plan_id":"2620","block_no":"66","parcel_no":"1130","parcel_id":14318617,"object_id":6208689,"area_m2":935.005335125},"geometry":{"type":"Polygon","coordinates":[[[46.825552932031634,24.552681327962095],[46.82542813759269,24.552901799690186],[46.825130102810064,24.552760709743463],[46.8252548976782,24.552540239138832],[46.825552932031634,24.552681327962095]]]}},{"type":"Feature","properties":{"plan_no":"2705/5","plan_id":"2620","block_no":"66","parcel_no":"1131","parcel_id":14316349,"object_id":6229280,"area_m2":935.00520147},"geometry":{"type":"Polygon","coordinates":[[[46.8252548976782,24.552540239138832],[46.825130102810064,24.552760709743463],[46.824832067690885,24.552619620080257],[46.82495686396208,24.55239914968445],[46.8252548976782,24.552540239138832]]]}},{"type":"Feature","properties":{"plan_no":"2705/5","plan_id":"2620","block_no":"66","parcel_no":"1132","parcel_id":14315157,"object_id":7324479,"area_m2":935.0027763},"geometry":{"type":"Polygon","coordinates":[[[46.82495686396208,24.55239914968445],[46.824832067690885,24.552619620080257],[46.8245340351829,24.55247852976206],[46.824658830883266,24.552258059598945],[46.82495686396208,24.55239914968445]]]}},{"type":"Feature","properties":{"plan_no":"2705/5","plan_id":"2620","block_no":"66","parcel_no":"1133","parcel_id":14316093,"object_id":6238642,"area_m2":935.0069093},"geometry":{"type":"Polygon","coordinates":[[[46.824658830883266,24.552258059598945],[46.8245340351829,24.55247852976206],[46.824236001325296,24.55233743793394],[46.82436079744178,24.552116967991612],[46.824658830883266,24.552258059598945]]]}},{"type":"Feature","properties":{"plan_no":"2705/5","plan_id":"2620","block_no":"66","parcel_no":"1134","parcel_id":14315647,"object_id":6238224,"area_m2":935.002336555},"geometry":{"type":"Polygon","coordinates":[[[46.82436079744178,24.552116967991612],[46.824236001325296,24.55233743793394],[46.823937969091965,24.552196345462797],[46.82406276563759,24.55197587664394],[46.82436079744178,24.552116967991612]]]}},{"type":"Feature","properties":{"plan_no":"2705/5","plan_id":"2620","block_no":"66","parcel_no":"1135","parcel_id":14315535,"object_id":6196673,"area_m2":935.000600225},"geometry":{"type":"Polygon","coordinates":[[[46.82406276563759,24.55197587664394],[46.823937969091965,24.552196345462797],[46.82363993750903,24.552055253263276],[46.82376473348379,24.551834784677123],[46.82406276563759,24.55197587664394]]]}},{"type":"Feature","properties":{"plan_no":"2705/5","plan_id":"2620","block_no":"66","parcel_no":"1136","parcel_id":14317965,"object_id":6229665,"area_m2":934.94610075},"geometry":{"type":"Polygon","coordinates":[[[46.82376473348379,24.551834784677123],[46.82363993750903,24.552055253263276],[46.82334192345875,24.551914168354024],[46.823466718862626,24.55169370000059],[46.82376473348379,24.551834784677123]]]}},{"type":"Feature","properties":{"plan_no":"2705/5","plan_id":"2620","block_no":"66","parcel_no":"1137","parcel_id":14317069,"object_id":6229285,"area_m2":929.32462694},"geometry":{"type":"Polygon","coordinates":[[[46.823859946340626,24.55160031039665],[46.82386980789819,24.55160497892612],[46.823858461876476,24.551625021628666],[46.82387818499619,24.551634358686876],[46.82387251199182,24.55164438048991],[46.82376473348379,24.551834784677123],[46.823466718862626,24.55169370000059],[46.823591516810275,24.551473231527233],[46.823859946340626,24.55160031039665]]]}},{"type":"Feature","properties":{"plan_no":"2705/5","plan_id":"2620","block_no":"66","parcel_no":"1138","parcel_id":14316851,"object_id":6146480,"area_m2":929.374570055},"geometry":{"type":"Polygon","coordinates":[[[46.82418756079233,24.551755408655648],[46.82406276563759,24.55197587664394],[46.82376473348379,24.551834784677123],[46.82387251199182,24.55164438048991],[46.82387818499619,24.551634358686876],[46.82389790713177,24.551643695754283],[46.823909252161556,24.55162365306103],[46.8239191137226,24.55162832158706],[46.82418756079233,24.551755408655648]]]}},{"type":"Feature","properties":{"plan_no":"2705/5","plan_id":"2620","block_no":"66","parcel_no":"1139","parcel_id":14315631,"object_id":6164979,"area_m2":934.99558774},"geometry":{"type":"Polygon","coordinates":[[[46.82448559218043,24.55189649978257],[46.82436079744178,24.552116967991612],[46.82406276563759,24.55197587664394],[46.82418756079233,24.551755408655648],[46.82448559218043,24.55189649978257]]]}},{"type":"Feature","properties":{"plan_no":"2705/5","plan_id":"2620","block_no":"66","parcel_no":"1140","parcel_id":14319045,"object_id":6238864,"area_m2":934.99930946},"geometry":{"type":"Polygon","coordinates":[[[46.82478362520583,24.55203759116915],[46.824658830883266,24.552258059598945],[46.82436079744178,24.552116967991612],[46.82448559218043,24.55189649978257],[46.82478362520583,24.55203759116915]]]}},{"type":"Feature","properties":{"plan_no":"2705/5","plan_id":"2620","block_no":"66","parcel_no":"1141","parcel_id":14317231,"object_id":6156355,"area_m2":934.99558774},"geometry":{"type":"Polygon","coordinates":[[[46.82508165786853,24.552178681033876],[46.82495686396208,24.55239914968445],[46.824658830883266,24.552258059598945],[46.82478362520583,24.55203759116915],[46.82508165786853,24.552178681033876]]]}},{"type":"Feature","properties":{"plan_no":"2705/5","plan_id":"2620","block_no":"66","parcel_no":"1142","parcel_id":14318577,"object_id":6347587,"area_m2":934.99558774},"geometry":{"type":"Polygon","coordinates":[[[46.82537969116853,24.55231977026752],[46.8252548976782,24.552540239138832],[46.82495686396208,24.55239914968445],[46.82508165786853,24.552178681033876],[46.82537969116853,24.55231977026752]]]}},{"type":"Feature","properties":{"plan_no":"2705/5","plan_id":"2620","block_no":"66","parcel_no":"1143","parcel_id":14318213,"object_id":6146932,"area_m2":934.99558774},"geometry":{"type":"Polygon","coordinates":[[[46.825677725105834,24.552460858870024],[46.825552932031634,24.552681327962095],[46.8252548976782,24.552540239138832],[46.82537969116853,24.55231977026752],[46.825677725105834,24.552460858870024]]]}},{"type":"Feature","properties":{"plan_no":"2705/5","plan_id":"2620","block_no":"66","parcel_no":"1144","parcel_id":14317119,"object_id":6179357,"area_m2":934.99930946},"geometry":{"type":"Polygon","coordinates":[[[46.825975760680436,24.552601947732146],[46.82585096802237,24.55282241704498],[46.825552932031634,24.552681327962095],[46.825677725105834,24.552460858870024],[46.825975760680436,24.552601947732146]]]}},{"type":"Feature","properties":{"plan_no":"2705/5","plan_id":"2620","block_no":"66","parcel_no":"1145","parcel_id":14318661,"object_id":6155167,"area_m2":934.9951765},"geometry":{"type":"Polygon","coordinates":[[[46.82627379589233,24.552743035072403],[46.82614900266348,24.552963504617924],[46.82585096802237,24.55282241704498],[46.825975760680436,24.552601947732146],[46.82627379589233,24.552743035072403]]]}},{"type":"Feature","properties":{"plan_no":"2705/5","plan_id":"2620","block_no":"66","parcel_no":"1146","parcel_id":14316719,"object_id":6196221,"area_m2":934.9988982250001},"geometry":{"type":"Polygon","coordinates":[[[46.82657183175458,24.552884122684194],[46.82644703992882,24.553104592438512],[46.82614900266348,24.552963504617924],[46.82627379589233,24.552743035072403],[46.82657183175458,24.552884122684194]]]}},{"type":"Feature","properties":{"plan_no":"2705/5","plan_id":"2620","block_no":"66","parcel_no":"1147","parcel_id":14316203,"object_id":6167484,"area_m2":934.99558774},"geometry":{"type":"Polygon","coordinates":[[[46.82686986824105,24.553025208762133],[46.826745076831465,24.55324567873718],[46.82644703992882,24.553104592438512],[46.82657183175458,24.552884122684194],[46.82686986824105,24.553025208762133]]]}},{"type":"Feature","properties":{"plan_no":"2705/5","plan_id":"2620","block_no":"66","parcel_no":"1148","parcel_id":14315785,"object_id":6179298,"area_m2":907.49745548},"geometry":{"type":"Polygon","coordinates":[[[46.82715913988687,24.553162145305812],[46.82703434888123,24.5533826154951],[46.826745076831465,24.55324567873718],[46.82686986824105,24.553025208762133],[46.82715913988687,24.553162145305812]]]}},{"type":"Feature","properties":{"plan_no":"2705/5","plan_id":"2620","block_no":"66","parcel_no":"1149","parcel_id":14316277,"object_id":6212556,"area_m2":901.926374945},"geometry":{"type":"Polygon","coordinates":[[[46.82730172314551,24.55350918510924],[46.82729076401905,24.553503997439535],[46.82703434888123,24.5533826154951],[46.82715913988687,24.553162145305812],[46.827448430015735,24.553299089163776],[46.82733895321833,24.553492502042502],[46.82733384827554,24.553501520318875],[46.82731193300952,24.553491146752837],[46.82730172314551,24.55350918510924]]]}},{"type":"Feature","properties":{"plan_no":"2705/5","plan_id":"2620","block_no":"67","parcel_no":"1150","parcel_id":14314959,"object_id":6146325,"area_m2":990.007084295},"geometry":{"type":"Polygon","coordinates":[[[46.822953323728925,24.552207973049928],[46.82280356279187,24.55247253360883],[46.822540593799985,24.552348037670402],[46.82269035220371,24.55208347647839],[46.822953323728925,24.552207973049928]]]}},{"type":"Feature","properties":{"plan_no":"2705/5","plan_id":"2620","block_no":"67","parcel_no":"1151","parcel_id":14316087,"object_id":6229501,"area_m2":990.005487705},"geometry":{"type":"Polygon","coordinates":[[[46.82310307811774,24.55194341063616],[46.822953323728925,24.552207973049928],[46.82269035220371,24.55208347647839],[46.8228401100069,24.551818915165278],[46.82310307811774,24.55194341063616]]]}},{"type":"Feature","properties":{"plan_no":"2705/5","plan_id":"2620","block_no":"67","parcel_no":"1152","parcel_id":14316551,"object_id":7303667,"area_m2":990.00114277},"geometry":{"type":"Polygon","coordinates":[[[46.82325283487988,24.55167884896819],[46.82310307811774,24.55194341063616],[46.8228401100069,24.551818915165278],[46.82298986720957,24.551554353731078],[46.82325283487988,24.55167884896819]]]}},{"type":"Feature","properties":{"plan_no":"2705/5","plan_id":"2620","block_no":"67","parcel_no":"1153","parcel_id":14316211,"object_id":6167486,"area_m2":1080.00177065},"geometry":{"type":"Polygon","coordinates":[[[46.8231532385604,24.551265741359],[46.8234162057371,24.551390235438376],[46.82325283487988,24.55167884896819],[46.82298986720957,24.551554353731078],[46.8231532385604,24.551265741359]]]}},{"type":"Feature","properties":{"plan_no":"2705/5","plan_id":"2620","block_no":"67","parcel_no":"1154","parcel_id":14315611,"object_id":6231771,"area_m2":1079.997304645},"geometry":{"type":"Polygon","coordinates":[[[46.8231532385604,24.551265741359],[46.82298986720957,24.551554353731078],[46.82272690103542,24.551429858893442],[46.822890271879885,24.55114124678832],[46.8231532385604,24.551265741359]]]}},{"type":"Feature","properties":{"plan_no":"2705/5","plan_id":"2620","block_no":"67","parcel_no":"1155","parcel_id":14318735,"object_id":6208694,"area_m2":989.99667669},"geometry":{"type":"Polygon","coordinates":[[[46.82298986720957,24.551554353731078],[46.8228401100069,24.551818915165278],[46.82257714339224,24.55169442009387],[46.82272690103542,24.551429858893442],[46.82298986720957,24.551554353731078]]]}},{"type":"Feature","properties":{"plan_no":"2705/5","plan_id":"2620","block_no":"67","parcel_no":"1156","parcel_id":14317283,"object_id":7303129,"area_m2":989.99289733},"geometry":{"type":"Polygon","coordinates":[[[46.8228401100069,24.551818915165278],[46.82269035220371,24.55208347647839],[46.82242738713545,24.551958982052042],[46.82257714339224,24.55169442009387],[46.8228401100069,24.551818915165278]]]}},{"type":"Feature","properties":{"plan_no":"2705/5","plan_id":"2620","block_no":"67","parcel_no":"1157","parcel_id":14318797,"object_id":6199295,"area_m2":989.99524193},"geometry":{"type":"Polygon","coordinates":[[[46.82269035220371,24.55208347647839],[46.822540593799985,24.552348037670402],[46.822277625317355,24.552223542143373],[46.82242738713545,24.551958982052042],[46.82269035220371,24.55208347647839]]]}},{"type":"Feature","properties":{"plan_no":"2705/5","plan_id":"2620","block_no":"68","parcel_no":"1158","parcel_id":14315455,"object_id":6153612,"area_m2":1120.00189684},"geometry":{"type":"Polygon","coordinates":[[[46.822535471370685,24.550393840972546],[46.822390285483884,24.55065040150734],[46.822083494043696,24.55050515578135],[46.82222867944196,24.550248595522895],[46.822535471370685,24.550393840972546]]]}},{"type":"Feature","properties":{"plan_no":"2705/5","plan_id":"2620","block_no":"68","parcel_no":"1159","parcel_id":14315627,"object_id":6357462,"area_m2":960.004382225},"geometry":{"type":"Polygon","coordinates":[[[46.822798436132814,24.550518336285553],[46.822653250686265,24.55077489794967],[46.822390285483884,24.55065040150734],[46.822535471370685,24.550393840972546],[46.822798436132814,24.550518336285553]]]}},{"type":"Feature","properties":{"plan_no":"2705/5","plan_id":"2620","block_no":"68","parcel_no":"1160","parcel_id":14317609,"object_id":6156253,"area_m2":960.00283276},"geometry":{"type":"Polygon","coordinates":[[[46.82306140040419,24.550642831119234],[46.82291621637177,24.55089939299801],[46.822653250686265,24.55077489794967],[46.822798436132814,24.550518336285553],[46.82306140040419,24.550642831119234]]]}},{"type":"Feature","properties":{"plan_no":"2705/5","plan_id":"2620","block_no":"68","parcel_no":"1161","parcel_id":14317463,"object_id":6156573,"area_m2":960.0029681},"geometry":{"type":"Polygon","coordinates":[[[46.82332436617171,24.550767326352407],[46.82317918255347,24.551023887555083],[46.82291621637177,24.55089939299801],[46.82306140040419,24.550642831119234],[46.82332436617171,24.550767326352407]]]}},{"type":"Feature","properties":{"plan_no":"2705/5","plan_id":"2620","block_no":"68","parcel_no":"1162","parcel_id":14315285,"object_id":6228392,"area_m2":960.0023994},"geometry":{"type":"Polygon","coordinates":[[[46.82358733243538,24.550891821094297],[46.82344214924437,24.551148382523582],[46.82317918255347,24.551023887555083],[46.82332436617171,24.550767326352407],[46.82358733243538,24.550891821094297]]]}},{"type":"Feature","properties":{"plan_no":"2705/5","plan_id":"2620","block_no":"68","parcel_no":"1163","parcel_id":14318541,"object_id":6155165,"area_m2":960.000891},"geometry":{"type":"Polygon","coordinates":[[[46.82385029918217,24.55101631444218],[46.823705116418395,24.551272876098082],[46.82344214924437,24.551148382523582],[46.82358733243538,24.550891821094297],[46.82385029918217,24.55101631444218]]]}},{"type":"Feature","properties":{"plan_no":"2705/5","plan_id":"2620","block_no":"68","parcel_no":"1164","parcel_id":14315843,"object_id":6209423,"area_m2":960.000891},"geometry":{"type":"Polygon","coordinates":[[[46.82411326642511,24.55114080729878],[46.82396808408859,24.551397369181263],[46.823705116418395,24.551272876098082],[46.82385029918217,24.55101631444218],[46.82411326642511,24.55114080729878]]]}},{"type":"Feature","properties":{"plan_no":"2705/5","plan_id":"2620","block_no":"68","parcel_no":"1165","parcel_id":14318921,"object_id":7172031,"area_m2":960.0023994},"geometry":{"type":"Polygon","coordinates":[[[46.82437623417727,24.551265300566776],[46.824231052268004,24.551521862675862],[46.82396808408859,24.551397369181263],[46.82411326642511,24.55114080729878],[46.82437623417727,24.551265300566776]]]}},{"type":"Feature","properties":{"plan_no":"2705/5","plan_id":"2620","block_no":"68","parcel_no":"1166","parcel_id":14317491,"object_id":6232920,"area_m2":960.000891},"geometry":{"type":"Polygon","coordinates":[[[46.82463920241252,24.55138979244076],[46.82449402093054,24.55164635477644],[46.824231052268004,24.551521862675862],[46.82437623417727,24.551265300566776],[46.82463920241252,24.55138979244076]]]}},{"type":"Feature","properties":{"plan_no":"2705/5","plan_id":"2620","block_no":"68","parcel_no":"1167","parcel_id":14317133,"object_id":6156352,"area_m2":960.0023994},"geometry":{"type":"Polygon","coordinates":[[[46.82490217115699,24.551514284726125],[46.82475699010228,24.5517708472884],[46.82449402093054,24.55164635477644],[46.82463920241252,24.55138979244076],[46.82490217115699,24.551514284726125]]]}},{"type":"Feature","properties":{"plan_no":"2705/5","plan_id":"2620","block_no":"68","parcel_no":"1168","parcel_id":14317085,"object_id":6316052,"area_m2":960.000891},"geometry":{"type":"Polygon","coordinates":[[[46.825165140384556,24.55163877561744],[46.825019959757135,24.551895338406325],[46.82475699010228,24.5517708472884],[46.82490217115699,24.551514284726125],[46.825165140384556,24.55163877561744]]]}},{"type":"Feature","properties":{"plan_no":"2705/5","plan_id":"2620","block_no":"68","parcel_no":"1169","parcel_id":14317501,"object_id":6156114,"area_m2":959.99806881},"geometry":{"type":"Polygon","coordinates":[[[46.82542810912133,24.551763266029393],[46.82528292892121,24.552019829044863],[46.825019959757135,24.551895338406325],[46.825165140384556,24.55163877561744],[46.82542810912133,24.551763266029393]]]}},{"type":"Feature","properties":{"plan_no":"2705/5","plan_id":"2620","block_no":"68","parcel_no":"1170","parcel_id":14315981,"object_id":7170851,"area_m2":960.0003223},"geometry":{"type":"Polygon","coordinates":[[[46.82569107935426,24.551887756840753],[46.825545899568375,24.552144319180087],[46.82528292892121,24.552019829044863],[46.82542810912133,24.551763266029393],[46.82569107935426,24.551887756840753]]]}},{"type":"Feature","properties":{"plan_no":"2705/5","plan_id":"2620","block_no":"68","parcel_no":"1171","parcel_id":14318023,"object_id":6212915,"area_m2":959.9997536},"geometry":{"type":"Polygon","coordinates":[[[46.82595405008334,24.552012247160754],[46.82580887072478,24.552268809726673],[46.825545899568375,24.552144319180087],[46.82569107935426,24.551887756840753],[46.82595405008334,24.552012247160754]]]}},{"type":"Feature","properties":{"plan_no":"2705/5","plan_id":"2620","block_no":"68","parcel_no":"1172","parcel_id":14317453,"object_id":6238580,"area_m2":959.9982452},"geometry":{"type":"Polygon","coordinates":[[[46.8262170212955,24.5521367360867],[46.82607184236426,24.5523932988792],[46.82580887072478,24.552268809726673],[46.82595405008334,24.552012247160754],[46.8262170212955,24.5521367360867]]]}},{"type":"Feature","properties":{"plan_no":"2705/5","plan_id":"2620","block_no":"68","parcel_no":"1173","parcel_id":14315933,"object_id":6386045,"area_m2":959.9982452},"geometry":{"type":"Polygon","coordinates":[[[46.826479993003794,24.55226122452126],[46.826334814499894,24.55251778754035],[46.82607184236426,24.5523932988792],[46.8262170212955,24.5521367360867],[46.826479993003794,24.55226122452126]]]}},{"type":"Feature","properties":{"plan_no":"2705/5","plan_id":"2620","block_no":"68","parcel_no":"1174","parcel_id":14318195,"object_id":6199605,"area_m2":1120.09822112},"geometry":{"type":"Polygon","coordinates":[[[46.82678682113396,24.552406473921657],[46.826641643128674,24.552663037205093],[46.826334814499894,24.55251778754035],[46.826479993003794,24.55226122452126],[46.82678682113396,24.552406473921657]]]}},{"type":"Feature","properties":{"plan_no":"2705/5","plan_id":"2620","block_no":"68","parcel_no":"1175","parcel_id":14318747,"object_id":6155216,"area_m2":1025.5932418349998},"geometry":{"type":"Polygon","coordinates":[[[46.82661609683687,24.552020696029395],[46.82686156467907,24.55213689822421],[46.82689116721921,24.552222068260996],[46.82678682113396,24.552406473921657],[46.826479993003794,24.55226122452126],[46.82661609683687,24.552020696029395]]]}},{"type":"Feature","properties":{"plan_no":"2705/5","plan_id":"2620","block_no":"68","parcel_no":"1176","parcel_id":14318369,"object_id":6198883,"area_m2":899.9986856},"geometry":{"type":"Polygon","coordinates":[[[46.82661609683687,24.552020696029395],[46.826479993003794,24.55226122452126],[46.8262170212955,24.5521367360867],[46.82635312651614,24.551896207795263],[46.82661609683687,24.552020696029395]]]}},{"type":"Feature","properties":{"plan_no":"2705/5","plan_id":"2620","block_no":"68","parcel_no":"1177","parcel_id":14318965,"object_id":6167493,"area_m2":900.00071556},"geometry":{"type":"Polygon","coordinates":[[[46.82635312651614,24.551896207795263],[46.8262170212955,24.5521367360867],[46.82595405008334,24.552012247160754],[46.826090155704605,24.551771719081735],[46.82635312651614,24.551896207795263]]]}},{"type":"Feature","properties":{"plan_no":"2705/5","plan_id":"2620","block_no":"68","parcel_no":"1178","parcel_id":14315861,"object_id":6231794,"area_m2":900.00212969},"geometry":{"type":"Polygon","coordinates":[[[46.826090155704605,24.551771719081735],[46.82595405008334,24.552012247160754],[46.82569107935426,24.551887756840753],[46.82582718537613,24.55164722897415],[46.826090155704605,24.551771719081735]]]}},{"type":"Feature","properties":{"plan_no":"2705/5","plan_id":"2620","block_no":"68","parcel_no":"1179","parcel_id":14316291,"object_id":6155542,"area_m2":900.000099725},"geometry":{"type":"Polygon","coordinates":[[[46.82582718537613,24.55164722897415],[46.82569107935426,24.551887756840753],[46.82542810912133,24.551763266029393],[46.825564215556874,24.551522739277928],[46.82582718537613,24.55164722897415]]]}},{"type":"Feature","properties":{"plan_no":"2705/5","plan_id":"2620","block_no":"68","parcel_no":"1180","parcel_id":14319089,"object_id":6177499,"area_m2":899.996039805},"geometry":{"type":"Polygon","coordinates":[[[46.825564215556874,24.551522739277928],[46.82542810912133,24.551763266029393],[46.825165140384556,24.55163877561744],[46.82530124623376,24.55139824909035],[46.825564215556874,24.551522739277928]]]}},{"type":"Feature","properties":{"plan_no":"2705/5","plan_id":"2620","block_no":"68","parcel_no":"1181","parcel_id":14319007,"object_id":6145710,"area_m2":894.373767045},"geometry":{"type":"Polygon","coordinates":[[[46.82530124623376,24.55139824909035],[46.825165140384556,24.55163877561744],[46.82490217115699,24.551514284726125],[46.82502126365433,24.551303823873702],[46.825026934577025,24.551293802057113],[46.82504665770605,24.55130313805799],[46.82505799954637,24.551283094422942],[46.8250678611172,24.551287762873038],[46.82530124623376,24.55139824909035]]]}},{"type":"Feature","properties":{"plan_no":"2705/5","plan_id":"2620","block_no":"68","parcel_no":"1182","parcel_id":14317443,"object_id":6238579,"area_m2":894.37212985},"geometry":{"type":"Polygon","coordinates":[[[46.82500869368956,24.551259753040924],[46.825018554256914,24.551264420603726],[46.82500721143773,24.55128446515077],[46.825026934577025,24.551293802057113],[46.82502126365433,24.551303823873702],[46.82490217115699,24.551514284726125],[46.82463920241252,24.55138979244076],[46.82477530906288,24.551149266338506],[46.82500869368956,24.551259753040924]]]}},{"type":"Feature","properties":{"plan_no":"2705/5","plan_id":"2620","block_no":"68","parcel_no":"1183","parcel_id":14318141,"object_id":6176919,"area_m2":899.9986856},"geometry":{"type":"Polygon","coordinates":[[[46.82477530906288,24.551149266338506],[46.82463920241252,24.55138979244076],[46.82437623417727,24.551265300566776],[46.82451234121512,24.551024773774245],[46.82477530906288,24.551149266338506]]]}},{"type":"Feature","properties":{"plan_no":"2705/5","plan_id":"2620","block_no":"68","parcel_no":"1184","parcel_id":14315169,"object_id":6196247,"area_m2":899.9986856},"geometry":{"type":"Polygon","coordinates":[[[46.82451234121512,24.551024773774245],[46.82437623417727,24.551265300566776],[46.82411326642511,24.55114080729878],[46.82424937387658,24.550900281621395],[46.82451234121512,24.551024773774245]]]}},{"type":"Feature","properties":{"plan_no":"2705/5","plan_id":"2620","block_no":"68","parcel_no":"1185","parcel_id":14317571,"object_id":6146498,"area_m2":899.99665564},"geometry":{"type":"Polygon","coordinates":[[[46.82424937387658,24.550900281621395],[46.82411326642511,24.55114080729878],[46.82385029918217,24.55101631444218],[46.823986407034184,24.55077578897723],[46.82424937387658,24.550900281621395]]]}},{"type":"Feature","properties":{"plan_no":"2705/5","plan_id":"2620","block_no":"68","parcel_no":"1186","parcel_id":14316493,"object_id":6145982,"area_m2":899.9986856},"geometry":{"type":"Polygon","coordinates":[[[46.823986407034184,24.55077578897723],[46.82385029918217,24.55101631444218],[46.82358733243538,24.550891821094297],[46.823723440674875,24.550651294939062],[46.823986407034184,24.55077578897723]]]}},{"type":"Feature","properties":{"plan_no":"2705/5","plan_id":"2620","block_no":"68","parcel_no":"1187","parcel_id":14316729,"object_id":6176804,"area_m2":899.9986856},"geometry":{"type":"Polygon","coordinates":[[[46.823723440674875,24.550651294939062],[46.82358733243538,24.550891821094297],[46.82332436617171,24.550767326352407],[46.82346047482479,24.550526801312312],[46.823723440674875,24.550651294939062]]]}},{"type":"Feature","properties":{"plan_no":"2705/5","plan_id":"2620","block_no":"68","parcel_no":"1188","parcel_id":14318481,"object_id":6235689,"area_m2":899.99806976},"geometry":{"type":"Polygon","coordinates":[[[46.82346047482479,24.550526801312312],[46.82332436617171,24.550767326352407],[46.82306140040419,24.550642831119234],[46.823197509457785,24.55040230629158],[46.82346047482479,24.550526801312312]]]}},{"type":"Feature","properties":{"plan_no":"2705/5","plan_id":"2620","block_no":"68","parcel_no":"1189","parcel_id":14319027,"object_id":6383565,"area_m2":899.99400985},"geometry":{"type":"Polygon","coordinates":[[[46.823197509457785,24.55040230629158],[46.82306140040419,24.550642831119234],[46.822798436132814,24.550518336285553],[46.82293454558692,24.55027781167034],[46.823197509457785,24.55040230629158]]]}},{"type":"Feature","properties":{"plan_no":"2705/5","plan_id":"2620","block_no":"68","parcel_no":"1190","parcel_id":14318237,"object_id":6146360,"area_m2":899.99665564},"geometry":{"type":"Polygon","coordinates":[[[46.82293454558692,24.55027781167034],[46.822798436132814,24.550518336285553],[46.822535471370685,24.550393840972546],[46.822671581225286,24.550153316569794],[46.82293454558692,24.55027781167034]]]}},{"type":"Feature","properties":{"plan_no":"2705/5","plan_id":"2620","block_no":"68","parcel_no":"1191","parcel_id":14315849,"object_id":6200734,"area_m2":999.997808415},"geometry":{"type":"Polygon","coordinates":[[[46.822671581225286,24.550153316569794],[46.822535471370685,24.550393840972546],[46.82222867944196,24.550248595522895],[46.82231942004062,24.550088246093434],[46.82245244396961,24.55004956968354],[46.822671581225286,24.550153316569794]]]}},{"type":"Feature","properties":{"plan_no":"2705/5","plan_id":"2620","block_no":"69","parcel_no":"1192","parcel_id":14316833,"object_id":6165274,"area_m2":917.6983209},"geometry":{"type":"Polygon","coordinates":[[[46.822744364685285,24.549694749285376],[46.82261506129131,24.54992324836375],[46.82233281354253,24.549789622228044],[46.82246211834482,24.549561124257053],[46.822744364685285,24.549694749285376]]]}},{"type":"Feature","properties":{"plan_no":"2705/5","plan_id":"2620","block_no":"69","parcel_no":"1193","parcel_id":14318273,"object_id":6156702,"area_m2":917.6983209},"geometry":{"type":"Polygon","coordinates":[[[46.82302661259729,24.549828374638498],[46.822897308611715,24.55005687304273],[46.82261506129131,24.54992324836375],[46.822744364685285,24.549694749285376],[46.82302661259729,24.549828374638498]]]}},{"type":"Feature","properties":{"plan_no":"2705/5","plan_id":"2620","block_no":"69","parcel_no":"1194","parcel_id":14318401,"object_id":6169723,"area_m2":917.69958836},"geometry":{"type":"Polygon","coordinates":[[[46.82330886108088,24.549961999425694],[46.823179557503686,24.55019049804654],[46.822897308611715,24.55005687304273],[46.82302661259729,24.549828374638498],[46.82330886108088,24.549961999425694]]]}},{"type":"Feature","properties":{"plan_no":"2705/5","plan_id":"2620","block_no":"69","parcel_no":"1195","parcel_id":14315739,"object_id":7312827,"area_m2":917.69782306},"geometry":{"type":"Polygon","coordinates":[[[46.823591109136075,24.55009562275615],[46.823461805980315,24.550324122496324],[46.823179557503686,24.55019049804654],[46.82330886108088,24.549961999425694],[46.823591109136075,24.55009562275615]]]}},{"type":"Feature","properties":{"plan_no":"2705/5","plan_id":"2620","block_no":"69","parcel_no":"1196","parcel_id":14316941,"object_id":6231780,"area_m2":917.70242819},"geometry":{"type":"Polygon","coordinates":[[[46.82387335876281,24.550229246411416],[46.82374405601546,24.550457746368185],[46.823461805980315,24.550324122496324],[46.823591109136075,24.55009562275615],[46.82387335876281,24.550229246411416]]]}},{"type":"Feature","properties":{"plan_no":"2705/5","plan_id":"2620","block_no":"69","parcel_no":"1197","parcel_id":14318455,"object_id":6234256,"area_m2":917.69857126},"geometry":{"type":"Polygon","coordinates":[[[46.824155607961146,24.550362868609948],[46.8240263056222,24.550591368783323],[46.82374405601546,24.550457746368185],[46.82387335876281,24.550229246411416],[46.824155607961146,24.550362868609948]]]}},{"type":"Feature","properties":{"plan_no":"2705/5","plan_id":"2620","block_no":"69","parcel_no":"1198","parcel_id":14318603,"object_id":7189634,"area_m2":917.69991468},"geometry":{"type":"Polygon","coordinates":[[[46.8244378577441,24.550496491145175],[46.82430855581357,24.550724991535155],[46.8240263056222,24.550591368783323],[46.824155607961146,24.550362868609948],[46.8244378577441,24.550496491145175]]]}},{"type":"Feature","properties":{"plan_no":"2705/5","plan_id":"2620","block_no":"69","parcel_no":"1199","parcel_id":14316591,"object_id":6167815,"area_m2":917.70242819},"geometry":{"type":"Polygon","coordinates":[[[46.824720109085554,24.55063011310248],[46.82459080756346,24.55085861370906],[46.82430855581357,24.550724991535155],[46.8244378577441,24.550496491145175],[46.824720109085554,24.55063011310248]]]}},{"type":"Feature","properties":{"plan_no":"2705/5","plan_id":"2620","block_no":"69","parcel_no":"1200","parcel_id":14316259,"object_id":6352924,"area_m2":917.69857126},"geometry":{"type":"Polygon","coordinates":[[[46.825002359998585,24.550763733603006],[46.824873058884926,24.5509922344262],[46.82459080756346,24.55085861370906],[46.824720109085554,24.55063011310248],[46.825002359998585,24.550763733603006]]]}},{"type":"Feature","properties":{"plan_no":"2705/5","plan_id":"2620","block_no":"69","parcel_no":"1201","parcel_id":14316325,"object_id":6179853,"area_m2":917.70041252},"geometry":{"type":"Polygon","coordinates":[[[46.82528461149624,24.550897354440234],[46.825155311777955,24.551125855468054],[46.824873058884926,24.5509922344262],[46.825002359998585,24.550763733603006],[46.82528461149624,24.550897354440234]]]}},{"type":"Feature","properties":{"plan_no":"2705/5","plan_id":"2620","block_no":"69","parcel_no":"1202","parcel_id":14319199,"object_id":6145941,"area_m2":917.6983209},"geometry":{"type":"Polygon","coordinates":[[[46.82556686455239,24.551030974699486],[46.82543756424257,24.551259475053154],[46.825155311777955,24.551125855468054],[46.82528461149624,24.550897354440234],[46.82556686455239,24.551030974699486]]]}},{"type":"Feature","properties":{"plan_no":"2705/5","plan_id":"2620","block_no":"69","parcel_no":"1203","parcel_id":14316193,"object_id":7327145,"area_m2":917.6983209},"geometry":{"type":"Polygon","coordinates":[[[46.825849117180105,24.551164593501937],[46.82571981827874,24.551393094962947],[46.82543756424257,24.551259475053154],[46.82556686455239,24.551030974699486],[46.825849117180105,24.551164593501937]]]}},{"type":"Feature","properties":{"plan_no":"2705/5","plan_id":"2620","block_no":"69","parcel_no":"1204","parcel_id":14315669,"object_id":6146091,"area_m2":917.70041252},"geometry":{"type":"Polygon","coordinates":[[[46.826131371379375,24.55129821262911],[46.82600207189957,24.55152671431866],[46.82571981827874,24.551393094962947],[46.825849117180105,24.551164593501937],[46.826131371379375,24.55129821262911]]]}},{"type":"Feature","properties":{"plan_no":"2705/5","plan_id":"2620","block_no":"69","parcel_no":"1205","parcel_id":14317343,"object_id":6385179,"area_m2":917.70041252},"geometry":{"type":"Polygon","coordinates":[[[46.82641362516327,24.551431831202166],[46.82628432707889,24.551660333096358],[46.82600207189957,24.55152671431866],[46.826131371379375,24.55129821262911],[46.82641362516327,24.551431831202166]]]}},{"type":"Feature","properties":{"plan_no":"2705/5","plan_id":"2620","block_no":"69","parcel_no":"1206","parcel_id":14318607,"object_id":6169945,"area_m2":917.6983209},"geometry":{"type":"Polygon","coordinates":[[[46.82669588050567,24.551565449197216],[46.82656658182977,24.55179395041723],[46.82628432707889,24.551660333096358],[46.82641362516327,24.551431831202166],[46.82669588050567,24.551565449197216]]]}},{"type":"Feature","properties":{"plan_no":"2705/5","plan_id":"2620","block_no":"69","parcel_no":"1207","parcel_id":14318795,"object_id":6310480,"area_m2":917.6983209},"geometry":{"type":"Polygon","coordinates":[[[46.826978135419594,24.551699065735438],[46.826848838152216,24.551927568062787],[46.82656658182977,24.55179395041723],[46.82669588050567,24.551565449197216],[46.826978135419594,24.551699065735438]]]}},{"type":"Feature","properties":{"plan_no":"2705/5","plan_id":"2620","block_no":"69","parcel_no":"1208","parcel_id":14317557,"object_id":6168247,"area_m2":934.88524413},"geometry":{"type":"Polygon","coordinates":[[[46.82726567757429,24.551835184440296],[46.82713637973615,24.552063687000228],[46.826848838152216,24.551927568062787],[46.826978135419594,24.551699065735438],[46.82726567757429,24.551835184440296]]]}},{"type":"Feature","properties":{"plan_no":"2705/5","plan_id":"2620","block_no":"69","parcel_no":"1209","parcel_id":14318319,"object_id":6146263,"area_m2":934.88727401},"geometry":{"type":"Polygon","coordinates":[[[46.827394974964676,24.55160668179018],[46.82726567757429,24.551835184440296],[46.826978135419594,24.551699065735438],[46.82710743322615,24.55147056330594],[46.827394974964676,24.55160668179018]]]}},{"type":"Feature","properties":{"plan_no":"2705/5","plan_id":"2620","block_no":"69","parcel_no":"1210","parcel_id":14317361,"object_id":6147026,"area_m2":917.70066288},"geometry":{"type":"Polygon","coordinates":[[[46.82710743322615,24.55147056330594],[46.826978135419594,24.551699065735438],[46.82669588050567,24.551565449197216],[46.82682517870765,24.551336946081598],[46.82710743322615,24.55147056330594]]]}},{"type":"Feature","properties":{"plan_no":"2705/5","plan_id":"2620","block_no":"69","parcel_no":"1211","parcel_id":14315913,"object_id":6200778,"area_m2":917.70526802},"geometry":{"type":"Polygon","coordinates":[[[46.82682517870765,24.551336946081598],[46.82669588050567,24.551565449197216],[46.82641362516327,24.551431831202166],[46.82654292377376,24.551203328303128],[46.82682517870765,24.551336946081598]]]}},{"type":"Feature","properties":{"plan_no":"2705/5","plan_id":"2620","block_no":"69","parcel_no":"1212","parcel_id":14318217,"object_id":6199607,"area_m2":917.70066288},"geometry":{"type":"Polygon","coordinates":[[[46.82654292377376,24.551203328303128],[46.82641362516327,24.551431831202166],[46.826131371379375,24.55129821262911],[46.82626067041143,24.551069710849337],[46.82654292377376,24.551203328303128]]]}},{"type":"Feature","properties":{"plan_no":"2705/5","plan_id":"2620","block_no":"69","parcel_no":"1213","parcel_id":14315941,"object_id":7325377,"area_m2":917.70242819},"geometry":{"type":"Polygon","coordinates":[[[46.82626067041143,24.551069710849337],[46.826131371379375,24.55129821262911],[46.825849117180105,24.551164593501937],[46.82597841662063,24.550936091938766],[46.82626067041143,24.551069710849337]]]}},{"type":"Feature","properties":{"plan_no":"2705/5","plan_id":"2620","block_no":"69","parcel_no":"1214","parcel_id":14318925,"object_id":6168329,"area_m2":917.69857126},"geometry":{"type":"Polygon","coordinates":[[[46.82597841662063,24.550936091938766],[46.825849117180105,24.551164593501937],[46.82556686455239,24.551030974699486],[46.825696164401386,24.55080247335288],[46.82597841662063,24.550936091938766]]]}},{"type":"Feature","properties":{"plan_no":"2705/5","plan_id":"2620","block_no":"69","parcel_no":"1215","parcel_id":14316529,"object_id":6210280,"area_m2":917.70242819},"geometry":{"type":"Polygon","coordinates":[[[46.825696164401386,24.55080247335288],[46.82556686455239,24.551030974699486],[46.82528461149624,24.550897354440234],[46.82541391175369,24.55066885331024],[46.825696164401386,24.55080247335288]]]}},{"type":"Feature","properties":{"plan_no":"2705/5","plan_id":"2620","block_no":"69","parcel_no":"1216","parcel_id":14318693,"object_id":6199070,"area_m2":917.69782306},"geometry":{"type":"Polygon","coordinates":[[[46.82541391175369,24.55066885331024],[46.82528461149624,24.550897354440234],[46.825002359998585,24.550763733603006],[46.82513166067755,24.5505352335923],[46.82541391175369,24.55066885331024]]]}},{"type":"Feature","properties":{"plan_no":"2705/5","plan_id":"2620","block_no":"69","parcel_no":"1217","parcel_id":14318763,"object_id":7190689,"area_m2":917.6983209},"geometry":{"type":"Polygon","coordinates":[[[46.82513166067755,24.5505352335923],[46.825002359998585,24.550763733603006],[46.824720109085554,24.55063011310248],[46.82484940917298,24.550401612417616],[46.82513166067755,24.5505352335923]]]}},{"type":"Feature","properties":{"plan_no":"2705/5","plan_id":"2620","block_no":"69","parcel_no":"1218","parcel_id":14318781,"object_id":6199293,"area_m2":917.70041252},"geometry":{"type":"Polygon","coordinates":[[[46.82484940917298,24.550401612417616],[46.824720109085554,24.55063011310248],[46.8244378577441,24.550496491145175],[46.824567159226866,24.550267990664963],[46.82484940917298,24.550401612417616]]]}},{"type":"Feature","properties":{"plan_no":"2705/5","plan_id":"2620","block_no":"69","parcel_no":"1219","parcel_id":14316119,"object_id":6177055,"area_m2":917.69782306},"geometry":{"type":"Polygon","coordinates":[[[46.824567159226866,24.550267990664963],[46.8244378577441,24.550496491145175],[46.824155607961146,24.550362868609948],[46.82428490986538,24.55013436924902],[46.824567159226866,24.550267990664963]]]}},{"type":"Feature","properties":{"plan_no":"2705/5","plan_id":"2620","block_no":"69","parcel_no":"1220","parcel_id":14317977,"object_id":6146922,"area_m2":917.6983209},"geometry":{"type":"Polygon","coordinates":[[[46.82428490986538,24.55013436924902],[46.824155607961146,24.550362868609948],[46.82387335876281,24.550229246411416],[46.82400266007548,24.55000074637635],[46.82428490986538,24.55013436924902]]]}},{"type":"Feature","properties":{"plan_no":"2705/5","plan_id":"2620","block_no":"69","parcel_no":"1221","parcel_id":14318197,"object_id":6176922,"area_m2":917.70041252},"geometry":{"type":"Polygon","coordinates":[[[46.82400266007548,24.55000074637635],[46.82387335876281,24.550229246411416],[46.823591109136075,24.55009562275615],[46.823720411844064,24.549867122925747],[46.82400266007548,24.55000074637635]]]}},{"type":"Feature","properties":{"plan_no":"2705/5","plan_id":"2620","block_no":"69","parcel_no":"1222","parcel_id":14317201,"object_id":6208090,"area_m2":912.0747287050001},"geometry":{"type":"Polygon","coordinates":[[[46.823720411844064,24.549867122925747],[46.823591109136075,24.55009562275615],[46.82330886108088,24.549961999425694],[46.82342115023283,24.549763565109384],[46.823426821226185,24.549753543347713],[46.82344654401532,24.549762880483566],[46.82345788599696,24.54974283695836],[46.82346774639135,24.54974750463383],[46.823720411844064,24.549867122925747]]]}},{"type":"Feature","properties":{"plan_no":"2705/5","plan_id":"2620","block_no":"69","parcel_no":"1223","parcel_id":14317295,"object_id":6238572,"area_m2":912.07611295},"geometry":{"type":"Polygon","coordinates":[[[46.823408580022566,24.549719494104917],[46.82341844141342,24.54972416267459],[46.823407099426774,24.54974420619714],[46.823426821226185,24.549753543347713],[46.82342115023283,24.549763565109384],[46.82330886108088,24.549961999425694],[46.82302661259729,24.549828374638498],[46.82315591612204,24.549599875241313],[46.823408580022566,24.549719494104917]]]}},{"type":"Feature","properties":{"plan_no":"2705/5","plan_id":"2620","block_no":"69","parcel_no":"1224","parcel_id":14317023,"object_id":7314534,"area_m2":917.70242819},"geometry":{"type":"Polygon","coordinates":[[[46.82315591612204,24.549599875241313],[46.82302661259729,24.549828374638498],[46.822744364685285,24.549694749285376],[46.822873668618406,24.5494662501048],[46.82315591612204,24.549599875241313]]]}},{"type":"Feature","properties":{"plan_no":"2705/5","plan_id":"2620","block_no":"69","parcel_no":"1225","parcel_id":14316499,"object_id":6201029,"area_m2":917.69857126},"geometry":{"type":"Polygon","coordinates":[[[46.822873668618406,24.5494662501048],[46.822744364685285,24.549694749285376],[46.82246211834482,24.549561124257053],[46.8225914226863,24.549332625293093],[46.822873668618406,24.5494662501048]]]}},{"type":"Feature","properties":{"plan_no":"2705/5","plan_id":"2620","block_no":"70","parcel_no":"1226","parcel_id":14315245,"object_id":7190134,"area_m2":959.9982452},"geometry":{"type":"Polygon","coordinates":[[[46.8286276132447,24.553277864694135],[46.828482438231084,24.553534429563513],[46.82821946204357,24.553409944915504],[46.82836463748459,24.553153380272697],[46.8286276132447,24.553277864694135]]]}},{"type":"Feature","properties":{"plan_no":"2705/5","plan_id":"2620","block_no":"70","parcel_no":"1227","parcel_id":14318657,"object_id":6208691,"area_m2":959.9997536},"geometry":{"type":"Polygon","coordinates":[[[46.82889058951402,24.553402349526852],[46.82874541492784,24.553658914622783],[46.828482438231084,24.553534429563513],[46.8286276132447,24.553277864694135],[46.82889058951402,24.553402349526852]]]}},{"type":"Feature","properties":{"plan_no":"2705/5","plan_id":"2620","block_no":"70","parcel_no":"1228","parcel_id":14316733,"object_id":6165267,"area_m2":959.9982452},"geometry":{"type":"Polygon","coordinates":[[[46.82915356626638,24.55352683296542],[46.829008392107625,24.553783398287887],[46.82874541492784,24.553658914622783],[46.82889058951402,24.553402349526852],[46.82915356626638,24.55352683296542]]]}},{"type":"Feature","properties":{"plan_no":"2705/5","plan_id":"2620","block_no":"70","parcel_no":"1229","parcel_id":14317117,"object_id":6196872,"area_m2":959.9997536},"geometry":{"type":"Polygon","coordinates":[[[46.82941654352796,24.553651316815237],[46.82927136979666,24.553907882364246],[46.829008392107625,24.553783398287887],[46.82915356626638,24.55352683296542],[46.82941654352796,24.553651316815237]]]}},{"type":"Feature","properties":{"plan_no":"2705/5","plan_id":"2620","block_no":"70","parcel_no":"1230","parcel_id":14318569,"object_id":6385942,"area_m2":963.63420171},"geometry":{"type":"Polygon","coordinates":[[[46.82968476677906,24.553780898132928],[46.82952888667909,24.554032191189478],[46.82934579739706,24.553943113125044],[46.82927136979666,24.553907882364246],[46.82941654352796,24.553651316815237],[46.82949097100738,24.55368654751191],[46.82968476677906,24.553780898132928]]]}},{"type":"Feature","properties":{"plan_no":"2705/5","plan_id":"2620","block_no":"70","parcel_no":"1231","parcel_id":14319203,"object_id":6155226,"area_m2":991.0715089050001},"geometry":{"type":"Polygon","coordinates":[[[46.82995485528497,24.553921363738983],[46.82979035477234,24.554168011783702],[46.82966015022109,24.554099082155574],[46.82952888667909,24.554032191189478],[46.82968476677906,24.553780898132928],[46.82982035879672,24.553850077689155],[46.82995485528497,24.553921363738983]]]}},{"type":"Feature","properties":{"plan_no":"2705/5","plan_id":"2620","block_no":"70","parcel_no":"1232","parcel_id":14317627,"object_id":7193822,"area_m2":991.5191528},"geometry":{"type":"Polygon","coordinates":[[[46.830219896854416,24.554069893974184],[46.83004694011478,24.554311651268446],[46.82991921057565,24.55423882559486],[46.82979035477234,24.554168011783702],[46.82995485528497,24.553921363738983],[46.83008795831006,24.553994589890344],[46.830219896854416,24.554069893974184]]]}},{"type":"Feature","properties":{"plan_no":"2705/5","plan_id":"2620","block_no":"70","parcel_no":"1233","parcel_id":14316417,"object_id":6238888,"area_m2":991.93764868},"geometry":{"type":"Polygon","coordinates":[[[46.83047959318612,24.554226337194894],[46.8302983552982,24.554462960574465],[46.830173244012094,24.55438631510148],[46.83004694011478,24.554311651268446],[46.830219896854416,24.554069893974184],[46.83035036124872,24.554147092643003],[46.83047959318612,24.554226337194894]]]}},{"type":"Feature","properties":{"plan_no":"2705/5","plan_id":"2620","block_no":"70","parcel_no":"1234","parcel_id":14318741,"object_id":6179226,"area_m2":992.3183183},"geometry":{"type":"Polygon","coordinates":[[[46.83073365168613,24.554390527244156],[46.830544312779104,24.554621781607146],[46.830421963732,24.55454139591902],[46.8302983552982,24.554462960574465],[46.83047959318612,24.554226337194894],[46.8306072727244,24.554307425999813],[46.83073365168613,24.554390527244156]]]}},{"type":"Feature","properties":{"plan_no":"2705/5","plan_id":"2620","block_no":"70","parcel_no":"1235","parcel_id":14317963,"object_id":6199385,"area_m2":1345.4161801750001},"geometry":{"type":"Polygon","coordinates":[[[46.83107100647147,24.554626978039597],[46.830865959905104,24.554846891436306],[46.83070634387856,24.554732611138913],[46.830544312779104,24.554621781607146],[46.83073365168613,24.554390527244156],[46.83090361584395,24.554506916757248],[46.83107100647147,24.554626978039597]]]}},{"type":"Feature","properties":{"plan_no":"2705/5","plan_id":"2620","block_no":"70","parcel_no":"1236","parcel_id":14318895,"object_id":7272219,"area_m2":1302.37731231},"geometry":{"type":"Polygon","coordinates":[[[46.83091018511792,24.554174913189904],[46.83108604982605,24.55429813868537],[46.83125924002646,24.554425095657518],[46.83107100647147,24.554626978039597],[46.83090361584395,24.554506916757248],[46.83073365168613,24.554390527244156],[46.83091018511792,24.554174913189904]]]}},{"type":"Feature","properties":{"plan_no":"2705/5","plan_id":"2620","block_no":"70","parcel_no":"1237","parcel_id":14317737,"object_id":6209917,"area_m2":960.39739976},"geometry":{"type":"Polygon","coordinates":[[[46.83091018511792,24.554174913189904],[46.83073365168613,24.554390527244156],[46.8306072727244,24.554307425999813],[46.83047959318612,24.554226337194894],[46.83065067984636,24.55400296722106],[46.8307810928252,24.554087943598777],[46.83091018511792,24.554174913189904]]]}},{"type":"Feature","properties":{"plan_no":"2705/5","plan_id":"2620","block_no":"70","parcel_no":"1238","parcel_id":14318987,"object_id":7217382,"area_m2":972.6365049249999},"geometry":{"type":"Polygon","coordinates":[[[46.83065067984636,24.55400296722106],[46.83047959318612,24.554226337194894],[46.83035036124872,24.554147092643],[46.830219896854416,24.554069893974184],[46.83038535110164,24.55383862315399],[46.83051864270326,24.55391978254401],[46.83065067984636,24.55400296722106]]]}},{"type":"Feature","properties":{"plan_no":"2705/5","plan_id":"2620","block_no":"70","parcel_no":"1239","parcel_id":14315681,"object_id":6201452,"area_m2":985.89194131},"geometry":{"type":"Polygon","coordinates":[[[46.83038535110164,24.55383862315399],[46.830219896854416,24.554069893974184],[46.83008795831005,24.553994589890348],[46.82995485528497,24.553921363738983],[46.830114465818305,24.553682047455297],[46.8302505037093,24.55375930548785],[46.83038535110164,24.55383862315399]]]}},{"type":"Feature","properties":{"plan_no":"2705/5","plan_id":"2620","block_no":"70","parcel_no":"1240","parcel_id":14317795,"object_id":6385939,"area_m2":1000.15842708},"geometry":{"type":"Polygon","coordinates":[[[46.830114465818305,24.553682047455297],[46.82995485528497,24.553921363738983],[46.829820358796724,24.553850077689145],[46.82968476677906,24.553780898132928],[46.82983829570369,24.553533395700878],[46.82997694319161,24.553606676676008],[46.830114465818305,24.553682047455297]]]}},{"type":"Feature","properties":{"plan_no":"2705/5","plan_id":"2620","block_no":"70","parcel_no":"1241","parcel_id":14317771,"object_id":6176693,"area_m2":995.71396707},"geometry":{"type":"Polygon","coordinates":[[[46.82983829570369,24.553533395700878],[46.82968476677906,24.553780898132928],[46.82949097100738,24.55368654751191],[46.82941654352796,24.553651316815237],[46.82956159060211,24.553394972981135],[46.829700456340674,24.553463158485744],[46.82983829570369,24.553533395700878]]]}},{"type":"Feature","properties":{"plan_no":"2705/5","plan_id":"2620","block_no":"70","parcel_no":"1242","parcel_id":14317279,"object_id":6347377,"area_m2":959.898665625},"geometry":{"type":"Polygon","coordinates":[[[46.82956159060211,24.553394972981135],[46.82941654352796,24.553651316815237],[46.82915356626638,24.55352683296542],[46.829298739847545,24.553270266626583],[46.82949587898949,24.553363584704325],[46.82956159060211,24.553394972981135]]]}},{"type":"Feature","properties":{"plan_no":"2705/5","plan_id":"2620","block_no":"70","parcel_no":"1243","parcel_id":14316901,"object_id":6238179,"area_m2":954.37418339},"geometry":{"type":"Polygon","coordinates":[[[46.829298739847545,24.553270266626583],[46.82915356626638,24.55352683296542],[46.82889058951402,24.553402349526852],[46.82901875153387,24.55317585017107],[46.82902442220201,24.55316582821998],[46.829044145906465,24.553175164563534],[46.82905548722456,24.553155119756784],[46.82906534808964,24.55315978793885],[46.829298739847545,24.553270266626583]]]}},{"type":"Feature","properties":{"plan_no":"2705/5","plan_id":"2620","block_no":"70","parcel_no":"1244","parcel_id":14317835,"object_id":6239039,"area_m2":954.3769007450001},"geometry":{"type":"Polygon","coordinates":[[[46.82900617896188,24.553131778884055],[46.82901604081041,24.553136447057593],[46.82900469948731,24.553156491861685],[46.82902442220201,24.55316582821998],[46.82901875153387,24.55317585017107],[46.82889058951402,24.553402349526852],[46.8286276132447,24.553277864694135],[46.828772787693815,24.55302129971109],[46.82900617896188,24.553131778884055]]]}},{"type":"Feature","properties":{"plan_no":"2705/5","plan_id":"2620","block_no":"70","parcel_no":"1245","parcel_id":14317691,"object_id":6167987,"area_m2":935.499731215},"geometry":{"type":"Polygon","coordinates":[[[46.828772787693815,24.55302129971109],[46.8286276132447,24.553277864694135],[46.82836463748459,24.553153380272697],[46.828478055649406,24.552952938894148],[46.828571172883905,24.552925860853218],[46.828772787693815,24.55302129971109]]]}},{"type":"Feature","properties":{"plan_no":"2705/5","plan_id":"2620","block_no":"71","parcel_no":"1246","parcel_id":14316283,"object_id":6179306,"area_m2":962.49898555},"geometry":{"type":"Polygon","coordinates":[[[46.82890938737715,24.552603114796817],[46.828784628851054,24.55282360033647],[46.82847782449645,24.55267836842425],[46.82860258345107,24.552457883111725],[46.82890938737715,24.552603114796817]]]}},{"type":"Feature","properties":{"plan_no":"2705/5","plan_id":"2620","block_no":"71","parcel_no":"1247","parcel_id":14318067,"object_id":7194458,"area_m2":907.4989109},"geometry":{"type":"Polygon","coordinates":[[[46.82919865996497,24.552740047358025],[46.82907390184292,24.55296053311183],[46.828784628851054,24.55282360033647],[46.82890938737715,24.552603114796817],[46.82919865996497,24.552740047358025]]]}},{"type":"Feature","properties":{"plan_no":"2705/5","plan_id":"2620","block_no":"71","parcel_no":"1248","parcel_id":14314969,"object_id":6971354,"area_m2":907.49761462},"geometry":{"type":"Polygon","coordinates":[[[46.829487933139994,24.552876978421907],[46.829363175422,24.55309746438986],[46.82907390184292,24.55296053311183],[46.82919865996497,24.552740047358025],[46.829487933139994,24.552876978421907]]]}},{"type":"Feature","properties":{"plan_no":"2705/5","plan_id":"2620","block_no":"71","parcel_no":"1249","parcel_id":14319183,"object_id":6167499,"area_m2":907.500110855},"geometry":{"type":"Polygon","coordinates":[[[46.82977708566633,24.553014124341043],[46.829652325443575,24.553234614169806],[46.829586614976186,24.553203232235298],[46.829363175422,24.55309746438986],[46.829487933139994,24.552876978421907],[46.82971135946019,24.552982739938813],[46.82977708566633,24.553014124341043]]]}},{"type":"Feature","properties":{"plan_no":"2705/5","plan_id":"2620","block_no":"71","parcel_no":"1250","parcel_id":14315937,"object_id":6145471,"area_m2":914.4381276150001},"geometry":{"type":"Polygon","coordinates":[[[46.83006965479659,24.55316042290302],[46.829935710847316,24.55337635488352],[46.82979454585698,24.553304429461107],[46.829652325443575,24.553234614169806],[46.82977708566633,24.553014124341043],[46.829923918150456,24.553086177888876],[46.83006965479659,24.55316042290302]]]}},{"type":"Feature","properties":{"plan_no":"2705/5","plan_id":"2620","block_no":"71","parcel_no":"1251","parcel_id":14317035,"object_id":6146803,"area_m2":922.191748905},"geometry":{"type":"Polygon","coordinates":[[[46.83035861961658,24.553315965679346],[46.830217268039895,24.55352790693948],[46.83007706273486,24.553451065836697],[46.829935710847316,24.55337635488352],[46.83006965479659,24.55316042290302],[46.830214725671595,24.55323710105053],[46.83035861961658,24.553315965679346]]]}},{"type":"Feature","properties":{"plan_no":"2705/5","plan_id":"2620","block_no":"71","parcel_no":"1252","parcel_id":14316471,"object_id":6229290,"area_m2":922.19735565},"geometry":{"type":"Polygon","coordinates":[[[46.83064205917723,24.55347979551819],[46.830493439051125,24.553687538541794],[46.83035596043278,24.55360667279395],[46.830217268039895,24.55352790693948],[46.83035861961658,24.553315965679346],[46.83050096244272,24.5533968026765],[46.83064205917723,24.55347979551819]]]}},{"type":"Feature","properties":{"plan_no":"2705/5","plan_id":"2620","block_no":"71","parcel_no":"1253","parcel_id":14317489,"object_id":6179265,"area_m2":922.19204971},"geometry":{"type":"Polygon","coordinates":[[[46.83091968103616,24.553651756195737],[46.830763944174905,24.553855086990126],[46.83062933096291,24.5537702805426],[46.830493439051125,24.553687538541794],[46.83064205917723,24.55347979551819],[46.83078152668589,24.553564715842892],[46.83091968103616,24.553651756195737]]]}},{"type":"Feature","properties":{"plan_no":"2705/5","plan_id":"2620","block_no":"71","parcel_no":"1254","parcel_id":14318575,"object_id":6234474,"area_m2":922.1930614050001},"geometry":{"type":"Polygon","coordinates":[[[46.831191213157076,24.5538316695733],[46.831028513569684,24.554030389465936],[46.83089690189388,24.55394172249273],[46.830763944174905,24.553855086990126],[46.83091968103616,24.553651756195737],[46.83105613847321,24.55374066943264],[46.831191213157076,24.5538316695733]]]}},{"type":"Feature","properties":{"plan_no":"2705/5","plan_id":"2620","block_no":"71","parcel_no":"1255","parcel_id":14319115,"object_id":6222721,"area_m2":1294.26184732},"geometry":{"type":"Polygon","coordinates":[[[46.83156351791611,24.554098752046418],[46.831387357266436,24.55428768731582],[46.831209322409606,24.5541571040056],[46.831028513569684,24.554030389465936],[46.831191213157076,24.5538316695733],[46.831378821519344,24.553963181214648],[46.83156351791611,24.554098752046418]]]}},{"type":"Feature","properties":{"plan_no":"2705/5","plan_id":"2620","block_no":"71","parcel_no":"1256","parcel_id":14317105,"object_id":6208041,"area_m2":1342.173517615},"geometry":{"type":"Polygon","coordinates":[[[46.83135391417544,24.553632946797876],[46.831548319951956,24.553769258103607],[46.831739676095225,24.553909818426764],[46.83156351791611,24.554098752046418],[46.831378821519344,24.553963181214648],[46.831191213157076,24.5538316695733],[46.83135391417544,24.553632946797876]]]}},{"type":"Feature","properties":{"plan_no":"2705/5","plan_id":"2620","block_no":"71","parcel_no":"1257","parcel_id":14315095,"object_id":6239622,"area_m2":946.15522453},"geometry":{"type":"Polygon","coordinates":[[[46.83135391417544,24.553632946797876],[46.831191213157076,24.5538316695733],[46.83105613847321,24.553740669432635],[46.83091968103616,24.553651756195737],[46.831075421301776,24.553448421605747],[46.831215376223255,24.553539614928162],[46.83135391417544,24.553632946797876]]]}},{"type":"Feature","properties":{"plan_no":"2705/5","plan_id":"2620","block_no":"71","parcel_no":"1258","parcel_id":14318497,"object_id":7173031,"area_m2":946.1528655449999},"geometry":{"type":"Polygon","coordinates":[[[46.831075421301776,24.553448421605747],[46.83091968103616,24.553651756195737],[46.83078152668588,24.553564715842906],[46.83064205917723,24.55347979551819],[46.830790678840074,24.553272053273876],[46.83093372322645,24.55335915064628],[46.831075421301776,24.553448421605747]]]}},{"type":"Feature","properties":{"plan_no":"2705/5","plan_id":"2620","block_no":"71","parcel_no":"1259","parcel_id":14318463,"object_id":6169725,"area_m2":946.15612217},"geometry":{"type":"Polygon","coordinates":[[[46.830790678840074,24.553272053273876],[46.83064205917723,24.55347979551819],[46.83050096244272,24.553396802676495],[46.83035861961658,24.553315965679346],[46.830499974615634,24.553104019747245],[46.8306459652368,24.553186931866442],[46.830790678840074,24.553272053273876]]]}},{"type":"Feature","properties":{"plan_no":"2705/5","plan_id":"2620","block_no":"71","parcel_no":"1260","parcel_id":14317547,"object_id":6168245,"area_m2":946.1509455849999},"geometry":{"type":"Polygon","coordinates":[[[46.830499974615634,24.553104019747245],[46.83035861961658,24.553315965679346],[46.830214725671595,24.55323710105053],[46.83006965479659,24.55316042290302],[46.8302035973567,24.55294449354444],[46.83035238922033,24.55302313592157],[46.830499974615634,24.553104019747245]]]}},{"type":"Feature","properties":{"plan_no":"2705/5","plan_id":"2620","block_no":"71","parcel_no":"1261","parcel_id":14318899,"object_id":6165291,"area_m2":943.55100109},"geometry":{"type":"Polygon","coordinates":[[[46.8302035973567,24.55294449354444],[46.83006965479659,24.55316042290302],[46.82992391815046,24.553086177888872],[46.82977708566633,24.553014124341043],[46.829901845445995,24.552793632622922],[46.830053289710726,24.55286792635166],[46.8302035973567,24.55294449354444]]]}},{"type":"Feature","properties":{"plan_no":"2705/5","plan_id":"2620","block_no":"71","parcel_no":"1262","parcel_id":14318631,"object_id":6179935,"area_m2":907.50151141},"geometry":{"type":"Polygon","coordinates":[[[46.829901845445995,24.552793632622922],[46.82977708566633,24.553014124341043],[46.82971135946019,24.552982739938813],[46.829487933139994,24.552876978421907],[46.829612690441124,24.552656492370012],[46.82983611644923,24.55276225372152],[46.829901845445995,24.552793632622922]]]}},{"type":"Feature","properties":{"plan_no":"2705/5","plan_id":"2620","block_no":"71","parcel_no":"1263","parcel_id":14319173,"object_id":7019418,"area_m2":907.49971795},"geometry":{"type":"Polygon","coordinates":[[[46.829612690441124,24.552656492370012],[46.829487933139994,24.552876978421907],[46.82919865996497,24.552740047358025],[46.82932341765707,24.552519560617572],[46.829612690441124,24.552656492370012]]]}},{"type":"Feature","properties":{"plan_no":"2705/5","plan_id":"2620","block_no":"71","parcel_no":"1264","parcel_id":14318655,"object_id":6234056,"area_m2":907.50182128},"geometry":{"type":"Polygon","coordinates":[[[46.82932341765707,24.552519560617572],[46.82919865996497,24.552740047358025],[46.82890938737715,24.552603114796817],[46.82903414547329,24.552382628270514],[46.82932341765707,24.552519560617572]]]}},{"type":"Feature","properties":{"plan_no":"2705/5","plan_id":"2620","block_no":"71","parcel_no":"1265","parcel_id":14317333,"object_id":6233133,"area_m2":962.50207232},"geometry":{"type":"Polygon","coordinates":[[[46.82903414547329,24.552382628270514],[46.82890938737715,24.552603114796817],[46.82860258345107,24.552457883111725],[46.828727341975735,24.55223739681257],[46.82903414547329,24.552382628270514]]]}},{"type":"Feature","properties":{"plan_no":"2705/5","plan_id":"2620","block_no":"72","parcel_no":"1266","parcel_id":14315379,"object_id":6196454,"area_m2":1325.522913115},"geometry":{"type":"Polygon","coordinates":[[[46.83122911172645,24.55512716732655],[46.83101875012844,24.554961278075208],[46.83129568908057,24.55466425882558],[46.83152779738792,24.554857226467686],[46.83127055644353,24.5551156975473],[46.83126222139427,24.555124072638105],[46.83124566215162,24.555110536876803],[46.83122911172645,24.55512716732655]]]}},{"type":"Feature","properties":{"plan_no":"2705/5","plan_id":"2620","block_no":"72","parcel_no":"1267","parcel_id":14316441,"object_id":6229287,"area_m2":1000.67990314},"geometry":{"type":"Polygon","coordinates":[[[46.831733769368626,24.554650267830567],[46.83152779738792,24.554857226467686],[46.83129568908057,24.55466425882558],[46.83149433411842,24.5544512094803],[46.831733769368626,24.554650267830567]]]}},{"type":"Feature","properties":{"plan_no":"2705/5","plan_id":"2620","block_no":"72","parcel_no":"1268","parcel_id":14315909,"object_id":6179303,"area_m2":1031.77916555},"geometry":{"type":"Polygon","coordinates":[[[46.83193974067677,24.55444330894594],[46.831733769368626,24.554650267830567],[46.83149433411842,24.5544512094803],[46.831692978478245,24.554238159003926],[46.83193974067677,24.55444330894594]]]}},{"type":"Feature","properties":{"plan_no":"2705/5","plan_id":"2620","block_no":"72","parcel_no":"1269","parcel_id":14315087,"object_id":6146174,"area_m2":1071.7030681850001},"geometry":{"type":"Polygon","coordinates":[[[46.83214876821281,24.554233279042684],[46.83193974067677,24.55444330894594],[46.831692978478245,24.554238159003926],[46.831891044835395,24.554025728358535],[46.832020714671486,24.554128500194054],[46.83214876821281,24.554233279042684]]]}},{"type":"Feature","properties":{"plan_no":"2705/5","plan_id":"2620","block_no":"72","parcel_no":"1270","parcel_id":14316067,"object_id":6156181,"area_m2":1073.1167238250002},"geometry":{"type":"Polygon","coordinates":[[[46.83214876821281,24.554233279042684],[46.83239991298174,24.554448822791183],[46.832187562814475,24.55464933848095],[46.83193974067677,24.55444330894594],[46.83214876821281,24.554233279042684]]]}},{"type":"Feature","properties":{"plan_no":"2705/5","plan_id":"2620","block_no":"72","parcel_no":"1271","parcel_id":14319147,"object_id":6155224,"area_m2":1036.9217896950001},"geometry":{"type":"Polygon","coordinates":[[[46.832187562814475,24.55464933848095],[46.831974570270226,24.554850460302376],[46.831733769368626,24.554650267830567],[46.83193974067677,24.55444330894594],[46.832187562814475,24.55464933848095]]]}},{"type":"Feature","properties":{"plan_no":"2705/5","plan_id":"2620","block_no":"72","parcel_no":"1272","parcel_id":14315457,"object_id":6355202,"area_m2":1007.12108199},"geometry":{"type":"Polygon","coordinates":[[[46.831974570270226,24.554850460302376],[46.83176157606044,24.555051581869304],[46.83152779738792,24.554857226467686],[46.831733769368626,24.554650267830567],[46.831974570270226,24.554850460302376]]]}},{"type":"Feature","properties":{"plan_no":"2705/5","plan_id":"2620","block_no":"72","parcel_no":"1273","parcel_id":14316343,"object_id":6145763,"area_m2":1327.306605295},"geometry":{"type":"Polygon","coordinates":[[[46.83176157606044,24.555051581869304],[46.83146810309074,24.555328695339206],[46.83136987802839,24.55524417050977],[46.83127043492783,24.555161082126613],[46.83126216987789,24.555154298269713],[46.83127878064043,24.555137608397356],[46.83126222139427,24.555124072638105],[46.83127055644353,24.5551156975473],[46.83152779738792,24.554857226467686],[46.83176157606044,24.555051581869304]]]}},{"type":"Feature","properties":{"plan_no":"2705/5","plan_id":"2620","block_no":"73","parcel_no":"1274","parcel_id":14316609,"object_id":6179637,"area_m2":923.386473155},"geometry":{"type":"Polygon","coordinates":[[[46.83203188842471,24.555463925795493],[46.83181640059478,24.555649678629837],[46.831713691964104,24.555551393221876],[46.831609410344925,24.555454778377598],[46.83181544982658,24.555260224061698],[46.831924502224915,24.5553611897381],[46.83203188842471,24.555463925795493]]]}},{"type":"Feature","properties":{"plan_no":"2705/5","plan_id":"2620","block_no":"73","parcel_no":"1275","parcel_id":14318223,"object_id":6827401,"area_m2":918.31783884},"geometry":{"type":"Polygon","coordinates":[[[46.83223862888514,24.555671614754253],[46.83201647348775,24.5558506793125],[46.831917253417565,24.555749366363145],[46.83181640059478,24.555649678629837],[46.83203188842471,24.555463925795493],[46.83213610375294,24.555566929036353],[46.83223862888514,24.555671614754253]]]}},{"type":"Feature","properties":{"plan_no":"2705/5","plan_id":"2620","block_no":"73","parcel_no":"1276","parcel_id":14317351,"object_id":6238573,"area_m2":924.994747785},"geometry":{"type":"Polygon","coordinates":[[[46.832439230165974,24.555886779681686],[46.832210814395644,24.55605912664743],[46.83211450266289,24.555954102371714],[46.83201647348775,24.5558506793125],[46.83223862888514,24.555671614754253],[46.83233981662204,24.555778370165473],[46.832439230165974,24.555886779681686]]]}},{"type":"Feature","properties":{"plan_no":"2705/5","plan_id":"2620","block_no":"73","parcel_no":"1277","parcel_id":14316737,"object_id":6176805,"area_m2":924.99586786},"geometry":{"type":"Polygon","coordinates":[[[46.83263205983044,24.55610780989327],[46.832397623817315,24.55627325758789],[46.832305105791725,24.556165418566874],[46.832210814395644,24.55605912664743],[46.832439230165974,24.555886779681686],[46.83253656126336,24.555996495425703],[46.83263205983044,24.55610780989327]]]}},{"type":"Feature","properties":{"plan_no":"2705/5","plan_id":"2620","block_no":"73","parcel_no":"1278","parcel_id":14315449,"object_id":6228404,"area_m2":924.99703913},"geometry":{"type":"Polygon","coordinates":[[[46.83281691208984,24.556334470470407],[46.832576704926225,24.556492842521305],[46.83248807931535,24.556382303878127],[46.832397623817315,24.55627325758789],[46.83263205983044,24.55610780989327],[46.83272543124218,24.556220369260295],[46.83281691208984,24.556334470470407]]]}},{"type":"Feature","properties":{"plan_no":"2705/5","plan_id":"2620","block_no":"73","parcel_no":"1279","parcel_id":14318671,"object_id":6234057,"area_m2":936.49443291},"geometry":{"type":"Polygon","coordinates":[[[46.832995560359386,24.556566322749568],[46.83275303834702,24.55672171943781],[46.8326484972157,24.5565852355404],[46.832576704926225,24.556492842521305],[46.83281691208984,24.556334470470407],[46.832891028171126,24.55642985065269],[46.832995560359386,24.556566322749568]]]}},{"type":"Feature","properties":{"plan_no":"2705/5","plan_id":"2620","block_no":"73","parcel_no":"1280","parcel_id":14316523,"object_id":6315257,"area_m2":942.4575530550001},"geometry":{"type":"Polygon","coordinates":[[[46.83317378202267,24.556798999764876],[46.83293065306504,24.55695360510029],[46.83275303834702,24.55672171943781],[46.832995560359386,24.556566322749568],[46.83317378202267,24.556798999764876]]]}},{"type":"Feature","properties":{"plan_no":"2705/5","plan_id":"2620","block_no":"73","parcel_no":"1281","parcel_id":14316593,"object_id":6155770,"area_m2":946.73867409},"geometry":{"type":"Polygon","coordinates":[[[46.83335220659985,24.557031939503503],[46.833109684211436,24.557187336783677],[46.83293065306504,24.55695360510029],[46.83317378202267,24.556798999764876],[46.83335220659985,24.557031939503503]]]}},{"type":"Feature","properties":{"plan_no":"2705/5","plan_id":"2620","block_no":"73","parcel_no":"1282","parcel_id":14316655,"object_id":6201250,"area_m2":1094.6005408},"geometry":{"type":"Polygon","coordinates":[[[46.833558849175084,24.55730171711498],[46.83331632558183,24.557457114750132],[46.833109684211436,24.557187336783677],[46.83335220659985,24.557031939503503],[46.833558849175084,24.55730171711498]]]}},{"type":"Feature","properties":{"plan_no":"2705/5","plan_id":"2620","block_no":"73","parcel_no":"1283","parcel_id":14316239,"object_id":6167490,"area_m2":1088.977955135},"geometry":{"type":"Polygon","coordinates":[[[46.83380137215612,24.557146319121244],[46.833558849175084,24.55730171711498],[46.83335220659985,24.557031939503503],[46.83356441454295,24.55689596645986],[46.83357451948841,24.556889491892356],[46.83358726262594,24.55690612817716],[46.83360747250167,24.55689317813581],[46.83361384407229,24.55690149627684],[46.83380137215612,24.557146319121244]]]}},{"type":"Feature","properties":{"plan_no":"2705/5","plan_id":"2620","block_no":"73","parcel_no":"1284","parcel_id":14316367,"object_id":7171780,"area_m2":937.90691657},"geometry":{"type":"Polygon","coordinates":[[[46.83357561564847,24.556851587413714],[46.833581987214785,24.55685990555638],[46.833561777341295,24.556872855594225],[46.83357451948841,24.556889491892356],[46.83356441454295,24.55689596645986],[46.83335220659985,24.557031939503503],[46.83317378202267,24.556798999764876],[46.833416911343214,24.556644393154194],[46.83357561564847,24.556851587413714]]]}},{"type":"Feature","properties":{"plan_no":"2705/5","plan_id":"2620","block_no":"73","parcel_no":"1285","parcel_id":14318495,"object_id":6155164,"area_m2":945.674635605},"geometry":{"type":"Polygon","coordinates":[[[46.833416911343214,24.556644393154194],[46.83317378202267,24.556798999764876],[46.832995560359386,24.556566322749568],[46.83323808273341,24.556410924788064],[46.833416911343214,24.556644393154194]]]}},{"type":"Feature","properties":{"plan_no":"2705/5","plan_id":"2620","block_no":"73","parcel_no":"1286","parcel_id":14317367,"object_id":7205137,"area_m2":948.63647472},"geometry":{"type":"Polygon","coordinates":[[[46.83323808273341,24.556410924788064],[46.832995560359386,24.556566322749568],[46.832891028171126,24.55642985065269],[46.83281691208984,24.556334470470407],[46.83305712351896,24.556176094397753],[46.83313354139476,24.556274442140356],[46.83323808273341,24.556410924788064]]]}},{"type":"Feature","properties":{"plan_no":"2705/5","plan_id":"2620","block_no":"73","parcel_no":"1287","parcel_id":14317685,"object_id":6167985,"area_m2":954.34564287},"geometry":{"type":"Polygon","coordinates":[[[46.83305712351896,24.556176094397753],[46.83281691208984,24.556334470470407],[46.832725431242174,24.556220369260302],[46.83263205983044,24.55610780989327],[46.83286649912597,24.555942359110183],[46.8329627850243,24.55605843264486],[46.83305712351896,24.556176094397753]]]}},{"type":"Feature","properties":{"plan_no":"2705/5","plan_id":"2620","block_no":"73","parcel_no":"1288","parcel_id":14315101,"object_id":6208147,"area_m2":954.340580595},"geometry":{"type":"Polygon","coordinates":[[[46.83286649912597,24.555942359110183],[46.83263205983044,24.55610780989327],[46.83253656126336,24.555996495425703],[46.832439230165974,24.555886779681686],[46.83266764922523,24.55571443054894],[46.832768018495486,24.555827570984075],[46.83286649912597,24.555942359110183]]]}},{"type":"Feature","properties":{"plan_no":"2705/5","plan_id":"2620","block_no":"73","parcel_no":"1289","parcel_id":14318789,"object_id":6208697,"area_m2":954.3409934050001},"geometry":{"type":"Polygon","coordinates":[[[46.83266764922523,24.55571443054894],[46.832439230165974,24.555886779681686],[46.83233981662204,24.55577837016547],[46.83223862888514,24.555671614754253],[46.832460785580466,24.5554925471691],[46.83256513160598,24.555602636540144],[46.83266764922523,24.55571443054894]]]}},{"type":"Feature","properties":{"plan_no":"2705/5","plan_id":"2620","block_no":"73","parcel_no":"1290","parcel_id":14319101,"object_id":6198190,"area_m2":948.402918535},"geometry":{"type":"Polygon","coordinates":[[[46.832460785580466,24.5554925471691],[46.83223862888514,24.555671614754253],[46.83213610375294,24.555566929036356],[46.83203188842471,24.555463925795493],[46.83224738248616,24.555278169893572],[46.832354956117925,24.55538449040968],[46.832460785580466,24.5554925471691]]]}},{"type":"Feature","properties":{"plan_no":"2705/5","plan_id":"2620","block_no":"73","parcel_no":"1291","parcel_id":14314971,"object_id":6208099,"area_m2":964.391690855},"geometry":{"type":"Polygon","coordinates":[[[46.83224738248616,24.555278169893572],[46.83203188842471,24.555463925795493],[46.831924502224915,24.5553611897381],[46.83181544982658,24.555260224061698],[46.83202148867323,24.555065669496415],[46.832135314148324,24.555170985752184],[46.83224738248616,24.555278169893572]]]}},{"type":"Feature","properties":{"plan_no":"2705/5","plan_id":"2620","block_no":"74","parcel_no":"1292","parcel_id":14317329,"object_id":6197050,"area_m2":896.9400396850001},"geometry":{"type":"Polygon","coordinates":[[[46.83258091323314,24.554976623131015],[46.832385272154184,24.555143695369107],[46.83227480432497,24.555037150254947],[46.83216269391596,24.554932334899036],[46.83234771312805,24.554757627522648],[46.83246520500572,24.55486617565613],[46.83258091323314,24.554976623131015]]]}},{"type":"Feature","properties":{"plan_no":"2705/5","plan_id":"2620","block_no":"74","parcel_no":"1293","parcel_id":14317413,"object_id":6196258,"area_m2":916.09355767},"geometry":{"type":"Polygon","coordinates":[[[46.832807878955975,24.555204206310943],[46.83260542840214,24.555366372460643],[46.832496240838864,24.555254153435875],[46.832385272154184,24.555143695369107],[46.83258091323314,24.554976623131015],[46.83269533617571,24.555089477190364],[46.832807878955975,24.555204206310943]]]}},{"type":"Feature","properties":{"plan_no":"2705/5","plan_id":"2620","block_no":"74","parcel_no":"1294","parcel_id":14316147,"object_id":6211031,"area_m2":917.3393965},"geometry":{"type":"Polygon","coordinates":[[[46.833025835007525,24.55543769595434],[46.832817014165826,24.555594547106914],[46.83271213689676,24.5554796107384],[46.83260542840214,24.555366372460643],[46.832807878955975,24.555204206310943],[46.8329178245798,24.55532004790692],[46.833025835007525,24.55543769595434]]]}},{"type":"Feature","properties":{"plan_no":"2705/5","plan_id":"2620","block_no":"74","parcel_no":"1295","parcel_id":14315973,"object_id":6168054,"area_m2":918.29957414},"geometry":{"type":"Polygon","coordinates":[[[46.83323483951422,24.555677017359237],[46.833020102717704,24.555828167893125],[46.83291949807318,24.555710540670372],[46.832817014165826,24.555594547106914],[46.833025835007525,24.55543769595434],[46.83313133138139,24.555556488470057],[46.83323483951422,24.555677017359237]]]}},{"type":"Feature","properties":{"plan_no":"2705/5","plan_id":"2620","block_no":"74","parcel_no":"1296","parcel_id":14316975,"object_id":7327467,"area_m2":918.977760115},"geometry":{"type":"Polygon","coordinates":[[[46.83343491537138,24.555922117016262],[46.833214737034325,24.556067204537037],[46.833118385025564,24.55594690034719],[46.833020102717704,24.555828167893125],[46.83323483951422,24.555677017359237],[46.83333589946176,24.555798732909473],[46.83343491537138,24.555922117016262]]]}},{"type":"Feature","properties":{"plan_no":"2705/5","plan_id":"2620","block_no":"74","parcel_no":"1297","parcel_id":14317745,"object_id":7296105,"area_m2":912.4363497950001},"geometry":{"type":"Polygon","coordinates":[[[46.833624680096875,24.55616827990606],[46.833402369485874,24.556310728417042],[46.8332937065,24.556168864437932],[46.833214737034325,24.556067204537037],[46.83343491537138,24.555922117016262],[46.833517542462374,24.55602840729265],[46.833624680096875,24.55616827990606]]]}},{"type":"Feature","properties":{"plan_no":"2705/5","plan_id":"2620","block_no":"74","parcel_no":"1298","parcel_id":14317709,"object_id":6167988,"area_m2":907.500466555},"geometry":{"type":"Polygon","coordinates":[[[46.83381157410303,24.556412278089752],[46.83358926329827,24.556554725982355],[46.833402369485874,24.556310728417042],[46.833624680096875,24.55616827990606],[46.83381157410303,24.556412278089752]]]}},{"type":"Feature","properties":{"plan_no":"2705/5","plan_id":"2620","block_no":"74","parcel_no":"1299","parcel_id":14315799,"object_id":6209253,"area_m2":907.49840135},"geometry":{"type":"Polygon","coordinates":[[[46.8339984688368,24.55665627508892],[46.83377615785144,24.55679872326588],[46.83358926329827,24.556554725982355],[46.83381157410303,24.556412278089752],[46.8339984688368,24.55665627508892]]]}},{"type":"Feature","properties":{"plan_no":"2705/5","plan_id":"2620","block_no":"74","parcel_no":"1300","parcel_id":14319013,"object_id":7271896,"area_m2":907.49840135},"geometry":{"type":"Polygon","coordinates":[[[46.83418536431135,24.55690027180629],[46.833963053145375,24.557042720267585],[46.83377615785144,24.55679872326588],[46.8339984688368,24.55665627508892],[46.83418536431135,24.55690027180629]]]}},{"type":"Feature","properties":{"plan_no":"2705/5","plan_id":"2620","block_no":"74","parcel_no":"1301","parcel_id":14317221,"object_id":6156354,"area_m2":907.50298638},"geometry":{"type":"Polygon","coordinates":[[[46.83422078028159,24.556513825695973],[46.83440767593673,24.55675782212899],[46.83418536431135,24.55690027180629],[46.8339984688368,24.55665627508892],[46.83422078028159,24.556513825695973]]]}},{"type":"Feature","properties":{"plan_no":"2705/5","plan_id":"2620","block_no":"74","parcel_no":"1302","parcel_id":14316253,"object_id":6146765,"area_m2":907.50298638},"geometry":{"type":"Polygon","coordinates":[[[46.83422078028159,24.556513825695973],[46.8339984688368,24.55665627508892],[46.83381157410303,24.556412278089752],[46.834033885367205,24.55626982898115],[46.83422078028159,24.556513825695973]]]}},{"type":"Feature","properties":{"plan_no":"2705/5","plan_id":"2620","block_no":"74","parcel_no":"1303","parcel_id":14318731,"object_id":7298721,"area_m2":907.502604295},"geometry":{"type":"Polygon","coordinates":[[[46.834033885367205,24.55626982898115],[46.83381157410303,24.556412278089752],[46.833624680096875,24.55616827990606],[46.83384699020662,24.556025831996507],[46.834033885367205,24.55626982898115]]]}},{"type":"Feature","properties":{"plan_no":"2705/5","plan_id":"2620","block_no":"74","parcel_no":"1304","parcel_id":14315431,"object_id":6165674,"area_m2":922.5540363250001},"geometry":{"type":"Polygon","coordinates":[[[46.83384699020662,24.556025831996507],[46.833624680096875,24.55616827990606],[46.833517542462374,24.55602840729265],[46.83343491537138,24.555922117016262],[46.83365520270536,24.555776957445076],[46.83373832701073,24.555883968348052],[46.83384699020662,24.556025831996507]]]}},{"type":"Feature","properties":{"plan_no":"2705/5","plan_id":"2620","block_no":"74","parcel_no":"1305","parcel_id":14316385,"object_id":6155717,"area_m2":944.56733139},"geometry":{"type":"Polygon","coordinates":[[[46.83365520270536,24.555776957445076],[46.83343491537138,24.555922117016262],[46.83333589946176,24.555798732909473],[46.83323483951422,24.555677017359237],[46.83345032232304,24.55552534193123],[46.83355377825919,24.555650322607903],[46.83365520270536,24.555776957445076]]]}},{"type":"Feature","properties":{"plan_no":"2705/5","plan_id":"2620","block_no":"74","parcel_no":"1306","parcel_id":14317913,"object_id":6199383,"area_m2":947.894994085},"geometry":{"type":"Polygon","coordinates":[[[46.83345032232304,24.55552534193123],[46.83323483951422,24.555677017359237],[46.83313133138139,24.555556488470057],[46.833025835007525,24.55543769595434],[46.83323654576747,24.55527942572222],[46.83334442322881,24.555401523923045],[46.83345032232304,24.55552534193123]]]}},{"type":"Feature","properties":{"plan_no":"2705/5","plan_id":"2620","block_no":"74","parcel_no":"1307","parcel_id":14315249,"object_id":6154008,"area_m2":953.386108105},"geometry":{"type":"Polygon","coordinates":[[[46.83323654576747,24.55527942572222],[46.833025835007525,24.55543769595434],[46.8329178245798,24.55532004790692],[46.832807878955975,24.555204206310943],[46.833013824181705,24.555039241876756],[46.83312614856003,24.555158440270294],[46.83323654576747,24.55527942572222]]]}},{"type":"Feature","properties":{"plan_no":"2705/5","plan_id":"2620","block_no":"74","parcel_no":"1308","parcel_id":14316079,"object_id":6211073,"area_m2":961.09046603},"geometry":{"type":"Polygon","coordinates":[[[46.833013824181705,24.555039241876756],[46.832807878955975,24.555204206310943],[46.83269533617571,24.55508947719036],[46.83258091323314,24.554976623131015],[46.83278207639962,24.55480484190194],[46.83289888760679,24.554921115178782],[46.833013824181705,24.555039241876756]]]}},{"type":"Feature","properties":{"plan_no":"2705/5","plan_id":"2620","block_no":"74","parcel_no":"1309","parcel_id":14314923,"object_id":7272807,"area_m2":966.79396803},"geometry":{"type":"Polygon","coordinates":[[[46.83278207639962,24.55480484190194],[46.83258091323314,24.554976623131015],[46.83246520500572,24.55486617565613],[46.83234771312805,24.554757627522648],[46.83254045955389,24.554575622964755],[46.832662185966434,24.554689264791786],[46.83278207639962,24.55480484190194]]]}},{"type":"Feature","properties":{"plan_no":"2705/5","plan_id":"2620","block_no":"75","parcel_no":"1310","parcel_id":14315743,"object_id":6179294,"area_m2":1056.00026611},"geometry":{"type":"Polygon","coordinates":[[[46.835510044545714,24.55725294569672],[46.83525135605457,24.557418706713307],[46.83506445776872,24.55717471150075],[46.835323146049745,24.55700895081504],[46.835510044545714,24.55725294569672]]]}},{"type":"Feature","properties":{"plan_no":"2705/5","plan_id":"2620","block_no":"75","parcel_no":"1311","parcel_id":14315777,"object_id":6240101,"area_m2":991.99809773},"geometry":{"type":"Polygon","coordinates":[[[46.835323146049745,24.55700895081504],[46.83506445776872,24.55717471150075],[46.8348888877225,24.55694550410772],[46.835147575806126,24.556779743732847],[46.835323146049745,24.55700895081504]]]}},{"type":"Feature","properties":{"plan_no":"2705/5","plan_id":"2620","block_no":"75","parcel_no":"1312","parcel_id":14318061,"object_id":6356007,"area_m2":991.99989879},"geometry":{"type":"Polygon","coordinates":[[[46.835147575806126,24.556779743732847],[46.8348888877225,24.55694550410772],[46.834713317343024,24.556716296477994],[46.834972005229254,24.556550536413955],[46.835147575806126,24.556779743732847]]]}},{"type":"Feature","properties":{"plan_no":"2705/5","plan_id":"2620","block_no":"75","parcel_no":"1313","parcel_id":14317863,"object_id":6176697,"area_m2":986.37479355},"geometry":{"type":"Polygon","coordinates":[[[46.834972005229254,24.556550536413955],[46.834713317343024,24.556716296477994],[46.834556862427306,24.556512041994996],[46.834550490818714,24.556503723895947],[46.83457070052473,24.55649077373426],[46.834557958295974,24.556474137524923],[46.8345680631534,24.55646766289537],[46.834796436293054,24.556321328834347],[46.834972005229254,24.556550536413955]]]}},{"type":"Feature","properties":{"plan_no":"2705/5","plan_id":"2620","block_no":"75","parcel_no":"1314","parcel_id":14318859,"object_id":6238855,"area_m2":986.3752302},"geometry":{"type":"Polygon","coordinates":[[[46.8345680631534,24.55646766289537],[46.834557958295974,24.556474137524923],[46.834545216070666,24.556457501314277],[46.83452500537993,24.556470451484454],[46.834518633775645,24.556462133383764],[46.834362179519005,24.556257879557712],[46.83462086701044,24.55609212011534],[46.834796436293054,24.556321328834347],[46.8345680631534,24.55646766289537]]]}},{"type":"Feature","properties":{"plan_no":"2705/5","plan_id":"2620","block_no":"75","parcel_no":"1315","parcel_id":14315991,"object_id":6146500,"area_m2":992.000729575},"geometry":{"type":"Polygon","coordinates":[[[46.83462086701044,24.55609212011534],[46.834362179519005,24.556257879557712],[46.83418661108748,24.556028670279197],[46.83444529938161,24.555862912038307],[46.83462086701044,24.55609212011534]]]}},{"type":"Feature","properties":{"plan_no":"2705/5","plan_id":"2620","block_no":"75","parcel_no":"1316","parcel_id":14319185,"object_id":6211030,"area_m2":992.000729575},"geometry":{"type":"Polygon","coordinates":[[[46.83444529938161,24.555862912038307],[46.83418661108748,24.556028670279197],[46.834011044309726,24.55579946164266],[46.834269731406366,24.555633702821904],[46.83444529938161,24.555862912038307]]]}},{"type":"Feature","properties":{"plan_no":"2705/5","plan_id":"2620","block_no":"75","parcel_no":"1317","parcel_id":14318751,"object_id":7189636,"area_m2":1019.133441675},"geometry":{"type":"Polygon","coordinates":[[[46.834269731406366,24.555633702821904],[46.834011044309726,24.55579946164266],[46.83383579314317,24.55557066423913],[46.83408424555034,24.555391543406024],[46.834269731406366,24.555633702821904]]]}},{"type":"Feature","properties":{"plan_no":"2705/5","plan_id":"2620","block_no":"75","parcel_no":"1318","parcel_id":14315545,"object_id":7324919,"area_m2":1180.89462072},"geometry":{"type":"Polygon","coordinates":[[[46.834552670452695,24.55545240357808],[46.834269731406366,24.555633702821904],[46.83408424555034,24.555391543406024],[46.834355988937446,24.555195629914294],[46.834552670452695,24.55545240357808]]]}},{"type":"Feature","properties":{"plan_no":"2705/5","plan_id":"2620","block_no":"75","parcel_no":"1319","parcel_id":14314995,"object_id":7311817,"area_m2":1085.00505336},"geometry":{"type":"Polygon","coordinates":[[[46.83472823864385,24.555681612454528],[46.83444529938161,24.555862912038307],[46.834269731406366,24.555633702821904],[46.834552670452695,24.55545240357808],[46.83472823864385,24.555681612454528]]]}},{"type":"Feature","properties":{"plan_no":"2705/5","plan_id":"2620","block_no":"75","parcel_no":"1320","parcel_id":14315099,"object_id":6146176,"area_m2":1085.00019044},"geometry":{"type":"Polygon","coordinates":[[[46.83490380648858,24.555910820191603],[46.83462086701044,24.55609212011534],[46.83444529938161,24.555862912038307],[46.83472823864385,24.555681612454528],[46.83490380648858,24.555910820191603]]]}},{"type":"Feature","properties":{"plan_no":"2705/5","plan_id":"2620","block_no":"75","parcel_no":"1321","parcel_id":14318413,"object_id":6199060,"area_m2":1085.00505336},"geometry":{"type":"Polygon","coordinates":[[[46.835079375987085,24.55614002857065],[46.834796436293054,24.556321328834347],[46.83462086701044,24.55609212011534],[46.83490380648858,24.555910820191603],[46.835079375987085,24.55614002857065]]]}},{"type":"Feature","properties":{"plan_no":"2705/5","plan_id":"2620","block_no":"75","parcel_no":"1322","parcel_id":14315003,"object_id":6177213,"area_m2":1085.00019044},"geometry":{"type":"Polygon","coordinates":[[[46.835254945139184,24.556369235810305],[46.834972005229254,24.556550536413955],[46.834796436293054,24.556321328834347],[46.835079375987085,24.55614002857065],[46.835254945139184,24.556369235810305]]]}},{"type":"Feature","properties":{"plan_no":"2705/5","plan_id":"2620","block_no":"75","parcel_no":"1323","parcel_id":14317641,"object_id":6199152,"area_m2":1084.99989421},"geometry":{"type":"Polygon","coordinates":[[[46.83543051494498,24.556598442801246],[46.835147575806126,24.556779743732847],[46.834972005229254,24.556550536413955],[46.835254945139184,24.556369235810305],[46.83543051494498,24.556598442801246]]]}},{"type":"Feature","properties":{"plan_no":"2705/5","plan_id":"2620","block_no":"75","parcel_no":"1324","parcel_id":14316971,"object_id":6165449,"area_m2":1085.000468325},"geometry":{"type":"Polygon","coordinates":[[[46.83560608640458,24.55682765043413],[46.835323146049745,24.55700895081504],[46.835147575806126,24.556779743732847],[46.83543051494498,24.556598442801246],[46.83560608640458,24.55682765043413]]]}},{"type":"Feature","properties":{"plan_no":"2705/5","plan_id":"2620","block_no":"75","parcel_no":"1325","parcel_id":14317487,"object_id":6147031,"area_m2":1155.00085129},"geometry":{"type":"Polygon","coordinates":[[[46.83579298513036,24.55707164495388],[46.835510044545714,24.55725294569672],[46.835323146049745,24.55700895081504],[46.83560608640458,24.55682765043413],[46.83579298513036,24.55707164495388]]]}},{"type":"Feature","properties":{"plan_no":"2705/5","plan_id":"2620","block_no":"76","parcel_no":"1326","parcel_id":14316911,"object_id":7327580,"area_m2":1107.502299895},"geometry":{"type":"Polygon","coordinates":[[[46.836158312145095,24.55668322927277],[46.83591579417555,24.55683863083641],[46.83584705547558,24.5568275623618],[46.83569413771044,24.556627930220987],[46.83597707666527,24.55644662921585],[46.836158312145095,24.55668322927277]]]}},{"type":"Feature","properties":{"plan_no":"2705/5","plan_id":"2620","block_no":"76","parcel_no":"1327","parcel_id":14317833,"object_id":6239038,"area_m2":1049.99822781},"geometry":{"type":"Polygon","coordinates":[[[46.83597707666527,24.55644662921585],[46.83569413771044,24.556627930220987],[46.83552423066714,24.55640611760116],[46.83580716941307,24.556224816925027],[46.83597707666527,24.55644662921585]]]}},{"type":"Feature","properties":{"plan_no":"2705/5","plan_id":"2620","block_no":"76","parcel_no":"1328","parcel_id":14318549,"object_id":6234260,"area_m2":1050.000263655},"geometry":{"type":"Polygon","coordinates":[[[46.83580716941307,24.556224816925027],[46.83552423066714,24.55640611760116],[46.83535432423605,24.556184304748403],[46.83563726177298,24.5560030035106],[46.83580716941307,24.556224816925027]]]}},{"type":"Feature","properties":{"plan_no":"2705/5","plan_id":"2620","block_no":"76","parcel_no":"1329","parcel_id":14318343,"object_id":7173010,"area_m2":1050.00032959},"geometry":{"type":"Polygon","coordinates":[[[46.83563726177298,24.5560030035106],[46.83535432423605,24.556184304748403],[46.83518441840401,24.55596249076001],[46.83546735573204,24.555781189851206],[46.83563726177298,24.5560030035106]]]}},{"type":"Feature","properties":{"plan_no":"2705/5","plan_id":"2620","block_no":"76","parcel_no":"1330","parcel_id":14317899,"object_id":6156480,"area_m2":1050.00032959},"geometry":{"type":"Polygon","coordinates":[[[46.83546735573204,24.555781189851206],[46.83518441840401,24.55596249076001],[46.83501451318417,24.555740676538694],[46.83529745030329,24.555559375958886],[46.83546735573204,24.555781189851206]]]}},{"type":"Feature","properties":{"plan_no":"2705/5","plan_id":"2620","block_no":"76","parcel_no":"1331","parcel_id":14318193,"object_id":6239052,"area_m2":1049.998038845},"geometry":{"type":"Polygon","coordinates":[[[46.83529745030329,24.555559375958886],[46.83501451318417,24.555740676538694],[46.83484460857651,24.55551886208446],[46.83512754549985,24.55533756273634],[46.83529745030329,24.555559375958886]]]}},{"type":"Feature","properties":{"plan_no":"2705/5","plan_id":"2620","block_no":"76","parcel_no":"1332","parcel_id":14317191,"object_id":6323018,"area_m2":1049.9986411},"geometry":{"type":"Polygon","coordinates":[[[46.83512754549985,24.55533756273634],[46.83484460857651,24.55551886208446],[46.83467470458102,24.555297047397314],[46.834957641295446,24.555115748378178],[46.83512754549985,24.55533756273634]]]}},{"type":"Feature","properties":{"plan_no":"2705/5","plan_id":"2620","block_no":"76","parcel_no":"1333","parcel_id":14316129,"object_id":6211075,"area_m2":1041.43611796},"geometry":{"type":"Polygon","coordinates":[[[46.834957641295446,24.555115748378178],[46.83467470458102,24.555297047397314],[46.83451154404244,24.555084036315442],[46.83478376605285,24.554888748279282],[46.834957641295446,24.555115748378178]]]}},{"type":"Feature","properties":{"plan_no":"2705/5","plan_id":"2620","block_no":"76","parcel_no":"1334","parcel_id":14317241,"object_id":6238793,"area_m2":1101.636763675},"geometry":{"type":"Polygon","coordinates":[[[46.83524057815045,24.554934447956395],[46.834957641295446,24.555115748378178],[46.83478376605285,24.554888748279282],[46.83505300564782,24.554695598859343],[46.835144151099314,24.55481006980915],[46.83523385641225,24.554925672787085],[46.83524057815045,24.554934447956395]]]}},{"type":"Feature","properties":{"plan_no":"2705/5","plan_id":"2620","block_no":"76","parcel_no":"1335","parcel_id":14315041,"object_id":7190131,"area_m2":1050.00280931},"geometry":{"type":"Polygon","coordinates":[[[46.83541048256376,24.555156261985573],[46.83512754549985,24.55533756273634],[46.834957641295446,24.555115748378178],[46.83524057815045,24.554934447956395],[46.83541048256376,24.555156261985573]]]}},{"type":"Feature","properties":{"plan_no":"2705/5","plan_id":"2620","block_no":"76","parcel_no":"1336","parcel_id":14317311,"object_id":6167730,"area_m2":1049.9999163},"geometry":{"type":"Polygon","coordinates":[[[46.8355803875761,24.55537807487913],[46.83529745030329,24.555559375958886],[46.83512754549985,24.55533756273634],[46.83541048256376,24.555156261985573],[46.8355803875761,24.55537807487913]]]}},{"type":"Feature","properties":{"plan_no":"2705/5","plan_id":"2620","block_no":"76","parcel_no":"1337","parcel_id":14316421,"object_id":6167811,"area_m2":1050.00280931},"geometry":{"type":"Polygon","coordinates":[[[46.83575029321375,24.555599888442458],[46.83546735573204,24.555781189851206],[46.83529745030329,24.555559375958886],[46.8355803875761,24.55537807487913],[46.83575029321375,24.555599888442458]]]}},{"type":"Feature","properties":{"plan_no":"2705/5","plan_id":"2620","block_no":"76","parcel_no":"1338","parcel_id":14317195,"object_id":6179529,"area_m2":1050.00280931},"geometry":{"type":"Polygon","coordinates":[[[46.835920199463594,24.55582170177285],[46.83563726177298,24.5560030035106],[46.83546735573204,24.555781189851206],[46.83575029321375,24.555599888442458],[46.835920199463594,24.55582170177285]]]}},{"type":"Feature","properties":{"plan_no":"2705/5","plan_id":"2620","block_no":"76","parcel_no":"1339","parcel_id":14315735,"object_id":6240098,"area_m2":1050.00195215},"geometry":{"type":"Polygon","coordinates":[[[46.836090106312476,24.5560435139676],[46.83580716941307,24.556224816925027],[46.83563726177298,24.5560030035106],[46.835920199463594,24.55582170177285],[46.836090106312476,24.5560435139676]]]}},{"type":"Feature","properties":{"plan_no":"2705/5","plan_id":"2620","block_no":"76","parcel_no":"1340","parcel_id":14317025,"object_id":7211993,"area_m2":1050.00195215},"geometry":{"type":"Polygon","coordinates":[[[46.83626001477368,24.55626532682008],[46.83597707666527,24.55644662921585],[46.83580716941307,24.556224816925027],[46.836090106312476,24.5560435139676],[46.83626001477368,24.55626532682008]]]}},{"type":"Feature","properties":{"plan_no":"2705/5","plan_id":"2620","block_no":"76","parcel_no":"1341","parcel_id":14318721,"object_id":6237179,"area_m2":1120.00243449},"geometry":{"type":"Polygon","coordinates":[[[46.83626001477368,24.55626532682008],[46.836441250476305,24.55650192652604],[46.836158312145095,24.55668322927277],[46.83597707666527,24.55644662921585],[46.83626001477368,24.55626532682008]]]}},{"type":"Feature","properties":{"plan_no":"2705/5","plan_id":"2620","block_no":"77","parcel_no":"1342","parcel_id":14316677,"object_id":6167919,"area_m2":988.21321705},"geometry":{"type":"Polygon","coordinates":[[[46.83475233661707,24.554337586898875],[46.834934560188756,24.554551101469396],[46.8346799462109,24.55473375926297],[46.834495349773654,24.55452194355482],[46.83475233661707,24.554337586898875]]]}},{"type":"Feature","properties":{"plan_no":"2705/5","plan_id":"2620","block_no":"77","parcel_no":"1343","parcel_id":14318917,"object_id":6145661,"area_m2":930.138981035},"geometry":{"type":"Polygon","coordinates":[[[46.8346799462109,24.55473375926297],[46.834439180380095,24.554906481862258],[46.834254583040334,24.554694664061362],[46.834495349773654,24.55452194355482],[46.8346799462109,24.55473375926297]]]}},{"type":"Feature","properties":{"plan_no":"2705/5","plan_id":"2620","block_no":"77","parcel_no":"1344","parcel_id":14317689,"object_id":6167986,"area_m2":930.148161675},"geometry":{"type":"Polygon","coordinates":[[[46.834439180380095,24.554906481862258],[46.83419841289186,24.555079204123597],[46.83401381464961,24.55486738422994],[46.834254583040334,24.554694664061362],[46.834439180380095,24.554906481862258]]]}},{"type":"Feature","properties":{"plan_no":"2705/5","plan_id":"2620","block_no":"77","parcel_no":"1345","parcel_id":14315089,"object_id":6196245,"area_m2":930.1546585049999},"geometry":{"type":"Polygon","coordinates":[[[46.83419841289186,24.555079204123597],[46.83395764473313,24.55525192603496],[46.833773045601525,24.55504010495123],[46.83401381464961,24.55486738422994],[46.83419841289186,24.555079204123597]]]}},{"type":"Feature","properties":{"plan_no":"2705/5","plan_id":"2620","block_no":"77","parcel_no":"1346","parcel_id":14315297,"object_id":7314734,"area_m2":918.9698303250001},"geometry":{"type":"Polygon","coordinates":[[[46.83395764473313,24.55525192603496],[46.83371887666042,24.555423212082147],[46.83362818707259,24.555316045553543],[46.83353606736586,24.555210105826212],[46.833773045601525,24.55504010495123],[46.83395764473313,24.55525192603496]]]}},{"type":"Feature","properties":{"plan_no":"2705/5","plan_id":"2620","block_no":"77","parcel_no":"1347","parcel_id":14318075,"object_id":6156651,"area_m2":923.6592315},"geometry":{"type":"Polygon","coordinates":[[[46.833773045601525,24.55504010495123],[46.83353606736586,24.555210105826212],[46.833347170854985,24.55500146216703],[46.83358849728745,24.554828340771483],[46.833773045601525,24.55504010495123]]]}},{"type":"Feature","properties":{"plan_no":"2705/5","plan_id":"2620","block_no":"77","parcel_no":"1348","parcel_id":14315619,"object_id":6209037,"area_m2":929.907243015},"geometry":{"type":"Polygon","coordinates":[[[46.83401381464961,24.55486738422994],[46.833773045601525,24.55504010495123],[46.83358849728745,24.554828340771483],[46.83382926522474,24.554655619458803],[46.83401381464961,24.55486738422994]]]}},{"type":"Feature","properties":{"plan_no":"2705/5","plan_id":"2620","block_no":"77","parcel_no":"1349","parcel_id":14315417,"object_id":6156590,"area_m2":929.9095048949999},"geometry":{"type":"Polygon","coordinates":[[[46.834254583040334,24.554694664061362],[46.83401381464961,24.55486738422994],[46.83382926522474,24.554655619458803],[46.834070031517754,24.55448289871085],[46.834254583040334,24.554694664061362]]]}},{"type":"Feature","properties":{"plan_no":"2705/5","plan_id":"2620","block_no":"77","parcel_no":"1350","parcel_id":14317853,"object_id":6199381,"area_m2":929.91600148},"geometry":{"type":"Polygon","coordinates":[[[46.834495349773654,24.55452194355482],[46.834254583040334,24.554694664061362],[46.834070031517754,24.55448289871085],[46.83431079811412,24.55431017669822],[46.834495349773654,24.55452194355482]]]}},{"type":"Feature","properties":{"plan_no":"2705/5","plan_id":"2620","block_no":"77","parcel_no":"1351","parcel_id":14317179,"object_id":6229516,"area_m2":986.64796072},"geometry":{"type":"Polygon","coordinates":[[[46.83475233661707,24.554337586898875],[46.834495349773654,24.55452194355482],[46.83431079811412,24.55431017669822],[46.83456471727466,24.55412801824552],[46.83475233661707,24.554337586898875]]]}},{"type":"Feature","properties":{"plan_no":"2705/5","plan_id":"2620","block_no":"78","parcel_no":"1352","parcel_id":14314965,"object_id":6153998,"area_m2":1130.249820475},"geometry":{"type":"Polygon","coordinates":[[[46.833068776913976,24.554275219363383],[46.832832752695715,24.55448494592813],[46.83271680788142,24.554377779400113],[46.832599310089165,24.554272317873927],[46.83282884577541,24.554055920818087],[46.83294961919411,24.554164686235207],[46.833068776913976,24.554275219363383]]]}},{"type":"Feature","properties":{"plan_no":"2705/5","plan_id":"2620","block_no":"78","parcel_no":"1353","parcel_id":14315413,"object_id":6146708,"area_m2":1128.156231635},"geometry":{"type":"Polygon","coordinates":[[[46.83282884577541,24.554055920818087],[46.832599310089165,24.554272317873927],[46.832480398935736,24.554168664428072],[46.83235999875052,24.554066744387615],[46.832582783096036,24.553843927404778],[46.832706589027836,24.553949025035337],[46.83282884577541,24.554055920818087]]]}},{"type":"Feature","properties":{"plan_no":"2705/5","plan_id":"2620","block_no":"78","parcel_no":"1354","parcel_id":14319099,"object_id":6198148,"area_m2":1120.89449153},"geometry":{"type":"Polygon","coordinates":[[[46.832582783096036,24.553843927404778],[46.83235999875052,24.554066744387615],[46.8322387835895,24.55396708876744],[46.83211615620353,24.5538691761426],[46.83233197623032,24.553640222592872],[46.8324581149188,24.553741169732245],[46.832582783096036,24.553843927404778]]]}},{"type":"Feature","properties":{"plan_no":"2705/5","plan_id":"2620","block_no":"78","parcel_no":"1355","parcel_id":14316303,"object_id":6209843,"area_m2":1114.44144388},"geometry":{"type":"Polygon","coordinates":[[[46.83233197623032,24.553640222592872],[46.83211615620353,24.5538691761426],[46.831992689039545,24.553773431806007],[46.83186788159466,24.5536794412731],[46.83207653115251,24.553444629014674],[46.83220495160654,24.553541514327097],[46.83233197623032,24.553640222592872]]]}},{"type":"Feature","properties":{"plan_no":"2705/5","plan_id":"2620","block_no":"78","parcel_no":"1356","parcel_id":14316495,"object_id":6229292,"area_m2":1074.1733264},"geometry":{"type":"Polygon","coordinates":[[[46.83207653115251,24.553444629014674],[46.83186788159466,24.5536794412731],[46.831746148119166,24.553590373348065],[46.83162321968073,24.55350296205961],[46.83182473601933,24.553262744746213],[46.83195125581326,24.55335282548755],[46.83207653115251,24.553444629014674]]]}},{"type":"Feature","properties":{"plan_no":"2705/5","plan_id":"2620","block_no":"78","parcel_no":"1357","parcel_id":14315361,"object_id":6196453,"area_m2":1069.47919812},"geometry":{"type":"Polygon","coordinates":[[[46.83182473601933,24.553262744746213],[46.83162321968073,24.55350296205961],[46.831499448739,24.55341743651266],[46.83137454229635,24.553333578026027],[46.83156874765555,24.553088217820356],[46.83169733319013,24.553174613913356],[46.83182473601933,24.553262744746213]]]}},{"type":"Feature","properties":{"plan_no":"2705/5","plan_id":"2620","block_no":"78","parcel_no":"1358","parcel_id":14315353,"object_id":6237987,"area_m2":1060.72947248},"geometry":{"type":"Polygon","coordinates":[[[46.83130862981726,24.55292095444816],[46.83143925060545,24.553003712349646],[46.83156874765555,24.553088217820356],[46.83137454229635,24.553333578026027],[46.83114942162325,24.553188362150767],[46.83114024820455,24.553182640244934],[46.8311541582846,24.553163998725466],[46.831135812398934,24.553152552193477],[46.831142768412114,24.553143230519428],[46.83130862981726,24.55292095444816]]]}},{"type":"Feature","properties":{"plan_no":"2705/5","plan_id":"2620","block_no":"78","parcel_no":"1359","parcel_id":14317167,"object_id":7192112,"area_m2":1056.964224175},"geometry":{"type":"Polygon","coordinates":[[[46.83110355740692,24.553159746260675],[46.83109438396606,24.55315402254639],[46.831094359764634,24.553154055343395],[46.83107569650535,24.55314250521982],[46.83086534498491,24.553015731804678],[46.83104443269169,24.552760878160026],[46.83117706481298,24.55284003569508],[46.83130862981726,24.55292095444816],[46.831142768412114,24.553143230519428],[46.831135812398934,24.553152552193477],[46.83111746650339,24.553141104756346],[46.83110355740692,24.553159746260675]]]}},{"type":"Feature","properties":{"plan_no":"2705/5","plan_id":"2620","block_no":"78","parcel_no":"1360","parcel_id":14318983,"object_id":6238862,"area_m2":1059.033732695},"geometry":{"type":"Polygon","coordinates":[[[46.83104443269169,24.552760878160026],[46.83086534498491,24.553015731804678],[46.83073561330374,24.552940576909283],[46.83060490784144,24.55286712863139],[46.830776198779446,24.55260792702552],[46.83091082202513,24.55268351470115],[46.83104443269169,24.552760878160026]]]}},{"type":"Feature","properties":{"plan_no":"2705/5","plan_id":"2620","block_no":"78","parcel_no":"1361","parcel_id":14315605,"object_id":6155584,"area_m2":1056.70550444},"geometry":{"type":"Polygon","coordinates":[[[46.830776198779446,24.55260792702552],[46.83060490784144,24.55286712863139],[46.830473221275575,24.55279537503046],[46.830340610990774,24.552725343300224],[46.830503958986014,24.552462056409396],[46.83064055855733,24.552534096495947],[46.830776198779446,24.55260792702552]]]}},{"type":"Feature","properties":{"plan_no":"2705/5","plan_id":"2620","block_no":"78","parcel_no":"1362","parcel_id":14315307,"object_id":6228393,"area_m2":1054.929901555},"geometry":{"type":"Polygon","coordinates":[[[46.830503958986014,24.552462056409396],[46.830340610990774,24.552725343300224],[46.83020698040298,24.552656972677482],[46.83007247461456,24.552590340335986],[46.830227736582486,24.55232323982619],[46.83036630150237,24.55239174529258],[46.830503958986014,24.552462056409396]]]}},{"type":"Feature","properties":{"plan_no":"2705/5","plan_id":"2620","block_no":"78","parcel_no":"1363","parcel_id":14314927,"object_id":7189310,"area_m2":1044.61619975},"geometry":{"type":"Polygon","coordinates":[[[46.830227736582486,24.55232323982619],[46.83007247461456,24.552590340335986],[46.82996328158019,24.55253782427706],[46.82980110214381,24.552461055144494],[46.82995309799962,24.552192510249853],[46.8301151002416,24.55226919561296],[46.830227736582486,24.55232323982619]]]}},{"type":"Feature","properties":{"plan_no":"2705/5","plan_id":"2620","block_no":"78","parcel_no":"1364","parcel_id":14317395,"object_id":6232916,"area_m2":1038.38103386},"geometry":{"type":"Polygon","coordinates":[[[46.82995309799962,24.552192510249853],[46.82980110214381,24.552461055144494],[46.82952936162868,24.552332423060133],[46.82968135794675,24.552063878410582],[46.82995309799962,24.552192510249853]]]}},{"type":"Feature","properties":{"plan_no":"2705/5","plan_id":"2620","block_no":"78","parcel_no":"1365","parcel_id":14315529,"object_id":6177031,"area_m2":1038.3833594950001},"geometry":{"type":"Polygon","coordinates":[[[46.82968135794675,24.552063878410582],[46.82952936162868,24.552332423060133],[46.82925762163016,24.552203789548308],[46.82940961742354,24.551935245155832],[46.82968135794675,24.552063878410582]]]}},{"type":"Feature","properties":{"plan_no":"2705/5","plan_id":"2620","block_no":"78","parcel_no":"1366","parcel_id":14314987,"object_id":6154001,"area_m2":1038.3795726},"geometry":{"type":"Polygon","coordinates":[[[46.82940961742354,24.551935245155832],[46.82925762163016,24.552203789548308],[46.82898588217446,24.55207515641445],[46.82913787843008,24.551806612267068],[46.82940961742354,24.551935245155832]]]}},{"type":"Feature","properties":{"plan_no":"2705/5","plan_id":"2620","block_no":"78","parcel_no":"1367","parcel_id":14317727,"object_id":6156430,"area_m2":1038.37666962},"geometry":{"type":"Polygon","coordinates":[[[46.82913787843008,24.551806612267068],[46.82898588217446,24.55207515641445],[46.82871414324847,24.551946522755877],[46.82886614096634,24.55167797974432],[46.82913787843008,24.551806612267068]]]}},{"type":"Feature","properties":{"plan_no":"2705/5","plan_id":"2620","block_no":"78","parcel_no":"1368","parcel_id":14318851,"object_id":6234264,"area_m2":1038.612808325},"geometry":{"type":"Polygon","coordinates":[[[46.829289908705825,24.551538006180166],[46.82913787843008,24.551806612267068],[46.82886614096634,24.55167797974432],[46.82901817269134,24.551409373890586],[46.829289908705825,24.551538006180166]]]}},{"type":"Feature","properties":{"plan_no":"2705/5","plan_id":"2620","block_no":"78","parcel_no":"1369","parcel_id":14318081,"object_id":6199597,"area_m2":1038.62029722},"geometry":{"type":"Polygon","coordinates":[[[46.82956164822387,24.551666638811803],[46.82940961742354,24.551935245155832],[46.82913787843008,24.551806612267068],[46.829289908705825,24.551538006180166],[46.82956164822387,24.551666638811803]]]}},{"type":"Feature","properties":{"plan_no":"2705/5","plan_id":"2620","block_no":"78","parcel_no":"1370","parcel_id":14316013,"object_id":7195658,"area_m2":1038.622454045},"geometry":{"type":"Polygon","coordinates":[[[46.829833387284694,24.551795270930693],[46.82968135794675,24.552063878410582],[46.82940961742354,24.551935245155832],[46.82956164822387,24.551666638811803],[46.829833387284694,24.551795270930693]]]}},{"type":"Feature","properties":{"plan_no":"2705/5","plan_id":"2620","block_no":"78","parcel_no":"1371","parcel_id":14318813,"object_id":6234263,"area_m2":1038.62082327},"geometry":{"type":"Polygon","coordinates":[[[46.83010512687521,24.55192390252483],[46.82995309799962,24.552192510249853],[46.82968135794675,24.552063878410582],[46.829833387284694,24.551795270930693],[46.83010512687521,24.55192390252483]]]}},{"type":"Feature","properties":{"plan_no":"2705/5","plan_id":"2620","block_no":"78","parcel_no":"1372","parcel_id":14317007,"object_id":6165450,"area_m2":1057.09335822},"geometry":{"type":"Polygon","coordinates":[[[46.83038297771929,24.552056175545587],[46.830227736582486,24.55232323982619],[46.8301151002416,24.55226919561296],[46.82995309799962,24.552192510249853],[46.83010512687521,24.55192390252483],[46.830267092076205,24.55200057103397],[46.83038297771929,24.552056175545587]]]}},{"type":"Feature","properties":{"plan_no":"2705/5","plan_id":"2620","block_no":"78","parcel_no":"1373","parcel_id":14315825,"object_id":6209255,"area_m2":1085.259399375},"geometry":{"type":"Polygon","coordinates":[[[46.83066716745747,24.552198994968602],[46.830503958986014,24.552462056409396],[46.83036630150237,24.55239174529258],[46.830227736582486,24.55232323982619],[46.83038297771929,24.552056175545587],[46.830525539523116,24.552126656125353],[46.83066716745747,24.552198994968602]]]}},{"type":"Feature","properties":{"plan_no":"2705/5","plan_id":"2620","block_no":"78","parcel_no":"1374","parcel_id":14316835,"object_id":6231775,"area_m2":1086.445639495},"geometry":{"type":"Polygon","coordinates":[[[46.83094726110235,24.552349071113415],[46.830776198779446,24.55260792702552],[46.83064055855733,24.55253409649595],[46.830503958986014,24.552462056409396],[46.83066716745747,24.552198994968602],[46.83080770751759,24.552273112490038],[46.83094726110235,24.552349071113415]]]}},{"type":"Feature","properties":{"plan_no":"2705/5","plan_id":"2620","block_no":"78","parcel_no":"1375","parcel_id":14316767,"object_id":6237974,"area_m2":1088.43380744},"geometry":{"type":"Polygon","coordinates":[[[46.83122323247663,24.55250643411334],[46.83104443269169,24.552760878160026],[46.83091082202513,24.55268351470115],[46.830776198779446,24.55260792702552],[46.83094726110235,24.552349071113415],[46.831085767095466,24.55242684013996],[46.83122323247663,24.55250643411334]]]}},{"type":"Feature","properties":{"plan_no":"2705/5","plan_id":"2620","block_no":"78","parcel_no":"1376","parcel_id":14318471,"object_id":6208461,"area_m2":1091.241241025},"geometry":{"type":"Polygon","coordinates":[[[46.83149504967691,24.55267112771412],[46.83130862981726,24.55292095444816],[46.83117706481298,24.552840035695084],[46.83104443269169,24.552760878160026],[46.83122323247663,24.55250643411334],[46.8313596894328,24.552587875884022],[46.83149504967691,24.55267112771412]]]}},{"type":"Feature","properties":{"plan_no":"2705/5","plan_id":"2620","block_no":"78","parcel_no":"1377","parcel_id":14315135,"object_id":6146221,"area_m2":1094.89449257},"geometry":{"type":"Polygon","coordinates":[[[46.831762672191644,24.552843214726053],[46.83156874765555,24.553088217820356],[46.83143925060545,24.553003712349646],[46.83130862981726,24.55292095444816],[46.83149504967691,24.55267112771412],[46.831629438198334,24.5527562734832],[46.831762672191644,24.552843214726053]]]}},{"type":"Feature","properties":{"plan_no":"2705/5","plan_id":"2620","block_no":"78","parcel_no":"1378","parcel_id":14316047,"object_id":6196580,"area_m2":1099.41452665},"geometry":{"type":"Polygon","coordinates":[[[46.83202604396654,24.55302277530272],[46.83182473601933,24.553262744746213],[46.83169733319013,24.55317461391336],[46.83156874765555,24.553088217820356],[46.831762672191644,24.552843214726053],[46.83189496538489,24.552932104244217],[46.83202604396654,24.55302277530272]]]}},{"type":"Feature","properties":{"plan_no":"2705/5","plan_id":"2620","block_no":"78","parcel_no":"1379","parcel_id":14318923,"object_id":6197971,"area_m2":1104.819383985},"geometry":{"type":"Polygon","coordinates":[[[46.83228510131318,24.553209907747675],[46.83207653115251,24.553444629014674],[46.83195125581326,24.553352825487547],[46.83182473601933,24.553262744746213],[46.83202604396654,24.55302277530272],[46.83215621194606,24.5531154564998],[46.83228510131318,24.553209907747675]]]}},{"type":"Feature","properties":{"plan_no":"2705/5","plan_id":"2620","block_no":"78","parcel_no":"1380","parcel_id":14317093,"object_id":6196870,"area_m2":1147.12877588},"geometry":{"type":"Polygon","coordinates":[[[46.83254791308902,24.553411142748544],[46.83233197623032,24.553640222592872],[46.83220495160654,24.553541514327097],[46.83207653115251,24.553444629014674],[46.83228510131318,24.553209907747675],[46.832417224735394,24.553309588152374],[46.83254791308902,24.553411142748544]]]}},{"type":"Feature","properties":{"plan_no":"2705/5","plan_id":"2620","block_no":"78","parcel_no":"1381","parcel_id":14316265,"object_id":6167492,"area_m2":1154.976116935},"geometry":{"type":"Polygon","coordinates":[[[46.83280595490897,24.553620724404002],[46.832582783096036,24.553843927404778],[46.8324581149188,24.55374116973225],[46.83233197623032,24.553640222592872],[46.83254791308902,24.553411142748544],[46.83267769015169,24.55351500258345],[46.83280595490897,24.553620724404002]]]}},{"type":"Feature","properties":{"plan_no":"2705/5","plan_id":"2620","block_no":"78","parcel_no":"1382","parcel_id":14318045,"object_id":6156649,"area_m2":1163.97576048},"geometry":{"type":"Polygon","coordinates":[[[46.8330591129449,24.553838832887283],[46.83282884577541,24.554055920818087],[46.83270658902783,24.55394902503534],[46.832582783096036,24.553843927404778],[46.83280595490897,24.553620724404002],[46.83293333091993,24.55372885357763],[46.8330591129449,24.553838832887283]]]}},{"type":"Feature","properties":{"plan_no":"2705/5","plan_id":"2620","block_no":"78","parcel_no":"1383","parcel_id":14318107,"object_id":6156652,"area_m2":1167.972891105},"geometry":{"type":"Polygon","coordinates":[[[46.83330596586865,24.554064456254206],[46.833068776913976,24.554275219363383],[46.83294961919411,24.554164686235207],[46.83282884577541,24.554055920818087],[46.8330591129449,24.553838832887283],[46.833183370734716,24.553950735020745],[46.83330596586865,24.554064456254206]]]}},{"type":"Feature","properties":{"plan_no":"2705/5","plan_id":"2620","block_no":"79","parcel_no":"1384","parcel_id":14315903,"object_id":6145468,"area_m2":1241.1847496950002},"geometry":{"type":"Polygon","coordinates":[[[46.834164416830035,24.55418571994796],[46.83389227728687,24.55438094806762],[46.83378088486261,24.55426552810578],[46.833667874188905,24.554151692138692],[46.83392197126146,24.553937677934826],[46.83404411455721,24.554060799198957],[46.834164416830035,24.55418571994796]]]}},{"type":"Feature","properties":{"plan_no":"2705/5","plan_id":"2620","block_no":"79","parcel_no":"1385","parcel_id":14316213,"object_id":6146763,"area_m2":1165.44091716},"geometry":{"type":"Polygon","coordinates":[[[46.83392197126146,24.553937677934826],[46.833667874188905,24.554151692138692],[46.8335572530305,24.554043294742574],[46.83344517450164,24.55393640489487],[46.83369285789966,24.553716188825437],[46.83380816474722,24.553826157390713],[46.83392197126146,24.553937677934826]]]}},{"type":"Feature","properties":{"plan_no":"2705/5","plan_id":"2620","block_no":"79","parcel_no":"1386","parcel_id":14315775,"object_id":6200732,"area_m2":1155.02991778},"geometry":{"type":"Polygon","coordinates":[[[46.83369285789966,24.553716188825437],[46.83344517450164,24.55393640489487],[46.83333241644989,24.553831718881295],[46.833218270919346,24.5537285474825],[46.83345941749201,24.55350234500752],[46.83357685181595,24.55360848735459],[46.83369285789966,24.553716188825437]]]}},{"type":"Feature","properties":{"plan_no":"2705/5","plan_id":"2620","block_no":"79","parcel_no":"1387","parcel_id":14316831,"object_id":6165273,"area_m2":1145.69771388},"geometry":{"type":"Polygon","coordinates":[[[46.83345941749201,24.55350234500752],[46.833218270919346,24.5537285474825],[46.83310343074418,24.553627478422044],[46.832987269252094,24.55352793080244],[46.83322176168957,24.553295951892572],[46.83334127014521,24.55339836481098],[46.83345941749201,24.55350234500752]]]}},{"type":"Feature","properties":{"plan_no":"2705/5","plan_id":"2620","block_no":"79","parcel_no":"1388","parcel_id":14315315,"object_id":6228394,"area_m2":1137.38443977},"geometry":{"type":"Polygon","coordinates":[[[46.83322176168957,24.553295951892572],[46.832987269252094,24.55352793080244],[46.83287039446377,24.553430396606235],[46.832752259899,24.553334392126214],[46.832979984719216,24.55309683857865],[46.83310152215452,24.55319560723609],[46.83322176168957,24.553295951892572]]]}},{"type":"Feature","properties":{"plan_no":"2705/5","plan_id":"2620","block_no":"79","parcel_no":"1389","parcel_id":14317669,"object_id":6199155,"area_m2":1130.01546363},"geometry":{"type":"Polygon","coordinates":[[[46.832979984719216,24.55309683857865],[46.832752259899,24.553334392126214],[46.83263339709843,24.553240318272238],[46.83251333248165,24.553147783180716],[46.83273417421366,24.552904855912907],[46.832857698539705,24.553000054597586],[46.832979984719216,24.55309683857865]]]}},{"type":"Feature","properties":{"plan_no":"2705/5","plan_id":"2620","block_no":"79","parcel_no":"1390","parcel_id":14318289,"object_id":6238836,"area_m2":1123.560103995},"geometry":{"type":"Polygon","coordinates":[[[46.83273417421366,24.552904855912907],[46.83251333248165,24.553147783180716],[46.8323925141833,24.553057109293064],[46.832270550354274,24.552967982195455],[46.832484402289644,24.552719873891444],[46.83260987806095,24.552811568512336],[46.83273417421366,24.552904855912907]]]}},{"type":"Feature","properties":{"plan_no":"2705/5","plan_id":"2620","block_no":"79","parcel_no":"1391","parcel_id":14316041,"object_id":7194743,"area_m2":1117.962197715},"geometry":{"type":"Polygon","coordinates":[[[46.832484402289644,24.552719873891444],[46.832270550354274,24.552967982195455],[46.832147811610845,24.552880650931154],[46.83202397996254,24.552794876390973],[46.83223072757428,24.55254178524598],[46.83235812763632,24.552630028036038],[46.832484402289644,24.552719873891444]]]}},{"type":"Feature","properties":{"plan_no":"2705/5","plan_id":"2620","block_no":"79","parcel_no":"1392","parcel_id":14315185,"object_id":6235866,"area_m2":1113.18621953},"geometry":{"type":"Polygon","coordinates":[[[46.83223072757428,24.55254178524598],[46.83202397996254,24.552794876390973],[46.83189934706181,24.552710842466023],[46.83177367227541,24.552628374844787],[46.83197321266795,24.552370484465786],[46.832102506522546,24.552455328488485],[46.83223072757428,24.55254178524598]]]}},{"type":"Feature","properties":{"plan_no":"2705/5","plan_id":"2620","block_no":"79","parcel_no":"1393","parcel_id":14316799,"object_id":6196226,"area_m2":1109.20290315},"geometry":{"type":"Polygon","coordinates":[[[46.83197321266795,24.552370484465786],[46.83177367227541,24.552628374844787],[46.83164716760877,24.552547599402637],[46.8315196695886,24.552468401185568],[46.83171189213969,24.55220590700961],[46.83184306377669,24.552287383766043],[46.83197321266795,24.552370484465786]]]}},{"type":"Feature","properties":{"plan_no":"2705/5","plan_id":"2620","block_no":"79","parcel_no":"1394","parcel_id":14318761,"object_id":6208696,"area_m2":1105.37493711},"geometry":{"type":"Polygon","coordinates":[[[46.83171189213969,24.55220590700961],[46.8315196695886,24.552468401185568],[46.83130676605394,24.552340939782304],[46.831262009433054,24.55231489083711],[46.8314468131649,24.55204797283437],[46.831462603632225,24.55205713184931],[46.83171189213969,24.55220590700961]]]}},{"type":"Feature","properties":{"plan_no":"2705/5","plan_id":"2620","block_no":"79","parcel_no":"1395","parcel_id":14315013,"object_id":6197087,"area_m2":1105.073871935},"geometry":{"type":"Polygon","coordinates":[[[46.8314468131649,24.55204797283437],[46.831262009433054,24.55231489083711],[46.83113181547672,24.552240541337785],[46.831000719679416,24.552167793786335],[46.831177996835066,24.551896641036933],[46.831312869197,24.551971482365143],[46.8314468131649,24.55204797283437]]]}},{"type":"Feature","properties":{"plan_no":"2705/5","plan_id":"2620","block_no":"79","parcel_no":"1396","parcel_id":14318905,"object_id":6145659,"area_m2":1103.327970195},"geometry":{"type":"Polygon","coordinates":[[[46.831177996835066,24.551896641036933],[46.831000719679416,24.552167793786335],[46.83086869980212,24.552096626658443],[46.830735822472654,24.552027073632548],[46.83090546914923,24.55175186884872],[46.83104217466451,24.551823423512786],[46.831177996835066,24.551896641036933]]]}},{"type":"Feature","properties":{"plan_no":"2705/5","plan_id":"2620","block_no":"79","parcel_no":"1397","parcel_id":14315019,"object_id":6196241,"area_m2":1095.49029696},"geometry":{"type":"Polygon","coordinates":[[[46.83062924060313,24.551613633552304],[46.83076777474145,24.551681912205144],[46.83090546914923,24.55175186884872],[46.830735822472654,24.552027073632548],[46.83049691172601,24.551906711924513],[46.83048704992881,24.5519020438448],[46.83049861656704,24.551882108159973],[46.83047889395105,24.551872771085147],[46.8304846777439,24.5518628018831],[46.83062924060313,24.551613633552304]]]}},{"type":"Feature","properties":{"plan_no":"2705/5","plan_id":"2620","block_no":"79","parcel_no":"1398","parcel_id":14318337,"object_id":6197040,"area_m2":1085.5976131149998},"geometry":{"type":"Polygon","coordinates":[[[46.83044760373396,24.55188337150703],[46.83043774292719,24.55187870341188],[46.83035783314968,24.551840221714492],[46.830195880048045,24.551763559467638],[46.830354679490966,24.55148298857319],[46.83051658459161,24.55155962777264],[46.83062924060313,24.551613633552304],[46.8304846777439,24.5518628018831],[46.83047889395105,24.551872771085147],[46.83045917036403,24.55186343492224],[46.83044760373396,24.55188337150703]]]}},{"type":"Feature","properties":{"plan_no":"2705/5","plan_id":"2620","block_no":"79","parcel_no":"1399","parcel_id":14319035,"object_id":7326081,"area_m2":1084.87882304},"geometry":{"type":"Polygon","coordinates":[[[46.830354679490966,24.55148298857319],[46.830195880048045,24.551763559467638],[46.82992414073354,24.55163492801982],[46.83008294065941,24.551354357381413],[46.830354679490966,24.55148298857319]]]}},{"type":"Feature","properties":{"plan_no":"2705/5","plan_id":"2620","block_no":"79","parcel_no":"1400","parcel_id":14316083,"object_id":6146685,"area_m2":1084.883288785},"geometry":{"type":"Polygon","coordinates":[[[46.83008294065941,24.551354357381413],[46.82992414073354,24.55163492801982],[46.82965240096179,24.551506296059262],[46.82981120234442,24.551225724762215],[46.83008294065941,24.551354357381413]]]}},{"type":"Feature","properties":{"plan_no":"2705/5","plan_id":"2620","block_no":"79","parcel_no":"1401","parcel_id":14317797,"object_id":6168034,"area_m2":1084.8838307750002},"geometry":{"type":"Polygon","coordinates":[[[46.82981120234442,24.551225724762215],[46.82965240096179,24.551506296059262],[46.82938066270665,24.55137766356198],[46.8295394635853,24.551097092532963],[46.82981120234442,24.551225724762215]]]}},{"type":"Feature","properties":{"plan_no":"2705/5","plan_id":"2620","block_no":"79","parcel_no":"1402","parcel_id":14317041,"object_id":6179354,"area_m2":1084.8784708},"geometry":{"type":"Polygon","coordinates":[[[46.8295394635853,24.551097092532963],[46.82938066270665,24.55137766356198],[46.82910892596812,24.55124903052799],[46.829267727329686,24.550968459755055],[46.8295394635853,24.551097092532963]]]}},{"type":"Feature","properties":{"plan_no":"2705/5","plan_id":"2620","block_no":"79","parcel_no":"1403","parcel_id":14316487,"object_id":6155721,"area_m2":1085.1165269},"geometry":{"type":"Polygon","coordinates":[[[46.82969829942712,24.550816460443695],[46.8295394635853,24.551097092532963],[46.829267727329686,24.550968459755055],[46.829426562667614,24.550687827933853],[46.82969829942712,24.550816460443695]]]}},{"type":"Feature","properties":{"plan_no":"2705/5","plan_id":"2620","block_no":"79","parcel_no":"1404","parcel_id":14316935,"object_id":6196399,"area_m2":1085.1196138},"geometry":{"type":"Polygon","coordinates":[[[46.82997003671629,24.55094509242882],[46.82981120234442,24.551225724762215],[46.8295394635853,24.551097092532963],[46.82969829942712,24.550816460443695],[46.82997003671629,24.55094509242882]]]}},{"type":"Feature","properties":{"plan_no":"2705/5","plan_id":"2620","block_no":"79","parcel_no":"1405","parcel_id":14317455,"object_id":7327579,"area_m2":1085.121805985},"geometry":{"type":"Polygon","coordinates":[[[46.83024177552205,24.551073723877224],[46.83008294065941,24.551354357381413],[46.82981120234442,24.551225724762215],[46.82997003671629,24.55094509242882],[46.83024177552205,24.551073723877224]]]}},{"type":"Feature","properties":{"plan_no":"2705/5","plan_id":"2620","block_no":"79","parcel_no":"1406","parcel_id":14319095,"object_id":6145884,"area_m2":1085.12153497},"geometry":{"type":"Polygon","coordinates":[[[46.83051351387055,24.551202354812897],[46.830354679490966,24.55148298857319],[46.83008294065941,24.551354357381413],[46.83024177552205,24.551073723877224],[46.83051351387055,24.551202354812897]]]}},{"type":"Feature","properties":{"plan_no":"2705/5","plan_id":"2620","block_no":"79","parcel_no":"1407","parcel_id":14315287,"object_id":6237984,"area_m2":1098.180845605},"geometry":{"type":"Polygon","coordinates":[[[46.830759928626314,24.551345047019442],[46.83077965214905,24.551354383147025],[46.83077386742704,24.55136435327299],[46.83062924060313,24.551613633552304],[46.83051658459161,24.55155962777264],[46.830354679490966,24.55148298857319],[46.83051351387055,24.551202354812897],[46.83067537993125,24.55127897627331],[46.83077149517494,24.55132511131778],[46.830759928626314,24.551345047019442]]]}},{"type":"Feature","properties":{"plan_no":"2705/5","plan_id":"2620","block_no":"79","parcel_no":"1408","parcel_id":14315443,"object_id":6156591,"area_m2":1125.91960676},"geometry":{"type":"Polygon","coordinates":[[[46.830810941231334,24.55134378357946],[46.83107515464656,24.551476599324285],[46.83090546914923,24.55175186884872],[46.83076777474145,24.551681912205144],[46.83062924060313,24.551613633552304],[46.83077386742704,24.55136435327299],[46.83077965214905,24.551354383147025],[46.83079937468764,24.55136371928384],[46.830810941231334,24.55134378357946]]]}},{"type":"Feature","properties":{"plan_no":"2705/5","plan_id":"2620","block_no":"79","parcel_no":"1409","parcel_id":14315259,"object_id":6209165,"area_m2":1133.33997323},"geometry":{"type":"Polygon","coordinates":[[[46.83135531380014,24.551625425324254],[46.831177996835066,24.551896641036933],[46.83104217466451,24.551823423512786],[46.83090546914923,24.55175186884872],[46.83107515464656,24.551476599324285],[46.83121568788074,24.55155015833188],[46.83135531380014,24.551625425324254]]]}},{"type":"Feature","properties":{"plan_no":"2705/5","plan_id":"2620","block_no":"79","parcel_no":"1410","parcel_id":14315553,"object_id":6146712,"area_m2":1135.1183547950002},"geometry":{"type":"Polygon","coordinates":[[[46.831631656736015,24.55178099546246],[46.8314468131649,24.55204797283437],[46.831312869197,24.551971482365143],[46.831177996835066,24.551896641036933],[46.83135531380014,24.551625425324254],[46.83149396214565,24.551702363304386],[46.831631656736015,24.55178099546246]]]}},{"type":"Feature","properties":{"plan_no":"2705/5","plan_id":"2620","block_no":"79","parcel_no":"1411","parcel_id":14318025,"object_id":7313249,"area_m2":1137.582112695},"geometry":{"type":"Polygon","coordinates":[[[46.83190416037852,24.551943349764425],[46.83171189213969,24.55220590700961],[46.831462603632225,24.55205713184931],[46.8314468131649,24.55204797283437],[46.831631656736015,24.55178099546246],[46.831647889192034,24.551790411819326],[46.83190416037852,24.551943349764425]]]}},{"type":"Feature","properties":{"plan_no":"2705/5","plan_id":"2620","block_no":"79","parcel_no":"1412","parcel_id":14316035,"object_id":6146683,"area_m2":1140.9560114},"geometry":{"type":"Polygon","coordinates":[[[46.83217279491305,24.55211254007467],[46.83197321266795,24.552370484465786],[46.83184306377669,24.552287383766043],[46.83171189213969,24.55220590700961],[46.83190416037852,24.551943349764425],[46.83203900310016,24.552027110621232],[46.83217279491305,24.55211254007467]]]}},{"type":"Feature","properties":{"plan_no":"2705/5","plan_id":"2620","block_no":"79","parcel_no":"1413","parcel_id":14317527,"object_id":6176878,"area_m2":1145.055401555},"geometry":{"type":"Polygon","coordinates":[[[46.83243752481249,24.552288632752862],[46.83223072757428,24.55254178524598],[46.832102506522546,24.552455328488485],[46.83197321266795,24.552370484465786],[46.83217279491305,24.55211254007467],[46.83230571094127,24.552199757946866],[46.83243752481249,24.552288632752862]]]}},{"type":"Feature","properties":{"plan_no":"2705/5","plan_id":"2620","block_no":"79","parcel_no":"1414","parcel_id":14317245,"object_id":7189919,"area_m2":1149.96985625},"geometry":{"type":"Polygon","coordinates":[[[46.83269829998118,24.552471710587298],[46.832484402289644,24.552719873891444],[46.83235812763632,24.552630028036038],[46.83223072757428,24.55254178524598],[46.83243752481249,24.552288632752862],[46.83256849019961,24.552379348650646],[46.83269829998118,24.552471710587298]]]}},{"type":"Feature","properties":{"plan_no":"2705/5","plan_id":"2620","block_no":"79","parcel_no":"1415","parcel_id":14316939,"object_id":6176809,"area_m2":1155.727090845},"geometry":{"type":"Polygon","coordinates":[[[46.832955067584926,24.552661871748157],[46.83273417421366,24.552904855912907],[46.83260987806094,24.55281156851234],[46.832484402289644,24.552719873891444],[46.83269829998118,24.552471710587298],[46.83282728978528,24.55256597290527],[46.832955067584926,24.552661871748157]]]}},{"type":"Feature","properties":{"plan_no":"2705/5","plan_id":"2620","block_no":"79","parcel_no":"1416","parcel_id":14318457,"object_id":6235688,"area_m2":1162.374123815},"geometry":{"type":"Polygon","coordinates":[[[46.83320776218184,24.55285922990771],[46.832979984719216,24.55309683857865],[46.832857698539705,24.553000054597586],[46.83273417421366,24.552904855912907],[46.832955067584926,24.552661871748157],[46.83308205068824,24.55275973675239],[46.83320776218184,24.55285922990771]]]}},{"type":"Feature","properties":{"plan_no":"2705/5","plan_id":"2620","block_no":"79","parcel_no":"1417","parcel_id":14316103,"object_id":6146686,"area_m2":1169.950297115},"geometry":{"type":"Polygon","coordinates":[[[46.833456308748744,24.55306391871776],[46.83322176168957,24.553295951892572],[46.83310152215452,24.55319560723609],[46.832979984719216,24.55309683857865],[46.83320776218184,24.55285922990771],[46.83333270190981,24.55296076507213],[46.833456308748744,24.55306391871776]]]}},{"type":"Feature","properties":{"plan_no":"2705/5","plan_id":"2620","block_no":"79","parcel_no":"1418","parcel_id":14317703,"object_id":6229657,"area_m2":1178.500341435},"geometry":{"type":"Polygon","coordinates":[[[46.83370061970733,24.55327609094308],[46.83345941749201,24.55350234500752],[46.83334127014521,24.553398364810985],[46.83322176168957,24.553295951892572],[46.833456308748744,24.55306391871776],[46.83357916320572,24.553169199975276],[46.83370061970733,24.55327609094308]]]}},{"type":"Feature","properties":{"plan_no":"2705/5","plan_id":"2620","block_no":"79","parcel_no":"1419","parcel_id":14316055,"object_id":6168104,"area_m2":1188.10149816},"geometry":{"type":"Polygon","coordinates":[[[46.83394059793748,24.55349592203626],[46.83369285789966,24.553716188825437],[46.83357685181595,24.553608487354595],[46.83345941749201,24.55350234500752],[46.83370061970733,24.55327609094308],[46.83382134205945,24.55338520605272],[46.83394059793748,24.55349592203626]]]}},{"type":"Feature","properties":{"plan_no":"2705/5","plan_id":"2620","block_no":"79","parcel_no":"1420","parcel_id":14315153,"object_id":6208149,"area_m2":1198.812601555},"geometry":{"type":"Polygon","coordinates":[[[46.83417612696043,24.553723613868602],[46.83392197126146,24.553937677934826],[46.833808164747225,24.553826157390713],[46.83369285789966,24.553716188825437],[46.83394059793748,24.55349592203626],[46.83405913267568,24.553608971214377],[46.83417612696043,24.553723613868602]]]}},{"type":"Feature","properties":{"plan_no":"2705/5","plan_id":"2620","block_no":"79","parcel_no":"1421","parcel_id":14316057,"object_id":6176886,"area_m2":1338.406814295},"geometry":{"type":"Polygon","coordinates":[[[46.83417612696043,24.553723613868602],[46.83430739712143,24.553856027310776],[46.83443659654785,24.553990461990256],[46.834164416830035,24.55418571994796],[46.83404411455721,24.554060799198957],[46.83392197126146,24.553937677934826],[46.83417612696043,24.553723613868602]]]}},{"type":"Feature","properties":{"plan_no":"2705/5","plan_id":"2620","block_no":"80","parcel_no":"1422","parcel_id":14316039,"object_id":7313618,"area_m2":1540.05721119},"geometry":{"type":"Polygon","coordinates":[[[46.83694241736428,24.556070582108564],[46.83658671205248,24.556298487009716],[46.83638848554282,24.55603970639311],[46.83674417644149,24.555811782283627],[46.83694241736428,24.556070582108564]]]}},{"type":"Feature","properties":{"plan_no":"2705/5","plan_id":"2620","block_no":"80","parcel_no":"1423","parcel_id":14316399,"object_id":6145935,"area_m2":1079.480916895},"geometry":{"type":"Polygon","coordinates":[[[46.83717178824029,24.5558822848045],[46.8371788673866,24.555891525908418],[46.837160677603784,24.55590318055512],[46.83717483791185,24.55592166544755],[46.837165816856185,24.55592744537367],[46.83694241736428,24.556070582108564],[46.83674417644149,24.555811782283627],[46.83699477552963,24.55565119971147],[46.83717178824029,24.5558822848045]]]}},{"type":"Feature","properties":{"plan_no":"2705/5","plan_id":"2620","block_no":"80","parcel_no":"1424","parcel_id":14318727,"object_id":6179225,"area_m2":1079.53290681},"geometry":{"type":"Polygon","coordinates":[[[46.837220384228864,24.555892481449295],[46.837211215502364,24.555898356172666],[46.83719705717913,24.55587987216241],[46.8371788673866,24.555891525908418],[46.83717178824029,24.5558822848045],[46.83699477552963,24.55565119971147],[46.83724537395093,24.555490615853845],[46.83744363542601,24.55574944093628],[46.837220384228864,24.555892481449295]]]}},{"type":"Feature","properties":{"plan_no":"2705/5","plan_id":"2620","block_no":"80","parcel_no":"1425","parcel_id":14317889,"object_id":6209966,"area_m2":1085.21496736},"geometry":{"type":"Polygon","coordinates":[[[46.83769424347637,24.55558886977598],[46.83744363542601,24.55574944093628],[46.83724537395093,24.555490615853845],[46.837495971731684,24.55533003251621],[46.83769424347637,24.55558886977598]]]}},{"type":"Feature","properties":{"plan_no":"2705/5","plan_id":"2620","block_no":"80","parcel_no":"1426","parcel_id":14316403,"object_id":6145936,"area_m2":1085.273448375},"geometry":{"type":"Polygon","coordinates":[[[46.837944851859994,24.555428298220885],[46.83769424347637,24.55558886977598],[46.837495971731684,24.55533003251621],[46.837746569832554,24.555169447881116],[46.837944851859994,24.555428298220885]]]}},{"type":"Feature","properties":{"plan_no":"2705/5","plan_id":"2620","block_no":"80","parcel_no":"1427","parcel_id":14317793,"object_id":6239034,"area_m2":1085.32417154},"geometry":{"type":"Polygon","coordinates":[[[46.83819545860299,24.555267726295078],[46.837944851859994,24.555428298220885],[46.837746569832554,24.555169447881116],[46.83799716630594,24.555008863778024],[46.83819545860299,24.555267726295078]]]}},{"type":"Feature","properties":{"plan_no":"2705/5","plan_id":"2620","block_no":"80","parcel_no":"1428","parcel_id":14319085,"object_id":6155221,"area_m2":1085.380333585},"geometry":{"type":"Polygon","coordinates":[[[46.83844606469231,24.555107153986533],[46.83819545860299,24.555267726295078],[46.83799716630594,24.555008863778024],[46.83824776309943,24.554848278377502],[46.83844606469231,24.555107153986533]]]}},{"type":"Feature","properties":{"plan_no":"2705/5","plan_id":"2620","block_no":"80","parcel_no":"1429","parcel_id":14318513,"object_id":6169727,"area_m2":1079.80832334},"geometry":{"type":"Polygon","coordinates":[[[46.83867543250766,24.554918855495163],[46.83868251170021,24.554928096526233],[46.83866432220206,24.554939751339617],[46.83867848161567,24.554958236098365],[46.83866946167496,24.5549640151924],[46.83844606469231,24.555107153986533],[46.83824776309943,24.554848278377502],[46.83849835826547,24.554687693509017],[46.83867543250766,24.554918855495163]]]}},{"type":"Feature","properties":{"plan_no":"2705/5","plan_id":"2620","block_no":"80","parcel_no":"1430","parcel_id":14318295,"object_id":6167575,"area_m2":1079.863528475},"geometry":{"type":"Polygon","coordinates":[[[46.83872402820681,24.554929051670694],[46.8387148596238,24.55493492647809],[46.838700700221125,24.55491644262558],[46.83868251170021,24.554928096526233],[46.83867543250766,24.554918855495163],[46.83849835826547,24.554687693509017],[46.8387489537516,24.554527107343095],[46.838947275896935,24.55478600820921],[46.83872402820681,24.554929051670694]]]}},{"type":"Feature","properties":{"plan_no":"2705/5","plan_id":"2620","block_no":"80","parcel_no":"1431","parcel_id":14318539,"object_id":6316074,"area_m2":1085.5408352},"geometry":{"type":"Polygon","coordinates":[[[46.83919788002526,24.5546254347525],[46.838947275896935,24.55478600820921],[46.8387489537516,24.554527107343095],[46.838999547610285,24.554366521709245],[46.83919788002526,24.5546254347525]]]}},{"type":"Feature","properties":{"plan_no":"2705/5","plan_id":"2620","block_no":"80","parcel_no":"1432","parcel_id":14315497,"object_id":7333120,"area_m2":1155.63808507},"geometry":{"type":"Polygon","coordinates":[[[46.83946465237579,24.55445450189762],[46.83919788002526,24.5546254347525],[46.838999547610285,24.554366521709245],[46.839266308663944,24.554195574905876],[46.83946465237579,24.55445450189762]]]}},{"type":"Feature","properties":{"plan_no":"2705/5","plan_id":"2620","block_no":"80","parcel_no":"1433","parcel_id":14316933,"object_id":6146483,"area_m2":1325.1842150050002},"geometry":{"type":"Polygon","coordinates":[[[46.83977184256387,24.554257668783226],[46.83946465237579,24.55445450189762],[46.839266308663944,24.554195574905876],[46.839543173367595,24.554018152730062],[46.839553277757254,24.554011677790648],[46.83956602131787,24.55402831264368],[46.83958623009512,24.554015362761202],[46.83959257672301,24.554023647539154],[46.83977184256387,24.554257668783226]]]}},{"type":"Feature","properties":{"plan_no":"2705/5","plan_id":"2620","block_no":"80","parcel_no":"1434","parcel_id":14318883,"object_id":6197969,"area_m2":1324.376610725},"geometry":{"type":"Polygon","coordinates":[[[46.83955434699042,24.553973740263235],[46.8395607439357,24.55398209123989],[46.83954053517386,24.55399504202156],[46.839553277757254,24.554011677790648],[46.839543173367595,24.554018152730062],[46.839266308663944,24.554195574905876],[46.83906808050965,24.553936797876407],[46.839375259075275,24.553739949479752],[46.83955434699042,24.553973740263235]]]}},{"type":"Feature","properties":{"plan_no":"2705/5","plan_id":"2620","block_no":"80","parcel_no":"1435","parcel_id":14317393,"object_id":6197053,"area_m2":1154.99760577},"geometry":{"type":"Polygon","coordinates":[[[46.839266308663944,24.554195574905876],[46.838999547610285,24.554366521709245],[46.838801320672566,24.554107744305824],[46.83906808050965,24.553936797876407],[46.839266308663944,24.554195574905876]]]}},{"type":"Feature","properties":{"plan_no":"2705/5","plan_id":"2620","block_no":"80","parcel_no":"1436","parcel_id":14315887,"object_id":6240331,"area_m2":1084.99790595},"geometry":{"type":"Polygon","coordinates":[[[46.838999547610285,24.554366521709245],[46.8387489537516,24.554527107343095],[46.83855072605583,24.554268330514436],[46.838801320672566,24.554107744305824],[46.838999547610285,24.554366521709245]]]}},{"type":"Feature","properties":{"plan_no":"2705/5","plan_id":"2620","block_no":"80","parcel_no":"1437","parcel_id":14315183,"object_id":6208320,"area_m2":1084.99790595},"geometry":{"type":"Polygon","coordinates":[[[46.8387489537516,24.554527107343095],[46.83849835826547,24.554687693509017],[46.83830013175922,24.55442891542564],[46.83855072605583,24.554268330514436],[46.8387489537516,24.554527107343095]]]}},{"type":"Feature","properties":{"plan_no":"2705/5","plan_id":"2620","block_no":"80","parcel_no":"1438","parcel_id":14317611,"object_id":6229654,"area_m2":1084.99790595},"geometry":{"type":"Polygon","coordinates":[[[46.83849835826547,24.554687693509017],[46.83824776309943,24.554848278377502],[46.838049535835154,24.554589500868897],[46.83830013175922,24.55442891542564],[46.83849835826547,24.554687693509017]]]}},{"type":"Feature","properties":{"plan_no":"2705/5","plan_id":"2620","block_no":"80","parcel_no":"1439","parcel_id":14317851,"object_id":6176696,"area_m2":1084.99790595},"geometry":{"type":"Polygon","coordinates":[[[46.83824776309943,24.554848278377502],[46.83799716630594,24.555008863778024],[46.8377989402312,24.55475008501471],[46.838049535835154,24.554589500868897],[46.83824776309943,24.554848278377502]]]}},{"type":"Feature","properties":{"plan_no":"2705/5","plan_id":"2620","block_no":"80","parcel_no":"1440","parcel_id":14315571,"object_id":6153656,"area_m2":1079.37053483},"geometry":{"type":"Polygon","coordinates":[[[46.83799716630594,24.555008863778024],[46.837746569832554,24.555169447881116],[46.83756958234248,24.554938394739473],[46.83756250321411,24.554929152748652],[46.8375806918351,24.55491749807446],[46.837566532580304,24.554899013202693],[46.837575625908585,24.55489318632911],[46.8377989402312,24.55475008501471],[46.83799716630594,24.555008863778024]]]}},{"type":"Feature","properties":{"plan_no":"2705/5","plan_id":"2620","block_no":"80","parcel_no":"1441","parcel_id":14317649,"object_id":6239028,"area_m2":1079.37565309},"geometry":{"type":"Polygon","coordinates":[[[46.837746569832554,24.555169447881116],[46.837495971731684,24.55533003251621],[46.83729774608851,24.555071253072956],[46.83752106105705,24.554928152136736],[46.837530155363424,24.554922324350926],[46.83754431460283,24.554940808323526],[46.83756250321411,24.554929152748652],[46.83756958234248,24.554938394739473],[46.837746569832554,24.555169447881116]]]}},{"type":"Feature","properties":{"plan_no":"2705/5","plan_id":"2620","block_no":"80","parcel_no":"1442","parcel_id":14315749,"object_id":6267564,"area_m2":1084.9958833},"geometry":{"type":"Polygon","coordinates":[[[46.837495971731684,24.55533003251621],[46.83724537395093,24.555490615853845],[46.837047148523546,24.55523183607062],[46.83729774608851,24.555071253072956],[46.837495971731684,24.55533003251621]]]}},{"type":"Feature","properties":{"plan_no":"2705/5","plan_id":"2620","block_no":"80","parcel_no":"1443","parcel_id":14318771,"object_id":6235701,"area_m2":1085.00017209},"geometry":{"type":"Polygon","coordinates":[[[46.83724537395093,24.555490615853845],[46.83699477552963,24.55565119971147],[46.836796549331105,24.55539241960028],[46.837047148523546,24.55523183607062],[46.83724537395093,24.555490615853845]]]}},{"type":"Feature","properties":{"plan_no":"2705/5","plan_id":"2620","block_no":"80","parcel_no":"1444","parcel_id":14317155,"object_id":6229514,"area_m2":1084.99762807},"geometry":{"type":"Polygon","coordinates":[[[46.83699477552963,24.55565119971147],[46.83674417644149,24.555811782283627],[46.83654595045879,24.55555300183249],[46.836796549331105,24.55539241960028],[46.83699477552963,24.55565119971147]]]}},{"type":"Feature","properties":{"plan_no":"2705/5","plan_id":"2620","block_no":"80","parcel_no":"1445","parcel_id":14316001,"object_id":6176883,"area_m2":1540.00128786},"geometry":{"type":"Polygon","coordinates":[[[46.83674417644149,24.555811782283627],[46.83638848554282,24.55603970639311],[46.836190259866456,24.555780925459427],[46.83654595045879,24.55555300183249],[46.83674417644149,24.555811782283627]]]}},{"type":"Feature","properties":{"plan_no":"2705/5","plan_id":"2620","block_no":"81","parcel_no":"1446","parcel_id":14315751,"object_id":6155592,"area_m2":960.74112209},"geometry":{"type":"Polygon","coordinates":[[[46.83631950522116,24.555477648138513],[46.8360769886981,24.555633049849597],[46.835895615144786,24.555396267087232],[46.83613813147672,24.555240865677185],[46.83631950522116,24.555477648138513]]]}},{"type":"Feature","properties":{"plan_no":"2705/5","plan_id":"2620","block_no":"81","parcel_no":"1447","parcel_id":14315199,"object_id":6146224,"area_m2":960.74160138},"geometry":{"type":"Polygon","coordinates":[[[46.83613813147672,24.555240865677185],[46.835895615144786,24.555396267087232],[46.83571424228905,24.555159484059427],[46.83595675941681,24.55500408293838],[46.83613813147672,24.555240865677185]]]}},{"type":"Feature","properties":{"plan_no":"2705/5","plan_id":"2620","block_no":"81","parcel_no":"1448","parcel_id":14316169,"object_id":6236973,"area_m2":960.74126274},"geometry":{"type":"Polygon","coordinates":[[[46.83595675941681,24.55500408293838],[46.83571424228905,24.555159484059427],[46.835532871131,24.554922701656864],[46.83577538706754,24.554767299946167],[46.83595675941681,24.55500408293838]]]}},{"type":"Feature","properties":{"plan_no":"2705/5","plan_id":"2620","block_no":"81","parcel_no":"1449","parcel_id":14315679,"object_id":6209204,"area_m2":955.7216315},"geometry":{"type":"Polygon","coordinates":[[[46.83577538706754,24.554767299946167],[46.835532871131,24.554922701656864],[46.835435953097075,24.55479617297697],[46.83535273520775,24.554688810251168],[46.83559334360153,24.554530951923525],[46.83567846893149,24.554640771427128],[46.83577538706754,24.554767299946167]]]}},{"type":"Feature","properties":{"plan_no":"2705/5","plan_id":"2620","block_no":"81","parcel_no":"1450","parcel_id":14315659,"object_id":6201451,"area_m2":949.8861212},"geometry":{"type":"Polygon","coordinates":[[[46.83559334360153,24.554530951923525],[46.83535273520775,24.554688810251168],[46.8351696383111,24.554461136517915],[46.83540605237631,24.554298065011878],[46.835500411496085,24.5544139346543],[46.83559334360153,24.554530951923525]]]}},{"type":"Feature","properties":{"plan_no":"2705/5","plan_id":"2620","block_no":"81","parcel_no":"1451","parcel_id":14316887,"object_id":7188994,"area_m2":949.88812338},"geometry":{"type":"Polygon","coordinates":[[[46.83540605237631,24.554298065011878],[46.8351696383111,24.554461136517915],[46.83498064500219,24.55423752856774],[46.835212731888866,24.554069336686258],[46.83531008948674,24.55418311144745],[46.83540605237631,24.554298065011878]]]}},{"type":"Feature","properties":{"plan_no":"2705/5","plan_id":"2620","block_no":"81","parcel_no":"1452","parcel_id":14319113,"object_id":6155222,"area_m2":949.891692015},"geometry":{"type":"Polygon","coordinates":[[[46.835212731888866,24.554069336686258],[46.83498064500219,24.55423752856774],[46.8347858628251,24.55401811778883],[46.83501349068388,24.553844899224337],[46.83511379214716,24.553956513530697],[46.835212731888866,24.554069336686258]]]}},{"type":"Feature","properties":{"plan_no":"2705/5","plan_id":"2620","block_no":"81","parcel_no":"1453","parcel_id":14316485,"object_id":6238893,"area_m2":949.8946326},"geometry":{"type":"Polygon","coordinates":[[[46.83501349068388,24.553844899224337],[46.8347858628251,24.55401811778883],[46.83458540411136,24.55380302557969],[46.83480844023769,24.55362488306237],[46.83491163024296,24.553734271580318],[46.83501349068388,24.553844899224337]]]}},{"type":"Feature","properties":{"plan_no":"2705/5","plan_id":"2620","block_no":"81","parcel_no":"1454","parcel_id":14318143,"object_id":6229442,"area_m2":1188.18499073},"geometry":{"type":"Polygon","coordinates":[[[46.83480844023769,24.55362488306237],[46.83458540411136,24.55380302557969],[46.834463903247766,24.55367756849341],[46.83434062734152,24.553553855150188],[46.83453005193621,24.553342383273524],[46.83467036272826,24.553482532778176],[46.83480844023769,24.55362488306237]]]}},{"type":"Feature","properties":{"plan_no":"2705/5","plan_id":"2620","block_no":"81","parcel_no":"1455","parcel_id":14319125,"object_id":6222722,"area_m2":1338.766246475},"geometry":{"type":"Polygon","coordinates":[[[46.8350314786624,24.553446738406322],[46.83480844023769,24.55362488306237],[46.83467036272826,24.553482532778176],[46.83453005193621,24.553342383273524],[46.83471939820962,24.553130998810513],[46.834876803752486,24.553287519114757],[46.8350314786624,24.553446738406322]]]}},{"type":"Feature","properties":{"plan_no":"2705/5","plan_id":"2620","block_no":"81","parcel_no":"1456","parcel_id":14315791,"object_id":7194683,"area_m2":971.40302108},"geometry":{"type":"Polygon","coordinates":[[[46.83524111693556,24.553671681263452],[46.83501349068388,24.553844899224337],[46.83491163024296,24.553734271580318],[46.83480844023769,24.55362488306237],[46.8350314786624,24.553446738406322],[46.8351369772339,24.553558576627122],[46.83524111693556,24.553671681263452]]]}},{"type":"Feature","properties":{"plan_no":"2705/5","plan_id":"2620","block_no":"81","parcel_no":"1457","parcel_id":14318591,"object_id":6235696,"area_m2":971.402838},"geometry":{"type":"Polygon","coordinates":[[[46.8354448200942,24.553901142650478],[46.835212731888866,24.554069336686258],[46.83511379214716,24.553956513530693],[46.83501349068388,24.553844899224337],[46.83524111693556,24.553671681263452],[46.83534366460258,24.55378579400871],[46.8354448200942,24.553901142650478]]]}},{"type":"Feature","properties":{"plan_no":"2705/5","plan_id":"2620","block_no":"81","parcel_no":"1458","parcel_id":14317429,"object_id":6238578,"area_m2":971.40628058},"geometry":{"type":"Polygon","coordinates":[[[46.83564246973984,24.55413499131381],[46.83540605237631,24.554298065011878],[46.83531008948674,24.554183111447454],[46.835212731888866,24.554069336686258],[46.8354448200942,24.553901142650478],[46.835544357553204,24.55401746465974],[46.83564246973984,24.55413499131381]]]}},{"type":"Feature","properties":{"plan_no":"2705/5","plan_id":"2620","block_no":"81","parcel_no":"1459","parcel_id":14318937,"object_id":6145662,"area_m2":971.405953275},"geometry":{"type":"Polygon","coordinates":[[[46.83583395431387,24.554373091402276],[46.83559334360153,24.554530951923525],[46.835500411496085,24.5544139346543],[46.83540605237631,24.554298065011878],[46.83564246973984,24.55413499131381],[46.83573894092622,24.554253455163447],[46.83583395431387,24.554373091402276]]]}},{"type":"Feature","properties":{"plan_no":"2705/5","plan_id":"2620","block_no":"81","parcel_no":"1460","parcel_id":14316357,"object_id":6201022,"area_m2":965.737297385},"geometry":{"type":"Polygon","coordinates":[[[46.83601790240507,24.554611898779683],[46.83577538706754,24.554767299946167],[46.83567846893149,24.554640771427128],[46.83559334360153,24.554530951923525],[46.83583395431387,24.554373091402276],[46.83592098416689,24.55448537042151],[46.83601790240507,24.554611898779683]]]}},{"type":"Feature","properties":{"plan_no":"2705/5","plan_id":"2620","block_no":"81","parcel_no":"1461","parcel_id":14316813,"object_id":6231773,"area_m2":960.73895431},"geometry":{"type":"Polygon","coordinates":[[[46.83619927395851,24.55484868148292],[46.83595675941681,24.55500408293838],[46.83577538706754,24.554767299946167],[46.83601790240507,24.554611898779683],[46.83619927395851,24.55484868148292]]]}},{"type":"Feature","properties":{"plan_no":"2705/5","plan_id":"2620","block_no":"81","parcel_no":"1462","parcel_id":14314993,"object_id":6177212,"area_m2":955.113542405},"geometry":{"type":"Polygon","coordinates":[[[46.83636153226451,24.555060509846015],[46.836367903907636,24.555068827867228],[46.836347693634146,24.555081778260217],[46.836360436921865,24.555098414303423],[46.83635033325682,24.555104889030485],[46.83613813147672,24.555240865677185],[46.83595675941681,24.55500408293838],[46.83619927395851,24.55484868148292],[46.83636153226451,24.555060509846015]]]}},{"type":"Feature","properties":{"plan_no":"2705/5","plan_id":"2620","block_no":"81","parcel_no":"1463","parcel_id":14317543,"object_id":6146494,"area_m2":955.112818875},"geometry":{"type":"Polygon","coordinates":[[[46.83656202014509,24.555322246081],[46.83631950522116,24.555477648138513],[46.83613813147672,24.555240865677185],[46.83635033325682,24.555104889030485],[46.836360436921865,24.555098414303423],[46.83637318021302,24.55511505034532],[46.83639339048876,24.555102099948797],[46.83639976114923,24.5551104179804],[46.83656202014509,24.555322246081]]]}},{"type":"Feature","properties":{"plan_no":"2705/5","plan_id":"2620","block_no":"82","parcel_no":"1464","parcel_id":14318663,"object_id":6155168,"area_m2":899.99849613},"geometry":{"type":"Polygon","coordinates":[[[46.8369662113115,24.55506324184322],[46.83672369740788,24.555218644498158],[46.83655379069467,24.55499683209264],[46.83679630441927,24.55484142971971],[46.8369662113115,24.55506324184322]]]}},{"type":"Feature","properties":{"plan_no":"2705/5","plan_id":"2620","block_no":"82","parcel_no":"1465","parcel_id":14316241,"object_id":6179258,"area_m2":900.00266434},"geometry":{"type":"Polygon","coordinates":[[[46.83720872557673,24.55490783791513],[46.8369662113115,24.55506324184322],[46.83679630441927,24.55484142971971],[46.8370388185055,24.55468602607361],[46.83720872557673,24.55490783791513]]]}},{"type":"Feature","properties":{"plan_no":"2705/5","plan_id":"2620","block_no":"82","parcel_no":"1466","parcel_id":14314939,"object_id":6208098,"area_m2":900.000580235},"geometry":{"type":"Polygon","coordinates":[[[46.83745123924294,24.5547524345313],[46.83720872557673,24.55490783791513],[46.8370388185055,24.55468602607361],[46.83728133100577,24.55453062298381],[46.83745123924294,24.5547524345313]]]}},{"type":"Feature","properties":{"plan_no":"2705/5","plan_id":"2620","block_no":"82","parcel_no":"1467","parcel_id":14316365,"object_id":6155545,"area_m2":900.00266434},"geometry":{"type":"Polygon","coordinates":[[[46.837693752296964,24.55459703078904],[46.83745123924294,24.5547524345313],[46.83728133100577,24.55453062298381],[46.83752384388081,24.554375219523553],[46.837693752296964,24.55459703078904]]]}},{"type":"Feature","properties":{"plan_no":"2705/5","plan_id":"2620","block_no":"82","parcel_no":"1468","parcel_id":14317849,"object_id":6156478,"area_m2":900.000580235},"geometry":{"type":"Polygon","coordinates":[[[46.83793626375188,24.55444162670041],[46.837693752296964,24.55459703078904],[46.83752384388081,24.554375219523553],[46.83776635614369,24.554219815704887],[46.83793626375188,24.55444162670041]]]}},{"type":"Feature","properties":{"plan_no":"2705/5","plan_id":"2620","block_no":"82","parcel_no":"1469","parcel_id":14318097,"object_id":7314726,"area_m2":900.00097585},"geometry":{"type":"Polygon","coordinates":[[[46.83817877558157,24.55428622224133],[46.83793626375188,24.55444162670041],[46.83776635614369,24.554219815704887],[46.83800886779441,24.55406441152781],[46.83817877558157,24.55428622224133]]]}},{"type":"Feature","properties":{"plan_no":"2705/5","plan_id":"2620","block_no":"82","parcel_no":"1470","parcel_id":14315485,"object_id":6238192,"area_m2":900.000580235},"geometry":{"type":"Polygon","coordinates":[[[46.83842128678592,24.554130816521166],[46.83817877558157,24.55428622224133],[46.83800886779441,24.55406441152781],[46.838251378832965,24.55390900699233],[46.83842128678592,24.554130816521166]]]}},{"type":"Feature","properties":{"plan_no":"2705/5","plan_id":"2620","block_no":"82","parcel_no":"1471","parcel_id":14318523,"object_id":6146272,"area_m2":1079.99754117},"geometry":{"type":"Polygon","coordinates":[[[46.83871229904148,24.553944330091397],[46.83842128678592,24.554130816521166],[46.838251378832965,24.55390900699233],[46.83854239087379,24.553722520900962],[46.83871229904148,24.553944330091397]]]}},{"type":"Feature","properties":{"plan_no":"2705/5","plan_id":"2620","block_no":"82","parcel_no":"1472","parcel_id":14318643,"object_id":6179937,"area_m2":1080.00254302},"geometry":{"type":"Polygon","coordinates":[[[46.83854239087379,24.553722520900962],[46.838251378832965,24.55390900699233],[46.83808147049207,24.55368719633987],[46.83837248231815,24.553500710586896],[46.83854239087379,24.553722520900962]]]}},{"type":"Feature","properties":{"plan_no":"2705/5","plan_id":"2620","block_no":"82","parcel_no":"1473","parcel_id":14318799,"object_id":7173033,"area_m2":900.000580235},"geometry":{"type":"Polygon","coordinates":[[[46.838251378832965,24.55390900699233],[46.83800886779441,24.55406441152781],[46.83783896061941,24.553842600581312],[46.83808147049207,24.55368719633987],[46.838251378832965,24.55390900699233]]]}},{"type":"Feature","properties":{"plan_no":"2705/5","plan_id":"2620","block_no":"82","parcel_no":"1474","parcel_id":14318853,"object_id":6207971,"area_m2":900.00097585},"geometry":{"type":"Polygon","coordinates":[[[46.83800886779441,24.55406441152781],[46.83776635614369,24.554219815704887],[46.83759644914766,24.55399800447639],[46.83783896061941,24.553842600581312],[46.83800886779441,24.55406441152781]]]}},{"type":"Feature","properties":{"plan_no":"2705/5","plan_id":"2620","block_no":"82","parcel_no":"1475","parcel_id":14315383,"object_id":6385834,"area_m2":900.000580235},"geometry":{"type":"Polygon","coordinates":[[[46.83776635614369,24.554219815704887],[46.83752384388081,24.554375219523553],[46.83735393707692,24.554153408915763],[46.83759644914766,24.55399800447639],[46.83776635614369,24.554219815704887]]]}},{"type":"Feature","properties":{"plan_no":"2705/5","plan_id":"2620","block_no":"82","parcel_no":"1476","parcel_id":14315959,"object_id":7194456,"area_m2":899.99849613},"geometry":{"type":"Polygon","coordinates":[[[46.83752384388081,24.554375219523553],[46.83728133100577,24.55453062298381],[46.83711142438085,24.554308812094025],[46.83735393707692,24.554153408915763],[46.83752384388081,24.554375219523553]]]}},{"type":"Feature","properties":{"plan_no":"2705/5","plan_id":"2620","block_no":"82","parcel_no":"1477","parcel_id":14315373,"object_id":6228398,"area_m2":899.99601642},"geometry":{"type":"Polygon","coordinates":[[[46.83728133100577,24.55453062298381],[46.8370388185055,24.55468602607361],[46.83686891205959,24.554464214901834],[46.83711142438085,24.554308812094025],[46.83728133100577,24.55453062298381]]]}},{"type":"Feature","properties":{"plan_no":"2705/5","plan_id":"2620","block_no":"82","parcel_no":"1478","parcel_id":14317901,"object_id":6176698,"area_m2":900.000580235},"geometry":{"type":"Polygon","coordinates":[[[46.8370388185055,24.55468602607361],[46.83679630441927,24.55484142971971],[46.83662639813921,24.55461961736324],[46.83686891205959,24.554464214901834],[46.8370388185055,24.55468602607361]]]}},{"type":"Feature","properties":{"plan_no":"2705/5","plan_id":"2620","block_no":"82","parcel_no":"1479","parcel_id":14315691,"object_id":6209206,"area_m2":900.000580235},"geometry":{"type":"Polygon","coordinates":[[[46.83679630441927,24.55484142971971],[46.83655379069467,24.55499683209264],[46.83638388360668,24.554775019466206],[46.83662639813921,24.55461961736324],[46.83679630441927,24.55484142971971]]]}},{"type":"Feature","properties":{"plan_no":"2705/5","plan_id":"2620","block_no":"82","parcel_no":"1885","parcel_id":14315895,"object_id":6164988,"area_m2":2016.310417805},"geometry":{"type":"Polygon","coordinates":[[[46.83845408537674,24.553514556232223],[46.838488979409874,24.55349219472638],[46.838692135249815,24.55336200794249],[46.83916293349133,24.5535848272991],[46.839163254070016,24.553589209462924],[46.838725937622044,24.553869451400598],[46.83845408537674,24.553514556232223]]]}},{"type":"Feature","properties":{"plan_no":"2705/5","plan_id":"2620","block_no":"82","parcel_no":"2043/م","parcel_id":14315437,"object_id":6310834,"area_m2":888.81074207},"geometry":{"type":"Polygon","coordinates":[[[46.83845408537674,24.553514556232223],[46.838420103699654,24.553470193620228],[46.83868751317262,24.55329883187483],[46.83921979343914,24.553550749326824],[46.83922457122105,24.55361605330118],[46.83875991951951,24.553913813928716],[46.838725937622044,24.553869451400598],[46.839163254070016,24.553589209462924],[46.83916293349133,24.5535848272991],[46.838692135249815,24.55336200794249],[46.838488979409874,24.55349219472638],[46.83845408537674,24.553514556232223]]]}},{"type":"Feature","properties":{"plan_no":"2705/5","plan_id":"2620","block_no":"82","parcel_no":"2044/م","parcel_id":14317269,"object_id":6208094,"area_m2":353.46042829},"geometry":{"type":"Polygon","coordinates":[[[46.83845408537674,24.553514556232223],[46.838725937622044,24.553869451400598],[46.83875991951951,24.553913813928716],[46.83871229904148,24.553944330091397],[46.83867831715104,24.553899967552205],[46.83854239087379,24.553722520900962],[46.83837248231815,24.553500710586896],[46.838420103699654,24.553470193620228],[46.83845408537674,24.553514556232223]]]}},{"type":"Feature","properties":{"plan_no":"2705/5","plan_id":"2620","block_no":"83","parcel_no":"1480","parcel_id":14318861,"object_id":6178194,"area_m2":900.003059955},"geometry":{"type":"Polygon","coordinates":[[[46.83651312763471,24.55447174293132],[46.836270613221515,24.554627144846293],[46.836100708140755,24.5544053318196],[46.83634322236177,24.554249929283902],[46.83651312763471,24.55447174293132]]]}},{"type":"Feature","properties":{"plan_no":"2705/5","plan_id":"2620","block_no":"83","parcel_no":"1481","parcel_id":14316463,"object_id":6229289,"area_m2":900.00266434},"geometry":{"type":"Polygon","coordinates":[[[46.83675564142259,24.554316339755193],[46.83651312763471,24.55447174293132],[46.83634322236177,24.554249929283902],[46.836585734996845,24.554094527304507],[46.83675564142259,24.554316339755193]]]}},{"type":"Feature","properties":{"plan_no":"2705/5","plan_id":"2620","block_no":"83","parcel_no":"1482","parcel_id":14317359,"object_id":6238574,"area_m2":900.000580235},"geometry":{"type":"Polygon","coordinates":[[[46.83699815362452,24.554160937135382],[46.83675564142259,24.554316339755193],[46.836585734996845,24.554094527304507],[46.83682824800672,24.55393912495465],[46.83699815362452,24.554160937135382]]]}},{"type":"Feature","properties":{"plan_no":"2705/5","plan_id":"2620","block_no":"83","parcel_no":"1483","parcel_id":14317735,"object_id":6176692,"area_m2":900.00097585},"geometry":{"type":"Polygon","coordinates":[[[46.837240666201254,24.554005534145116],[46.83699815362452,24.554160937135382],[46.83682824800672,24.55393912495465],[46.837070760404444,24.55378372224637],[46.837240666201254,24.554005534145116]]]}},{"type":"Feature","properties":{"plan_no":"2705/5","plan_id":"2620","block_no":"83","parcel_no":"1484","parcel_id":14316461,"object_id":6229288,"area_m2":900.000580235},"geometry":{"type":"Polygon","coordinates":[[[46.83748317816583,24.553850130796434],[46.837240666201254,24.554005534145116],[46.837070760404444,24.55378372224637],[46.8373132712031,24.553628319191706],[46.83748317816583,24.553850130796434]]]}},{"type":"Feature","properties":{"plan_no":"2705/5","plan_id":"2620","block_no":"83","parcel_no":"1485","parcel_id":14316451,"object_id":6179632,"area_m2":900.000580235},"geometry":{"type":"Polygon","coordinates":[[[46.83772568853132,24.55369472710138],[46.83748317816583,24.553850130796434],[46.8373132712031,24.553628319191706],[46.83755578237656,24.55347291576661],[46.83772568853132,24.55369472710138]]]}},{"type":"Feature","properties":{"plan_no":"2705/5","plan_id":"2620","block_no":"83","parcel_no":"1486","parcel_id":14318783,"object_id":6199294,"area_m2":900.00097585},"geometry":{"type":"Polygon","coordinates":[[[46.837968199271614,24.553539323035896],[46.83772568853132,24.55369472710138],[46.83755578237656,24.55347291576661],[46.83779829293789,24.553317511983114],[46.837968199271614,24.553539323035896]]]}},{"type":"Feature","properties":{"plan_no":"2705/5","plan_id":"2620","block_no":"83","parcel_no":"1487","parcel_id":14318647,"object_id":6239056,"area_m2":1677.93427124},"geometry":{"type":"Polygon","coordinates":[[[46.83819281283571,24.553064696266272],[46.83842826994753,24.553176135605852],[46.838433047279985,24.55324143873063],[46.837968199271614,24.553539323035896],[46.83779829293789,24.553317511983114],[46.83819281283571,24.553064696266272]]]}},{"type":"Feature","properties":{"plan_no":"2705/5","plan_id":"2620","block_no":"83","parcel_no":"1488","parcel_id":14316667,"object_id":6230978,"area_m2":1228.6403794050002},"geometry":{"type":"Polygon","coordinates":[[[46.83819281283571,24.553064696266272],[46.83779829293789,24.553317511983114],[46.83762838721629,24.553095700697366],[46.83789599268901,24.55292421425628],[46.83819281283571,24.553064696266272]]]}},{"type":"Feature","properties":{"plan_no":"2705/5","plan_id":"2620","block_no":"83","parcel_no":"1489","parcel_id":14317493,"object_id":6238581,"area_m2":900.00097585},"geometry":{"type":"Polygon","coordinates":[[[46.83779829293789,24.553317511983114],[46.83755578237656,24.55347291576661],[46.837385876833935,24.55325110419888],[46.83762838721629,24.553095700697366],[46.83779829293789,24.553317511983114]]]}},{"type":"Feature","properties":{"plan_no":"2705/5","plan_id":"2620","block_no":"83","parcel_no":"1490","parcel_id":14315841,"object_id":6209422,"area_m2":900.000580235},"geometry":{"type":"Polygon","coordinates":[[[46.83755578237656,24.55347291576661],[46.8373132712031,24.553628319191706],[46.83714336585261,24.55340650824469],[46.837385876833935,24.55325110419888],[46.83755578237656,24.55347291576661]]]}},{"type":"Feature","properties":{"plan_no":"2705/5","plan_id":"2620","block_no":"83","parcel_no":"1491","parcel_id":14316771,"object_id":6156366,"area_m2":899.99601642},"geometry":{"type":"Polygon","coordinates":[[[46.8373132712031,24.553628319191706],[46.837070760404444,24.55378372224637],[46.83690085523295,24.553561911017372],[46.83714336585261,24.55340650824469],[46.8373132712031,24.553628319191706]]]}},{"type":"Feature","properties":{"plan_no":"2705/5","plan_id":"2620","block_no":"83","parcel_no":"1492","parcel_id":14316805,"object_id":6209156,"area_m2":899.99849613},"geometry":{"type":"Polygon","coordinates":[[[46.837070760404444,24.55378372224637],[46.83682824800672,24.55393912495465],[46.836658343014214,24.553717313443663],[46.83690085523295,24.553561911017372],[46.837070760404444,24.55378372224637]]]}},{"type":"Feature","properties":{"plan_no":"2705/5","plan_id":"2620","block_no":"83","parcel_no":"1493","parcel_id":14316895,"object_id":6238178,"area_m2":899.99849613},"geometry":{"type":"Polygon","coordinates":[[[46.83682824800672,24.55393912495465],[46.836585734996845,24.554094527304507],[46.83641583018334,24.553872715511538],[46.836658343014214,24.553717313443663],[46.83682824800672,24.55393912495465]]]}},{"type":"Feature","properties":{"plan_no":"2705/5","plan_id":"2620","block_no":"83","parcel_no":"1494","parcel_id":14319151,"object_id":6222724,"area_m2":899.99601642},"geometry":{"type":"Polygon","coordinates":[[[46.836585734996845,24.554094527304507],[46.83634322236177,24.554249929283902],[46.83617331772728,24.554028117208954],[46.83641583018334,24.553872715511538],[46.836585734996845,24.554094527304507]]]}},{"type":"Feature","properties":{"plan_no":"2705/5","plan_id":"2620","block_no":"83","parcel_no":"1495","parcel_id":14316475,"object_id":6155720,"area_m2":903.467914975},"geometry":{"type":"Polygon","coordinates":[[[46.83634322236177,24.554249929283902],[46.836100708140755,24.5544053318196],[46.836082665019205,24.554381775818737],[46.8359287127301,24.554184858594695],[46.83617331772728,24.554028117208954],[46.83634322236177,24.554249929283902]]]}},{"type":"Feature","properties":{"plan_no":"2705/5","plan_id":"2620","block_no":"84","parcel_no":"1496","parcel_id":14317049,"object_id":6208707,"area_m2":1643.5719191649998},"geometry":{"type":"Polygon","coordinates":[[[46.8373331650067,24.553064423907436],[46.8370138331468,24.55326905454464],[46.83668246748971,24.553112219735745],[46.836841233038385,24.5528315933891],[46.83713051372101,24.55296851017762],[46.8373331650067,24.553064423907436]]]}},{"type":"Feature","properties":{"plan_no":"2705/5","plan_id":"2620","block_no":"84","parcel_no":"1497","parcel_id":14317785,"object_id":6268380,"area_m2":1155.001912},"geometry":{"type":"Polygon","coordinates":[[[46.836841233038385,24.5528315933891],[46.83668246748971,24.553112219735745],[46.83639318689271,24.552975302079965],[46.836551952955865,24.552694676005736],[46.836841233038385,24.5528315933891]]]}},{"type":"Feature","properties":{"plan_no":"2705/5","plan_id":"2620","block_no":"84","parcel_no":"1498","parcel_id":14316547,"object_id":6155768,"area_m2":1155.00026219},"geometry":{"type":"Polygon","coordinates":[[[46.836551952955865,24.552694676005736],[46.83639318689271,24.552975302079965],[46.836103906908974,24.552838384732084],[46.83626267348663,24.552557758930277],[46.836551952955865,24.552694676005736]]]}},{"type":"Feature","properties":{"plan_no":"2705/5","plan_id":"2620","block_no":"84","parcel_no":"1499","parcel_id":14315811,"object_id":6179299,"area_m2":1155.001912},"geometry":{"type":"Polygon","coordinates":[[[46.83626267348663,24.552557758930277],[46.836103906908974,24.552838384732084],[46.83581462751225,24.55270146588668],[46.835973394604366,24.5524208403573],[46.83626267348663,24.552557758930277]]]}},{"type":"Feature","properties":{"plan_no":"2705/5","plan_id":"2620","block_no":"84","parcel_no":"1500","parcel_id":14315477,"object_id":6177029,"area_m2":1862.3339183849998},"geometry":{"type":"Polygon","coordinates":[[[46.835973394604366,24.5524208403573],[46.83581462751225,24.55270146588668],[46.835315679163955,24.55246530645642],[46.835539472445284,24.552215459637328],[46.835973394604366,24.5524208403573]]]}},{"type":"Feature","properties":{"plan_no":"2705/5","plan_id":"2620","block_no":"84","parcel_no":"1501","parcel_id":14315005,"object_id":6167775,"area_m2":1810.32370149},"geometry":{"type":"Polygon","coordinates":[[[46.836154827738596,24.552100151397557],[46.835973394604366,24.5524208403573],[46.835539472445284,24.552215459637328],[46.83579521127248,24.551929947825677],[46.836154827738596,24.552100151397557]]]}},{"type":"Feature","properties":{"plan_no":"2705/5","plan_id":"2620","block_no":"84","parcel_no":"1502","parcel_id":14315755,"object_id":6155593,"area_m2":1319.906426575},"geometry":{"type":"Polygon","coordinates":[[[46.83644410891483,24.552237064206953],[46.83626267348663,24.552557758930277],[46.835973394604366,24.5524208403573],[46.836154827738596,24.552100151397557],[46.83644410891483,24.552237064206953]]]}},{"type":"Feature","properties":{"plan_no":"2705/5","plan_id":"2620","block_no":"84","parcel_no":"1503","parcel_id":14318287,"object_id":6238835,"area_m2":1319.92615758},"geometry":{"type":"Polygon","coordinates":[[[46.836733390691165,24.55237397642154],[46.836551952955865,24.552694676005736],[46.83626267348663,24.552557758930277],[46.83644410891483,24.552237064206953],[46.836733390691165,24.55237397642154]]]}},{"type":"Feature","properties":{"plan_no":"2705/5","plan_id":"2620","block_no":"84","parcel_no":"1504","parcel_id":14318507,"object_id":6169726,"area_m2":1319.9543945350001},"geometry":{"type":"Polygon","coordinates":[[[46.83702267500198,24.552510885309143],[46.836841233038385,24.5528315933891],[46.836551952955865,24.552694676005736],[46.836733390691165,24.55237397642154],[46.83702267500198,24.552510885309143]]]}},{"type":"Feature","properties":{"plan_no":"2705/5","plan_id":"2620","block_no":"84","parcel_no":"1505","parcel_id":14318297,"object_id":6167576,"area_m2":1314.3509349350002},"geometry":{"type":"Polygon","coordinates":[[[46.83728237081131,24.552633797110158],[46.83729223288823,24.552638464726435],[46.83728089196449,24.552658509184532],[46.83730061612293,24.552667844416344],[46.83729494615449,24.552677866639776],[46.83713051372101,24.55296851017762],[46.836841233038385,24.5528315933891],[46.83702267500198,24.552510885309143],[46.83728237081131,24.552633797110158]]]}},{"type":"Feature","properties":{"plan_no":"2705/5","plan_id":"2620","block_no":"84","parcel_no":"1506","parcel_id":14317009,"object_id":6209164,"area_m2":1316.025075535},"geometry":{"type":"Polygon","coordinates":[[[46.83763675094853,24.552801517431366],[46.83764152784472,24.55286682060925],[46.8373331650067,24.553064423907436],[46.83713051372101,24.55296851017762],[46.83729494615449,24.552677866639776],[46.83730061612293,24.552667844416344],[46.83732034027102,24.552677178742677],[46.83733168020282,24.55265713429395],[46.83734154228324,24.552661801906776],[46.83763675094853,24.552801517431366]]]}},{"type":"Feature","properties":{"plan_no":"2705/5","plan_id":"2620","block_no":"85","parcel_no":"1507","parcel_id":14315439,"object_id":7310962,"area_m2":1049.68965749},"geometry":{"type":"Polygon","coordinates":[[[46.836340945735884,24.551629142586528],[46.836182202497305,24.55190972933221],[46.83591926482118,24.551785273189605],[46.83607800660602,24.551504690326325],[46.836340945735884,24.551629142586528]]]}},{"type":"Feature","properties":{"plan_no":"2705/5","plan_id":"2620","block_no":"85","parcel_no":"1508","parcel_id":14317039,"object_id":6167508,"area_m2":1049.8559286549998},"geometry":{"type":"Polygon","coordinates":[[[46.83660392412767,24.551753612842887],[46.83644517942231,24.55203420256834],[46.836182202497305,24.55190972933221],[46.836340945735884,24.551629142586528],[46.83660392412767,24.551753612842887]]]}},{"type":"Feature","properties":{"plan_no":"2705/5","plan_id":"2620","block_no":"85","parcel_no":"1509","parcel_id":14315745,"object_id":6146094,"area_m2":1049.87143026},"geometry":{"type":"Polygon","coordinates":[[[46.83686690401547,24.551878083498362],[46.836708157843354,24.552158676203565],[46.83644517942231,24.55203420256834],[46.83660392412767,24.551753612842887],[46.83686690401547,24.551878083498362]]]}},{"type":"Feature","properties":{"plan_no":"2705/5","plan_id":"2620","block_no":"85","parcel_no":"1510","parcel_id":14318711,"object_id":7190758,"area_m2":1049.88353014},"geometry":{"type":"Polygon","coordinates":[[[46.837129884386066,24.552002552759554],[46.83697113774728,24.552283149335192],[46.836708157843354,24.552158676203565],[46.83686690401547,24.551878083498362],[46.837129884386066,24.552002552759554]]]}},{"type":"Feature","properties":{"plan_no":"2705/5","plan_id":"2620","block_no":"85","parcel_no":"1511","parcel_id":14315273,"object_id":6165498,"area_m2":1049.89204551},"geometry":{"type":"Polygon","coordinates":[[[46.83739286526575,24.55212702243188],[46.83723411714709,24.552407621084576],[46.83697113774728,24.552283149335192],[46.837129884386066,24.552002552759554],[46.83739286526575,24.55212702243188]]]}},{"type":"Feature","properties":{"plan_no":"2705/5","plan_id":"2620","block_no":"85","parcel_no":"1512","parcel_id":14317713,"object_id":6156429,"area_m2":1049.90281116},"geometry":{"type":"Polygon","coordinates":[[[46.837655846628216,24.552251490709928],[46.83749709705601,24.552532093245077],[46.83723411714709,24.552407621084576],[46.83739286526575,24.55212702243188],[46.837655846628216,24.552251490709928]]]}},{"type":"Feature","properties":{"plan_no":"2705/5","plan_id":"2620","block_no":"85","parcel_no":"1513","parcel_id":14315809,"object_id":6240329,"area_m2":1049.915724545},"geometry":{"type":"Polygon","coordinates":[[[46.837918828499774,24.55237595939907],[46.837760077460885,24.55265656491399],[46.83749709705601,24.552532093245077],[46.837655846628216,24.552251490709928],[46.837918828499774,24.55237595939907]]]}},{"type":"Feature","properties":{"plan_no":"2705/5","plan_id":"2620","block_no":"85","parcel_no":"1514","parcel_id":14316243,"object_id":6201436,"area_m2":1049.92698825},"geometry":{"type":"Polygon","coordinates":[[[46.8381818108541,24.552500426693918],[46.83802305836172,24.552781036091304],[46.837760077460885,24.55265656491399],[46.837918828499774,24.55237595939907],[46.8381818108541,24.552500426693918]]]}},{"type":"Feature","properties":{"plan_no":"2705/5","plan_id":"2620","block_no":"85","parcel_no":"1515","parcel_id":14315397,"object_id":6208508,"area_m2":1049.94039969},"geometry":{"type":"Polygon","coordinates":[[[46.83844479370437,24.55262489349716],[46.83828603975851,24.55290550677701],[46.83802305836172,24.552781036091304],[46.8381818108541,24.552500426693918],[46.83844479370437,24.55262489349716]]]}},{"type":"Feature","properties":{"plan_no":"2705/5","plan_id":"2620","block_no":"85","parcel_no":"1516","parcel_id":14318873,"object_id":7171976,"area_m2":1049.95941818},"geometry":{"type":"Polygon","coordinates":[[[46.83870777705057,24.552749359808768],[46.838549020703816,24.553029979691242],[46.83828603975851,24.55290550677701],[46.83844479370437,24.55262489349716],[46.83870777705057,24.552749359808768]]]}},{"type":"Feature","properties":{"plan_no":"2705/5","plan_id":"2620","block_no":"85","parcel_no":"1517","parcel_id":14315835,"object_id":6179301,"area_m2":1049.97392829},"geometry":{"type":"Polygon","coordinates":[[[46.83897076090586,24.552873826531464],[46.83881200307935,24.55315444849102],[46.838549020703816,24.553029979691242],[46.83870777705057,24.552749359808768],[46.83897076090586,24.552873826531464]]]}},{"type":"Feature","properties":{"plan_no":"2705/5","plan_id":"2620","block_no":"85","parcel_no":"1518","parcel_id":14315989,"object_id":6168056,"area_m2":1049.98338244},"geometry":{"type":"Polygon","coordinates":[[[46.839233745243924,24.552998291859833],[46.83907498693775,24.55327891678713],[46.83881200307935,24.55315444849102],[46.83897076090586,24.552873826531464],[46.839233745243924,24.552998291859833]]]}},{"type":"Feature","properties":{"plan_no":"2705/5","plan_id":"2620","block_no":"85","parcel_no":"1519","parcel_id":14318137,"object_id":6229441,"area_m2":1176.341958675},"geometry":{"type":"Polygon","coordinates":[[[46.83952713714766,24.553141103546633],[46.83937014127482,24.553418611350438],[46.83907498693775,24.55327891678713],[46.839233745243924,24.552998291859833],[46.83943424802215,24.55309318520334],[46.83952713714766,24.553141103546633]]]}},{"type":"Feature","properties":{"plan_no":"2705/5","plan_id":"2620","block_no":"85","parcel_no":"1520","parcel_id":14319177,"object_id":6145938,"area_m2":1598.6724399450002},"geometry":{"type":"Polygon","coordinates":[[[46.839898660531084,24.553437191127237],[46.83955370860114,24.553658247655765],[46.83937014127482,24.553418611350438],[46.83952713714766,24.553141103546633],[46.839593891910496,24.553180785960556],[46.839658476869054,24.5532239099152],[46.83972071476489,24.55327035705352],[46.839783195365506,24.55332252674026],[46.83984257598862,24.553378199384046],[46.839898660531084,24.553437191127237]]]}},{"type":"Feature","properties":{"plan_no":"2705/5","plan_id":"2620","block_no":"85","parcel_no":"1521","parcel_id":14317943,"object_id":6229664,"area_m2":1374.95663608},"geometry":{"type":"Polygon","coordinates":[[[46.840072819782506,24.553680755281206],[46.8397361959224,24.553896474884514],[46.83955370860114,24.553658247655765],[46.839898660531084,24.553437191127237],[46.83994721550853,24.55349435365823],[46.839992518648664,24.5535541262797],[46.84003442992185,24.55361632423758],[46.840072819782506,24.553680755281206]]]}},{"type":"Feature","properties":{"plan_no":"2705/5","plan_id":"2620","block_no":"85","parcel_no":"1522","parcel_id":14317653,"object_id":6239029,"area_m2":1332.806892345},"geometry":{"type":"Polygon","coordinates":[[[46.84021362054316,24.55397431592342],[46.839933388835945,24.554153897593096],[46.8397361959224,24.553896474884514],[46.840072819782506,24.553680755281206],[46.84011538237412,24.553763957404993],[46.84021362054316,24.55397431592342]]]}},{"type":"Feature","properties":{"plan_no":"2705/5","plan_id":"2620","block_no":"85","parcel_no":"1523","parcel_id":14317263,"object_id":6196876,"area_m2":1276.610036685},"geometry":{"type":"Polygon","coordinates":[[[46.84038199498923,24.553482623770282],[46.84041325165924,24.553555060840928],[46.84043998873881,24.553629285076866],[46.84049385141975,24.553794732872564],[46.84021362054316,24.55397431592342],[46.84011538237412,24.553763957404993],[46.840072819782506,24.553680755281206],[46.84038199498923,24.553482623770282]]]}},{"type":"Feature","properties":{"plan_no":"2705/5","plan_id":"2620","block_no":"85","parcel_no":"1524","parcel_id":14318173,"object_id":6212970,"area_m2":1267.20922416},"geometry":{"type":"Polygon","coordinates":[[[46.84038199498923,24.553482623770282],[46.840072819782506,24.553680755281206],[46.84003442992185,24.553616324237577],[46.83999251864867,24.5535541262797],[46.83994721550853,24.55349435365823],[46.839898660531084,24.553437191127237],[46.840225214811994,24.55322792320356],[46.840269744066994,24.553288174767545],[46.84031080249487,24.553350843029158],[46.84034825925629,24.55341572828586],[46.84038199498923,24.553482623770282]]]}},{"type":"Feature","properties":{"plan_no":"2705/5","plan_id":"2620","block_no":"85","parcel_no":"1525","parcel_id":14316917,"object_id":7330861,"area_m2":1240.728063185},"geometry":{"type":"Polygon","coordinates":[[[46.840225214811994,24.55322792320356],[46.839898660531084,24.553437191127237],[46.83984257598862,24.553378199384046],[46.839783195365506,24.55332252674026],[46.83972071476489,24.55327035705352],[46.839994653630086,24.552995583290386],[46.84005730210195,24.553048500433277],[46.840116745733944,24.55310499388116],[46.84017278068731,24.553164869911758],[46.840225214811994,24.55322792320356]]]}},{"type":"Feature","properties":{"plan_no":"2705/5","plan_id":"2620","block_no":"85","parcel_no":"1526","parcel_id":14316161,"object_id":6156224,"area_m2":1212.235031975},"geometry":{"type":"Polygon","coordinates":[[[46.839994653630086,24.552995583290386],[46.83972071476489,24.55327035705352],[46.839658476869054,24.5532239099152],[46.839593891910496,24.553180785960556],[46.83952713714766,24.553141103546633],[46.83971032278491,24.55281729521971],[46.83978506083463,24.552855786984868],[46.839857513815545,24.552898424499052],[46.839927451999,24.552945072570335],[46.839994653630086,24.552995583290386]]]}},{"type":"Feature","properties":{"plan_no":"2705/5","plan_id":"2620","block_no":"85","parcel_no":"1527","parcel_id":14315621,"object_id":7314925,"area_m2":1348.89803742},"geometry":{"type":"Polygon","coordinates":[[[46.83971032278491,24.55281729521971],[46.83952713714766,24.553141103546633],[46.83943424802215,24.55309318520334],[46.839233745243924,24.552998291859833],[46.839415184968594,24.552677573978247],[46.83970142020651,24.552813042201663],[46.83971032278491,24.55281729521971]]]}},{"type":"Feature","properties":{"plan_no":"2705/5","plan_id":"2620","block_no":"85","parcel_no":"1528","parcel_id":14316227,"object_id":7218774,"area_m2":1194.37446449},"geometry":{"type":"Polygon","coordinates":[[[46.839415184968594,24.552677573978247],[46.839233745243924,24.552998291859833],[46.83897076090586,24.552873826531464],[46.83913519172729,24.552583175785337],[46.83914086154076,24.55257315350136],[46.83916058580611,24.552582488482383],[46.839171925428,24.552562443912574],[46.83918178656037,24.55256711051073],[46.839415184968594,24.552677573978247]]]}},{"type":"Feature","properties":{"plan_no":"2705/5","plan_id":"2620","block_no":"85","parcel_no":"1529","parcel_id":14316263,"object_id":6167491,"area_m2":1194.37702237},"geometry":{"type":"Polygon","coordinates":[[[46.839122615763074,24.55253910644607],[46.839132477892036,24.55254377393835],[46.83912113826515,24.552563818505522],[46.83914086154076,24.55257315350136],[46.83913519172729,24.552583175785337],[46.83897076090586,24.552873826531464],[46.83870777705057,24.552749359808768],[46.838889217844475,24.552428642493147],[46.839122615763074,24.55253910644607]]]}},{"type":"Feature","properties":{"plan_no":"2705/5","plan_id":"2620","block_no":"85","parcel_no":"1530","parcel_id":14316175,"object_id":6230827,"area_m2":1200.00139505},"geometry":{"type":"Polygon","coordinates":[[[46.838889217844475,24.552428642493147],[46.83870777705057,24.552749359808768],[46.83844479370437,24.55262489349716],[46.83862623501972,24.552304175561833],[46.838889217844475,24.552428642493147]]]}},{"type":"Feature","properties":{"plan_no":"2705/5","plan_id":"2620","block_no":"85","parcel_no":"1531","parcel_id":14317223,"object_id":6208092,"area_m2":1200.0017752},"geometry":{"type":"Polygon","coordinates":[[[46.83862623501972,24.552304175561833],[46.83844479370437,24.55262489349716],[46.8381818108541,24.552500426693918],[46.838363252704035,24.55217970904158],[46.83862623501972,24.552304175561833]]]}},{"type":"Feature","properties":{"plan_no":"2705/5","plan_id":"2620","block_no":"85","parcel_no":"1532","parcel_id":14316599,"object_id":6145987,"area_m2":1200.00404085},"geometry":{"type":"Polygon","coordinates":[[[46.838363252704035,24.55217970904158],[46.8381818108541,24.552500426693918],[46.837918828499774,24.55237595939907],[46.83810027087111,24.552055241127032],[46.838363252704035,24.55217970904158]]]}},{"type":"Feature","properties":{"plan_no":"2705/5","plan_id":"2620","block_no":"85","parcel_no":"1533","parcel_id":14316065,"object_id":6211072,"area_m2":1200.00404085},"geometry":{"type":"Polygon","coordinates":[[[46.83810027087111,24.552055241127032],[46.837918828499774,24.55237595939907],[46.837655846628216,24.552251490709928],[46.837837289547274,24.551930773623575],[46.83810027087111,24.552055241127032]]]}},{"type":"Feature","properties":{"plan_no":"2705/5","plan_id":"2620","block_no":"85","parcel_no":"1534","parcel_id":14317551,"object_id":6168246,"area_m2":1200.0017752},"geometry":{"type":"Polygon","coordinates":[[[46.837837289547274,24.551930773623575],[46.837655846628216,24.552251490709928],[46.83739286526575,24.55212702243188],[46.837574308719354,24.551806305628535],[46.837837289547274,24.551930773623575]]]}},{"type":"Feature","properties":{"plan_no":"2705/5","plan_id":"2620","block_no":"85","parcel_no":"1535","parcel_id":14319021,"object_id":6145712,"area_m2":1200.0036607},"geometry":{"type":"Polygon","coordinates":[[[46.837574308719354,24.551806305628535],[46.83739286526575,24.55212702243188],[46.837129884386066,24.552002552759554],[46.837311328374206,24.55168183623921],[46.837574308719354,24.551806305628535]]]}},{"type":"Feature","properties":{"plan_no":"2705/5","plan_id":"2620","block_no":"85","parcel_no":"1536","parcel_id":14317013,"object_id":6179351,"area_m2":1200.0017752},"geometry":{"type":"Polygon","coordinates":[[[46.837311328374206,24.55168183623921],[46.837129884386066,24.552002552759554],[46.83686690401547,24.551878083498362],[46.837048348538154,24.55155736726103],[46.837311328374206,24.55168183623921]]]}},{"type":"Feature","properties":{"plan_no":"2705/5","plan_id":"2620","block_no":"85","parcel_no":"1537","parcel_id":14318073,"object_id":6176870,"area_m2":1200.00139505},"geometry":{"type":"Polygon","coordinates":[[[46.837048348538154,24.55155736726103],[46.83686690401547,24.551878083498362],[46.83660392412767,24.551753612842887],[46.836785369198005,24.551432897791262],[46.837048348538154,24.55155736726103]]]}},{"type":"Feature","properties":{"plan_no":"2705/5","plan_id":"2620","block_no":"85","parcel_no":"1538","parcel_id":14317847,"object_id":6239041,"area_m2":1199.99560167},"geometry":{"type":"Polygon","coordinates":[[[46.836785369198005,24.551432897791262],[46.83660392412767,24.551753612842887],[46.836340945735884,24.551629142586528],[46.836522391340715,24.551308427817908],[46.836785369198005,24.551432897791262]]]}},{"type":"Feature","properties":{"plan_no":"2705/5","plan_id":"2620","block_no":"85","parcel_no":"1539","parcel_id":14318019,"object_id":7311166,"area_m2":1199.82069015},"geometry":{"type":"Polygon","coordinates":[[[46.836522391340715,24.551308427817908],[46.836340945735884,24.551629142586528],[46.83607800660602,24.551504690326325],[46.83625945273212,24.551183974937988],[46.836522391340715,24.551308427817908]]]}},{"type":"Feature","properties":{"plan_no":"2705/5","plan_id":"2620","block_no":"86","parcel_no":"1540","parcel_id":14317403,"object_id":6196256,"area_m2":1020.00934733},"geometry":{"type":"Polygon","coordinates":[[[46.83370807054668,24.549976333580876],[46.83357194790723,24.550216855404383],[46.833273912666385,24.550075780770403],[46.833410033812406,24.54983526101698],[46.83370807054668,24.549976333580876]]]}},{"type":"Feature","properties":{"plan_no":"2705/5","plan_id":"2620","block_no":"86","parcel_no":"1541","parcel_id":14317829,"object_id":6229429,"area_m2":990.002281065},"geometry":{"type":"Polygon","coordinates":[[[46.833410033812406,24.54983526101698],[46.833273912666385,24.550075780770403],[46.83298464348955,24.549938854976087],[46.833120764102546,24.54969833637093],[46.833410033812406,24.54983526101698]]]}},{"type":"Feature","properties":{"plan_no":"2705/5","plan_id":"2620","block_no":"86","parcel_no":"1542","parcel_id":14316769,"object_id":6156365,"area_m2":990.0015331},"geometry":{"type":"Polygon","coordinates":[[[46.833120764102546,24.54969833637093],[46.83298464348955,24.549938854976087],[46.83269537392594,24.549801928599095],[46.83283149596659,24.549561410215546],[46.833120764102546,24.54969833637093]]]}},{"type":"Feature","properties":{"plan_no":"2705/5","plan_id":"2620","block_no":"86","parcel_no":"1543","parcel_id":14318459,"object_id":6146270,"area_m2":990.00098806},"geometry":{"type":"Polygon","coordinates":[[[46.83283149596659,24.549561410215546],[46.83269537392594,24.549801928599095],[46.832406105949346,24.549665001615452],[46.83254222843073,24.5494244834655],[46.83283149596659,24.549561410215546]]]}},{"type":"Feature","properties":{"plan_no":"2705/5","plan_id":"2620","block_no":"86","parcel_no":"1544","parcel_id":14315093,"object_id":6146175,"area_m2":1049.950325235},"geometry":{"type":"Polygon","coordinates":[[[46.83254222843073,24.5494244834655],[46.832406105949346,24.549665001615452],[46.832099337658775,24.549519789972727],[46.83223542979049,24.54927925709654],[46.83254222843073,24.5494244834655]]]}},{"type":"Feature","properties":{"plan_no":"2705/5","plan_id":"2620","block_no":"86","parcel_no":"1549","parcel_id":14318123,"object_id":6229440,"area_m2":1049.843429055},"geometry":{"type":"Polygon","coordinates":[[[46.832406105949346,24.549665001615452],[46.83226998297188,24.54990551966556],[46.83196324501798,24.549760321846403],[46.832099337658775,24.549519789972727],[46.832406105949346,24.549665001615452]]]}},{"type":"Feature","properties":{"plan_no":"2705/5","plan_id":"2620","block_no":"86","parcel_no":"1550","parcel_id":14316565,"object_id":6145985,"area_m2":990.00098806},"geometry":{"type":"Polygon","coordinates":[[[46.83269537392594,24.549801928599095],[46.83255925138921,24.550042446882777],[46.83226998297188,24.54990551966556],[46.832406105949346,24.549665001615452],[46.83269537392594,24.549801928599095]]]}},{"type":"Feature","properties":{"plan_no":"2705/5","plan_id":"2620","block_no":"86","parcel_no":"1551","parcel_id":14316665,"object_id":6167700,"area_m2":990.00363369},"geometry":{"type":"Polygon","coordinates":[[[46.83298464348955,24.549938854976087],[46.83284852139359,24.550179373493357],[46.83255925138921,24.550042446882777],[46.83269537392594,24.549801928599095],[46.83298464348955,24.549938854976087]]]}},{"type":"Feature","properties":{"plan_no":"2705/5","plan_id":"2620","block_no":"86","parcel_no":"1552","parcel_id":14315403,"object_id":6156589,"area_m2":990.00098806},"geometry":{"type":"Polygon","coordinates":[[[46.833273912666385,24.550075780770403],[46.83313779101119,24.550316299521267],[46.83284852139359,24.550179373493357],[46.83298464348955,24.549938854976087],[46.833273912666385,24.550075780770403]]]}},{"type":"Feature","properties":{"plan_no":"2705/5","plan_id":"2620","block_no":"86","parcel_no":"1553","parcel_id":14316331,"object_id":6179854,"area_m2":1019.998309825},"geometry":{"type":"Polygon","coordinates":[[[46.83357194790723,24.550216855404383],[46.833435826693034,24.550457373493217],[46.83313779101119,24.550316299521267],[46.833273912666385,24.550075780770403],[46.83357194790723,24.550216855404383]]]}},{"type":"Feature","properties":{"plan_no":"2705/5","plan_id":"2620","block_no":"87","parcel_no":"1545","parcel_id":14317647,"object_id":6229655,"area_m2":1020.02313249},"geometry":{"type":"Polygon","coordinates":[[[46.832130240649164,24.549229466503682],[46.83199411465803,24.549469989773137],[46.83169608182905,24.549328913614747],[46.831832208274264,24.54908839058599],[46.832130240649164,24.549229466503682]]]}},{"type":"Feature","properties":{"plan_no":"2705/5","plan_id":"2620","block_no":"87","parcel_no":"1546","parcel_id":14315953,"object_id":6146499,"area_m2":1050.02382926},"geometry":{"type":"Polygon","coordinates":[[[46.831832208274264,24.54908839058599],[46.83169608182905,24.549328913614747],[46.831389284309864,24.54918368725545],[46.8315254102356,24.548943164486452],[46.831832208274264,24.54908839058599]]]}},{"type":"Feature","properties":{"plan_no":"2705/5","plan_id":"2620","block_no":"87","parcel_no":"1547","parcel_id":14317937,"object_id":6229663,"area_m2":1050.00035924},"geometry":{"type":"Polygon","coordinates":[[[46.83169608182905,24.549328913614747],[46.831559958756706,24.549569431079465],[46.831253159783216,24.549424204484385],[46.831389284309864,24.54918368725545],[46.83169608182905,24.549328913614747]]]}},{"type":"Feature","properties":{"plan_no":"2705/5","plan_id":"2620","block_no":"87","parcel_no":"1548","parcel_id":14316969,"object_id":6231784,"area_m2":1019.9814792450001},"geometry":{"type":"Polygon","coordinates":[[[46.83185799685628,24.54971049929424],[46.831559958756706,24.549569431079465],[46.83169608182905,24.549328913614747],[46.83199411465803,24.549469989773137],[46.83185799685628,24.54971049929424]]]}},{"type":"Feature","properties":{"plan_no":"2705/5","plan_id":"2620","block_no":"88","parcel_no":"1554","parcel_id":14316257,"object_id":6212554,"area_m2":1129.50163775},"geometry":{"type":"Polygon","coordinates":[[[46.83295938408747,24.550435153990303],[46.83314346574469,24.550522287236785],[46.833181521847806,24.550631786211355],[46.833045399484135,24.550872304907408],[46.832782425072175,24.550747827220135],[46.83295938408747,24.550435153990303]]]}},{"type":"Feature","properties":{"plan_no":"2705/5","plan_id":"2620","block_no":"88","parcel_no":"1555","parcel_id":14318099,"object_id":6167533,"area_m2":960.00020962},"geometry":{"type":"Polygon","coordinates":[[[46.833045399484135,24.550872304907408],[46.83290020240038,24.551128857583684],[46.83263722756099,24.551004379669884],[46.832782425072175,24.550747827220135],[46.833045399484135,24.550872304907408]]]}},{"type":"Feature","properties":{"plan_no":"2705/5","plan_id":"2620","block_no":"88","parcel_no":"1556","parcel_id":14317045,"object_id":6238787,"area_m2":960.00077815},"geometry":{"type":"Polygon","coordinates":[[[46.83290020240038,24.551128857583684],[46.83275500475219,24.551385410146334],[46.832492029498496,24.551260932908704],[46.83263722756099,24.551004379669884],[46.83290020240038,24.551128857583684]]]}},{"type":"Feature","properties":{"plan_no":"2705/5","plan_id":"2620","block_no":"88","parcel_no":"1557","parcel_id":14318275,"object_id":6199610,"area_m2":959.99870088},"geometry":{"type":"Polygon","coordinates":[[[46.83275500475219,24.551385410146334],[46.83260980653954,24.551641962595333],[46.83234683085843,24.551517485131168],[46.832492029498496,24.551260932908704],[46.83275500475219,24.551385410146334]]]}},{"type":"Feature","properties":{"plan_no":"2705/5","plan_id":"2620","block_no":"88","parcel_no":"1558","parcel_id":14319067,"object_id":6211025,"area_m2":1246.36750466},"geometry":{"type":"Polygon","coordinates":[[[46.83260980653954,24.551641962595333],[46.83241198444155,24.55199149467158],[46.83216762851861,24.551834117867738],[46.83234683085843,24.551517485131168],[46.83260980653954,24.551641962595333]]]}},{"type":"Feature","properties":{"plan_no":"2705/5","plan_id":"2620","block_no":"88","parcel_no":"1559","parcel_id":14318313,"object_id":6235899,"area_m2":1133.806964235},"geometry":{"type":"Polygon","coordinates":[[[46.83234683085843,24.551517485131168],[46.83216762851861,24.551834117867738],[46.83192008281566,24.551682374427028],[46.832083854686395,24.551393007187542],[46.83234683085843,24.551517485131168]]]}},{"type":"Feature","properties":{"plan_no":"2705/5","plan_id":"2620","block_no":"88","parcel_no":"1560","parcel_id":14314917,"object_id":6146322,"area_m2":960.002896215},"geometry":{"type":"Polygon","coordinates":[[[46.832492029498496,24.551260932908704],[46.83234683085843,24.551517485131168],[46.832083854686395,24.551393007187542],[46.832229054727684,24.551136454276904],[46.832492029498496,24.551260932908704]]]}},{"type":"Feature","properties":{"plan_no":"2705/5","plan_id":"2620","block_no":"88","parcel_no":"1561","parcel_id":14316761,"object_id":6237973,"area_m2":960.00007421},"geometry":{"type":"Polygon","coordinates":[[[46.83263722756099,24.551004379669884],[46.832492029498496,24.551260932908704],[46.832229054727684,24.551136454276904],[46.83237425421763,24.550879902155316],[46.83263722756099,24.551004379669884]]]}},{"type":"Feature","properties":{"plan_no":"2705/5","plan_id":"2620","block_no":"88","parcel_no":"1562","parcel_id":14315847,"object_id":7191263,"area_m2":959.99587888},"geometry":{"type":"Polygon","coordinates":[[[46.832782425072175,24.550747827220135],[46.83263722756099,24.551004379669884],[46.83237425421763,24.550879902155316],[46.83251945215623,24.550623349932103],[46.832782425072175,24.550747827220135]]]}},{"type":"Feature","properties":{"plan_no":"2705/5","plan_id":"2620","block_no":"88","parcel_no":"1563","parcel_id":14317095,"object_id":6238788,"area_m2":1169.997000135},"geometry":{"type":"Polygon","coordinates":[[[46.83295938408747,24.550435153990303],[46.832782425072175,24.550747827220135],[46.83251945215623,24.550623349932103],[46.83269641167931,24.55031067607564],[46.83295938408747,24.550435153990303]]]}},{"type":"Feature","properties":{"plan_no":"2705/5","plan_id":"2620","block_no":"89","parcel_no":"1564","parcel_id":14318845,"object_id":7271394,"area_m2":1221.01695256},"geometry":{"type":"Polygon","coordinates":[[[46.83223174069599,24.55009071948307],[46.832521010503,24.550227646736097],[46.83235312393179,24.55052428817638],[46.83206385260738,24.55038736154993],[46.83223174069599,24.55009071948307]]]}},{"type":"Feature","properties":{"plan_no":"2705/5","plan_id":"2620","block_no":"89","parcel_no":"1565","parcel_id":14319017,"object_id":6177497,"area_m2":1056.004877115},"geometry":{"type":"Polygon","coordinates":[[[46.83235312393179,24.55052428817638],[46.8322079247696,24.550780841170315],[46.83191865396197,24.55064391428268],[46.83206385260738,24.55038736154993],[46.83235312393179,24.55052428817638]]]}},{"type":"Feature","properties":{"plan_no":"2705/5","plan_id":"2620","block_no":"89","parcel_no":"1566","parcel_id":14315279,"object_id":6165500,"area_m2":1055.9975684},"geometry":{"type":"Polygon","coordinates":[[[46.8322079247696,24.550780841170315],[46.83206272600365,24.551037392233194],[46.83177345473901,24.550900465999085],[46.83191865396197,24.55064391428268],[46.8322079247696,24.550780841170315]]]}},{"type":"Feature","properties":{"plan_no":"2705/5","plan_id":"2620","block_no":"89","parcel_no":"1567","parcel_id":14315209,"object_id":7293502,"area_m2":1056.0011796},"geometry":{"type":"Polygon","coordinates":[[[46.83206272600365,24.551037392233194],[46.83191752669948,24.551293944987837],[46.83162825496469,24.551157018504533],[46.83177345473901,24.550900465999085],[46.83206272600365,24.551037392233194]]]}},{"type":"Feature","properties":{"plan_no":"2705/5","plan_id":"2620","block_no":"89","parcel_no":"1568","parcel_id":14317433,"object_id":6208270,"area_m2":1153.242881335},"geometry":{"type":"Polygon","coordinates":[[[46.83191752669948,24.551293944987837],[46.83175321463982,24.551584265726373],[46.83161455470234,24.55150523727133],[46.83147494930981,24.551427891234958],[46.83162825496469,24.551157018504533],[46.83191752669948,24.551293944987837]]]}},{"type":"Feature","properties":{"plan_no":"2705/5","plan_id":"2620","block_no":"89","parcel_no":"1569","parcel_id":14316781,"object_id":6146473,"area_m2":1247.53614564},"geometry":{"type":"Polygon","coordinates":[[[46.83162825496469,24.551157018504533],[46.83147494930981,24.551427891234958],[46.83131302458427,24.551340903334786],[46.831149910256485,24.551256167111188],[46.831295242041,24.550999384992338],[46.83162825496469,24.551157018504533]]]}},{"type":"Feature","properties":{"plan_no":"2705/5","plan_id":"2620","block_no":"89","parcel_no":"1570","parcel_id":14316919,"object_id":6146482,"area_m2":1215.682679105},"geometry":{"type":"Polygon","coordinates":[[[46.83177345473901,24.550900465999085],[46.83162825496469,24.551157018504533],[46.831295242041,24.550999384992338],[46.83144044236964,24.55074283367647],[46.83177345473901,24.550900465999085]]]}},{"type":"Feature","properties":{"plan_no":"2705/5","plan_id":"2620","block_no":"89","parcel_no":"1571","parcel_id":14316617,"object_id":6145988,"area_m2":1215.68216348},"geometry":{"type":"Polygon","coordinates":[[[46.83191865396197,24.55064391428268],[46.83177345473901,24.550900465999085],[46.83144044236964,24.55074283367647],[46.83158564310762,24.550486281332248],[46.83191865396197,24.55064391428268]]]}},{"type":"Feature","properties":{"plan_no":"2705/5","plan_id":"2620","block_no":"89","parcel_no":"1572","parcel_id":14318593,"object_id":6146379,"area_m2":1215.6798571},"geometry":{"type":"Polygon","coordinates":[[[46.83206385260738,24.55038736154993],[46.83191865396197,24.55064391428268],[46.83158564310762,24.550486281332248],[46.83173084230735,24.55022972978908],[46.83206385260738,24.55038736154993]]]}},{"type":"Feature","properties":{"plan_no":"2705/5","plan_id":"2620","block_no":"89","parcel_no":"1573","parcel_id":14317817,"object_id":6168035,"area_m2":1405.650884185},"geometry":{"type":"Polygon","coordinates":[[[46.83223174069599,24.55009071948307],[46.83206385260738,24.55038736154993],[46.83173084230735,24.55022972978908],[46.83189873198243,24.549933086236496],[46.83223174069599,24.55009071948307]]]}},{"type":"Feature","properties":{"plan_no":"2705/5","plan_id":"2620","block_no":"90","parcel_no":"1574","parcel_id":14316225,"object_id":6179257,"area_m2":1024.02982106},"geometry":{"type":"Polygon","coordinates":[[[46.831122699035305,24.550911305723353],[46.83097749111712,24.551167867693017],[46.83080443741582,24.551085951767195],[46.830788792820194,24.551078533420966],[46.830696990832884,24.551035080744747],[46.83084219439033,24.550778527200993],[46.831122699035305,24.550911305723353]]]}},{"type":"Feature","properties":{"plan_no":"2705/5","plan_id":"2620","block_no":"90","parcel_no":"1575","parcel_id":14316681,"object_id":6179808,"area_m2":1024.001016325},"geometry":{"type":"Polygon","coordinates":[[[46.83126789963789,24.550654754556355],[46.831122699035305,24.550911305723353],[46.83084219439033,24.550778527200993],[46.830987395435656,24.550521975372963],[46.83126789963789,24.550654754556355]]]}},{"type":"Feature","properties":{"plan_no":"2705/5","plan_id":"2620","block_no":"90","parcel_no":"1576","parcel_id":14319093,"object_id":6211027,"area_m2":1024.0003596},"geometry":{"type":"Polygon","coordinates":[[[46.83141309967601,24.550398203275705],[46.83126789963789,24.550654754556355],[46.830987395435656,24.550521975372963],[46.83113259592964,24.550265424333944],[46.83141309967601,24.550398203275705]]]}},{"type":"Feature","properties":{"plan_no":"2705/5","plan_id":"2620","block_no":"90","parcel_no":"1577","parcel_id":14315923,"object_id":6145470,"area_m2":1024.0003596},"geometry":{"type":"Polygon","coordinates":[[[46.83155829914969,24.550141651881383],[46.83141309967601,24.550398203275705],[46.83113259592964,24.550265424333944],[46.83127779585917,24.550008873181266],[46.83155829914969,24.550141651881383]]]}},{"type":"Feature","properties":{"plan_no":"2705/5","plan_id":"2620","block_no":"90","parcel_no":"1578","parcel_id":14316633,"object_id":6347985,"area_m2":1163.84665159},"geometry":{"type":"Polygon","coordinates":[[[46.83144282616827,24.54971728383208],[46.83172332699308,24.549850064086947],[46.83155829914969,24.550141651881383],[46.83127779585917,24.550008873181266],[46.83144282616827,24.54971728383208]]]}},{"type":"Feature","properties":{"plan_no":"2705/5","plan_id":"2620","block_no":"90","parcel_no":"1579","parcel_id":14315579,"object_id":6153657,"area_m2":1163.75771829},"geometry":{"type":"Polygon","coordinates":[[[46.83144282616827,24.54971728383208],[46.83127779585917,24.550008873181266],[46.83099732295006,24.549876108005538],[46.83116233593418,24.549584513730593],[46.83144282616827,24.54971728383208]]]}},{"type":"Feature","properties":{"plan_no":"2705/5","plan_id":"2620","block_no":"90","parcel_no":"1580","parcel_id":14316927,"object_id":6209162,"area_m2":1023.86433556},"geometry":{"type":"Polygon","coordinates":[[[46.83127779585917,24.550008873181266],[46.83113259592964,24.550265424333944],[46.83085213747329,24.550132665958373],[46.83099732295006,24.549876108005538],[46.83127779585917,24.550008873181266]]]}},{"type":"Feature","properties":{"plan_no":"2705/5","plan_id":"2620","block_no":"90","parcel_no":"1581","parcel_id":14316429,"object_id":6229281,"area_m2":1023.81210072},"geometry":{"type":"Polygon","coordinates":[[[46.83113259592964,24.550265424333944],[46.830987395435656,24.550521975372963],[46.83070695044521,24.550389223809532],[46.83085213747329,24.550132665958373],[46.83113259592964,24.550265424333944]]]}},{"type":"Feature","properties":{"plan_no":"2705/5","plan_id":"2620","block_no":"90","parcel_no":"1582","parcel_id":14318303,"object_id":7189417,"area_m2":1023.7626879},"geometry":{"type":"Polygon","coordinates":[[[46.830987395435656,24.550521975372963],[46.83084219439033,24.550778527200993],[46.8305617628527,24.550645781547047],[46.83070695044521,24.550389223809532],[46.830987395435656,24.550521975372963]]]}},{"type":"Feature","properties":{"plan_no":"2705/5","plan_id":"2620","block_no":"90","parcel_no":"1583","parcel_id":14317173,"object_id":6208087,"area_m2":1023.71629092},"geometry":{"type":"Polygon","coordinates":[[[46.83084219439033,24.550778527200993],[46.830696990832884,24.551035080744747],[46.830416574708885,24.55090234007362],[46.8305617628527,24.550645781547047],[46.83084219439033,24.550778527200993]]]}},{"type":"Feature","properties":{"plan_no":"2705/5","plan_id":"2620","block_no":"91","parcel_no":"1584","parcel_id":14315615,"object_id":6201448,"area_m2":1374.84849222},"geometry":{"type":"Polygon","coordinates":[[[46.83039721678184,24.550543799539962],[46.830241254724946,24.550819361237068],[46.829890626025595,24.550653385625576],[46.83004658869449,24.550377824252937],[46.83039721678184,24.550543799539962]]]}},{"type":"Feature","properties":{"plan_no":"2705/5","plan_id":"2620","block_no":"91","parcel_no":"1585","parcel_id":14316663,"object_id":6179639,"area_m2":1199.99996504},"geometry":{"type":"Polygon","coordinates":[[[46.830533344056064,24.550303282952125],[46.83039721678184,24.550543799539962],[46.83004658869449,24.550377824252937],[46.8301827165029,24.550137307948297],[46.830533344056064,24.550303282952125]]]}},{"type":"Feature","properties":{"plan_no":"2705/5","plan_id":"2620","block_no":"91","parcel_no":"1586","parcel_id":14316335,"object_id":6179855,"area_m2":1199.99664284},"geometry":{"type":"Polygon","coordinates":[[[46.83066946986037,24.550062767179067],[46.830533344056064,24.550303282952125],[46.8301827165029,24.550137307948297],[46.83031884381518,24.549896791543745],[46.83066946986037,24.550062767179067]]]}},{"type":"Feature","properties":{"plan_no":"2705/5","plan_id":"2620","block_no":"91","parcel_no":"1587","parcel_id":14319137,"object_id":6222723,"area_m2":1199.99873386},"geometry":{"type":"Polygon","coordinates":[[[46.83080559614237,24.54982225039142],[46.83066946986037,24.550062767179067],[46.83031884381518,24.549896791543745],[46.83045497063135,24.549656275039275],[46.83080559614237,24.54982225039142]]]}},{"type":"Feature","properties":{"plan_no":"2705/5","plan_id":"2620","block_no":"91","parcel_no":"1588","parcel_id":14318621,"object_id":6239055,"area_m2":1199.99664284},"geometry":{"type":"Polygon","coordinates":[[[46.83094172192828,24.54958173350386],[46.83080559614237,24.54982225039142],[46.83045497063135,24.549656275039275],[46.830591095977624,24.549415759349582],[46.83094172192828,24.54958173350386]]]}},{"type":"Feature","properties":{"plan_no":"2705/5","plan_id":"2620","block_no":"91","parcel_no":"1589","parcel_id":14315409,"object_id":6208511,"area_m2":1199.997022905},"geometry":{"type":"Polygon","coordinates":[[[46.83107784624431,24.549341217431074],[46.83094172192828,24.54958173350386],[46.830591095977624,24.549415759349582],[46.83072722081471,24.549175242657288],[46.83107784624431,24.549341217431074]]]}},{"type":"Feature","properties":{"plan_no":"2705/5","plan_id":"2620","block_no":"91","parcel_no":"1590","parcel_id":14316209,"object_id":6167485,"area_m2":1200.00137949},"geometry":{"type":"Polygon","coordinates":[[[46.83121397103806,24.549100700343725],[46.83107784624431,24.549341217431074],[46.83072722081471,24.549175242657288],[46.83086334614262,24.548934725853105],[46.83121397103806,24.549100700343725]]]}},{"type":"Feature","properties":{"plan_no":"2705/5","plan_id":"2620","block_no":"91","parcel_no":"1591","parcel_id":14315997,"object_id":6238639,"area_m2":1199.95126146},"geometry":{"type":"Polygon","coordinates":[[[46.83099946519724,24.548694218950647],[46.83135008955853,24.548860193158138],[46.83121397103806,24.549100700343725],[46.83086334614262,24.548934725853105],[46.83099946519724,24.548694218950647]]]}},{"type":"Feature","properties":{"plan_no":"2705/5","plan_id":"2620","block_no":"91","parcel_no":"1592","parcel_id":14315023,"object_id":6208146,"area_m2":1199.95390698},"geometry":{"type":"Polygon","coordinates":[[[46.83099946519724,24.548694218950647],[46.83086334614262,24.548934725853105],[46.830512721142014,24.54876875050087],[46.83064884073075,24.54852824388158],[46.83099946519724,24.548694218950647]]]}},{"type":"Feature","properties":{"plan_no":"2705/5","plan_id":"2620","block_no":"91","parcel_no":"1593","parcel_id":14318885,"object_id":6210527,"area_m2":1200.00402512},"geometry":{"type":"Polygon","coordinates":[[[46.83086334614262,24.548934725853105],[46.83072722081471,24.549175242657288],[46.83037659527995,24.54900926702188],[46.830512721142014,24.54876875050087],[46.83086334614262,24.548934725853105]]]}},{"type":"Feature","properties":{"plan_no":"2705/5","plan_id":"2620","block_no":"91","parcel_no":"1594","parcel_id":14317441,"object_id":7303291,"area_m2":1200.004405185},"geometry":{"type":"Polygon","coordinates":[[[46.83072722081471,24.549175242657288],[46.830591095977624,24.549415759349582],[46.8302404689218,24.549249783442985],[46.83037659527995,24.54900926702188],[46.83072722081471,24.549175242657288]]]}},{"type":"Feature","properties":{"plan_no":"2705/5","plan_id":"2620","block_no":"91","parcel_no":"1595","parcel_id":14314945,"object_id":6167772,"area_m2":1200.0012575},"geometry":{"type":"Polygon","coordinates":[[[46.830591095977624,24.549415759349582],[46.83045497063135,24.549656275039275],[46.83010434304138,24.5494902988495],[46.8302404689218,24.549249783442985],[46.830591095977624,24.549415759349582]]]}},{"type":"Feature","properties":{"plan_no":"2705/5","plan_id":"2620","block_no":"91","parcel_no":"1596","parcel_id":14317887,"object_id":6146750,"area_m2":1200.004405185},"geometry":{"type":"Polygon","coordinates":[[[46.83045497063135,24.549656275039275],[46.83031884381518,24.549896791543745],[46.82996821667795,24.549730815058798],[46.83010434304138,24.5494902988495],[46.83045497063135,24.549656275039275]]]}},{"type":"Feature","properties":{"plan_no":"2705/5","plan_id":"2620","block_no":"91","parcel_no":"1597","parcel_id":14319019,"object_id":6145711,"area_m2":1200.00402512},"geometry":{"type":"Polygon","coordinates":[[[46.83031884381518,24.549896791543745],[46.8301827165029,24.550137307948297],[46.829832088831516,24.549971331180153],[46.82996821667795,24.549730815058798],[46.83031884381518,24.549896791543745]]]}},{"type":"Feature","properties":{"plan_no":"2705/5","plan_id":"2620","block_no":"91","parcel_no":"1598","parcel_id":14315727,"object_id":6921609,"area_m2":1200.00402512},"geometry":{"type":"Polygon","coordinates":[[[46.8301827165029,24.550137307948297],[46.83004658869449,24.550377824252937],[46.829695960488955,24.550211847201602],[46.829832088831516,24.549971331180153],[46.8301827165029,24.550137307948297]]]}},{"type":"Feature","properties":{"plan_no":"2705/5","plan_id":"2620","block_no":"91","parcel_no":"1599","parcel_id":14318919,"object_id":6197970,"area_m2":1374.85314388},"geometry":{"type":"Polygon","coordinates":[[[46.83004658869449,24.550377824252937],[46.829890626025595,24.550653385625576],[46.82953999720807,24.55048740824975],[46.829695960488955,24.550211847201602],[46.83004658869449,24.550377824252937]]]}},{"type":"Feature","properties":{"plan_no":"2705/5","plan_id":"2620","block_no":"92","parcel_no":"1600","parcel_id":14318325,"object_id":6208453,"area_m2":1063.22970058},"geometry":{"type":"Polygon","coordinates":[[[46.82975990987403,24.54892064560665],[46.83006679056264,24.5490659159301],[46.829928978145844,24.549309394088617],[46.82962210394473,24.549164127041166],[46.82975990987403,24.54892064560665]]]}},{"type":"Feature","properties":{"plan_no":"2705/5","plan_id":"2620","block_no":"92","parcel_no":"1601","parcel_id":14315857,"object_id":6164985,"area_m2":1085.26085346},"geometry":{"type":"Polygon","coordinates":[[[46.829928978145844,24.549309394088617],[46.82978830589304,24.549557923148864],[46.82948143916964,24.54941266026296],[46.82962210394473,24.549164127041166],[46.829928978145844,24.549309394088617]]]}},{"type":"Feature","properties":{"plan_no":"2705/5","plan_id":"2620","block_no":"92","parcel_no":"1602","parcel_id":14317751,"object_id":6229426,"area_m2":1085.23086205},"geometry":{"type":"Polygon","coordinates":[[[46.82978830589304,24.549557923148864],[46.82964763311049,24.549806452102402],[46.829340773851726,24.54966119247533],[46.82948143916964,24.54941266026296],[46.82978830589304,24.549557923148864]]]}},{"type":"Feature","properties":{"plan_no":"2705/5","plan_id":"2620","block_no":"92","parcel_no":"1603","parcel_id":14315963,"object_id":7273588,"area_m2":1085.206150025},"geometry":{"type":"Polygon","coordinates":[[[46.82964763311049,24.549806452102402],[46.829506959798174,24.55005498094923],[46.82920010703026,24.549909725495695],[46.829340773851726,24.54966119247533],[46.82964763311049,24.549806452102402]]]}},{"type":"Feature","properties":{"plan_no":"2705/5","plan_id":"2620","block_no":"92","parcel_no":"1604","parcel_id":14318863,"object_id":6238856,"area_m2":1085.178433125},"geometry":{"type":"Polygon","coordinates":[[[46.829506959798174,24.55005498094923],[46.829366284982264,24.550303510604024],[46.82905944065284,24.550158257494648],[46.82920010703026,24.549909725495695],[46.829506959798174,24.55005498094923]]]}},{"type":"Feature","properties":{"plan_no":"2705/5","plan_id":"2620","block_no":"92","parcel_no":"1605","parcel_id":14316905,"object_id":6146481,"area_m2":1120.15299277},"geometry":{"type":"Polygon","coordinates":[[[46.829366284982264,24.550303510604024],[46.82922107180043,24.550560056648976],[46.82891423590706,24.55041480677822],[46.82905944065284,24.550158257494648],[46.829366284982264,24.550303510604024]]]}},{"type":"Feature","properties":{"plan_no":"2705/5","plan_id":"2620","block_no":"92","parcel_no":"1606","parcel_id":14316295,"object_id":6209841,"area_m2":1120.1221458},"geometry":{"type":"Polygon","coordinates":[[[46.82922107180043,24.550560056648976],[46.82907585904099,24.55081660256821],[46.82876903059675,24.550671355948058],[46.82891423590706,24.55041480677822],[46.82922107180043,24.550560056648976]]]}},{"type":"Feature","properties":{"plan_no":"2705/5","plan_id":"2620","block_no":"92","parcel_no":"1607","parcel_id":14317511,"object_id":6176876,"area_m2":1120.0959739149998},"geometry":{"type":"Polygon","coordinates":[[[46.82907585904099,24.55081660256821],[46.82893064473008,24.5510731483857],[46.82862382374813,24.55092790591887],[46.82876903059675,24.550671355948058],[46.82907585904099,24.55081660256821]]]}},{"type":"Feature","properties":{"plan_no":"2705/5","plan_id":"2620","block_no":"92","parcel_no":"1608","parcel_id":14315337,"object_id":6156541,"area_m2":1120.06111724},"geometry":{"type":"Polygon","coordinates":[[[46.82893064473008,24.5510731483857],[46.828785430828454,24.551329693174775],[46.82847861730879,24.551184454861282],[46.82862382374813,24.55092790591887],[46.82893064473008,24.5510731483857]]]}},{"type":"Feature","properties":{"plan_no":"2705/5","plan_id":"2620","block_no":"92","parcel_no":"1609","parcel_id":14314949,"object_id":6146323,"area_m2":1120.03494522},"geometry":{"type":"Polygon","coordinates":[[[46.828785430828454,24.551329693174775],[46.82864021538844,24.55158623876481],[46.828333409318,24.551441003701918],[46.82847861730879,24.551184454861282],[46.828785430828454,24.551329693174775]]]}},{"type":"Feature","properties":{"plan_no":"2705/5","plan_id":"2620","block_no":"92","parcel_no":"1610","parcel_id":14318239,"object_id":6662950,"area_m2":1120.01250778},"geometry":{"type":"Polygon","coordinates":[[[46.82864021538844,24.55158623876481],[46.828494999410026,24.55184278604648],[46.82818820078883,24.551697554234238],[46.828333409318,24.551441003701918],[46.82864021538844,24.55158623876481]]]}},{"type":"Feature","properties":{"plan_no":"2705/5","plan_id":"2620","block_no":"92","parcel_no":"1611","parcel_id":14318111,"object_id":6167534,"area_m2":1119.988751655},"geometry":{"type":"Polygon","coordinates":[[[46.828333409318,24.551441003701918],[46.82818820078883,24.551697554234238],[46.82788140085594,24.551552320874404],[46.82802661784446,24.551295775024187],[46.828333409318,24.551441003701918]]]}},{"type":"Feature","properties":{"plan_no":"2705/5","plan_id":"2620","block_no":"92","parcel_no":"1612","parcel_id":14315597,"object_id":6375236,"area_m2":1119.9576400150002},"geometry":{"type":"Polygon","coordinates":[[[46.82847861730879,24.551184454861282],[46.828333409318,24.551441003701918],[46.82802661784446,24.551295775024187],[46.82817183328147,24.551039229072202],[46.82847861730879,24.551184454861282]]]}},{"type":"Feature","properties":{"plan_no":"2705/5","plan_id":"2620","block_no":"92","parcel_no":"1613","parcel_id":14316883,"object_id":6391659,"area_m2":1119.92882624},"geometry":{"type":"Polygon","coordinates":[[[46.82862382374813,24.55092790591887],[46.82847861730879,24.551184454861282],[46.82817183328147,24.551039229072202],[46.828317048167015,24.550782683909173],[46.82862382374813,24.55092790591887]]]}},{"type":"Feature","properties":{"plan_no":"2705/5","plan_id":"2620","block_no":"92","parcel_no":"1614","parcel_id":14317577,"object_id":6176646,"area_m2":1119.90323996},"geometry":{"type":"Polygon","coordinates":[[[46.82876903059675,24.550671355948058],[46.82862382374813,24.55092790591887],[46.828317048167015,24.550782683909173],[46.82846226248802,24.550526138632385],[46.82876903059675,24.550671355948058]]]}},{"type":"Feature","properties":{"plan_no":"2705/5","plan_id":"2620","block_no":"92","parcel_no":"1615","parcel_id":14318433,"object_id":6208456,"area_m2":1119.8758013},"geometry":{"type":"Polygon","coordinates":[[[46.82891423590706,24.55041480677822],[46.82876903059675,24.550671355948058],[46.82846226248802,24.550526138632385],[46.82860747524447,24.55026959235114],[46.82891423590706,24.55041480677822]]]}},{"type":"Feature","properties":{"plan_no":"2705/5","plan_id":"2620","block_no":"92","parcel_no":"1616","parcel_id":14317363,"object_id":6197052,"area_m2":1119.84575356},"geometry":{"type":"Polygon","coordinates":[[[46.82905944065284,24.550158257494648],[46.82891423590706,24.55041480677822],[46.82860747524447,24.55026959235114],[46.8287526894364,24.550013047737615],[46.82905944065284,24.550158257494648]]]}},{"type":"Feature","properties":{"plan_no":"2705/5","plan_id":"2620","block_no":"92","parcel_no":"1617","parcel_id":14318403,"object_id":7221645,"area_m2":1084.82038756},"geometry":{"type":"Polygon","coordinates":[[[46.82920010703026,24.549909725495695],[46.82905944065284,24.550158257494648],[46.8287526894364,24.550013047737615],[46.82889336424433,24.549764519509683],[46.82920010703026,24.549909725495695]]]}},{"type":"Feature","properties":{"plan_no":"2705/5","plan_id":"2620","block_no":"92","parcel_no":"1618","parcel_id":14315335,"object_id":6146704,"area_m2":1084.7974064},"geometry":{"type":"Polygon","coordinates":[[[46.829340773851726,24.54966119247533],[46.82920010703026,24.549909725495695],[46.82889336424433,24.549764519509683],[46.8290340394963,24.549515990260346],[46.829340773851726,24.54966119247533]]]}},{"type":"Feature","properties":{"plan_no":"2705/5","plan_id":"2620","block_no":"92","parcel_no":"1619","parcel_id":14315635,"object_id":7327463,"area_m2":1084.76495388},"geometry":{"type":"Polygon","coordinates":[[[46.82948143916964,24.54941266026296],[46.829340773851726,24.54966119247533],[46.8290340394963,24.549515990260346],[46.8291747132447,24.549267461818964],[46.82948143916964,24.54941266026296]]]}},{"type":"Feature","properties":{"plan_no":"2705/5","plan_id":"2620","block_no":"92","parcel_no":"1620","parcel_id":14315899,"object_id":6164990,"area_m2":1084.738049235},"geometry":{"type":"Polygon","coordinates":[[[46.82962210394473,24.549164127041166],[46.82948143916964,24.54941266026296],[46.8291747132447,24.549267461818964],[46.82931538646332,24.549018933270858],[46.82962210394473,24.549164127041166]]]}},{"type":"Feature","properties":{"plan_no":"2705/5","plan_id":"2620","block_no":"92","parcel_no":"1621","parcel_id":14319039,"object_id":6321985,"area_m2":1062.66446146},"geometry":{"type":"Polygon","coordinates":[[[46.82975990987403,24.54892064560665],[46.82962210394473,24.549164127041166],[46.82931538646332,24.549018933270858],[46.829453199826325,24.548775455614066],[46.82975990987403,24.54892064560665]]]}},{"type":"Feature","properties":{"plan_no":"2705/5","plan_id":"2620","block_no":"93","parcel_no":"1622","parcel_id":14316359,"object_id":6239103,"area_m2":1154.73979552},"geometry":{"type":"Polygon","coordinates":[[[46.82889198116568,24.549373944511746],[46.82874224895596,24.54963851450331],[46.828435516262026,24.549493311916386],[46.82858525892027,24.549228746591115],[46.82889198116568,24.549373944511746]]]}},{"type":"Feature","properties":{"plan_no":"2705/5","plan_id":"2620","block_no":"93","parcel_no":"1623","parcel_id":14315313,"object_id":6208505,"area_m2":1154.77913259},"geometry":{"type":"Polygon","coordinates":[[[46.82874224895596,24.54963851450331],[46.828592515172126,24.54990308528862],[46.82828577301656,24.54975787802341],[46.828435516262026,24.549493311916386],[46.82874224895596,24.54963851450331]]]}},{"type":"Feature","properties":{"plan_no":"2705/5","plan_id":"2620","block_no":"93","parcel_no":"1624","parcel_id":14316329,"object_id":6145762,"area_m2":1189.80847946},"geometry":{"type":"Polygon","coordinates":[[[46.828592515172126,24.54990308528862],[46.828438242925635,24.5501756733315],[46.82813149129284,24.550030461379727],[46.82828577301656,24.54975787802341],[46.828592515172126,24.54990308528862]]]}},{"type":"Feature","properties":{"plan_no":"2705/5","plan_id":"2620","block_no":"93","parcel_no":"1625","parcel_id":14316473,"object_id":6145980,"area_m2":1119.85066974},"geometry":{"type":"Polygon","coordinates":[[[46.828438242925635,24.5501756733315],[46.828293045803555,24.55043222649649],[46.82798628472463,24.55028700987464],[46.82813149129284,24.550030461379727],[46.828438242925635,24.5501756733315]]]}},{"type":"Feature","properties":{"plan_no":"2705/5","plan_id":"2620","block_no":"93","parcel_no":"1626","parcel_id":14318817,"object_id":6235703,"area_m2":1119.88663615},"geometry":{"type":"Polygon","coordinates":[[[46.828293045803555,24.55043222649649],[46.828147848116984,24.550688779547766],[46.82784107661808,24.550543559170503],[46.82798628472463,24.55028700987464],[46.828293045803555,24.55043222649649]]]}},{"type":"Feature","properties":{"plan_no":"2705/5","plan_id":"2620","block_no":"93","parcel_no":"1627","parcel_id":14315609,"object_id":6165663,"area_m2":1119.91786647},"geometry":{"type":"Polygon","coordinates":[[[46.828147848116984,24.550688779547766],[46.82800264986593,24.550945332485327],[46.82769586892082,24.550800107437958],[46.82784107661808,24.550543559170503],[46.828147848116984,24.550688779547766]]]}},{"type":"Feature","properties":{"plan_no":"2705/5","plan_id":"2620","block_no":"93","parcel_no":"1628","parcel_id":14316123,"object_id":6211074,"area_m2":1119.9502220250001},"geometry":{"type":"Polygon","coordinates":[[[46.82800264986593,24.550945332485327],[46.82785745006343,24.551201885321127],[46.827550660659035,24.551056655591648],[46.82769586892082,24.550800107437958],[46.82800264986593,24.550945332485327]]]}},{"type":"Feature","properties":{"plan_no":"2705/5","plan_id":"2620","block_no":"93","parcel_no":"1629","parcel_id":14317549,"object_id":6229497,"area_m2":1167.532028995},"geometry":{"type":"Polygon","coordinates":[[[46.82785745006343,24.551201885321127],[46.82770608620491,24.551469329962366],[46.82739928634618,24.551324095563483],[46.827550660659035,24.551056655591648],[46.82785745006343,24.551201885321127]]]}},{"type":"Feature","properties":{"plan_no":"2705/5","plan_id":"2620","block_no":"93","parcel_no":"1630","parcel_id":14318333,"object_id":6169720,"area_m2":1167.56636926},"geometry":{"type":"Polygon","coordinates":[[[46.827550660659035,24.551056655591648],[46.82739928634618,24.551324095563483],[46.82709248814962,24.5511788604838],[46.8272438530475,24.550911416393745],[46.827550660659035,24.551056655591648]]]}},{"type":"Feature","properties":{"plan_no":"2705/5","plan_id":"2620","block_no":"93","parcel_no":"1631","parcel_id":14314933,"object_id":6240805,"area_m2":1120.0490472},"geometry":{"type":"Polygon","coordinates":[[[46.82769586892082,24.550800107437958],[46.827550660659035,24.551056655591648],[46.8272438530475,24.550911416393745],[46.82738905384702,24.550654864086646],[46.82769586892082,24.550800107437958]]]}},{"type":"Feature","properties":{"plan_no":"2705/5","plan_id":"2620","block_no":"93","parcel_no":"1632","parcel_id":14315703,"object_id":6209207,"area_m2":1120.0797529449999},"geometry":{"type":"Polygon","coordinates":[[[46.82784107661808,24.550543559170503],[46.82769586892082,24.550800107437958],[46.82738905384702,24.550654864086646],[46.82753425309511,24.550398311677764],[46.82784107661808,24.550543559170503]]]}},{"type":"Feature","properties":{"plan_no":"2705/5","plan_id":"2620","block_no":"93","parcel_no":"1633","parcel_id":14319103,"object_id":6145885,"area_m2":1120.11571984},"geometry":{"type":"Polygon","coordinates":[[[46.82798628472463,24.55028700987464],[46.82784107661808,24.550543559170503],[46.82753425309511,24.550398311677764],[46.82767945177869,24.55014175915517],[46.82798628472463,24.55028700987464]]]}},{"type":"Feature","properties":{"plan_no":"2705/5","plan_id":"2620","block_no":"93","parcel_no":"1634","parcel_id":14317217,"object_id":6208091,"area_m2":1120.146949675},"geometry":{"type":"Polygon","coordinates":[[[46.82813149129284,24.550030461379727],[46.82798628472463,24.55028700987464],[46.82767945177869,24.55014175915517],[46.82782464989779,24.549885206518848],[46.82813149129284,24.550030461379727]]]}},{"type":"Feature","properties":{"plan_no":"2705/5","plan_id":"2620","block_no":"93","parcel_no":"1635","parcel_id":14317031,"object_id":6179352,"area_m2":1190.19395286},"geometry":{"type":"Polygon","coordinates":[[[46.82828577301656,24.54975787802341],[46.82813149129284,24.550030461379727],[46.82782464989779,24.549885206518848],[46.82797892221669,24.54961261904965],[46.82828577301656,24.54975787802341]]]}},{"type":"Feature","properties":{"plan_no":"2705/5","plan_id":"2620","block_no":"93","parcel_no":"1636","parcel_id":14318191,"object_id":6156655,"area_m2":1155.22346641},"geometry":{"type":"Polygon","coordinates":[[[46.828435516262026,24.549493311916386],[46.82828577301656,24.54975787802341],[46.82797892221669,24.54961261904965],[46.828128657028685,24.54934804880949],[46.828435516262026,24.549493311916386]]]}},{"type":"Feature","properties":{"plan_no":"2705/5","plan_id":"2620","block_no":"93","parcel_no":"1637","parcel_id":14316867,"object_id":7189513,"area_m2":1155.256671765},"geometry":{"type":"Polygon","coordinates":[[[46.82858525892027,24.549228746591115],[46.828435516262026,24.549493311916386],[46.828128657028685,24.54934804880949],[46.82827839124039,24.549083478448416],[46.82858525892027,24.549228746591115]]]}},{"type":"Feature","properties":{"plan_no":"2705/5","plan_id":"2620","block_no":"94","parcel_no":"1638","parcel_id":14318265,"object_id":6238833,"area_m2":1019.442918725},"geometry":{"type":"Polygon","coordinates":[[[46.82705323458925,24.55085552267321],[46.82691722319012,24.551095891473064],[46.826619139684695,24.55095478053777],[46.826755183341405,24.550714426941653],[46.82705323458925,24.55085552267321]]]}},{"type":"Feature","properties":{"plan_no":"2705/5","plan_id":"2620","block_no":"94","parcel_no":"1639","parcel_id":14317421,"object_id":6147028,"area_m2":1019.319538555},"geometry":{"type":"Polygon","coordinates":[[[46.826755183341405,24.550714426941653],[46.826619139684695,24.55095478053777],[46.82632110848966,24.550813692722222],[46.82645715261309,24.55057334026943],[46.826755183341405,24.550714426941653]]]}},{"type":"Feature","properties":{"plan_no":"2705/5","plan_id":"2620","block_no":"94","parcel_no":"1640","parcel_id":14316437,"object_id":6238890,"area_m2":1019.31866325},"geometry":{"type":"Polygon","coordinates":[[[46.82645715261309,24.55057334026943],[46.82632110848966,24.550813692722222],[46.82602307694492,24.550672604287513],[46.82615912252198,24.550432252966093],[46.82645715261309,24.55057334026943]]]}},{"type":"Feature","properties":{"plan_no":"2705/5","plan_id":"2620","block_no":"94","parcel_no":"1641","parcel_id":14317175,"object_id":6167520,"area_m2":1019.31866325},"geometry":{"type":"Polygon","coordinates":[[[46.82615912252198,24.550432252966093],[46.82602307694492,24.550672604287513],[46.8257250470374,24.55053151611248],[46.825861092068095,24.55029116414094],[46.82615912252198,24.550432252966093]]]}},{"type":"Feature","properties":{"plan_no":"2705/5","plan_id":"2620","block_no":"94","parcel_no":"1642","parcel_id":14315309,"object_id":6196448,"area_m2":1019.31733252},"geometry":{"type":"Polygon","coordinates":[[[46.825861092068095,24.55029116414094],[46.8257250470374,24.55053151611248],[46.825427017767105,24.550390427306347],[46.82556306325141,24.55015007557544],[46.825861092068095,24.55029116414094]]]}},{"type":"Feature","properties":{"plan_no":"2705/5","plan_id":"2620","block_no":"94","parcel_no":"1643","parcel_id":14318483,"object_id":6155162,"area_m2":1020.3128934650001},"geometry":{"type":"Polygon","coordinates":[[[46.82599726269947,24.55005059024365],[46.825861092068095,24.55029116414094],[46.82556306325141,24.55015007557544],[46.82569924877456,24.549909476464016],[46.82599726269947,24.55005059024365]]]}},{"type":"Feature","properties":{"plan_no":"2705/5","plan_id":"2620","block_no":"94","parcel_no":"1644","parcel_id":14315211,"object_id":6167993,"area_m2":1020.209746235},"geometry":{"type":"Polygon","coordinates":[[[46.826295278248594,24.550191703380325],[46.82615912252198,24.550432252966093],[46.825861092068095,24.55029116414094],[46.82599726269947,24.55005059024365],[46.826295278248594,24.550191703380325]]]}},{"type":"Feature","properties":{"plan_no":"2705/5","plan_id":"2620","block_no":"94","parcel_no":"1645","parcel_id":14315179,"object_id":7324920,"area_m2":1020.1065165050001},"geometry":{"type":"Polygon","coordinates":[[[46.826593295382686,24.550332813165898],[46.82645715261309,24.55057334026943],[46.82615912252198,24.550432252966093],[46.826295278248594,24.550191703380325],[46.826593295382686,24.550332813165898]]]}},{"type":"Feature","properties":{"plan_no":"2705/5","plan_id":"2620","block_no":"94","parcel_no":"1646","parcel_id":14317619,"object_id":6146513,"area_m2":1019.998260545},"geometry":{"type":"Polygon","coordinates":[[[46.826891309271794,24.55047392688178],[46.826755183341405,24.550714426941653],[46.82645715261309,24.55057334026943],[46.826593295382686,24.550332813165898],[46.826891309271794,24.55047392688178]]]}},{"type":"Feature","properties":{"plan_no":"2705/5","plan_id":"2620","block_no":"94","parcel_no":"1647","parcel_id":14317905,"object_id":6156481,"area_m2":1019.90376601},"geometry":{"type":"Polygon","coordinates":[[[46.826891309271794,24.55047392688178],[46.82718931479819,24.55061503194998],[46.82705323458925,24.55085552267321],[46.826755183341405,24.550714426941653],[46.826891309271794,24.55047392688178]]]}},{"type":"Feature","properties":{"plan_no":"2705/5","plan_id":"2620","block_no":"95","parcel_no":"1648","parcel_id":14317679,"object_id":6209916,"area_m2":1280.524562585},"geometry":{"type":"Polygon","coordinates":[[[46.82742535285077,24.550197980052456],[46.82728006500352,24.5504546869225],[46.8269295008423,24.550288694366813],[46.82707478086119,24.55003202130669],[46.82742535285077,24.550197980052456]]]}},{"type":"Feature","properties":{"plan_no":"2705/5","plan_id":"2620","block_no":"95","parcel_no":"1649","parcel_id":14318839,"object_id":6146548,"area_m2":1239.80075492},"geometry":{"type":"Polygon","coordinates":[[[46.82756601463539,24.54994944497212],[46.82742535285077,24.550197980052456],[46.82707478086119,24.55003202130669],[46.82721545115833,24.549783490936772],[46.82756601463539,24.54994944497212]]]}},{"type":"Feature","properties":{"plan_no":"2705/5","plan_id":"2620","block_no":"95","parcel_no":"1650","parcel_id":14316825,"object_id":7326080,"area_m2":1239.77054372},"geometry":{"type":"Polygon","coordinates":[[[46.827706675903336,24.549700910687765],[46.82756601463539,24.54994944497212],[46.82721545115833,24.549783490936772],[46.82735612092568,24.549534960460097],[46.827706675903336,24.549700910687765]]]}},{"type":"Feature","properties":{"plan_no":"2705/5","plan_id":"2620","block_no":"95","parcel_no":"1651","parcel_id":14316543,"object_id":6145984,"area_m2":1239.745929525},"geometry":{"type":"Polygon","coordinates":[[[46.827847336628444,24.54945237539397],[46.827706675903336,24.549700910687765],[46.82735612092568,24.549534960460097],[46.82749679113709,24.549286428962017],[46.827847336628444,24.54945237539397]]]}},{"type":"Feature","properties":{"plan_no":"2705/5","plan_id":"2620","block_no":"95","parcel_no":"1652","parcel_id":14316817,"object_id":6146477,"area_m2":1239.7177882},"geometry":{"type":"Polygon","coordinates":[[[46.82798799781072,24.549203839981484],[46.827847336628444,24.54945237539397],[46.82749679113709,24.549286428962017],[46.827637460818714,24.54903789735718],[46.82798799781072,24.549203839981484]]]}},{"type":"Feature","properties":{"plan_no":"2705/5","plan_id":"2620","block_no":"95","parcel_no":"1653","parcel_id":14316637,"object_id":6155772,"area_m2":1239.685692015},"geometry":{"type":"Polygon","coordinates":[[[46.82812865747636,24.54895530447425],[46.82798799781072,24.549203839981484],[46.827637460818714,24.54903789735718],[46.82777812899676,24.548789366560296],[46.82812865747636,24.54895530447425]]]}},{"type":"Feature","properties":{"plan_no":"2705/5","plan_id":"2620","block_no":"95","parcel_no":"1654","parcel_id":14318907,"object_id":6145660,"area_m2":1239.65900774},"geometry":{"type":"Polygon","coordinates":[[[46.82826931661229,24.548706768860306],[46.82812865747636,24.54895530447425],[46.82777812899676,24.548789366560296],[46.82791879663198,24.54854083475397],[46.82826931661229,24.548706768860306]]]}},{"type":"Feature","properties":{"plan_no":"2705/5","plan_id":"2620","block_no":"95","parcel_no":"1655","parcel_id":14315929,"object_id":6164992,"area_m2":1239.63110609},"geometry":{"type":"Polygon","coordinates":[[[46.8284099762054,24.548458233127697],[46.82826931661229,24.548706768860306],[46.82791879663198,24.54854083475397],[46.82805946375054,24.548292303743608],[46.8284099762054,24.548458233127697]]]}},{"type":"Feature","properties":{"plan_no":"2705/5","plan_id":"2620","block_no":"95","parcel_no":"1656","parcel_id":14316649,"object_id":6210284,"area_m2":1239.6044217150002},"geometry":{"type":"Polygon","coordinates":[[[46.82855063428192,24.548209697300344],[46.8284099762054,24.548458233127697],[46.82805946375054,24.548292303743608],[46.8282001313132,24.548043771711864],[46.82855063428192,24.548209697300344]]]}},{"type":"Feature","properties":{"plan_no":"2705/5","plan_id":"2620","block_no":"95","parcel_no":"1657","parcel_id":14318377,"object_id":7306313,"area_m2":1239.57086891},"geometry":{"type":"Polygon","coordinates":[[[46.828691291841835,24.547961162268987],[46.82855063428192,24.548209697300344],[46.8282001313132,24.548043771711864],[46.82834079737233,24.54779524048806],[46.828691291841835,24.547961162268987]]]}},{"type":"Feature","properties":{"plan_no":"2705/5","plan_id":"2620","block_no":"95","parcel_no":"1658","parcel_id":14315731,"object_id":6179293,"area_m2":1414.50026153},"geometry":{"type":"Polygon","coordinates":[[[46.82850131845664,24.547511629601097],[46.82885180234913,24.54767754575174],[46.828691291841835,24.547961162268987],[46.82834079737233,24.54779524048806],[46.82850131845664,24.547511629601097]]]}},{"type":"Feature","properties":{"plan_no":"2705/5","plan_id":"2620","block_no":"95","parcel_no":"1659","parcel_id":14318981,"object_id":6211020,"area_m2":1415.11318508},"geometry":{"type":"Polygon","coordinates":[[[46.82850131845664,24.547511629601097],[46.82834079737233,24.54779524048806],[46.827990156689644,24.547629248292296],[46.828150678403716,24.54734563773928],[46.82850131845664,24.547511629601097]]]}},{"type":"Feature","properties":{"plan_no":"2705/5","plan_id":"2620","block_no":"95","parcel_no":"1660","parcel_id":14316301,"object_id":6155543,"area_m2":1240.07756634},"geometry":{"type":"Polygon","coordinates":[[[46.82834079737233,24.54779524048806],[46.8282001313132,24.548043771711864],[46.82784949007865,24.547877779223423],[46.827990156689644,24.547629248292296],[46.82834079737233,24.54779524048806]]]}},{"type":"Feature","properties":{"plan_no":"2705/5","plan_id":"2620","block_no":"95","parcel_no":"1661","parcel_id":14318109,"object_id":6176871,"area_m2":1240.08297992},"geometry":{"type":"Polygon","coordinates":[[[46.8282001313132,24.548043771711864],[46.82805946375054,24.548292303743608],[46.827708821964116,24.5481263109625],[46.82784949007865,24.547877779223423],[46.8282001313132,24.548043771711864]]]}},{"type":"Feature","properties":{"plan_no":"2705/5","plan_id":"2620","block_no":"95","parcel_no":"1662","parcel_id":14315399,"object_id":6208509,"area_m2":1240.08090924},"geometry":{"type":"Polygon","coordinates":[[[46.82805946375054,24.548292303743608],[46.82791879663198,24.54854083475397],[46.827568153319866,24.548374842594857],[46.827708821964116,24.5481263109625],[46.82805946375054,24.548292303743608]]]}},{"type":"Feature","properties":{"plan_no":"2705/5","plan_id":"2620","block_no":"95","parcel_no":"1663","parcel_id":14318681,"object_id":7315420,"area_m2":1234.4562190850002},"geometry":{"type":"Polygon","coordinates":[[[46.82791879663198,24.54854083475397],[46.82777812899676,24.548789366560296],[46.82746035622738,24.548638933617145],[46.8274493985196,24.5486337459195],[46.82745960801547,24.548615707566313],[46.82743769460497,24.54860533395124],[46.827442799353115,24.54859631477511],[46.827568153319866,24.548374842594857],[46.82791879663198,24.54854083475397]]]}},{"type":"Feature","properties":{"plan_no":"2705/5","plan_id":"2620","block_no":"95","parcel_no":"1664","parcel_id":14318559,"object_id":6169901,"area_m2":1234.46000092},"geometry":{"type":"Polygon","coordinates":[[[46.82777812899676,24.548789366560296],[46.827637460818714,24.54903789735718],[46.82728681540285,24.548871903721963],[46.82741216987999,24.548650430744477],[46.827417275605434,24.548641410654394],[46.827439189034024,24.54865178517481],[46.8274493985196,24.5486337459195],[46.82746035622738,24.548638933617145],[46.82777812899676,24.548789366560296]]]}},{"type":"Feature","properties":{"plan_no":"2705/5","plan_id":"2620","block_no":"95","parcel_no":"1665","parcel_id":14317535,"object_id":6199358,"area_m2":1240.08510465},"geometry":{"type":"Polygon","coordinates":[[[46.827637460818714,24.54903789735718],[46.82749679113709,24.549286428962017],[46.82714614614316,24.549120434119438],[46.82728681540285,24.548871903721963],[46.827637460818714,24.54903789735718]]]}},{"type":"Feature","properties":{"plan_no":"2705/5","plan_id":"2620","block_no":"95","parcel_no":"1666","parcel_id":14318815,"object_id":6179231,"area_m2":1240.08717534},"geometry":{"type":"Polygon","coordinates":[[[46.82749679113709,24.549286428962017],[46.82735612092568,24.549534960460097],[46.82700547537988,24.549368965324813],[46.82714614614316,24.549120434119438],[46.82749679113709,24.549286428962017]]]}},{"type":"Feature","properties":{"plan_no":"2705/5","plan_id":"2620","block_no":"95","parcel_no":"1667","parcel_id":14315623,"object_id":6165664,"area_m2":1240.08176174},"geometry":{"type":"Polygon","coordinates":[[[46.82735612092568,24.549534960460097],[46.82721545115833,24.549783490936772],[46.82686480506064,24.54961749550879],[46.82700547537988,24.549368965324813],[46.82735612092568,24.549534960460097]]]}},{"type":"Feature","properties":{"plan_no":"2705/5","plan_id":"2620","block_no":"95","parcel_no":"1668","parcel_id":14318009,"object_id":7333121,"area_m2":1240.08510465},"geometry":{"type":"Polygon","coordinates":[[[46.82721545115833,24.549783490936772],[46.82707478086119,24.55003202130669],[46.82672413323778,24.549866026500652],[46.82686480506064,24.54961749550879],[46.82721545115833,24.549783490936772]]]}},{"type":"Feature","properties":{"plan_no":"2705/5","plan_id":"2620","block_no":"95","parcel_no":"1669","parcel_id":14318043,"object_id":6199390,"area_m2":1280.64005325},"geometry":{"type":"Polygon","coordinates":[[[46.82707478086119,24.55003202130669],[46.8269295008423,24.550288694366813],[46.82657886899495,24.550122669265946],[46.82672413323778,24.549866026500652],[46.82707478086119,24.55003202130669]]]}},{"type":"Feature","properties":{"plan_no":"2705/5","plan_id":"2620","block_no":"96","parcel_no":"1670","parcel_id":14316223,"object_id":6167488,"area_m2":1254.67131293},"geometry":{"type":"Polygon","coordinates":[[[46.826567031230894,24.549750992922224],[46.82640363241758,24.55003969380199],[46.82612674946136,24.54990858402468],[46.82611657486707,24.549903765946365],[46.82612791840808,24.549883723123305],[46.82610819641215,24.549874386339372],[46.82611386914992,24.549864363562236],[46.826260236831345,24.549605754948562],[46.826567031230894,24.549750992922224]]]}},{"type":"Feature","properties":{"plan_no":"2705/5","plan_id":"2620","block_no":"96","parcel_no":"1671","parcel_id":14316881,"object_id":6196272,"area_m2":1260.0034391},"geometry":{"type":"Polygon","coordinates":[[[46.82673038312154,24.54946237281309],[46.826567031230894,24.549750992922224],[46.826260236831345,24.549605754948562],[46.82642358928274,24.549317135136814],[46.82673038312154,24.54946237281309]]]}},{"type":"Feature","properties":{"plan_no":"2705/5","plan_id":"2620","block_no":"96","parcel_no":"1672","parcel_id":14315871,"object_id":6315365,"area_m2":1260.00104709},"geometry":{"type":"Polygon","coordinates":[[[46.82689373429775,24.549173752559994],[46.82673038312154,24.54946237281309],[46.82642358928274,24.549317135136814],[46.82658694103276,24.549028516083816],[46.82689373429775,24.549173752559994]]]}},{"type":"Feature","properties":{"plan_no":"2705/5","plan_id":"2620","block_no":"96","parcel_no":"1673","parcel_id":14317213,"object_id":6167682,"area_m2":1155.00015532},"geometry":{"type":"Polygon","coordinates":[[[46.827043472005975,24.54890918417208],[46.82689373429775,24.549173752559994],[46.82658694103276,24.549028516083816],[46.826736679255,24.54876394796852],[46.827043472005975,24.54890918417208]]]}},{"type":"Feature","properties":{"plan_no":"2705/5","plan_id":"2620","block_no":"96","parcel_no":"1674","parcel_id":14314929,"object_id":6153858,"area_m2":1155.00015532},"geometry":{"type":"Polygon","coordinates":[[[46.827193209113894,24.54864461566323],[46.827043472005975,24.54890918417208],[46.826736679255,24.54876394796852],[46.82688641687693,24.54849937973227],[46.827193209113894,24.54864461566323]]]}},{"type":"Feature","properties":{"plan_no":"2705/5","plan_id":"2620","block_no":"96","parcel_no":"1675","parcel_id":14316559,"object_id":6201032,"area_m2":1155.0048919},"geometry":{"type":"Polygon","coordinates":[[[46.82734294659535,24.548380046118766],[46.827193209113894,24.54864461566323],[46.82688641687693,24.54849937973227],[46.82703615487241,24.54823481046038],[46.82734294659535,24.548380046118766]]]}},{"type":"Feature","properties":{"plan_no":"2705/5","plan_id":"2620","block_no":"96","parcel_no":"1676","parcel_id":14316391,"object_id":6209846,"area_m2":1155.00015532},"geometry":{"type":"Polygon","coordinates":[[[46.82749268250271,24.548115477368004],[46.82734294659535,24.548380046118766],[46.82703615487241,24.54823481046038],[46.827185891293766,24.547970241982224],[46.82749268250271,24.548115477368004]]]}},{"type":"Feature","properties":{"plan_no":"2705/5","plan_id":"2620","block_no":"96","parcel_no":"1677","parcel_id":14316841,"object_id":6196227,"area_m2":1155.00015532},"geometry":{"type":"Polygon","coordinates":[[[46.8276424178098,24.547850908496322],[46.82749268250271,24.548115477368004],[46.827185891293766,24.547970241982224],[46.82733562711487,24.54770567338312],[46.8276424178098,24.547850908496322]]]}},{"type":"Feature","properties":{"plan_no":"2705/5","plan_id":"2620","block_no":"96","parcel_no":"1678","parcel_id":14315629,"object_id":6179803,"area_m2":1155.00015532},"geometry":{"type":"Polygon","coordinates":[[[46.82779215251664,24.547586339503717],[46.8276424178098,24.547850908496322],[46.82733562711487,24.54770567338312],[46.82748536233571,24.547441104663065],[46.82779215251664,24.547586339503717]]]}},{"type":"Feature","properties":{"plan_no":"2705/5","plan_id":"2620","block_no":"96","parcel_no":"1679","parcel_id":14315541,"object_id":6165724,"area_m2":1413.1473614850001},"geometry":{"type":"Polygon","coordinates":[[[46.82766856318218,24.547117403434648],[46.82797535274733,24.547262638844494],[46.82779215251664,24.547586339503717],[46.82748536233571,24.547441104663065],[46.82766856318218,24.547117403434648]]]}},{"type":"Feature","properties":{"plan_no":"2705/5","plan_id":"2620","block_no":"96","parcel_no":"1680","parcel_id":14315767,"object_id":6179295,"area_m2":1413.13053578},"geometry":{"type":"Polygon","coordinates":[[[46.82766856318218,24.547117403434648],[46.82748536233571,24.547441104663065],[46.82717857977736,24.547295871778086],[46.827361775292104,24.546972168246832],[46.82766856318218,24.547117403434648]]]}},{"type":"Feature","properties":{"plan_no":"2705/5","plan_id":"2620","block_no":"96","parcel_no":"1681","parcel_id":14318629,"object_id":6146380,"area_m2":1154.98270541},"geometry":{"type":"Polygon","coordinates":[[[46.82748536233571,24.547441104663065],[46.82733562711487,24.54770567338312],[46.82702884006879,24.54756043846802],[46.82717857977736,24.547295871778086],[46.82748536233571,24.547441104663065]]]}},{"type":"Feature","properties":{"plan_no":"2705/5","plan_id":"2620","block_no":"96","parcel_no":"1682","parcel_id":14318957,"object_id":6238860,"area_m2":1154.99745795},"geometry":{"type":"Polygon","coordinates":[[[46.82733562711487,24.54770567338312],[46.827185891293766,24.547970241982224],[46.82687909975997,24.547825005036987],[46.82702884006879,24.54756043846802],[46.82733562711487,24.54770567338312]]]}},{"type":"Feature","properties":{"plan_no":"2705/5","plan_id":"2620","block_no":"96","parcel_no":"1683","parcel_id":14317897,"object_id":6238822,"area_m2":1155.01069595},"geometry":{"type":"Polygon","coordinates":[[[46.827185891293766,24.547970241982224],[46.82703615487241,24.54823481046038],[46.82672935985084,24.548089572375737],[46.82687909975997,24.547825005036987],[46.827185891293766,24.547970241982224]]]}},{"type":"Feature","properties":{"plan_no":"2705/5","plan_id":"2620","block_no":"96","parcel_no":"1684","parcel_id":14318371,"object_id":6146266,"area_m2":1155.009775315},"geometry":{"type":"Polygon","coordinates":[[[46.82703615487241,24.54823481046038],[46.82688641687693,24.54849937973227],[46.826579626302035,24.548354143120612],[46.82672935985084,24.548089572375737],[46.82703615487241,24.54823481046038]]]}},{"type":"Feature","properties":{"plan_no":"2705/5","plan_id":"2620","block_no":"96","parcel_no":"1685","parcel_id":14314967,"object_id":6229705,"area_m2":1154.99724509},"geometry":{"type":"Polygon","coordinates":[[[46.82688641687693,24.54849937973227],[46.826736679255,24.54876394796852],[46.8264298881661,24.54861871108428],[46.826579626302035,24.548354143120612],[46.82688641687693,24.54849937973227]]]}},{"type":"Feature","properties":{"plan_no":"2705/5","plan_id":"2620","block_no":"96","parcel_no":"1686","parcel_id":14316979,"object_id":6156539,"area_m2":1154.99724509},"geometry":{"type":"Polygon","coordinates":[[[46.826736679255,24.54876394796852],[46.82658694103276,24.549028516083816],[46.82628014942988,24.54888327892697],[46.8264298881661,24.54861871108428],[46.826736679255,24.54876394796852]]]}},{"type":"Feature","properties":{"plan_no":"2705/5","plan_id":"2620","block_no":"96","parcel_no":"1687","parcel_id":14319063,"object_id":7171977,"area_m2":1259.99548029},"geometry":{"type":"Polygon","coordinates":[[[46.82658694103276,24.549028516083816],[46.82642358928274,24.549317135136814],[46.82611679711912,24.549171897682573],[46.82628014942988,24.54888327892697],[46.82658694103276,24.549028516083816]]]}},{"type":"Feature","properties":{"plan_no":"2705/5","plan_id":"2620","block_no":"96","parcel_no":"1688","parcel_id":14318051,"object_id":6156650,"area_m2":1259.99856705},"geometry":{"type":"Polygon","coordinates":[[[46.82642358928274,24.549317135136814],[46.826260236831345,24.549605754948562],[46.825953444107,24.5494605171969],[46.82611679711912,24.549171897682573],[46.82642358928274,24.549317135136814]]]}},{"type":"Feature","properties":{"plan_no":"2705/5","plan_id":"2620","block_no":"96","parcel_no":"1689","parcel_id":14318095,"object_id":6146928,"area_m2":1254.553480045},"geometry":{"type":"Polygon","coordinates":[[[46.826077130859915,24.549885091470422],[46.82606758541776,24.549880571835615],[46.825790074968864,24.549749162936926],[46.825953444107,24.5494605171969],[46.826260236831345,24.549605754948562],[46.82611386914992,24.549864363562236],[46.82610819641215,24.549874386339372],[46.826088474405935,24.549865048649995],[46.826077130859915,24.549885091470422]]]}},{"type":"Feature","properties":{"plan_no":"2705/5","plan_id":"2620","block_no":"97","parcel_no":"1690","parcel_id":14317205,"object_id":6238792,"area_m2":1325.01322803},"geometry":{"type":"Polygon","coordinates":[[[46.82540212030201,24.550041873182863],[46.82525179267902,24.550307474724214],[46.82490120598928,24.550141502851858],[46.8250515421495,24.549875905138492],[46.82540212030201,24.550041873182863]]]}},{"type":"Feature","properties":{"plan_no":"2705/5","plan_id":"2620","block_no":"97","parcel_no":"1691","parcel_id":14315277,"object_id":6165499,"area_m2":1239.83394387},"geometry":{"type":"Polygon","coordinates":[[[46.82554278705561,24.549793340655043],[46.82540212030201,24.550041873182863],[46.8250515421495,24.549875905138492],[46.82519221641549,24.549627376430507],[46.82554278705561,24.549793340655043]]]}},{"type":"Feature","properties":{"plan_no":"2705/5","plan_id":"2620","block_no":"97","parcel_no":"1692","parcel_id":14319055,"object_id":6197977,"area_m2":1239.81206372},"geometry":{"type":"Polygon","coordinates":[[[46.825683453266336,24.549544807117744],[46.82554278705561,24.549793340655043],[46.82519221641549,24.549627376430507],[46.825332891125505,24.549378846701053],[46.825683453266336,24.549544807117744]]]}},{"type":"Feature","properties":{"plan_no":"2705/5","plan_id":"2620","block_no":"97","parcel_no":"1693","parcel_id":14317317,"object_id":6167732,"area_m2":1239.78124398},"geometry":{"type":"Polygon","coordinates":[[[46.82582411896035,24.54929627437638],[46.825683453266336,24.549544807117744],[46.825332891125505,24.549378846701053],[46.82547356433186,24.549130317779493],[46.82582411896035,24.54929627437638]]]}},{"type":"Feature","properties":{"plan_no":"2705/5","plan_id":"2620","block_no":"97","parcel_no":"1694","parcel_id":14316425,"object_id":6179150,"area_m2":1239.75626095},"geometry":{"type":"Polygon","coordinates":[[[46.82596478412458,24.54904774152827],[46.82582411896035,24.54929627437638],[46.82547356433186,24.549130317779493],[46.82561423700842,24.548881788751142],[46.82596478412458,24.54904774152827]]]}},{"type":"Feature","properties":{"plan_no":"2705/5","plan_id":"2620","block_no":"97","parcel_no":"1695","parcel_id":14316739,"object_id":6176806,"area_m2":1239.73438052},"geometry":{"type":"Polygon","coordinates":[[[46.82610544874597,24.548799207670683],[46.82596478412458,24.54904774152827],[46.82561423700842,24.548881788751142],[46.82575491012902,24.548633258701337],[46.82610544874597,24.548799207670683]]]}},{"type":"Feature","properties":{"plan_no":"2705/5","plan_id":"2620","block_no":"97","parcel_no":"1696","parcel_id":14318011,"object_id":6176868,"area_m2":1199.711863305},"geometry":{"type":"Polygon","coordinates":[[[46.826241574895015,24.548558691927745],[46.82610544874597,24.548799207670683],[46.82575491012902,24.548633258701337],[46.82589104377254,24.548392746768684],[46.826241574895015,24.548558691927745]]]}},{"type":"Feature","properties":{"plan_no":"2705/5","plan_id":"2620","block_no":"97","parcel_no":"1697","parcel_id":14315807,"object_id":6155640,"area_m2":1199.69309804},"geometry":{"type":"Polygon","coordinates":[[[46.82637770152176,24.548318175170152],[46.826241574895015,24.548558691927745],[46.82589104377254,24.548392746768684],[46.82602717789374,24.548152233821384],[46.82637770152176,24.548318175170152]]]}},{"type":"Feature","properties":{"plan_no":"2705/5","plan_id":"2620","block_no":"97","parcel_no":"1698","parcel_id":14317305,"object_id":7189419,"area_m2":1199.66559935},"geometry":{"type":"Polygon","coordinates":[[[46.826513826678564,24.548077659227268],[46.82637770152176,24.548318175170152],[46.82602717789374,24.548152233821384],[46.82616331151881,24.54791172077409],[46.826513826678564,24.548077659227268]]]}},{"type":"Feature","properties":{"plan_no":"2705/5","plan_id":"2620","block_no":"97","parcel_no":"1699","parcel_id":14316727,"object_id":6208897,"area_m2":1199.6435123850001},"geometry":{"type":"Polygon","coordinates":[[[46.82664995231308,24.54783714226974],[46.826513826678564,24.548077659227268],[46.82616331151881,24.54791172077409],[46.826299444647745,24.54767120762681],[46.82664995231308,24.54783714226974]]]}},{"type":"Feature","properties":{"plan_no":"2705/5","plan_id":"2620","block_no":"97","parcel_no":"1700","parcel_id":14316149,"object_id":7306100,"area_m2":1528.971073845},"geometry":{"type":"Polygon","coordinates":[[[46.826472931488055,24.54736469761181],[46.826823470916,24.547530554757483],[46.82664995231308,24.54783714226974],[46.826299444647745,24.54767120762681],[46.826472931488055,24.54736469761181]]]}},{"type":"Feature","properties":{"plan_no":"2705/5","plan_id":"2620","block_no":"97","parcel_no":"1701","parcel_id":14318355,"object_id":6179762,"area_m2":1529.60955795},"geometry":{"type":"Polygon","coordinates":[[[46.826472931488055,24.54736469761181],[46.826299444647745,24.54767120762681],[46.825948713256736,24.547505166488655],[46.82612215740024,24.54719872868633],[46.826472931488055,24.54736469761181]]]}},{"type":"Feature","properties":{"plan_no":"2705/5","plan_id":"2620","block_no":"97","parcel_no":"1702","parcel_id":14317185,"object_id":6196875,"area_m2":1200.395139575},"geometry":{"type":"Polygon","coordinates":[[[46.826299444647745,24.54767120762681],[46.82616331151881,24.54791172077409],[46.825812581580536,24.54774568023139],[46.825948713256736,24.547505166488655],[46.826299444647745,24.54767120762681]]]}},{"type":"Feature","properties":{"plan_no":"2705/5","plan_id":"2620","block_no":"97","parcel_no":"1703","parcel_id":14317807,"object_id":6239035,"area_m2":1200.388433865},"geometry":{"type":"Polygon","coordinates":[[[46.82616331151881,24.54791172077409],[46.82602717789374,24.548152233821384],[46.825676449408206,24.54798619387416],[46.825812581580536,24.54774568023139],[46.82616331151881,24.54791172077409]]]}},{"type":"Feature","properties":{"plan_no":"2705/5","plan_id":"2620","block_no":"97","parcel_no":"1704","parcel_id":14318971,"object_id":6210920,"area_m2":1200.381728155},"geometry":{"type":"Polygon","coordinates":[[[46.82602717789374,24.548152233821384],[46.82589104377254,24.548392746768684],[46.82554031673974,24.548226707416912],[46.825676449408206,24.54798619387416],[46.82602717789374,24.548152233821384]]]}},{"type":"Feature","properties":{"plan_no":"2705/5","plan_id":"2620","block_no":"97","parcel_no":"1705","parcel_id":14318365,"object_id":6146265,"area_m2":1194.74511793},"geometry":{"type":"Polygon","coordinates":[[[46.82589104377254,24.548392746768684],[46.82575491012902,24.548633258701337],[46.825437055408635,24.548482781717823],[46.825426097787904,24.548477593867247],[46.82543630757183,24.548459555634675],[46.82541439433538,24.548449181713774],[46.82541949922755,24.548440162597956],[46.82554031673974,24.548226707416912],[46.82589104377254,24.548392746768684]]]}},{"type":"Feature","properties":{"plan_no":"2705/5","plan_id":"2620","block_no":"97","parcel_no":"1706","parcel_id":14316623,"object_id":6229301,"area_m2":1234.756937925},"geometry":{"type":"Polygon","coordinates":[[[46.82575491012902,24.548633258701337],[46.82561423700842,24.548881788751142],[46.825263512863295,24.548715750580822],[46.82538886889026,24.548494278205485],[46.82539397475975,24.5484852581757],[46.825415888014255,24.54849563300194],[46.825426097787904,24.548477593867247],[46.825437055408635,24.548482781717823],[46.82575491012902,24.548633258701337]]]}},{"type":"Feature","properties":{"plan_no":"2705/5","plan_id":"2620","block_no":"97","parcel_no":"1707","parcel_id":14318583,"object_id":6235695,"area_m2":1240.369391655},"geometry":{"type":"Polygon","coordinates":[[[46.82561423700842,24.548881788751142],[46.82547356433186,24.549130317779493],[46.825122841621685,24.54896428019517],[46.825263512863295,24.548715750580822],[46.82561423700842,24.548881788751142]]]}},{"type":"Feature","properties":{"plan_no":"2705/5","plan_id":"2620","block_no":"97","parcel_no":"1708","parcel_id":14316689,"object_id":6167920,"area_m2":1240.36349604},"geometry":{"type":"Polygon","coordinates":[[[46.82547356433186,24.549130317779493],[46.825332891125505,24.549378846701053],[46.82498216986334,24.549212810605457],[46.825122841621685,24.54896428019517],[46.82547356433186,24.549130317779493]]]}},{"type":"Feature","properties":{"plan_no":"2705/5","plan_id":"2620","block_no":"97","parcel_no":"1709","parcel_id":14318415,"object_id":7189422,"area_m2":1240.35614293},"geometry":{"type":"Polygon","coordinates":[[[46.825332891125505,24.549378846701053],[46.82519221641549,24.549627376430507],[46.824841497562126,24.54946134000623],[46.82498216986334,24.549212810605457],[46.825332891125505,24.549378846701053]]]}},{"type":"Feature","properties":{"plan_no":"2705/5","plan_id":"2620","block_no":"97","parcel_no":"1710","parcel_id":14318587,"object_id":6146378,"area_m2":1240.349213705},"geometry":{"type":"Polygon","coordinates":[[[46.82519221641549,24.549627376430507],[46.8250515421495,24.549875905138492],[46.82470082375725,24.549709870214873],[46.824841497562126,24.54946134000623],[46.82519221641549,24.549627376430507]]]}},{"type":"Feature","properties":{"plan_no":"2705/5","plan_id":"2620","block_no":"97","parcel_no":"1711","parcel_id":14316245,"object_id":6179259,"area_m2":1325.52610739},"geometry":{"type":"Polygon","coordinates":[[[46.8250515421495,24.549875905138492],[46.82490120598928,24.550141502851858],[46.82455048898101,24.5499754675914],[46.82470082375725,24.549709870214873],[46.8250515421495,24.549875905138492]]]}},{"type":"Feature","properties":{"plan_no":"2705/5","plan_id":"2620","block_no":"98","parcel_no":"1712","parcel_id":14318867,"object_id":7172252,"area_m2":1159.73745508},"geometry":{"type":"Polygon","coordinates":[[[46.82452555035436,24.549626892019518],[46.824375218283286,24.54989249191194],[46.82406836512311,24.54974722119183],[46.82421870268397,24.549481624221574],[46.82452555035436,24.549626892019518]]]}},{"type":"Feature","properties":{"plan_no":"2705/5","plan_id":"2620","block_no":"98","parcel_no":"1713","parcel_id":14317541,"object_id":6229271,"area_m2":1085.18507707},"geometry":{"type":"Polygon","coordinates":[[[46.82466621948745,24.549378361114268],[46.82452555035436,24.549626892019518],[46.82421870268397,24.549481624221574],[46.82435937826059,24.54923309620893],[46.82466621948745,24.549378361114268]]]}},{"type":"Feature","properties":{"plan_no":"2705/5","plan_id":"2620","block_no":"98","parcel_no":"1714","parcel_id":14316189,"object_id":6201389,"area_m2":1085.169026745},"geometry":{"type":"Polygon","coordinates":[[[46.82480688906458,24.549129829187553],[46.82466621948745,24.549378361114268],[46.82435937826059,24.54923309620893],[46.82450005428122,24.548984567174827],[46.82480688906458,24.549129829187553]]]}},{"type":"Feature","properties":{"plan_no":"2705/5","plan_id":"2620","block_no":"98","parcel_no":"1715","parcel_id":14316669,"object_id":7217385,"area_m2":1085.14569374},"geometry":{"type":"Polygon","coordinates":[[[46.82494755812497,24.54888129805675],[46.82480688906458,24.549129829187553],[46.82450005428122,24.548984567174827],[46.824640728798194,24.54873603894855],[46.82494755812497,24.54888129805675]]]}},{"type":"Feature","properties":{"plan_no":"2705/5","plan_id":"2620","block_no":"98","parcel_no":"1716","parcel_id":14316595,"object_id":6155771,"area_m2":1085.13018514},"geometry":{"type":"Polygon","coordinates":[[[46.82508822664252,24.54863276591648],[46.82494755812497,24.54888129805675],[46.824640728798194,24.54873603894855],[46.824781403759204,24.548487509700845],[46.82508822664252,24.54863276591648]]]}},{"type":"Feature","properties":{"plan_no":"2705/5","plan_id":"2620","block_no":"98","parcel_no":"1717","parcel_id":14318565,"object_id":6146377,"area_m2":1085.106852275},"geometry":{"type":"Polygon","coordinates":[[[46.82522889464334,24.54838423457211],[46.82508822664252,24.54863276591648],[46.824781403759204,24.548487509700845],[46.82492207721656,24.54823898126098],[46.82522889464334,24.54838423457211]]]}},{"type":"Feature","properties":{"plan_no":"2705/5","plan_id":"2620","block_no":"98","parcel_no":"1718","parcel_id":14315589,"object_id":6153658,"area_m2":1050.08742348},"geometry":{"type":"Polygon","coordinates":[[[46.82536502410117,24.548143719513373],[46.82522889464334,24.54838423457211],[46.82492207721656,24.54823898126098],[46.82505821310224,24.547998469086505],[46.82536502410117,24.548143719513373]]]}},{"type":"Feature","properties":{"plan_no":"2705/5","plan_id":"2620","block_no":"98","parcel_no":"1719","parcel_id":14315803,"object_id":7314540,"area_m2":1050.06471725},"geometry":{"type":"Polygon","coordinates":[[[46.82550115307591,24.54790320525732],[46.82536502410117,24.548143719513373],[46.82505821310224,24.547998469086505],[46.825194347517915,24.547757957726684],[46.82550115307591,24.54790320525732]]]}},{"type":"Feature","properties":{"plan_no":"2705/5","plan_id":"2620","block_no":"98","parcel_no":"1720","parcel_id":14317601,"object_id":6199149,"area_m2":1050.0542333},"geometry":{"type":"Polygon","coordinates":[[[46.825637282528376,24.547662689986645],[46.82550115307591,24.54790320525732],[46.825194347517915,24.547757957726684],[46.825330482398236,24.5475174444495],[46.825637282528376,24.547662689986645]]]}},{"type":"Feature","properties":{"plan_no":"2705/5","plan_id":"2620","block_no":"98","parcel_no":"1721","parcel_id":14316021,"object_id":6156160,"area_m2":1050.031188825},"geometry":{"type":"Polygon","coordinates":[[[46.82577341051089,24.547422175530635],[46.825637282528376,24.547662689986645],[46.825330482398236,24.5475174444495],[46.82546661582165,24.54727693288967],[46.82577341051089,24.547422175530635]]]}},{"type":"Feature","properties":{"plan_no":"2705/5","plan_id":"2620","block_no":"98","parcel_no":"1722","parcel_id":14317469,"object_id":7327369,"area_m2":1337.52261302},"geometry":{"type":"Polygon","coordinates":[[[46.825640007085205,24.54697059645298],[46.82594682981894,24.547115771619573],[46.82577341051089,24.547422175530635],[46.82546661582165,24.54727693288967],[46.825640007085205,24.54697059645298]]]}},{"type":"Feature","properties":{"plan_no":"2705/5","plan_id":"2620","block_no":"98","parcel_no":"1723","parcel_id":14317759,"object_id":6146701,"area_m2":1337.22718732},"geometry":{"type":"Polygon","coordinates":[[[46.825640007085205,24.54697059645298],[46.82546661582165,24.54727693288967],[46.82515982975499,24.54713169309525],[46.82533318502634,24.54682542061763],[46.825640007085205,24.54697059645298]]]}},{"type":"Feature","properties":{"plan_no":"2705/5","plan_id":"2620","block_no":"98","parcel_no":"1724","parcel_id":14317811,"object_id":6176695,"area_m2":1049.998108635},"geometry":{"type":"Polygon","coordinates":[[[46.82546661582165,24.54727693288967],[46.825330482398236,24.5475174444495],[46.825023694890554,24.54737220532188],[46.82515982975499,24.54713169309525],[46.82546661582165,24.54727693288967]]]}},{"type":"Feature","properties":{"plan_no":"2705/5","plan_id":"2620","block_no":"98","parcel_no":"1725","parcel_id":14316953,"object_id":6165448,"area_m2":1050.00250696},"geometry":{"type":"Polygon","coordinates":[[[46.825330482398236,24.5475174444495],[46.825194347517915,24.547757957726684],[46.82488755951693,24.547612716545817],[46.825023694890554,24.54737220532188],[46.825330482398236,24.5475174444495]]]}},{"type":"Feature","properties":{"plan_no":"2705/5","plan_id":"2620","block_no":"98","parcel_no":"1726","parcel_id":14316507,"object_id":6155722,"area_m2":1050.002168705},"geometry":{"type":"Polygon","coordinates":[[[46.825194347517915,24.547757957726684],[46.82505821310224,24.547998469086505],[46.824751423660224,24.54785322857244],[46.82488755951693,24.547612716545817],[46.825194347517915,24.547757957726684]]]}},{"type":"Feature","properties":{"plan_no":"2705/5","plan_id":"2620","block_no":"98","parcel_no":"1727","parcel_id":14317517,"object_id":6156156,"area_m2":1044.37791086},"geometry":{"type":"Polygon","coordinates":[[[46.82505821310224,24.547998469086505],[46.82492207721656,24.54823898126098],[46.82464815895485,24.548109301541434],[46.824637201396136,24.548104113629442],[46.824647411270156,24.54808607544467],[46.82462549815773,24.548075701400972],[46.824630603094946,24.548066682309038],[46.824751423660224,24.54785322857244],[46.82505821310224,24.547998469086505]]]}},{"type":"Feature","properties":{"plan_no":"2705/5","plan_id":"2620","block_no":"98","parcel_no":"1728","parcel_id":14317219,"object_id":6233130,"area_m2":1079.37828556},"geometry":{"type":"Polygon","coordinates":[[[46.82492207721656,24.54823898126098],[46.824781403759204,24.548487509700845],[46.82447461336724,24.54834226868279],[46.82459997248734,24.548120797773162],[46.82460507840189,24.548111777767282],[46.82462699153238,24.54812215271634],[46.824637201396136,24.548104113629442],[46.82464815895485,24.548109301541434],[46.82492207721656,24.54823898126098]]]}},{"type":"Feature","properties":{"plan_no":"2705/5","plan_id":"2620","block_no":"98","parcel_no":"1729","parcel_id":14316713,"object_id":6237971,"area_m2":1085.003315155},"geometry":{"type":"Polygon","coordinates":[[[46.824781403759204,24.548487509700845],[46.824640728798194,24.54873603894855],[46.82433393889731,24.548590796759715],[46.82447461336724,24.54834226868279],[46.824781403759204,24.548487509700845]]]}},{"type":"Feature","properties":{"plan_no":"2705/5","plan_id":"2620","block_no":"98","parcel_no":"1730","parcel_id":14316683,"object_id":6179809,"area_m2":1085.00112334},"geometry":{"type":"Polygon","coordinates":[[[46.824640728798194,24.54873603894855],[46.82450005428122,24.548984567174827],[46.82419326391063,24.54883932563254],[46.82433393889731,24.548590796759715],[46.824640728798194,24.54873603894855]]]}},{"type":"Feature","properties":{"plan_no":"2705/5","plan_id":"2620","block_no":"98","parcel_no":"1731","parcel_id":14318379,"object_id":6235901,"area_m2":1085.00058134},"geometry":{"type":"Polygon","coordinates":[[[46.82450005428122,24.548984567174827],[46.82435937826059,24.54923309620893],[46.82405258838108,24.54908785349587],[46.82419326391063,24.54883932563254],[46.82450005428122,24.548984567174827]]]}},{"type":"Feature","properties":{"plan_no":"2705/5","plan_id":"2620","block_no":"98","parcel_no":"1732","parcel_id":14318759,"object_id":6155217,"area_m2":1085.00058134},"geometry":{"type":"Polygon","coordinates":[[[46.82435937826059,24.54923309620893],[46.82421870268397,24.549481624221574],[46.823911911347835,24.54933638216701],[46.82405258838108,24.54908785349587],[46.82435937826059,24.54923309620893]]]}},{"type":"Feature","properties":{"plan_no":"2705/5","plan_id":"2620","block_no":"98","parcel_no":"1733","parcel_id":14315769,"object_id":6145286,"area_m2":1159.51607306},"geometry":{"type":"Polygon","coordinates":[[[46.82421870268397,24.549481624221574],[46.82406836512311,24.54974722119183],[46.82376157325799,24.549601977960815],[46.823911911347835,24.54933638216701],[46.82421870268397,24.549481624221574]]]}},{"type":"Feature","properties":{"plan_no":"2705/5","plan_id":"2620","block_no":"99","parcel_no":"1734","parcel_id":14318519,"object_id":7326559,"area_m2":1015.54705457},"geometry":{"type":"Polygon","coordinates":[[[46.8257022716524,24.546796772741274],[46.82569241242387,24.546792106092457],[46.82542394025225,24.546665079301615],[46.82556024882867,24.54642425768643],[46.82585826755481,24.54656534684965],[46.825739012067096,24.5467760422214],[46.82573334038116,24.54678606316459],[46.82571361696394,24.54677672812471],[46.8257022716524,24.546796772741274]]]}},{"type":"Feature","properties":{"plan_no":"2705/5","plan_id":"2620","block_no":"99","parcel_no":"1735","parcel_id":14315975,"object_id":6176880,"area_m2":1015.2954401850001},"geometry":{"type":"Polygon","coordinates":[[[46.82615628890488,24.546706436260713],[46.82602005148964,24.54694713381489],[46.825751582635,24.54682010760113],[46.82574171944235,24.546815440100865],[46.82575306378812,24.546795397299],[46.82573334038116,24.54678606316459],[46.825739012067096,24.5467760422214],[46.82585826755481,24.54656534684965],[46.82615628890488,24.546706436260713]]]}},{"type":"Feature","properties":{"plan_no":"2705/5","plan_id":"2620","block_no":"99","parcel_no":"1736","parcel_id":14318555,"object_id":6199065,"area_m2":1020.652986375},"geometry":{"type":"Polygon","coordinates":[[[46.82645430989207,24.546847524150028],[46.826318108557075,24.547088160118903],[46.82602005148964,24.54694713381489],[46.82615628890488,24.546706436260713],[46.82645430989207,24.546847524150028]]]}},{"type":"Feature","properties":{"plan_no":"2705/5","plan_id":"2620","block_no":"99","parcel_no":"1737","parcel_id":14318305,"object_id":6230637,"area_m2":1020.38926267},"geometry":{"type":"Polygon","coordinates":[[[46.82675233151634,24.54698861140834],[46.82661616527446,24.54722918580374],[46.826318108557075,24.547088160118903],[46.82645430989207,24.546847524150028],[46.82675233151634,24.54698861140834]]]}},{"type":"Feature","properties":{"plan_no":"2705/5","plan_id":"2620","block_no":"99","parcel_no":"1738","parcel_id":14317047,"object_id":6156303,"area_m2":1020.14645137},"geometry":{"type":"Polygon","coordinates":[[[46.8270503587383,24.54712969978126],[46.8269142285893,24.54737021349377],[46.82661616527446,24.54722918580374],[46.82675233151634,24.54698861140834],[46.8270503587383,24.54712969978126]]]}},{"type":"Feature","properties":{"plan_no":"2705/5","plan_id":"2620","block_no":"99","parcel_no":"1739","parcel_id":14316405,"object_id":6179146,"area_m2":1020.004354885},"geometry":{"type":"Polygon","coordinates":[[[46.82688846262311,24.546748098727342],[46.82718648443058,24.546889185113933],[46.8270503587383,24.54712969978126],[46.82675233151634,24.54698861140834],[46.82688846262311,24.546748098727342]]]}},{"type":"Feature","properties":{"plan_no":"2705/5","plan_id":"2620","block_no":"99","parcel_no":"1740","parcel_id":14315833,"object_id":6209421,"area_m2":1020.000062475},"geometry":{"type":"Polygon","coordinates":[[[46.82688846262311,24.546748098727342],[46.82675233151634,24.54698861140834],[46.82645430989207,24.546847524150028],[46.82659044045274,24.546607010819017],[46.82688846262311,24.546748098727342]]]}},{"type":"Feature","properties":{"plan_no":"2705/5","plan_id":"2620","block_no":"99","parcel_no":"1741","parcel_id":14316779,"object_id":6146472,"area_m2":1019.995674125},"geometry":{"type":"Polygon","coordinates":[[[46.82659044045274,24.546607010819017],[46.82645430989207,24.546847524150028],[46.82615628890488,24.546706436260713],[46.82629242090628,24.54646592315848],[46.8265729094864,24.546598712894756],[46.82659044045274,24.546607010819017]]]}},{"type":"Feature","properties":{"plan_no":"2705/5","plan_id":"2620","block_no":"99","parcel_no":"1742","parcel_id":14317259,"object_id":6146852,"area_m2":1020.00439314},"geometry":{"type":"Polygon","coordinates":[[[46.82629242090628,24.54646592315848],[46.82615628890488,24.546706436260713],[46.82585826755481,24.54656534684965],[46.82599440001005,24.546324833988155],[46.82629242090628,24.54646592315848]]]}},{"type":"Feature","properties":{"plan_no":"2705/5","plan_id":"2620","block_no":"99","parcel_no":"1743","parcel_id":14315931,"object_id":6209428,"area_m2":1019.99768743},"geometry":{"type":"Polygon","coordinates":[[[46.82599440001005,24.546324833988155],[46.82585826755481,24.54656534684965],[46.82556024882867,24.54642425768643],[46.825696381737735,24.546183745065672],[46.82599440001005,24.546324833988155]]]}},{"type":"Feature","properties":{"plan_no":"2705/5","plan_id":"2620","block_no":"100","parcel_no":"1744","parcel_id":14318299,"object_id":6238837,"area_m2":1280.8802152},"geometry":{"type":"Polygon","coordinates":[[[46.825170224848875,24.54593464785901],[46.82552107606242,24.546100751034977],[46.82537586797466,24.546357297186432],[46.82502501619123,24.54619119370815],[46.825170224848875,24.54593464785901]]]}},{"type":"Feature","properties":{"plan_no":"2705/5","plan_id":"2620","block_no":"100","parcel_no":"1745","parcel_id":14316409,"object_id":6145977,"area_m2":1280.88563216},"geometry":{"type":"Polygon","coordinates":[[[46.82537586797466,24.546357297186432],[46.825230658348616,24.54661384413876],[46.824879805995316,24.546447740358165],[46.82502501619123,24.54619119370815],[46.82537586797466,24.546357297186432]]]}},{"type":"Feature","properties":{"plan_no":"2705/5","plan_id":"2620","block_no":"100","parcel_no":"1746","parcel_id":14316439,"object_id":7189518,"area_m2":1280.8802152},"geometry":{"type":"Polygon","coordinates":[[[46.825230658348616,24.54661384413876],[46.82508544913194,24.54687039006268],[46.824734596208756,24.546704285979732],[46.824879805995316,24.546447740358165],[46.825230658348616,24.54661384413876]]]}},{"type":"Feature","properties":{"plan_no":"2705/5","plan_id":"2620","block_no":"100","parcel_no":"1747","parcel_id":14315365,"object_id":6228397,"area_m2":1280.8802152},"geometry":{"type":"Polygon","coordinates":[[[46.82508544913194,24.54687039006268],[46.82494023935078,24.54712693587282],[46.82458938585772,24.546960831487528],[46.824734596208756,24.546704285979732],[46.82508544913194,24.54687039006268]]]}},{"type":"Feature","properties":{"plan_no":"2705/5","plan_id":"2620","block_no":"100","parcel_no":"1748","parcel_id":14317189,"object_id":6208088,"area_m2":1280.8802152},"geometry":{"type":"Polygon","coordinates":[[[46.82494023935078,24.54712693587282],[46.82479502900515,24.547383481569153],[46.82444417494221,24.54721737688154],[46.82458938585772,24.546960831487528],[46.82494023935078,24.54712693587282]]]}},{"type":"Feature","properties":{"plan_no":"2705/5","plan_id":"2620","block_no":"100","parcel_no":"1749","parcel_id":14318309,"object_id":6230638,"area_m2":1280.8860997650002},"geometry":{"type":"Polygon","coordinates":[[[46.82479502900515,24.547383481569153],[46.824649818108085,24.54764002805443],[46.824298962488356,24.547473923076378],[46.82444417494221,24.54721737688154],[46.82479502900515,24.547383481569153]]]}},{"type":"Feature","properties":{"plan_no":"2705/5","plan_id":"2620","block_no":"100","parcel_no":"1750","parcel_id":14315059,"object_id":6229922,"area_m2":1280.8830372},"geometry":{"type":"Polygon","coordinates":[[[46.824649818108085,24.54764002805443],[46.82450460663346,24.547896573523207],[46.824153750443834,24.547730468242797],[46.824298962488356,24.547473923076378],[46.824649818108085,24.54764002805443]]]}},{"type":"Feature","properties":{"plan_no":"2705/5","plan_id":"2620","block_no":"100","parcel_no":"1751","parcel_id":14316381,"object_id":6155546,"area_m2":1280.8825696},"geometry":{"type":"Polygon","coordinates":[[[46.82450460663346,24.547896573523207],[46.8243593936074,24.548153118890117],[46.824008537834786,24.547987013295405],[46.824153750443834,24.547730468242797],[46.82450460663346,24.547896573523207]]]}},{"type":"Feature","properties":{"plan_no":"2705/5","plan_id":"2620","block_no":"100","parcel_no":"1752","parcel_id":14317765,"object_id":6156432,"area_m2":1280.88374536},"geometry":{"type":"Polygon","coordinates":[[[46.8243593936074,24.548153118890117],[46.824214181016785,24.54840966503399],[46.82386332467428,24.54824355913689],[46.824008537834786,24.547987013295405],[46.8243593936074,24.548153118890117]]]}},{"type":"Feature","properties":{"plan_no":"2705/5","plan_id":"2620","block_no":"100","parcel_no":"1753","parcel_id":14316077,"object_id":6196582,"area_m2":1280.87769575},"geometry":{"type":"Polygon","coordinates":[[[46.824214181016785,24.54840966503399],[46.824068967835515,24.548666209258652],[46.82371811093616,24.54850010396187],[46.82386332467428,24.54824355913689],[46.824214181016785,24.54840966503399]]]}},{"type":"Feature","properties":{"plan_no":"2705/5","plan_id":"2620","block_no":"100","parcel_no":"1754","parcel_id":14319037,"object_id":7195655,"area_m2":1455.80485065},"geometry":{"type":"Polygon","coordinates":[[[46.824068967835515,24.548666209258652],[46.823903922069675,24.54895778966606],[46.8235530645226,24.548791684025588],[46.82371811093616,24.54850010396187],[46.824068967835515,24.548666209258652]]]}},{"type":"Feature","properties":{"plan_no":"2705/5","plan_id":"2620","block_no":"100","parcel_no":"1755","parcel_id":14318345,"object_id":6155896,"area_m2":1403.81636422},"geometry":{"type":"Polygon","coordinates":[[[46.82371811093616,24.54850010396187],[46.8235530645226,24.548791684025588],[46.823290341356405,24.548667302517273],[46.823248067503954,24.548545634081506],[46.82336773494901,24.54833422401894],[46.82371811093616,24.54850010396187]]]}},{"type":"Feature","properties":{"plan_no":"2705/5","plan_id":"2620","block_no":"100","parcel_no":"1756","parcel_id":14318745,"object_id":6235699,"area_m2":1279.12793428},"geometry":{"type":"Polygon","coordinates":[[[46.82386332467428,24.54824355913689],[46.82371811093616,24.54850010396187],[46.82336773494901,24.54833422401894],[46.82351294925622,24.54807767949593],[46.82386332467428,24.54824355913689]]]}},{"type":"Feature","properties":{"plan_no":"2705/5","plan_id":"2620","block_no":"100","parcel_no":"1757","parcel_id":14315687,"object_id":6146093,"area_m2":1279.128942575},"geometry":{"type":"Polygon","coordinates":[[[46.824008537834786,24.547987013295405],[46.82386332467428,24.54824355913689],[46.82351294925622,24.54807767949593],[46.82365816299888,24.547821134859117],[46.824008537834786,24.547987013295405]]]}},{"type":"Feature","properties":{"plan_no":"2705/5","plan_id":"2620","block_no":"100","parcel_no":"1758","parcel_id":14315661,"object_id":6240095,"area_m2":1279.125956645},"geometry":{"type":"Polygon","coordinates":[[[46.824153750443834,24.547730468242797],[46.824008537834786,24.547987013295405],[46.82365816299888,24.547821134859117],[46.82380337716392,24.547564590096524],[46.824153750443834,24.547730468242797]]]}},{"type":"Feature","properties":{"plan_no":"2705/5","plan_id":"2620","block_no":"100","parcel_no":"1759","parcel_id":14315355,"object_id":6176988,"area_m2":1279.12360354},"geometry":{"type":"Polygon","coordinates":[[[46.824298962488356,24.547473923076378],[46.824153750443834,24.547730468242797],[46.82380337716392,24.547564590096524],[46.82394858977753,24.547308045232064],[46.824298962488356,24.547473923076378]]]}},{"type":"Feature","properties":{"plan_no":"2705/5","plan_id":"2620","block_no":"100","parcel_no":"1760","parcel_id":14315139,"object_id":6167945,"area_m2":1279.1264960350002},"geometry":{"type":"Polygon","coordinates":[[[46.82444417494221,24.54721737688154],[46.824298962488356,24.547473923076378],[46.82394858977753,24.547308045232064],[46.82409380281353,24.54705150024187],[46.82444417494221,24.54721737688154]]]}},{"type":"Feature","properties":{"plan_no":"2705/5","plan_id":"2620","block_no":"100","parcel_no":"1761","parcel_id":14316603,"object_id":6167816,"area_m2":1279.1220948},"geometry":{"type":"Polygon","coordinates":[[[46.82458938585772,24.546960831487528],[46.82444417494221,24.54721737688154],[46.82409380281353,24.54705150024187],[46.82423901429813,24.5467949551498],[46.82458938585772,24.546960831487528]]]}},{"type":"Feature","properties":{"plan_no":"2705/5","plan_id":"2620","block_no":"100","parcel_no":"1762","parcel_id":14316539,"object_id":7312461,"area_m2":1279.12414293},"geometry":{"type":"Polygon","coordinates":[[[46.824734596208756,24.546704285979732],[46.82458938585772,24.546960831487528],[46.82423901429813,24.5467949551498],[46.82438422619208,24.546538409029285],[46.824734596208756,24.546704285979732]]]}},{"type":"Feature","properties":{"plan_no":"2705/5","plan_id":"2620","block_no":"100","parcel_no":"1763","parcel_id":14317199,"object_id":6167680,"area_m2":1279.1182645150002},"geometry":{"type":"Polygon","coordinates":[[[46.824879805995316,24.546447740358165],[46.824734596208756,24.546704285979732],[46.82438422619208,24.546538409029285],[46.82452943656077,24.546281864612347],[46.824879805995316,24.546447740358165]]]}},{"type":"Feature","properties":{"plan_no":"2705/5","plan_id":"2620","block_no":"100","parcel_no":"1764","parcel_id":14317021,"object_id":6146802,"area_m2":1273.500371745},"geometry":{"type":"Polygon","coordinates":[[[46.82502501619123,24.54619119370815],[46.824879805995316,24.546447740358165],[46.82452943656077,24.546281864612347],[46.82465933176547,24.546052376450696],[46.82466443760215,24.546043356445587],[46.82468635035241,24.54605373050669],[46.82469656007352,24.54603569232404],[46.82470751644868,24.546040879352645],[46.82502501619123,24.54619119370815]]]}},{"type":"Feature","properties":{"plan_no":"2705/5","plan_id":"2620","block_no":"100","parcel_no":"1765","parcel_id":14318387,"object_id":6179882,"area_m2":1273.494260955},"geometry":{"type":"Polygon","coordinates":[[[46.825170224848875,24.54593464785901],[46.82502501619123,24.54619119370815],[46.82470751644868,24.546040879352645],[46.82469656007352,24.54603569232404],[46.82470677077874,24.546017654128864],[46.824684857033546,24.546007279179648],[46.82468996190597,24.545998260991205],[46.82481985655249,24.545768772717025],[46.825170224848875,24.54593464785901]]]}},{"type":"Feature","properties":{"plan_no":"2705/5","plan_id":"2620","block_no":"101","parcel_no":"1766","parcel_id":14317969,"object_id":6176865,"area_m2":1128.50066028},"geometry":{"type":"Polygon","coordinates":[[[46.8264164210112,24.54586388059711],[46.82624856638993,24.546160532545883],[46.825981225052594,24.54603396700437],[46.826149081176005,24.545737316212602],[46.8264164210112,24.54586388059711]]]}},{"type":"Feature","properties":{"plan_no":"2705/5","plan_id":"2620","block_no":"101","parcel_no":"1767","parcel_id":14318725,"object_id":6169950,"area_m2":1109.99978924},"geometry":{"type":"Polygon","coordinates":[[[46.82667937937168,24.545988369534083],[46.82651152425747,24.546285021756713],[46.82624856638993,24.546160532545883],[46.8264164210112,24.54586388059711],[46.82667937937168,24.545988369534083]]]}},{"type":"Feature","properties":{"plan_no":"2705/5","plan_id":"2620","block_no":"101","parcel_no":"1768","parcel_id":14315559,"object_id":6146714,"area_m2":1110.001677025},"geometry":{"type":"Polygon","coordinates":[[[46.82694233824119,24.546112858882495],[46.826774483607885,24.54640951046431],[46.82651152425747,24.546285021756713],[46.82667937937168,24.545988369534083],[46.82694233824119,24.546112858882495]]]}},{"type":"Feature","properties":{"plan_no":"2705/5","plan_id":"2620","block_no":"101","parcel_no":"1769","parcel_id":14317621,"object_id":6199151,"area_m2":1147.001982175},"geometry":{"type":"Polygon","coordinates":[[[46.8272140625884,24.5462414966717],[46.82704620946551,24.54653814941487],[46.826774483607885,24.54640951046431],[46.82694233824119,24.546112858882495],[46.8272140625884,24.5462414966717]]]}},{"type":"Feature","properties":{"plan_no":"2705/5","plan_id":"2620","block_no":"101","parcel_no":"1770","parcel_id":14317605,"object_id":6229653,"area_m2":1147.00247713},"geometry":{"type":"Polygon","coordinates":[[[46.82748578845208,24.546370133924384],[46.827317934852765,24.546666786950134],[46.82704620946551,24.54653814941487],[46.8272140625884,24.5462414966717],[46.82748578845208,24.546370133924384]]]}},{"type":"Feature","properties":{"plan_no":"2705/5","plan_id":"2620","block_no":"101","parcel_no":"1771","parcel_id":14315671,"object_id":7315532,"area_m2":1147.00157618},"geometry":{"type":"Polygon","coordinates":[[[46.82775751385845,24.546498770664446],[46.82758966076961,24.54679542396081],[46.827317934852765,24.546666786950134],[46.82748578845208,24.546370133924384],[46.82775751385845,24.546498770664446]]]}},{"type":"Feature","properties":{"plan_no":"2705/5","plan_id":"2620","block_no":"101","parcel_no":"1772","parcel_id":14316285,"object_id":6145758,"area_m2":1147.00157618},"geometry":{"type":"Polygon","coordinates":[[[46.828029239794404,24.54662740687995],[46.827861387216046,24.546924060446923],[46.82758966076961,24.54679542396081],[46.82775751385845,24.546498770664446],[46.828029239794404,24.54662740687995]]]}},{"type":"Feature","properties":{"plan_no":"2705/5","plan_id":"2620","block_no":"101","parcel_no":"1773","parcel_id":14317789,"object_id":7189421,"area_m2":1084.9972333},"geometry":{"type":"Polygon","coordinates":[[[46.82818801810294,24.546346789677983],[46.828029239794404,24.54662740687995],[46.82775751385845,24.546498770664446],[46.82791629264988,24.54621815371845],[46.82818801810294,24.546346789677983]]]}},{"type":"Feature","properties":{"plan_no":"2705/5","plan_id":"2620","block_no":"101","parcel_no":"1774","parcel_id":14317369,"object_id":6385692,"area_m2":1084.9972333},"geometry":{"type":"Polygon","coordinates":[[[46.82791629264988,24.54621815371845],[46.82775751385845,24.546498770664446],[46.82748578845208,24.546370133924384],[46.82764456772639,24.54608951723436],[46.82791629264988,24.54621815371845]]]}},{"type":"Feature","properties":{"plan_no":"2705/5","plan_id":"2620","block_no":"101","parcel_no":"1775","parcel_id":14315507,"object_id":6153652,"area_m2":1085.002511965},"geometry":{"type":"Polygon","coordinates":[[[46.82764456772639,24.54608951723436],[46.82748578845208,24.546370133924384],[46.8272140625884,24.5462414966717],[46.827372842332494,24.54596087933496],[46.82764456772639,24.54608951723436]]]}},{"type":"Feature","properties":{"plan_no":"2705/5","plan_id":"2620","block_no":"101","parcel_no":"1776","parcel_id":14318151,"object_id":6229443,"area_m2":1084.99996729},"geometry":{"type":"Polygon","coordinates":[[[46.827372842332494,24.54596087933496],[46.8272140625884,24.5462414966717],[46.82694233824119,24.546112858882495],[46.82710111846813,24.545832241801733],[46.827372842332494,24.54596087933496]]]}},{"type":"Feature","properties":{"plan_no":"2705/5","plan_id":"2620","block_no":"101","parcel_no":"1777","parcel_id":14317815,"object_id":6199378,"area_m2":1050.000040325},"geometry":{"type":"Polygon","coordinates":[[[46.82710111846813,24.545832241801733],[46.82694233824119,24.546112858882495],[46.82667937937168,24.545988369534083],[46.826838160078964,24.545707753603736],[46.82710111846813,24.545832241801733]]]}},{"type":"Feature","properties":{"plan_no":"2705/5","plan_id":"2620","block_no":"101","parcel_no":"1778","parcel_id":14318449,"object_id":6208460,"area_m2":1050.000040325},"geometry":{"type":"Polygon","coordinates":[[[46.826838160078964,24.545707753603736],[46.82667937937168,24.545988369534083],[46.8264164210112,24.54586388059711],[46.82657520217268,24.54558326401179],[46.826838160078964,24.545707753603736]]]}},{"type":"Feature","properties":{"plan_no":"2705/5","plan_id":"2620","block_no":"101","parcel_no":"1779","parcel_id":14316033,"object_id":6176885,"area_m2":1039.37384187},"geometry":{"type":"Polygon","coordinates":[[[46.82657520217268,24.54558326401179],[46.8264164210112,24.54586388059711],[46.826149081176005,24.545737316212602],[46.8262738383025,24.545516831896723],[46.82637360211326,24.545487822222373],[46.82657520217268,24.54558326401179]]]}},{"type":"Feature","properties":{"plan_no":"2705/5","plan_id":"2620","block_no":"102","parcel_no":"1780","parcel_id":14318291,"object_id":6177090,"area_m2":1146.999743135},"geometry":{"type":"Polygon","coordinates":[[[46.82835355861108,24.54678094023503],[46.82818570761582,24.54707759321031],[46.82791397955042,24.54694895736229],[46.82808183204305,24.546652304645658],[46.82835355861108,24.54678094023503]]]}},{"type":"Feature","properties":{"plan_no":"2705/5","plan_id":"2620","block_no":"102","parcel_no":"1781","parcel_id":14315715,"object_id":6209208,"area_m2":1146.99738093},"geometry":{"type":"Polygon","coordinates":[[[46.82862528570866,24.54690957529983],[46.82845743522392,24.5472062285457],[46.82818570761582,24.54707759321031],[46.82835355861108,24.54678094023503],[46.82862528570866,24.54690957529983]]]}},{"type":"Feature","properties":{"plan_no":"2705/5","plan_id":"2620","block_no":"102","parcel_no":"1782","parcel_id":14318561,"object_id":6169943,"area_m2":1146.999743135},"geometry":{"type":"Polygon","coordinates":[[[46.82889701432271,24.54703820982804],[46.82872916336161,24.54733486335649],[46.82845743522392,24.5472062285457],[46.82862528570866,24.54690957529983],[46.82889701432271,24.54703820982804]]]}},{"type":"Feature","properties":{"plan_no":"2705/5","plan_id":"2620","block_no":"102","parcel_no":"1783","parcel_id":14319083,"object_id":6238865,"area_m2":1146.99884219},"geometry":{"type":"Polygon","coordinates":[[[46.82916874247944,24.54716684384361],[46.82900089202887,24.547463497642646],[46.82872916336161,24.54733486335649],[46.82889701432271,24.54703820982804],[46.82916874247944,24.54716684384361]]]}},{"type":"Feature","properties":{"plan_no":"2705/5","plan_id":"2620","block_no":"102","parcel_no":"1784","parcel_id":14318573,"object_id":6199066,"area_m2":1147.001982175},"geometry":{"type":"Polygon","coordinates":[[[46.82944047116574,24.54729547733457],[46.8292726222257,24.547592132294923],[46.82900089202887,24.547463497642646],[46.82916874247944,24.54716684384361],[46.82944047116574,24.54729547733457]]]}},{"type":"Feature","properties":{"plan_no":"2705/5","plan_id":"2620","block_no":"102","parcel_no":"1785","parcel_id":14317037,"object_id":7329390,"area_m2":1147.001982175},"geometry":{"type":"Polygon","coordinates":[[[46.82971220138159,24.54742411119162],[46.82954435195212,24.547720765531842],[46.8292726222257,24.547592132294923],[46.82944047116574,24.54729547733457],[46.82971220138159,24.54742411119162]]]}},{"type":"Feature","properties":{"plan_no":"2705/5","plan_id":"2620","block_no":"102","parcel_no":"1786","parcel_id":14315381,"object_id":7329447,"area_m2":1146.99884219},"geometry":{"type":"Polygon","coordinates":[[[46.829983931127025,24.5475527436333],[46.829816082208126,24.547849398244104],[46.82954435195212,24.547720765531842],[46.82971220138159,24.54742411119162],[46.829983931127025,24.5475527436333]]]}},{"type":"Feature","properties":{"plan_no":"2705/5","plan_id":"2620","block_no":"102","parcel_no":"1787","parcel_id":14315151,"object_id":6177223,"area_m2":1461.521050565},"geometry":{"type":"Polygon","coordinates":[[[46.830330194776195,24.547716657992325],[46.83016230475691,24.548013292689102],[46.829816082208126,24.547849398244104],[46.829983931127025,24.5475527436333],[46.830330194776195,24.547716657992325]]]}},{"type":"Feature","properties":{"plan_no":"2705/5","plan_id":"2620","block_no":"102","parcel_no":"1788","parcel_id":14316847,"object_id":6146479,"area_m2":1354.55548166},"geometry":{"type":"Polygon","coordinates":[[[46.830142705948454,24.547272123687364],[46.83042326551807,24.547404935800476],[46.83045497588085,24.547496184665434],[46.830330194776195,24.547716657992325],[46.829983931127025,24.5475527436333],[46.830142705948454,24.547272123687364]]]}},{"type":"Feature","properties":{"plan_no":"2705/5","plan_id":"2620","block_no":"102","parcel_no":"1789","parcel_id":14315377,"object_id":6156543,"area_m2":1084.99996729},"geometry":{"type":"Polygon","coordinates":[[[46.830142705948454,24.547272123687364],[46.829983931127025,24.5475527436333],[46.82971220138159,24.54742411119162],[46.829870976685996,24.547143491501622],[46.830142705948454,24.547272123687364]]]}},{"type":"Feature","properties":{"plan_no":"2705/5","plan_id":"2620","block_no":"102","parcel_no":"1790","parcel_id":14318651,"object_id":6384737,"area_m2":1085.00470387},"geometry":{"type":"Polygon","coordinates":[[[46.829870976685996,24.547143491501622],[46.82971220138159,24.54742411119162],[46.82944047116574,24.54729547733457],[46.8295992469531,24.547014857900542],[46.829870976685996,24.547143491501622]]]}},{"type":"Feature","properties":{"plan_no":"2705/5","plan_id":"2620","block_no":"102","parcel_no":"1791","parcel_id":14319123,"object_id":6167497,"area_m2":1084.99996729},"geometry":{"type":"Polygon","coordinates":[[[46.8295992469531,24.547014857900542],[46.82944047116574,24.54729547733457],[46.82916874247944,24.54716684384361],[46.82932751874976,24.546886224665535],[46.8295992469531,24.547014857900542]]]}},{"type":"Feature","properties":{"plan_no":"2705/5","plan_id":"2620","block_no":"102","parcel_no":"1792","parcel_id":14316389,"object_id":6323423,"area_m2":1084.99996729},"geometry":{"type":"Polygon","coordinates":[[[46.82932751874976,24.546886224665535],[46.82916874247944,24.54716684384361],[46.82889701432271,24.54703820982804],[46.82905579107596,24.546757590905916],[46.82932751874976,24.546886224665535]]]}},{"type":"Feature","properties":{"plan_no":"2705/5","plan_id":"2620","block_no":"102","parcel_no":"1793","parcel_id":14319135,"object_id":6155223,"area_m2":1085.002241305},"geometry":{"type":"Polygon","coordinates":[[[46.82905579107596,24.546757590905916],[46.82889701432271,24.54703820982804],[46.82862528570866,24.54690957529983],[46.82878406393173,24.546628956621703],[46.82905579107596,24.546757590905916]]]}},{"type":"Feature","properties":{"plan_no":"2705/5","plan_id":"2620","block_no":"102","parcel_no":"1794","parcel_id":14315943,"object_id":6156157,"area_m2":1085.002241305},"geometry":{"type":"Polygon","coordinates":[[[46.82878406393173,24.546628956621703],[46.82862528570866,24.54690957529983],[46.82835355861108,24.54678094023503],[46.828512336330164,24.54650032182485],[46.82878406393173,24.546628956621703]]]}},{"type":"Feature","properties":{"plan_no":"2705/5","plan_id":"2620","block_no":"102","parcel_no":"1795","parcel_id":14316231,"object_id":6201435,"area_m2":1073.750193465},"geometry":{"type":"Polygon","coordinates":[[[46.828512336330164,24.54650032182485],[46.82835355861108,24.54678094023503],[46.82808183204305,24.546652304645658],[46.82822359787499,24.546401753153408],[46.828229268341275,24.54639173123782],[46.828268713446214,24.546410403374356],[46.82828005437118,24.546390359539984],[46.82829977693188,24.546399696054117],[46.828512336330164,24.54650032182485]]]}},{"type":"Feature","properties":{"plan_no":"2705/5","plan_id":"2620","block_no":"103","parcel_no":"1796","parcel_id":14318201,"object_id":6156656,"area_m2":1645.153027325},"geometry":{"type":"Polygon","coordinates":[[[46.830857636304806,24.547864684361503],[46.83064442548994,24.54824151764429],[46.8303375621998,24.548096256336613],[46.8305508542622,24.547719462189935],[46.830857636304806,24.547864684361503]]]}},{"type":"Feature","properties":{"plan_no":"2705/5","plan_id":"2620","block_no":"103","parcel_no":"1797","parcel_id":14315653,"object_id":6146090,"area_m2":1364.797089555},"geometry":{"type":"Polygon","coordinates":[[[46.83103455496778,24.54755199388095],[46.830857636304806,24.547864684361503],[46.8305508542622,24.547719462189935],[46.83072784110014,24.54740680281075],[46.83103455496778,24.54755199388095]]]}},{"type":"Feature","properties":{"plan_no":"2705/5","plan_id":"2620","block_no":"103","parcel_no":"1798","parcel_id":14318999,"object_id":6178199,"area_m2":1559.996939375},"geometry":{"type":"Polygon","coordinates":[[[46.83138517607368,24.547717967311105],[46.831208258118295,24.548030659062356],[46.830857636304806,24.547864684361503],[46.83103455496778,24.54755199388095],[46.83138517607368,24.547717967311105]]]}},{"type":"Feature","properties":{"plan_no":"2705/5","plan_id":"2620","block_no":"103","parcel_no":"1799","parcel_id":14319011,"object_id":7328604,"area_m2":1880.00081757},"geometry":{"type":"Polygon","coordinates":[[[46.831208258118295,24.548030659062356],[46.830995048140366,24.548407492788623],[46.83064442548994,24.54824151764429],[46.830857636304806,24.547864684361503],[46.831208258118295,24.548030659062356]]]}},{"type":"Feature","properties":{"plan_no":"2705/5","plan_id":"2620","block_no":"104","parcel_no":"1800","parcel_id":14317005,"object_id":6237982,"area_m2":1109.999338385},"geometry":{"type":"Polygon","coordinates":[[[46.83160117331993,24.54831830382107],[46.831433328426904,24.54861496003024],[46.83117036028967,24.548490480027205],[46.83133820665066,24.548193823165185],[46.83160117331993,24.54831830382107]]]}},{"type":"Feature","properties":{"plan_no":"2705/5","plan_id":"2620","block_no":"104","parcel_no":"1801","parcel_id":14318181,"object_id":6146929,"area_m2":1110.0002629},"geometry":{"type":"Polygon","coordinates":[[[46.83186414145894,24.548442783070875],[46.8316962970732,24.54873944044457],[46.831433328426904,24.54861496003024],[46.83160117331993,24.54831830382107],[46.83186414145894,24.548442783070875]]]}},{"type":"Feature","properties":{"plan_no":"2705/5","plan_id":"2620","block_no":"104","parcel_no":"1802","parcel_id":14317099,"object_id":6167515,"area_m2":1110.0002629},"geometry":{"type":"Polygon","coordinates":[[[46.832127110106995,24.54856726273196],[46.83195926620233,24.548863919464793],[46.8316962970732,24.54873944044457],[46.83186414145894,24.548442783070875],[46.832127110106995,24.54856726273196]]]}},{"type":"Feature","properties":{"plan_no":"2705/5","plan_id":"2620","block_no":"104","parcel_no":"1803","parcel_id":14318399,"object_id":6234253,"area_m2":1104.37296931},"geometry":{"type":"Polygon","coordinates":[[[46.832202512593575,24.548979062036732],[46.83219265296462,24.548974394935946],[46.83195926620233,24.548863919464793],[46.832127110106995,24.54856726273196],[46.83239007923787,24.548691740998958],[46.83223924654424,24.548958331839923],[46.832233576306166,24.548968353891325],[46.83221385406173,24.54895901792377],[46.832202512593575,24.548979062036732]]]}},{"type":"Feature","properties":{"plan_no":"2705/5","plan_id":"2620","block_no":"104","parcel_no":"1804","parcel_id":14318755,"object_id":6208695,"area_m2":1104.37485557},"geometry":{"type":"Polygon","coordinates":[[[46.83265304886468,24.54881621877454],[46.83248520497467,24.549112876945717],[46.83225182168345,24.549002402814462],[46.832241958077155,24.54899773395973],[46.83225329954029,24.548977689844126],[46.832233576306166,24.548968353891325],[46.83223924654424,24.548958331839923],[46.83239007923787,24.548691740998958],[46.83265304886468,24.54881621877454]]]}},{"type":"Feature","properties":{"plan_no":"2705/5","plan_id":"2620","block_no":"104","parcel_no":"1805","parcel_id":14319087,"object_id":6145715,"area_m2":1110.001677025},"geometry":{"type":"Polygon","coordinates":[[[46.83291601900055,24.5489406969614],[46.83274817559164,24.549237354491698],[46.83248520497467,24.549112876945717],[46.83265304886468,24.54881621877454],[46.83291601900055,24.5489406969614]]]}},{"type":"Feature","properties":{"plan_no":"2705/5","plan_id":"2620","block_no":"104","parcel_no":"1806","parcel_id":14316479,"object_id":6238892,"area_m2":1109.99948208},"geometry":{"type":"Polygon","coordinates":[[[46.83317898961923,24.549065173754126],[46.83301114670455,24.549361831546253],[46.83274817559164,24.549237354491698],[46.83291601900055,24.5489406969614],[46.83317898961923,24.549065173754126]]]}},{"type":"Feature","properties":{"plan_no":"2705/5","plan_id":"2620","block_no":"104","parcel_no":"1807","parcel_id":14317057,"object_id":6208708,"area_m2":1110.00122617},"geometry":{"type":"Polygon","coordinates":[[[46.83344196074695,24.549189650958112],[46.833274118326536,24.549486309012035],[46.83301114670455,24.549361831546253],[46.83317898961923,24.549065173754126],[46.83344196074695,24.549189650958112]]]}},{"type":"Feature","properties":{"plan_no":"2705/5","plan_id":"2620","block_no":"104","parcel_no":"1808","parcel_id":14316861,"object_id":6156371,"area_m2":1025.500347135},"geometry":{"type":"Polygon","coordinates":[[[46.83333775877411,24.548784551701612],[46.83353936988989,24.548879983503046],[46.833568975932465,24.54896515204319],[46.83344196074695,24.549189650958112],[46.83317898961923,24.549065173754126],[46.83333775877411,24.548784551701612]]]}},{"type":"Feature","properties":{"plan_no":"2705/5","plan_id":"2620","block_no":"104","parcel_no":"1809","parcel_id":14316573,"object_id":6201033,"area_m2":1050.000040325},"geometry":{"type":"Polygon","coordinates":[[[46.83333775877411,24.548784551701612],[46.83317898961923,24.549065173754126],[46.83291601900055,24.5489406969614],[46.83307478860983,24.548660074253856],[46.83333775877411,24.548784551701612]]]}},{"type":"Feature","properties":{"plan_no":"2705/5","plan_id":"2620","block_no":"104","parcel_no":"1810","parcel_id":14316159,"object_id":6156223,"area_m2":1050.000040325},"geometry":{"type":"Polygon","coordinates":[[[46.83307478860983,24.548660074253856],[46.83291601900055,24.5489406969614],[46.83265304886468,24.54881621877454],[46.83281181895459,24.548535597217366],[46.83307478860983,24.548660074253856]]]}},{"type":"Feature","properties":{"plan_no":"2705/5","plan_id":"2620","block_no":"104","parcel_no":"1811","parcel_id":14316351,"object_id":6201021,"area_m2":1050.000040325},"geometry":{"type":"Polygon","coordinates":[[[46.83281181895459,24.548535597217366],[46.83265304886468,24.54881621877454],[46.83239007923787,24.548691740998958],[46.832548849782164,24.54841111878675],[46.83281181895459,24.548535597217366]]]}},{"type":"Feature","properties":{"plan_no":"2705/5","plan_id":"2620","block_no":"104","parcel_no":"1812","parcel_id":14315393,"object_id":6156588,"area_m2":1050.00053832},"geometry":{"type":"Polygon","coordinates":[[[46.832548849782164,24.54841111878675],[46.83239007923787,24.548691740998958],[46.832127110106995,24.54856726273196],[46.83228588111878,24.548286640767422],[46.832548849782164,24.54841111878675]]]}},{"type":"Feature","properties":{"plan_no":"2705/5","plan_id":"2620","block_no":"104","parcel_no":"1813","parcel_id":14315419,"object_id":6228402,"area_m2":1050.000040325},"geometry":{"type":"Polygon","coordinates":[[[46.83228588111878,24.548286640767422],[46.832127110106995,24.54856726273196],[46.83186414145894,24.548442783070875],[46.83202291295131,24.54816216225669],[46.83228588111878,24.548286640767422]]]}},{"type":"Feature","properties":{"plan_no":"2705/5","plan_id":"2620","block_no":"104","parcel_no":"1814","parcel_id":14317445,"object_id":6156525,"area_m2":1050.000040325},"geometry":{"type":"Polygon","coordinates":[[[46.83202291295131,24.54816216225669],[46.83186414145894,24.548442783070875],[46.83160117331993,24.54831830382107],[46.83175994526667,24.548037682351875],[46.83202291295131,24.54816216225669]]]}},{"type":"Feature","properties":{"plan_no":"2705/5","plan_id":"2620","block_no":"104","parcel_no":"1815","parcel_id":14316483,"object_id":6201028,"area_m2":1049.99695356},"geometry":{"type":"Polygon","coordinates":[[[46.83175994526667,24.548037682351875],[46.83160117331993,24.54831830382107],[46.83133820665066,24.548193823165185],[46.83149697907796,24.547913202846367],[46.83175994526667,24.548037682351875]]]}},{"type":"Feature","properties":{"plan_no":"2705/5","plan_id":"2620","block_no":"105","parcel_no":"1816","parcel_id":14315983,"object_id":6385429,"area_m2":1380.0008311},"geometry":{"type":"Polygon","coordinates":[[[46.834184045109225,24.549449425332384],[46.83397537872123,24.549818245310586],[46.83371240577673,24.549693769155333],[46.83392107279237,24.549324950405317],[46.834184045109225,24.549449425332384]]]}},{"type":"Feature","properties":{"plan_no":"2705/5","plan_id":"2620","block_no":"105","parcel_no":"1817","parcel_id":14317281,"object_id":7327563,"area_m2":1379.99842404},"geometry":{"type":"Polygon","coordinates":[[[46.83392107279237,24.549324950405317],[46.83371240577673,24.549693769155333],[46.83344943334131,24.549569293411313],[46.83365810097145,24.549200474986804],[46.83392107279237,24.549324950405317]]]}},{"type":"Feature","properties":{"plan_no":"2705/5","plan_id":"2620","block_no":"105","parcel_no":"1818","parcel_id":14315035,"object_id":7338020,"area_m2":1200.00139505},"geometry":{"type":"Polygon","coordinates":[[[46.83410252185308,24.549004238292103],[46.83392107279237,24.549324950405317],[46.83365810097145,24.549200474986804],[46.83383955055337,24.548879762253925],[46.83410252185308,24.549004238292103]]]}},{"type":"Feature","properties":{"plan_no":"2705/5","plan_id":"2620","block_no":"105","parcel_no":"1819","parcel_id":14316411,"object_id":7191111,"area_m2":1199.9991294},"geometry":{"type":"Polygon","coordinates":[[[46.83436549363558,24.54912871293614],[46.834184045109225,24.549449425332384],[46.83392107279237,24.549324950405317],[46.83410252185308,24.549004238292103],[46.83436549363558,24.54912871293614]]]}},{"type":"Feature","properties":{"plan_no":"2705/5","plan_id":"2620","block_no":"106","parcel_no":"1822","parcel_id":14317961,"object_id":6356006,"area_m2":1554.002347835},"geometry":{"type":"Polygon","coordinates":[[[46.834756823772025,24.549812025995397],[46.83458898383616,24.550108686261076],[46.8342208202353,24.54993442129212],[46.83438866087633,24.549637762295667],[46.834756823772025,24.549812025995397]]]}},{"type":"Feature","properties":{"plan_no":"2705/5","plan_id":"2620","block_no":"106","parcel_no":"1823","parcel_id":14317335,"object_id":6197051,"area_m2":1109.99978924},"geometry":{"type":"Polygon","coordinates":[[[46.83501979687527,24.549936499359895],[46.834851958420636,24.550233159875354],[46.83458898383616,24.550108686261076],[46.834756823772025,24.549812025995397],[46.83501979687527,24.549936499359895]]]}},{"type":"Feature","properties":{"plan_no":"2705/5","plan_id":"2620","block_no":"106","parcel_no":"1824","parcel_id":14315603,"object_id":6165662,"area_m2":1110.004796485},"geometry":{"type":"Polygon","coordinates":[[[46.8352827724614,24.55006097311158],[46.83511493351419,24.550357633900852],[46.834851958420636,24.550233159875354],[46.83501979687527,24.549936499359895],[46.8352827724614,24.55006097311158]]]}},{"type":"Feature","properties":{"plan_no":"2705/5","plan_id":"2620","block_no":"106","parcel_no":"1825","parcel_id":14318393,"object_id":7190469,"area_m2":1109.99978924},"geometry":{"type":"Polygon","coordinates":[[[46.835545746556484,24.550185445493106],[46.835377909090525,24.550482106532147],[46.83511493351419,24.550357633900852],[46.8352827724614,24.55006097311158],[46.835545746556484,24.550185445493106]]]}},{"type":"Feature","properties":{"plan_no":"2705/5","plan_id":"2620","block_no":"106","parcel_no":"1826","parcel_id":14316305,"object_id":6179852,"area_m2":1109.999338385},"geometry":{"type":"Polygon","coordinates":[[[46.83580872214754,24.550309918273793],[46.835640884175874,24.550606578683954],[46.835377909090525,24.550482106532147],[46.835545746556484,24.550185445493106],[46.83580872214754,24.550309918273793]]]}},{"type":"Feature","properties":{"plan_no":"2705/5","plan_id":"2620","block_no":"106","parcel_no":"1827","parcel_id":14316009,"object_id":6199361,"area_m2":1110.001677025},"geometry":{"type":"Polygon","coordinates":[[[46.836071698221375,24.55043438966028],[46.83590386075722,24.55073105123492],[46.835640884175874,24.550606578683954],[46.83580872214754,24.550309918273793],[46.836071698221375,24.55043438966028]]]}},{"type":"Feature","properties":{"plan_no":"2705/5","plan_id":"2620","block_no":"106","parcel_no":"1828","parcel_id":14317447,"object_id":6179743,"area_m2":1110.001677025},"geometry":{"type":"Polygon","coordinates":[[[46.83633467480426,24.55055886145791],[46.83616683782134,24.550855522391643],[46.83590386075722,24.55073105123492],[46.836071698221375,24.55043438966028],[46.83633467480426,24.55055886145791]]]}},{"type":"Feature","properties":{"plan_no":"2705/5","plan_id":"2620","block_no":"106","parcel_no":"1829","parcel_id":14317341,"object_id":6179574,"area_m2":1110.001677025},"geometry":{"type":"Polygon","coordinates":[[[46.83659765186992,24.55068333186134],[46.836429815394524,24.550979993959544],[46.83616683782134,24.550855522391643],[46.83633467480426,24.55055886145791],[46.83659765186992,24.55068333186134]]]}},{"type":"Feature","properties":{"plan_no":"2705/5","plan_id":"2620","block_no":"106","parcel_no":"1830","parcel_id":14319165,"object_id":6145889,"area_m2":1110.001677025},"geometry":{"type":"Polygon","coordinates":[[[46.83686062944464,24.550807802675923],[46.836692793450496,24.55110446413321],[46.836429815394524,24.550979993959544],[46.83659765186992,24.55068333186134],[46.83686062944464,24.550807802675923]]]}},{"type":"Feature","properties":{"plan_no":"2705/5","plan_id":"2620","block_no":"106","parcel_no":"1831","parcel_id":14316413,"object_id":6167810,"area_m2":1025.500347135},"geometry":{"type":"Polygon","coordinates":[[[46.83675641494606,24.55040270658951],[46.83695803100441,24.550498133492415],[46.83698763976701,24.550583301185576],[46.83686062944464,24.550807802675923],[46.83659765186992,24.55068333186134],[46.83675641494606,24.55040270658951]]]}},{"type":"Feature","properties":{"plan_no":"2705/5","plan_id":"2620","block_no":"106","parcel_no":"1832","parcel_id":14315281,"object_id":6156540,"area_m2":1050.000040325},"geometry":{"type":"Polygon","coordinates":[[[46.83675641494606,24.55040270658951],[46.83659765186992,24.55068333186134],[46.83633467480426,24.55055886145791],[46.83649343833491,24.550278235531014],[46.83675641494606,24.55040270658951]]]}},{"type":"Feature","properties":{"plan_no":"2705/5","plan_id":"2620","block_no":"106","parcel_no":"1833","parcel_id":14318551,"object_id":6179887,"area_m2":1050.000040325},"geometry":{"type":"Polygon","coordinates":[[[46.83649343833491,24.550278235531014],[46.83633467480426,24.55055886145791],[46.836071698221375,24.55043438966028],[46.83623046223281,24.55015376488368],[46.83649343833491,24.550278235531014]]]}},{"type":"Feature","properties":{"plan_no":"2705/5","plan_id":"2620","block_no":"106","parcel_no":"1834","parcel_id":14315421,"object_id":6238189,"area_m2":1050.000040325},"geometry":{"type":"Polygon","coordinates":[[[46.83623046223281,24.55015376488368],[46.836071698221375,24.55043438966028],[46.83580872214754,24.550309918273793],[46.83596748661348,24.550029292842133],[46.83623046223281,24.55015376488368]]]}},{"type":"Feature","properties":{"plan_no":"2705/5","plan_id":"2620","block_no":"106","parcel_no":"1835","parcel_id":14318473,"object_id":6179885,"area_m2":1050.000040325},"geometry":{"type":"Polygon","coordinates":[[[46.83596748661348,24.550029292842133],[46.83580872214754,24.550309918273793],[46.835545746556484,24.550185445493106],[46.8357045115032,24.549904821211783],[46.83596748661348,24.550029292842133]]]}},{"type":"Feature","properties":{"plan_no":"2705/5","plan_id":"2620","block_no":"106","parcel_no":"1836","parcel_id":14316435,"object_id":6238889,"area_m2":1049.99564208},"geometry":{"type":"Polygon","coordinates":[[[46.8357045115032,24.549904821211783],[46.835545746556484,24.550185445493106],[46.8352827724614,24.55006097311158],[46.83544153688882,24.549780349089918],[46.8357045115032,24.549904821211783]]]}},{"type":"Feature","properties":{"plan_no":"2705/5","plan_id":"2620","block_no":"106","parcel_no":"1837","parcel_id":14317707,"object_id":6156428,"area_m2":1050.000378645},"geometry":{"type":"Polygon","coordinates":[[[46.83544153688882,24.549780349089918],[46.8352827724614,24.55006097311158],[46.83501979687527,24.549936499359895],[46.83517856275721,24.54965587557385],[46.83544153688882,24.549780349089918]]]}},{"type":"Feature","properties":{"plan_no":"2705/5","plan_id":"2620","block_no":"106","parcel_no":"1838","parcel_id":14316315,"object_id":6238884,"area_m2":1049.99480576},"geometry":{"type":"Polygon","coordinates":[[[46.83517856275721,24.54965587557385],[46.83501979687527,24.549936499359895],[46.834756823772025,24.549812025995397],[46.83491559012156,24.549531402456978],[46.83517856275721,24.54965587557385]]]}},{"type":"Feature","properties":{"plan_no":"2705/5","plan_id":"2620","block_no":"106","parcel_no":"1839","parcel_id":14318841,"object_id":6207969,"area_m2":1469.99737949},"geometry":{"type":"Polygon","coordinates":[[[46.83491559012156,24.549531402456978],[46.834756823772025,24.549812025995397],[46.83438866087633,24.549637762295667],[46.834547427880466,24.549357139103964],[46.83491559012156,24.549531402456978]]]}},{"type":"Feature","properties":{"plan_no":"2705/5","plan_id":"2620","block_no":"107","parcel_no":"1840","parcel_id":14316503,"object_id":6347984,"area_m2":1380.0008311},"geometry":{"type":"Polygon","coordinates":[[[46.837602729435474,24.55106755918351],[46.83739407103742,24.551436383392744],[46.837131091645844,24.551311913627202],[46.83733975067174,24.550943090646108],[46.837602729435474,24.55106755918351]]]}},{"type":"Feature","properties":{"plan_no":"2705/5","plan_id":"2620","block_no":"107","parcel_no":"1841","parcel_id":14316755,"object_id":6196225,"area_m2":1379.99842404},"geometry":{"type":"Polygon","coordinates":[[[46.83733975067174,24.550943090646108],[46.837131091645844,24.551311913627202],[46.83686811276334,24.55118744427279],[46.837076772403925,24.55081862161714],[46.83733975067174,24.550943090646108]]]}},{"type":"Feature","properties":{"plan_no":"2705/5","plan_id":"2620","block_no":"107","parcel_no":"1842","parcel_id":14316773,"object_id":6238175,"area_m2":1188.75007427},"geometry":{"type":"Polygon","coordinates":[[[46.83733975067174,24.550943090646108],[46.837076772403925,24.55081862161714],[46.8371113576419,24.550757483778426],[46.83711640302248,24.550748566148265],[46.83713831656865,24.550758941004197],[46.83715873199377,24.550722862245195],[46.837136818452606,24.550712487391912],[46.837141980287015,24.550703365198547],[46.837258215038425,24.55049790520513],[46.8375211927849,24.5506223748538],[46.83733975067174,24.550943090646108]]]}},{"type":"Feature","properties":{"plan_no":"2705/5","plan_id":"2620","block_no":"107","parcel_no":"1843","parcel_id":14318033,"object_id":7189291,"area_m2":1199.9991294},"geometry":{"type":"Polygon","coordinates":[[[46.8375211927849,24.5506223748538],[46.83778417101411,24.550746843108218],[46.837602729435474,24.55106755918351],[46.83733975067174,24.550943090646108],[46.8375211927849,24.5506223748538]]]}},{"type":"Feature","properties":{"plan_no":"2705/5","plan_id":"2620","block_no":"108","parcel_no":"1846","parcel_id":14315389,"object_id":6228399,"area_m2":1110.00212788},"geometry":{"type":"Polygon","coordinates":[[[46.8380002042884,24.55134716721969],[46.83783237044994,24.551643830714006],[46.83756939024498,24.551519362670454],[46.8377372245779,24.551222699437893],[46.8380002042884,24.55134716721969]]]}},{"type":"Feature","properties":{"plan_no":"2705/5","plan_id":"2620","block_no":"108","parcel_no":"1847","parcel_id":14316893,"object_id":6165445,"area_m2":1110.00387197},"geometry":{"type":"Polygon","coordinates":[[[46.83826318450796,24.551471635412597],[46.83809535116395,24.55176829916868],[46.83783237044994,24.551643830714006],[46.8380002042884,24.55134716721969],[46.83826318450796,24.551471635412597]]]}},{"type":"Feature","properties":{"plan_no":"2705/5","plan_id":"2620","block_no":"108","parcel_no":"1848","parcel_id":14316215,"object_id":6201434,"area_m2":1110.00212788},"geometry":{"type":"Polygon","coordinates":[[[46.83852616521027,24.551596102211217],[46.83835833236074,24.55189276622906],[46.83809535116395,24.55176829916868],[46.83826318450796,24.551471635412597],[46.83852616521027,24.551596102211217]]]}},{"type":"Feature","properties":{"plan_no":"2705/5","plan_id":"2620","block_no":"108","parcel_no":"1849","parcel_id":14315677,"object_id":6231787,"area_m2":1110.001677025},"geometry":{"type":"Polygon","coordinates":[[[46.83878914642164,24.55172056942094],[46.83862131405343,24.552017232797848],[46.83835833236074,24.55189276622906],[46.83852616521027,24.551596102211217],[46.83878914642164,24.55172056942094]]]}},{"type":"Feature","properties":{"plan_no":"2705/5","plan_id":"2620","block_no":"108","parcel_no":"1850","parcel_id":14317237,"object_id":6179570,"area_m2":1109.99948208},"geometry":{"type":"Polygon","coordinates":[[[46.83905212811575,24.551845035236347],[46.83888429624202,24.552141698875005],[46.83862131405343,24.552017232797848],[46.83878914642164,24.55172056942094],[46.83905212811575,24.551845035236347]]]}},{"type":"Feature","properties":{"plan_no":"2705/5","plan_id":"2620","block_no":"108","parcel_no":"1851","parcel_id":14315401,"object_id":6237988,"area_m2":1110.00122617},"geometry":{"type":"Polygon","coordinates":[[[46.83931511031893,24.551969501462853],[46.839147278939706,24.552266165363257],[46.83888429624202,24.552141698875005],[46.83905212811575,24.551845035236347],[46.83931511031893,24.551969501462853]]]}},{"type":"Feature","properties":{"plan_no":"2705/5","plan_id":"2620","block_no":"108","parcel_no":"1852","parcel_id":14316453,"object_id":6201025,"area_m2":1109.9971434450001},"geometry":{"type":"Polygon","coordinates":[[[46.8395780920179,24.552093966307094],[46.839410262120126,24.5523906304572],[46.839147278939706,24.552266165363257],[46.83931511031893,24.551969501462853],[46.8395780920179,24.552093966307094]]]}},{"type":"Feature","properties":{"plan_no":"2705/5","plan_id":"2620","block_no":"108","parcel_no":"1853","parcel_id":14317249,"object_id":6208093,"area_m2":1109.99981204},"geometry":{"type":"Polygon","coordinates":[[[46.83984107521287,24.552218431550354],[46.839673245809614,24.552515095962203],[46.839410262120126,24.5523906304572],[46.8395780920179,24.552093966307094],[46.83984107521287,24.552218431550354]]]}},{"type":"Feature","properties":{"plan_no":"2705/5","plan_id":"2620","block_no":"108","parcel_no":"1854","parcel_id":14318417,"object_id":6146267,"area_m2":1111.959667},"geometry":{"type":"Polygon","coordinates":[[[46.84010405889056,24.552342895399285],[46.83993429964601,24.552642972060212],[46.839881811525515,24.552614884074618],[46.8398284270832,24.55258853945378],[46.839673245809614,24.552515095962203],[46.83984107521287,24.552218431550354],[46.84010405889056,24.552342895399285]]]}},{"type":"Feature","properties":{"plan_no":"2705/5","plan_id":"2620","block_no":"108","parcel_no":"1855","parcel_id":14316811,"object_id":6146476,"area_m2":1181.189075065},"geometry":{"type":"Polygon","coordinates":[[[46.840367043077315,24.552467359659264],[46.84017608630201,24.552804905745624],[46.840098523356325,24.552746489004793],[46.84001784531742,24.55269245586505],[46.83993429964601,24.552642972060212],[46.84010405889056,24.552342895399285],[46.840367043077315,24.552467359659264]]]}},{"type":"Feature","properties":{"plan_no":"2705/5","plan_id":"2620","block_no":"108","parcel_no":"1856","parcel_id":14317861,"object_id":6328762,"area_m2":1380.05247877},"geometry":{"type":"Polygon","coordinates":[[[46.8406300277468,24.552591822524885],[46.840424352583106,24.552955387503044],[46.84034837210356,24.552962964937763],[46.840293397318426,24.552907644841646],[46.8402359278897,24.55285492098748],[46.84017608630201,24.552804905745624],[46.840367043077315,24.552467359659264],[46.8406300277468,24.552591822524885]]]}},{"type":"Feature","properties":{"plan_no":"2705/5","plan_id":"2620","block_no":"108","parcel_no":"1857","parcel_id":14316785,"object_id":6146474,"area_m2":1025.50084513},"geometry":{"type":"Polygon","coordinates":[[[46.84052579943598,24.552186729935766],[46.84072742094362,24.552282151436597],[46.84075703270557,24.552367318195394],[46.8406300277468,24.552591822524885],[46.840367043077315,24.552467359659264],[46.84052579943598,24.552186729935766]]]}},{"type":"Feature","properties":{"plan_no":"2705/5","plan_id":"2620","block_no":"108","parcel_no":"1858","parcel_id":14317749,"object_id":6146699,"area_m2":1050.00218813},"geometry":{"type":"Polygon","coordinates":[[[46.84052579943598,24.552186729935766],[46.840367043077315,24.552467359659264],[46.84010405889056,24.552342895399285],[46.840262815717026,24.552062265923368],[46.84052579943598,24.552186729935766]]]}},{"type":"Feature","properties":{"plan_no":"2705/5","plan_id":"2620","block_no":"108","parcel_no":"1859","parcel_id":14315147,"object_id":6235860,"area_m2":1050.00053832},"geometry":{"type":"Polygon","coordinates":[[[46.840262815717026,24.552062265923368],[46.84010405889056,24.552342895399285],[46.83984107521287,24.552218431550354],[46.83999983250715,24.551937802322037],[46.840262815717026,24.552062265923368]]]}},{"type":"Feature","properties":{"plan_no":"2705/5","plan_id":"2620","block_no":"108","parcel_no":"1860","parcel_id":14315641,"object_id":6179804,"area_m2":1050.00218813},"geometry":{"type":"Polygon","coordinates":[[[46.83999983250715,24.551937802322037],[46.83984107521287,24.552218431550354],[46.8395780920179,24.552093966307094],[46.839736849779975,24.551813337326365],[46.83999983250715,24.551937802322037]]]}},{"type":"Feature","properties":{"plan_no":"2705/5","plan_id":"2620","block_no":"108","parcel_no":"1861","parcel_id":14317613,"object_id":6210346,"area_m2":1049.99745155},"geometry":{"type":"Polygon","coordinates":[[[46.839736849779975,24.551813337326365],[46.8395780920179,24.552093966307094],[46.83931511031893,24.551969501462853],[46.83947386854877,24.551688872729716],[46.839736849779975,24.551813337326365]]]}},{"type":"Feature","properties":{"plan_no":"2705/5","plan_id":"2620","block_no":"108","parcel_no":"1862","parcel_id":14318127,"object_id":6176872,"area_m2":1050.000040325},"geometry":{"type":"Polygon","coordinates":[[[46.83947386854877,24.551688872729716],[46.83931511031893,24.551969501462853],[46.83905212811575,24.551845035236347],[46.83921088682654,24.5515644076535],[46.83947386854877,24.551688872729716]]]}},{"type":"Feature","properties":{"plan_no":"2705/5","plan_id":"2620","block_no":"108","parcel_no":"1863","parcel_id":14315109,"object_id":7321202,"area_m2":1050.000040325},"geometry":{"type":"Polygon","coordinates":[[[46.83921088682654,24.5515644076535],[46.83905212811575,24.551845035236347],[46.83878914642164,24.55172056942094],[46.838947905587034,24.55143994118298],[46.83921088682654,24.5515644076535]]]}},{"type":"Feature","properties":{"plan_no":"2705/5","plan_id":"2620","block_no":"108","parcel_no":"1864","parcel_id":14316597,"object_id":6179636,"area_m2":1050.000040325},"geometry":{"type":"Polygon","coordinates":[[[46.838947905587034,24.55143994118298],[46.83878914642164,24.55172056942094],[46.83852616521027,24.551596102211217],[46.838684924856565,24.551315475123573],[46.838947905587034,24.55143994118298]]]}},{"type":"Feature","properties":{"plan_no":"2705/5","plan_id":"2620","block_no":"108","parcel_no":"1865","parcel_id":14318443,"object_id":7328204,"area_m2":1050.000040325},"geometry":{"type":"Polygon","coordinates":[[[46.838684924856565,24.551315475123573],[46.83852616521027,24.551596102211217],[46.83826318450796,24.551471635412597],[46.83842194460884,24.55119100766985],[46.838684924856565,24.551315475123573]]]}},{"type":"Feature","properties":{"plan_no":"2705/5","plan_id":"2620","block_no":"108","parcel_no":"1866","parcel_id":14318027,"object_id":6229667,"area_m2":1050.000040325},"geometry":{"type":"Polygon","coordinates":[[[46.83842194460884,24.55119100766985],[46.83826318450796,24.551471635412597],[46.8380002042884,24.55134716721969],[46.83815896487016,24.55106654062725],[46.83842194460884,24.55119100766985]]]}},{"type":"Feature","properties":{"plan_no":"2705/5","plan_id":"2620","block_no":"108","parcel_no":"1867","parcel_id":14314979,"object_id":6196923,"area_m2":1049.99789252},"geometry":{"type":"Polygon","coordinates":[[[46.83815896487016,24.55106654062725],[46.8380002042884,24.55134716721969],[46.8377372245779,24.551222699437893],[46.83789598562738,24.55094207309306],[46.83815896487016,24.55106654062725]]]}},{"type":"Feature","properties":{"plan_no":"2705/5","plan_id":"2620","block_no":"109","parcel_no":"298","parcel_id":14315155,"object_id":6915590,"area_m2":929.9998573},"geometry":{"type":"Polygon","coordinates":[[[46.83002184921461,24.54853638442368],[46.82988572259166,24.548776899645553],[46.82961399020754,24.548648267194945],[46.82975011723132,24.548407751289847],[46.83002184921461,24.54853638442368]]]}},{"type":"Feature","properties":{"plan_no":"2705/5","plan_id":"2620","block_no":"109","parcel_no":"299","parcel_id":14317665,"object_id":6229656,"area_m2":929.99837526},"geometry":{"type":"Polygon","coordinates":[[[46.830293581714386,24.54866501613016],[46.830157456492294,24.5489055315595],[46.82988572259166,24.548776899645553],[46.83002184921461,24.54853638442368],[46.830293581714386,24.54866501613016]]]}},{"type":"Feature","properties":{"plan_no":"2705/5","plan_id":"2620","block_no":"109","parcel_no":"300","parcel_id":14316717,"object_id":6237972,"area_m2":930.00051707},"geometry":{"type":"Polygon","coordinates":[[[46.83015797532838,24.548295868199205],[46.83042970741421,24.548424499686202],[46.830293581714386,24.54866501613016],[46.83002184921461,24.54853638442368],[46.83015797532838,24.548295868199205]]]}},{"type":"Feature","properties":{"plan_no":"2705/5","plan_id":"2620","block_no":"109","parcel_no":"311","parcel_id":14315311,"object_id":6316463,"area_m2":930.00044948},"geometry":{"type":"Polygon","coordinates":[[[46.83015797532838,24.548295868199205],[46.83002184921461,24.54853638442368],[46.82975011723132,24.548407751289847],[46.82988624278522,24.548167236199507],[46.83015797532838,24.548295868199205]]]}}]}